source_bas_dt,ticker,corp_code,bsns_year,reprt_code,fs_div,revenue,operating_income,net_income,equity,total_assets,source,updated_at
20250401,000010,149293,2024,11011,CFS,8837037000000.0,-1369718000000.0,3695913000000.0,36764735000000.0,556691161000000.0,opendart,2026-05-18T14:18:34+09:00
20260401,000010,149293,2025,11011,CFS,9169889000000.0,-1483331000000.0,3775822000000.0,38453745000000.0,596967318000000.0,opendart,2026-05-18T14:32:08+09:00
20250401,000020,119195,2024,11011,CFS,464874735245.0,13411192945.0,2146096510.0,401675120174.0,619634925512.0,opendart,2026-05-18T14:18:34+09:00
20260401,000020,119195,2025,11011,CFS,496394309778.0,256752681.0,3842369985.0,401439663390.0,642168098413.0,opendart,2026-05-18T14:32:08+09:00
20250401,000040,112378,2024,11011,CFS,16024969823.0,-4937030424.0,-14222283251.0,32642815777.0,85272527872.0,opendart,2026-05-18T14:18:34+09:00
20260401,000040,112378,2025,11011,CFS,13820791334.0,-2891596054.0,-1895969813.0,43672331167.0,94195951474.0,opendart,2026-05-18T14:32:08+09:00
20250401,000050,101628,2024,11011,CFS,397276756397.0,33449462550.0,23594327570.0,759626462484.0,1214347475924.0,opendart,2026-05-18T14:18:34+09:00
20260401,000050,101628,2025,11011,CFS,412475877463.0,45993453219.0,47379145951.0,811826797534.0,1255644259736.0,opendart,2026-05-18T14:32:08+09:00
20250401,000070,126937,2024,11011,CFS,3553264096673.0,127538574846.0,89491916474.0,2998088452026.0,5290507469287.0,opendart,2026-05-18T14:18:34+09:00
20260401,000070,126937,2025,11011,CFS,3348286833611.0,108765726889.0,-298132876106.0,2652535097234.0,5272055814759.0,opendart,2026-05-18T14:32:08+09:00
20250401,000080,150244,2024,11011,CFS,2599183408023.0,208141871425.0,95735005249.0,1149495697352.0,3441538598928.0,opendart,2026-05-18T14:32:08+09:00
20260401,000080,150244,2025,11011,CFS,2498566821284.0,172338670998.0,41117248572.0,1142138785882.0,3272507702370.0,opendart,2026-05-18T14:32:08+09:00
20250401,000100,145109,2024,11011,CFS,2067791451854.0,54880319609.0,55163455235.0,2150670010559.0,2942048836634.0,opendart,2026-05-18T14:32:08+09:00
20260401,000100,145109,2025,11011,CFS,2186637586358.0,104374493823.0,185318996567.0,2362284335746.0,3220925833989.0,opendart,2026-05-18T14:32:08+09:00
20250401,000110,148504,2024,11011,CFS,1232141000000.0,22266000000.0,331110000000.0,5581170000000.0,85840870000000.0,opendart,2026-05-18T14:32:08+09:00
20260401,000110,148504,2025,11011,CFS,1207622000000.0,29926000000.0,141477000000.0,5450813000000.0,92278056000000.0,opendart,2026-05-18T14:32:08+09:00
20250401,000120,113410,2024,11011,CFS,12116761147160.0,530663067133.0,268320297629.0,4225599854802.0,9743855522383.0,opendart,2026-05-18T14:32:08+09:00
20260401,000120,113410,2025,11011,CFS,12284652471280.0,508080820628.0,258742959823.0,4439637704423.0,10339205686286.0,opendart,2026-05-18T14:32:08+09:00
20250401,000140,148993,2024,11011,CFS,2585068710459.0,221794886726.0,90773142637.0,1154414666187.0,4077443964617.0,opendart,2026-05-18T14:32:08+09:00
20260401,000140,148993,2025,11011,CFS,2484504029642.0,183252663765.0,15886630802.0,1140161316659.0,3908162305446.0,opendart,2026-05-18T14:32:08+09:00
20250401,000150,117212,2024,11011,CFS,18132874000000.0,1003759000000.0,302227000000.0,11889482000000.0,30143063000000.0,opendart,2026-05-18T14:32:08+09:00
20260401,000150,117212,2025,11011,CFS,19784138000000.0,1062715000000.0,249511000000.0,12234321000000.0,32927788000000.0,opendart,2026-05-18T14:32:08+09:00
20250401,000180,133335,2024,11011,CFS,143105590875.0,-7293464621.0,-3623156326.0,578374605374.0,719893318041.0,opendart,2026-05-18T14:32:08+09:00
20260401,000180,133335,2025,11011,CFS,127218274093.0,-6928127999.0,-20640100656.0,677384427460.0,861188044244.0,opendart,2026-05-18T14:32:08+09:00
20250401,000210,109693,2024,11011,CFS,5615368498981.0,412518392958.0,94839002886.0,4786090727143.0,12535315407584.0,opendart,2026-05-18T14:32:08+09:00
20260401,000210,109693,2025,11011,CFS,5326721292281.0,298546039560.0,-96298295176.0,4921075694028.0,12182144221519.0,opendart,2026-05-18T14:32:08+09:00
20250401,000220,144818,2024,11011,CFS,133147218082.0,11697341742.0,10289303485.0,135063350825.0,207687399005.0,opendart,2026-05-18T14:32:08+09:00
20260401,000220,144818,2025,11011,CFS,140884666972.0,11019185739.0,9116733726.0,140543964496.0,207223189486.0,opendart,2026-05-18T14:32:08+09:00
20250401,000230,146083,2024,11011,CFS,657566885958.0,-2411599959.0,55583181698.0,253998132129.0,854701442970.0,opendart,2026-05-18T14:32:08+09:00
20260401,000230,146083,2025,11011,CFS,590889546403.0,14925169646.0,21573192487.0,345579807084.0,802861393964.0,opendart,2026-05-18T14:32:08+09:00
20250401,000240,160047,2024,11011,CFS,1390995724547.0,418268299588.0,350713050064.0,4452873418433.0,5136426181879.0,opendart,2026-05-18T14:32:08+09:00
20260401,000240,160047,2025,11011,CFS,1457551700261.0,411626236474.0,347229288109.0,4781079225610.0,5259624597652.0,opendart,2026-05-18T14:32:08+09:00
20250401,000250,128546,2024,11011,CFS,210923804522.0,2641971274.0,-5078046827.0,349404158895.0,519772210839.0,opendart,2026-05-18T14:32:08+09:00
20260401,000250,128546,2025,11011,CFS,231805277738.0,8466512950.0,12029846621.0,363593225648.0,561231384431.0,opendart,2026-05-18T14:32:08+09:00
20250401,000270,106641,2024,11011,CFS,107448752000000.0,12667139000000.0,9775005000000.0,55840309000000.0,92755874000000.0,opendart,2026-05-18T14:32:08+09:00
20260401,000270,106641,2025,11011,CFS,114140919000000.0,9078148000000.0,7554174000000.0,61190464000000.0,98979055000000.0,opendart,2026-05-18T14:32:08+09:00
20250401,000300,126089,2024,11011,CFS,32380378302.0,-8564101590.0,113530380434.0,26161988954.0,66061636175.0,opendart,2026-05-18T14:32:08+09:00
20260401,000300,126089,2025,11011,CFS,7578262100.0,3227554944.0,5755172432.0,32101054220.0,51227285240.0,opendart,2026-05-18T14:32:08+09:00
20250401,000320,113508,2024,11011,CFS,1247877697168.0,72554697963.0,82067736372.0,772239740646.0,1214838948245.0,opendart,2026-05-18T14:32:08+09:00
20260401,000320,113508,2025,11011,CFS,1239267844107.0,64507992759.0,58541894001.0,811924393550.0,1279356692133.0,opendart,2026-05-18T14:32:08+09:00
20250401,000370,135917,2024,11011,CFS,16406446049.0,198304253686.0,315967449038.0,2953083270731.0,19834160583099.0,opendart,2026-05-18T14:32:08+09:00
20260401,000370,135917,2025,11011,CFS,30329877000.0,205664039000.0,292332865000.0,2707580443000.0,20492834690000.0,opendart,2026-05-18T14:32:08+09:00
20250401,000390,129387,2024,11011,CFS,628348259134.0,18981518300.0,15473334744.0,329610877682.0,619315087530.0,opendart,2026-05-18T14:32:08+09:00
20260401,000390,129387,2025,11011,CFS,617067546154.0,9549499585.0,7779643622.0,340444459586.0,620525370677.0,opendart,2026-05-18T14:32:08+09:00
20250401,000400,113562,2024,11011,OFS,2531316521.0,3916097962.0,24221402913.0,794239494165.0,15541477889770.0,opendart,2026-05-18T14:32:08+09:00
20260401,000400,113562,2025,11011,OFS,1754000000.0,2043000000.0,51331000000.0,613504000000.0,14410299000000.0,opendart,2026-05-18T14:32:08+09:00
20250401,000430,111847,2024,11011,CFS,1367585047000.0,22564927000.0,31896742000.0,681014742000.0,1302349327000.0,opendart,2026-05-18T14:32:08+09:00
20260401,000430,111847,2025,11011,CFS,1599072177000.0,47006630000.0,45988040000.0,730205422000.0,1449297103000.0,opendart,2026-05-18T14:32:08+09:00
20250401,000440,149770,2024,11011,CFS,49810930913.0,-1746232659.0,-943603348.0,54559923135.0,58475728545.0,opendart,2026-05-18T14:32:08+09:00
20260401,000440,149770,2025,11011,CFS,49592330053.0,-1743958445.0,-1115438841.0,52007260586.0,54994657695.0,opendart,2026-05-18T14:32:08+09:00
20250401,000480,148984,2024,11011,CFS,810831515000.0,17438364000.0,2470935000.0,862107307000.0,1697695581000.0,opendart,2026-05-18T14:32:08+09:00
20260401,000480,148984,2025,11011,CFS,827752427000.0,27823631000.0,-18803450000.0,808194985000.0,1565188415000.0,opendart,2026-05-18T14:32:08+09:00
20250401,000490,109286,2024,11011,CFS,1415582422216.0,18456574878.0,-45134481978.0,601215345248.0,2132627316122.0,opendart,2026-05-18T14:32:08+09:00
20260401,000490,109286,2025,11011,CFS,1484722098136.0,31224606429.0,-29871783649.0,646506208741.0,2275000906820.0,opendart,2026-05-18T14:32:08+09:00
20250401,000500,104768,2024,11011,CFS,1727103680000.0,45011778000.0,25355195000.0,453705043000.0,1042884426000.0,opendart,2026-05-18T14:32:08+09:00
20260401,000500,104768,2025,11011,CFS,2545698074000.0,79191591000.0,51396625000.0,483788805000.0,1377927912000.0,opendart,2026-05-18T14:32:08+09:00
20250401,000520,128032,2024,11011,CFS,219699586442.0,113040731.0,-5628801989.0,176123873044.0,395071163939.0,opendart,2026-05-18T14:32:08+09:00
20260401,000520,128032,2025,11011,CFS,210253472993.0,-22211884927.0,-34663701924.0,133262036276.0,371601555822.0,opendart,2026-05-18T14:32:08+09:00
20250401,000540,103176,2024,11011,OFS,88179000000.0,12074000000.0,106722000000.0,772659000000.0,12894689000000.0,opendart,2026-05-18T14:32:08+09:00
20260401,000540,103176,2025,11011,OFS,80425000000.0,7825000000.0,151689000000.0,836868000000.0,12502141000000.0,opendart,2026-05-18T14:32:08+09:00
20250401,000590,149026,2024,11011,CFS,141950747269.0,22314081505.0,37853224906.0,377496622222.0,412586797943.0,opendart,2026-05-18T14:32:08+09:00
20260401,000590,149026,2025,11011,CFS,134870815287.0,20215270547.0,20996079784.0,393726081741.0,425396197381.0,opendart,2026-05-18T14:32:08+09:00
20250401,000640,116824,2024,11011,CFS,1333229636666.0,82094664924.0,57573399359.0,1063937470276.0,2030483787016.0,opendart,2026-05-18T14:32:08+09:00
20260401,000640,116824,2025,11011,CFS,1429766810735.0,97772974663.0,91466489869.0,1151530812147.0,2079304723754.0,opendart,2026-05-18T14:32:08+09:00
20250401,000650,151395,2024,11011,OFS,44716883420.0,-5269198646.0,-4197020928.0,14086493860.0,53502532108.0,opendart,2026-05-18T14:32:08+09:00
20260401,000650,151395,2025,11011,OFS,45550266479.0,-5940519077.0,-5623543217.0,9583544196.0,53534399171.0,opendart,2026-05-18T14:32:08+09:00
20250401,000660,164779,2024,11011,CFS,66192960000000.0,23467319000000.0,19796902000000.0,73915704000000.0,119855209000000.0,opendart,2026-05-18T14:32:08+09:00
20260401,000660,164779,2025,11011,CFS,97146675000000.0,47206319000000.0,42947902000000.0,120666751000000.0,176107659000000.0,opendart,2026-05-18T14:32:08+09:00
20250401,000670,141307,2024,11011,CFS,2787414358375.0,-160701935806.0,-327809725720.0,3985301285146.0,5701707714763.0,opendart,2026-05-18T14:32:08+09:00
20260401,000670,141307,2025,11011,CFS,2908974321148.0,-259688708486.0,30876821465.0,4018786224502.0,6002694219498.0,opendart,2026-05-18T14:32:08+09:00
20250401,000680,104698,2024,11011,CFS,1933813959649.0,25619240717.0,-31890828301.0,930832206826.0,9601505118160.0,opendart,2026-05-18T14:32:08+09:00
20260401,000680,104698,2025,11011,CFS,2615245130367.0,22287447432.0,-19102992842.0,1277959906601.0,11685359914888.0,opendart,2026-05-18T14:32:08+09:00
20250401,000700,163691,2024,11011,CFS,435867054050.0,18315439948.0,31644811581.0,411670667039.0,478715425251.0,opendart,2026-05-18T14:32:08+09:00
20260401,000700,163691,2025,11011,CFS,418474161915.0,21219524179.0,16752714426.0,412155706832.0,479684093581.0,opendart,2026-05-18T14:32:08+09:00
20250401,000720,164478,2024,11011,CFS,32670268000000.0,-1263420000000.0,-766221000000.0,9669413000000.0,27005385000000.0,opendart,2026-05-18T14:32:08+09:00
20260401,000720,164478,2025,11011,CFS,31062912000000.0,653006000000.0,559068000000.0,10112865000000.0,27791708000000.0,opendart,2026-05-18T14:32:08+09:00
20250401,000760,145686,2024,11011,CFS,49487533689.0,772077303.0,-270822831.0,207072687850.0,269760591981.0,opendart,2026-05-18T14:32:08+09:00
20260401,000760,145686,2025,11011,CFS,46255096115.0,-164063862.0,-2135259806.0,204861497948.0,269557636766.0,opendart,2026-05-18T14:32:08+09:00
20250401,000810,139214,2024,11011,CFS,160102542257.0,569030318269.0,2076797712983.0,15602214746140.0,87269492540789.0,opendart,2026-05-18T14:32:08+09:00
20260401,000810,139214,2025,11011,CFS,187870644717.0,991681811276.0,2020287132255.0,21292379956314.0,96450389944868.0,opendart,2026-05-18T14:32:08+09:00
20250401,000850,166519,2024,11011,CFS,222200718833.0,-741138094.0,8654343281.0,337268734423.0,428809811685.0,opendart,2026-05-18T14:32:08+09:00
20260401,000850,166519,2025,11011,CFS,221755533963.0,4216907667.0,11380353753.0,339459975773.0,420411492511.0,opendart,2026-05-18T14:32:08+09:00
20250401,000860,100939,2024,11011,CFS,643137092555.0,20529999372.0,18123152497.0,704976952838.0,969739160656.0,opendart,2026-05-18T14:32:08+09:00
20260401,000860,100939,2025,11011,CFS,598552862276.0,8294746283.0,926008538.0,708767942201.0,974015674336.0,opendart,2026-05-18T14:32:08+09:00
20250401,000880,160588,2024,11011,CFS,55646829000000.0,2416109000000.0,1690434000000.0,39561774000000.0,252036985000000.0,opendart,2026-05-18T14:32:08+09:00
20260401,000880,160588,2025,11011,CFS,74785440000000.0,4146883000000.0,1991600000000.0,48435327000000.0,289329420000000.0,opendart,2026-05-18T14:32:08+09:00
20250401,000890,123541,2024,11011,CFS,87624248943.0,2300656654.0,6685688838.0,87043381312.0,138831713491.0,opendart,2026-05-18T14:32:08+09:00
20260401,000890,123541,2025,11011,OFS,89878693356.0,3812302057.0,3489630597.0,90222397527.0,146550950501.0,opendart,2026-05-18T14:32:08+09:00
20250401,000910,144252,2024,11011,CFS,218159407914.0,-11456625866.0,-68904028443.0,101612342310.0,305473764776.0,opendart,2026-05-18T14:32:08+09:00
20260401,000910,144252,2025,11011,CFS,202400732520.0,5499074402.0,25562588658.0,129554199257.0,333392379451.0,opendart,2026-05-18T14:32:08+09:00
20250401,000950,147222,2024,11011,CFS,57235842614.0,-8482983755.0,8913315702.0,198677621596.0,231974001581.0,opendart,2026-05-18T14:32:08+09:00
20260401,000950,147222,2025,11011,CFS,40776455996.0,-7314924674.0,29808576772.0,227496489479.0,237363693514.0,opendart,2026-05-18T14:32:08+09:00
20250401,000970,159573,2024,11011,CFS,419416899335.0,15445910306.0,14347893535.0,355985182032.0,429705980847.0,opendart,2026-05-18T14:32:08+09:00
20260401,000970,159573,2025,11011,CFS,406620008497.0,13295560073.0,17103869485.0,365278585138.0,435616657290.0,opendart,2026-05-18T14:32:08+09:00
20250401,000990,160843,2024,11011,CFS,1131167709804.0,190838683363.0,229385888355.0,2000688804317.0,2396851168578.0,opendart,2026-05-18T14:32:08+09:00
20260401,000990,160843,2025,11011,CFS,1397233307039.0,277294561174.0,252582440798.0,2243995457046.0,2992581747645.0,opendart,2026-05-18T14:32:08+09:00
20250401,001000,135999,2024,11011,OFS,3669468488.0,416940298.0,-301764011.0,14396697455.0,30634773233.0,opendart,2026-05-18T14:32:08+09:00
20260401,001000,135999,2025,11011,OFS,3590565852.0,487816030.0,71723902.0,14473905270.0,30736244622.0,opendart,2026-05-18T14:32:08+09:00
20250401,001020,134723,2024,11011,CFS,290184364896.0,2037606335.0,-9682981858.0,283763281983.0,490046182315.0,opendart,2026-05-18T14:32:08+09:00
20260401,001020,134723,2025,11011,CFS,266668528958.0,-5279064383.0,-19327198235.0,263732752852.0,469194967845.0,opendart,2026-05-18T14:32:08+09:00
20250401,001040,148540,2024,11011,CFS,43646656090000.0,2547483645000.0,151195776000.0,17746385936000.0,47496993224000.0,opendart,2026-05-18T14:32:08+09:00
20260401,001040,148540,2025,11011,CFS,45018829227000.0,2527738458000.0,142631457000.0,17017052447000.0,46966393292000.0,opendart,2026-05-18T14:32:08+09:00
20250401,001060,149947,2024,11011,CFS,719375756340.0,82488136816.0,65040120873.0,329486742125.0,604598517283.0,opendart,2026-05-18T14:32:08+09:00
20260401,001060,149947,2025,11011,CFS,775298057923.0,94460987932.0,61511192817.0,369369599885.0,605273167595.0,opendart,2026-05-18T14:32:08+09:00
20250401,001070,112970,2024,11011,CFS,133909117274.0,2418669755.0,1115646565.0,132337892416.0,185398515032.0,opendart,2026-05-18T14:32:08+09:00
20260401,001070,112970,2025,11011,CFS,158285867181.0,696690065.0,-610608139.0,155806835618.0,235543713677.0,opendart,2026-05-18T14:32:08+09:00
20250401,001080,120872,2024,11011,OFS,179904428905.0,-30795040915.0,-44354713749.0,179075206968.0,204811085193.0,opendart,2026-05-18T14:32:08+09:00
20260401,001080,120872,2025,11011,OFS,152953052398.0,-11976544318.0,-3536289351.0,188570901745.0,211164112134.0,opendart,2026-05-18T14:32:08+09:00
20250401,001120,120076,2024,11011,CFS,16637572685167.0,489185373375.0,269491720840.0,3319611595109.0,8930865616216.0,opendart,2026-05-18T14:32:08+09:00
20260401,001120,120076,2025,11011,CFS,16706309561513.0,292193349331.0,158262048335.0,3535707599884.0,9328302981413.0,opendart,2026-05-18T14:32:08+09:00
20250401,001130,113243,2024,11011,CFS,1374735359151.0,72306706525.0,48829120223.0,1037332248569.0,1560462376675.0,opendart,2026-05-18T14:32:08+09:00
20260401,001130,113243,2025,11011,CFS,1375199649054.0,62256836691.0,-25137525435.0,1009198242238.0,1534815922172.0,opendart,2026-05-18T14:32:08+09:00
20250401,001140,104519,2024,11011,CFS,40641437841.0,-7753996792.0,-27194991844.0,9811438088.0,75396030106.0,opendart,2026-05-18T14:32:08+09:00
20260401,001140,104519,2025,11011,CFS,4081102301.0,-5572542829.0,-26152418322.0,-16884685729.0,60175790765.0,opendart,2026-05-18T14:32:08+09:00
20250401,001200,131054,2024,11011,CFS,1652599784559.0,6065025491.0,49619329316.0,1051376155736.0,9646708149349.0,opendart,2026-05-18T14:32:08+09:00
20260401,001200,131054,2025,11011,CFS,1694075188265.0,2672696873.0,64538264177.0,1132470877280.0,11049028363321.0,opendart,2026-05-18T14:32:08+09:00
20250401,001210,106395,2024,11011,CFS,53171559352.0,-4957267533.0,-13843864042.0,8915865803.0,33341564828.0,opendart,2026-05-18T14:32:08+09:00
20260401,001210,106395,2025,11011,CFS,44337718233.0,-1183567764.0,-3935952090.0,10115013712.0,30776225371.0,opendart,2026-05-18T14:32:08+09:00
20250401,001230,114792,2024,11011,CFS,1999426088314.0,58003101705.0,19652546713.0,1779602185677.0,2509278276042.0,opendart,2026-05-18T14:32:08+09:00
20260401,001230,114792,2025,11011,CFS,1985265094613.0,39456572869.0,20721382562.0,1955749132475.0,2693396462019.0,opendart,2026-05-18T14:32:08+09:00
20250401,001250,138190,2024,11011,CFS,4066493928000.0,77879797000.0,56067654000.0,567087325000.0,1439641460000.0,opendart,2026-05-18T14:32:08+09:00
20260401,001250,138190,2025,11011,CFS,4109264561000.0,52300233000.0,13874085000.0,570406827000.0,1452118858000.0,opendart,2026-05-18T14:32:08+09:00
20250401,001260,107066,2024,11011,CFS,504249000325.0,7304140896.0,6198754619.0,119683863204.0,417033569966.0,opendart,2026-05-18T14:32:08+09:00
20260401,001260,107066,2025,11011,CFS,357445671000.0,11440484000.0,5293178000.0,124977041000.0,410092454000.0,opendart,2026-05-18T14:32:08+09:00
20250401,001270,123772,2024,11011,CFS,779174975982.0,5498434371.0,30952554750.0,770265469916.0,1651368375233.0,opendart,2026-05-18T14:32:08+09:00
20260401,001270,123772,2025,11011,CFS,965463610904.0,3232164438.0,45640937410.0,833260950620.0,1811920840036.0,opendart,2026-05-18T14:32:08+09:00
20250401,001290,112059,2024,11011,CFS,322674868493.0,1079791326.0,-47346647857.0,181089697651.0,1230922556862.0,opendart,2026-05-18T14:32:08+09:00
20260401,001290,112059,2025,11011,CFS,181734041730.0,2069147640.0,-5856970937.0,195395197079.0,1244672349888.0,opendart,2026-05-18T14:32:08+09:00
20250401,001340,122472,2024,11011,CFS,245228124294.0,9748351104.0,3600645965.0,213430158021.0,464295668847.0,opendart,2026-05-18T14:32:08+09:00
20260401,001340,122472,2025,11011,CFS,272137469082.0,12150680899.0,10099767746.0,223279935761.0,606449785297.0,opendart,2026-05-18T14:32:08+09:00
20250401,001360,126414,2024,11011,OFS,44294231025.0,-14828940152.0,-14092018358.0,105855344767.0,128451959179.0,opendart,2026-05-18T14:32:08+09:00
20260401,001360,126414,2025,11011,OFS,46074379551.0,-18068418610.0,11545101570.0,121044891635.0,167437187130.0,opendart,2026-05-18T14:32:08+09:00
20250401,001380,152039,2024,11011,CFS,99434870010.0,6154463640.0,6316098065.0,149705433926.0,199881677024.0,opendart,2026-05-18T14:32:08+09:00
20260401,001380,152039,2025,11011,CFS,93481243542.0,4964130609.0,2806712344.0,151978568957.0,198430614295.0,opendart,2026-05-18T14:32:08+09:00
20250401,001390,101220,2024,11011,CFS,8863142439982.0,318801578803.0,228495720589.0,3774481745939.0,8160948249649.0,opendart,2026-05-18T14:32:08+09:00
20260401,001390,101220,2025,11011,CFS,9101646921664.0,305678686344.0,243985224183.0,3937401957646.0,8343678242449.0,opendart,2026-05-18T14:32:08+09:00
20250401,001420,154055,2024,11011,OFS,11570639556.0,-894285012.0,17468736717.0,45275972501.0,53539770506.0,opendart,2026-05-18T14:32:08+09:00
20260401,001420,154055,2025,11011,OFS,14864855000.0,-978465756.0,-2339743319.0,41677196315.0,45421078401.0,opendart,2026-05-18T14:32:08+09:00
20250401,001430,106669,2024,11011,CFS,3636063257694.0,52332166350.0,20273054942.0,2031406869735.0,3826646864046.0,opendart,2026-05-18T14:32:08+09:00
20260401,001430,106669,2025,11011,CFS,3651585276954.0,98411992401.0,56136309970.0,1952953862759.0,3914568488213.0,opendart,2026-05-18T14:32:08+09:00
20250401,001440,113207,2024,11011,CFS,3291299375000.0,115169757000.0,74190402000.0,1496112472000.0,2642726208000.0,opendart,2026-05-18T14:32:08+09:00
20260401,001440,113207,2025,11011,CFS,3636018215712.0,128613046536.0,89877397889.0,1632342790538.0,3493282185409.0,opendart,2026-05-18T14:32:08+09:00
20250401,001450,164973,2024,11011,CFS,17978632509.0,86966882056.0,850533055882.0,4743378657629.0,48523790593883.0,opendart,2026-05-18T14:32:08+09:00
20260401,001450,164973,2025,11011,CFS,30176345797.0,132138934055.0,1019820047983.0,5157512762473.0,50429646840633.0,opendart,2026-05-18T14:32:08+09:00
20250401,001460,122579,2024,11011,CFS,165207568941.0,23832906913.0,18404839494.0,549407749514.0,696400955313.0,opendart,2026-05-18T14:32:08+09:00
20260401,001460,122579,2025,11011,CFS,163166613171.0,26573558468.0,19590575123.0,562493040763.0,775789336133.0,opendart,2026-05-18T14:32:08+09:00
20250401,001470,125974,2024,11011,CFS,462425746422.0,-112577744269.0,-127766951618.0,7667270832.0,300331502195.0,opendart,2026-05-18T14:32:08+09:00
20260401,001470,125974,2025,11011,CFS,110992936772.0,-26610157339.0,-76708414194.0,-142051418048.0,174374947199.0,opendart,2026-05-18T14:32:08+09:00
20250401,001500,137997,2024,11011,CFS,1795633000000.0,206000000.0,36150000000.0,1302095000000.0,11991996000000.0,opendart,2026-05-18T14:32:08+09:00
20260401,001500,137997,2025,11011,CFS,112822000000.0,2023000000.0,57735000000.0,1443326000000.0,12396389000000.0,opendart,2026-05-18T14:32:08+09:00
20250401,001510,131850,2024,11011,CFS,55504788427.0,29249585907.0,-83270261783.0,559276595602.0,6109295395638.0,opendart,2026-05-18T14:32:08+09:00
20260401,001510,131850,2025,11011,CFS,60155716059.0,44970753078.0,28702851671.0,604618254601.0,6859536112248.0,opendart,2026-05-18T14:32:08+09:00
20250401,001520,117337,2024,11011,CFS,750408346536.0,-920616899.0,-74230237505.0,705178026498.0,1316088357178.0,opendart,2026-05-18T14:32:08+09:00
20260401,001520,117337,2025,11011,CFS,630627899042.0,-20743807599.0,20272796018.0,756895047618.0,1454847945012.0,opendart,2026-05-18T14:32:08+09:00
20250401,001530,118345,2024,11011,CFS,651725598894.0,7810548526.0,2502884010.0,564332201147.0,1013743449745.0,opendart,2026-05-18T14:32:08+09:00
20260401,001530,118345,2025,11011,CFS,601351665454.0,-1544756113.0,-9968597538.0,520481606131.0,1024755857460.0,opendart,2026-05-18T14:32:08+09:00
20250401,001540,139205,2024,11011,CFS,271115916678.0,6701374793.0,16343180693.0,164743443563.0,302535318896.0,opendart,2026-05-18T14:32:08+09:00
20260401,001540,139205,2025,11011,CFS,306873904373.0,9822537198.0,7319463691.0,166289461041.0,310952617469.0,opendart,2026-05-18T14:32:08+09:00
20250401,001550,148948,2024,11011,OFS,102447803292.0,4826994972.0,640044941.0,52676679417.0,119924769170.0,opendart,2026-05-18T14:32:08+09:00
20260401,001550,148948,2025,11011,OFS,99737235320.0,3820305556.0,1972991291.0,54695146900.0,123257989730.0,opendart,2026-05-18T14:32:08+09:00
20250401,001560,148461,2024,11011,CFS,81974461738.0,5753862882.0,6006943143.0,99235580509.0,116092096071.0,opendart,2026-05-18T14:32:08+09:00
20260401,001560,148461,2025,11011,CFS,78898942508.0,4241793251.0,13643926853.0,108819875626.0,121234213232.0,opendart,2026-05-18T14:32:08+09:00
20250401,001570,106119,2024,11011,CFS,153730068660.0,-56002221720.0,-186089905780.0,494536343970.0,1256933888453.0,opendart,2026-05-18T14:32:08+09:00
20260401,001570,106119,2025,11011,CFS,102780898535.0,-44660871685.0,-69041847124.0,460577235489.0,1222067941228.0,opendart,2026-05-18T14:32:08+09:00
20250401,001620,114765,2024,11011,CFS,668399686056.0,-6326628228.0,25660357954.0,225927965754.0,764811017139.0,opendart,2026-05-18T14:32:08+09:00
20260401,001620,114765,2025,11011,CFS,808008048191.0,18558484099.0,31560050730.0,268047076483.0,861979153146.0,opendart,2026-05-18T14:32:08+09:00
20250401,001630,149354,2024,11011,CFS,957752613068.0,35486435048.0,40294018711.0,849773425561.0,1495801604857.0,opendart,2026-05-18T14:32:08+09:00
20260401,001630,149354,2025,11011,CFS,959011774439.0,58281283833.0,54317390160.0,913055351744.0,1628780738713.0,opendart,2026-05-18T14:32:08+09:00
20250401,001680,121941,2024,11011,CFS,4255134757567.0,176941145485.0,96688841815.0,1447598637619.0,3509835110048.0,opendart,2026-05-18T14:32:08+09:00
20260401,001680,121941,2025,11011,CFS,4401305371276.0,169282317428.0,-303088987280.0,1096948855862.0,3479148559839.0,opendart,2026-05-18T14:32:08+09:00
20250401,001720,136721,2024,11011,CFS,2764259939189.0,16144264582.0,149387962241.0,1688472265975.0,10609935089040.0,opendart,2026-05-18T14:32:08+09:00
20260401,001720,136721,2025,11011,CFS,2466380710168.0,15464613991.0,112278184228.0,1832693975299.0,10379574597460.0,opendart,2026-05-18T14:32:08+09:00
20250401,001740,131780,2024,11011,CFS,7657281000000.0,113915000000.0,46292000000.0,2053309000000.0,5157129000000.0,opendart,2026-05-18T14:32:08+09:00
20260401,001740,131780,2025,11011,CFS,6745127000000.0,86293000000.0,49981000000.0,2025631000000.0,5040792000000.0,opendart,2026-05-18T14:32:08+09:00
20250401,001750,162416,2024,11011,CFS,833308862395.0,4156255098.0,38797645588.0,514157230371.0,1731337480778.0,opendart,2026-05-18T14:32:08+09:00
20260401,001750,162416,2025,11011,OFS,909022352850.0,2994426332.0,56571163268.0,581809787522.0,1833701283681.0,opendart,2026-05-18T14:32:08+09:00
20250401,001770,137809,2024,11011,OFS,106604794578.0,-4025616576.0,2927969957.0,53615737061.0,81970747264.0,opendart,2026-05-18T14:32:08+09:00
20260401,001770,137809,2025,11011,OFS,100397778375.0,2737690568.0,1968600075.0,55403591030.0,80593567472.0,opendart,2026-05-18T14:32:08+09:00
20250401,001780,117027,2024,11011,CFS,622944292918.0,38053108468.0,17665025864.0,391717017908.0,954000570292.0,opendart,2026-05-18T14:32:08+09:00
20260401,001780,117027,2025,11011,CFS,575658057136.0,34899686142.0,15878057966.0,404858804415.0,912972459028.0,opendart,2026-05-18T14:32:08+09:00
20250401,001790,113234,2024,11011,CFS,1373829105000.0,36996731000.0,20522372000.0,559151508000.0,1233543025000.0,opendart,2026-05-18T14:32:08+09:00
20260401,001790,113234,2025,11011,CFS,1356276028000.0,56555932000.0,-60301904000.0,483946132000.0,1255280770000.0,opendart,2026-05-18T14:32:08+09:00
20250401,001800,117577,2024,11011,CFS,3195245858433.0,506240029274.0,479528618409.0,4878744091875.0,5933196336149.0,opendart,2026-05-18T14:32:08+09:00
20260401,001800,117577,2025,11011,CFS,3393126199452.0,487728621983.0,337777860270.0,5155936347634.0,6183410426053.0,opendart,2026-05-18T14:32:08+09:00
20250401,001810,121507,2024,11011,CFS,176865812368.0,658491068.0,3335996914.0,202607556068.0,324630775655.0,opendart,2026-05-18T14:32:08+09:00
20260401,001810,121507,2025,11011,CFS,205670598437.0,1777567506.0,-1670710404.0,200734647553.0,343812153418.0,opendart,2026-05-18T14:32:08+09:00
20250401,001820,129350,2024,11011,CFS,295412198601.0,17842307493.0,22039010684.0,267277119143.0,328114248167.0,opendart,2026-05-18T14:32:08+09:00
20260401,001820,129350,2025,11011,CFS,294491998379.0,12866483343.0,12608427475.0,279609219791.0,340250346579.0,opendart,2026-05-18T14:32:08+09:00
20250401,001840,145668,2024,11011,OFS,128285209250.0,-19773295608.0,-23097589856.0,6169437970.0,53966492356.0,opendart,2026-05-18T14:32:08+09:00
20260401,001840,145668,2025,11011,OFS,115190727605.0,3290259291.0,2127318484.0,8944846439.0,50469237978.0,opendart,2026-05-18T14:32:08+09:00
20250401,001940,159740,2024,11011,CFS,1013177626169.0,-3627526849.0,45314096345.0,1560754995518.0,1710295193370.0,opendart,2026-05-18T14:32:08+09:00
20260401,001940,159740,2025,11011,CFS,825260643220.0,-70747195052.0,-23193674600.0,1494288788942.0,1657184856346.0,opendart,2026-05-18T14:32:08+09:00
20250401,002020,152862,2024,11011,CFS,6028363775125.0,-89552863444.0,157626660908.0,2347844269887.0,7040484502325.0,opendart,2026-05-18T14:32:08+09:00
20260401,002020,152862,2025,11011,CFS,5886133083763.0,60501208348.0,-296605779721.0,2423307276517.0,7446985208816.0,opendart,2026-05-18T14:32:08+09:00
20250401,002030,138701,2024,11011,CFS,2007423276000.0,172421989000.0,108442511000.0,2029923970000.0,3334279155000.0,opendart,2026-05-18T14:32:08+09:00
20260401,002030,138701,2025,11011,CFS,1884464676000.0,111030477000.0,51275842000.0,2035747890000.0,3319139223000.0,opendart,2026-05-18T14:32:08+09:00
20250401,002070,107677,2024,11011,CFS,235220902183.0,1680517987.0,-3809121502.0,120308609129.0,257400328225.0,opendart,2026-05-18T14:32:08+09:00
20260401,002070,107677,2025,11011,CFS,222445054857.0,-5004075308.0,-12605125664.0,82563343233.0,202247148246.0,opendart,2026-05-18T14:32:08+09:00
20250401,002100,101433,2024,11011,CFS,325185752782.0,26720336645.0,17736543706.0,278591569698.0,489019203715.0,opendart,2026-05-18T14:32:08+09:00
20260401,002100,101433,2025,11011,CFS,339236756604.0,28697544624.0,19590877957.0,288352573768.0,486456900345.0,opendart,2026-05-18T14:32:08+09:00
20250401,002140,102751,2024,11011,CFS,307656378676.0,14269657884.0,3893036607.0,108440741213.0,287854045821.0,opendart,2026-05-18T14:32:08+09:00
20260401,002140,102751,2025,11011,CFS,297322291052.0,13748324066.0,9671522577.0,119699006890.0,263595796874.0,opendart,2026-05-18T14:32:08+09:00
20250401,002150,114552,2024,11011,CFS,582786671724.0,-13386874639.0,-6348231037.0,256405506072.0,605181373534.0,opendart,2026-05-18T14:32:08+09:00
20260401,002150,114552,2025,11011,CFS,698474865934.0,30117245820.0,6322351352.0,251987513204.0,725157706076.0,opendart,2026-05-18T14:32:08+09:00
20250401,002170,127042,2024,11011,CFS,191310493294.0,19991855072.0,11008468580.0,434145677117.0,454131400837.0,opendart,2026-05-18T14:32:08+09:00
20260401,002170,127042,2025,11011,CFS,174685073701.0,18442275040.0,23951444926.0,453490771947.0,474241122433.0,opendart,2026-05-18T14:32:08+09:00
20250401,002200,158112,2024,11011,CFS,301761200613.0,-585859876.0,3395100263.0,293163472999.0,351203466132.0,opendart,2026-05-18T14:32:08+09:00
20260401,002200,158112,2025,11011,CFS,289599658247.0,-6557378537.0,-3880413695.0,281337765000.0,339512099189.0,opendart,2026-05-18T14:32:08+09:00
20250401,002210,116268,2024,11011,OFS,88448234133.0,-5731935846.0,-14571588545.0,43967522571.0,140668093773.0,opendart,2026-05-18T14:32:08+09:00
20260401,002210,116268,2025,11011,OFS,87168895112.0,-10118316902.0,-25737002341.0,23370851643.0,168443037239.0,opendart,2026-05-18T14:32:08+09:00
20250401,002220,163196,2024,11011,CFS,205842246124.0,666960944.0,-4610118113.0,168449736071.0,340452046261.0,opendart,2026-05-18T14:32:08+09:00
20260401,002220,163196,2025,11011,CFS,196404368831.0,3179080617.0,-435711348.0,165106074440.0,336119241711.0,opendart,2026-05-18T14:32:08+09:00
20250401,002230,155638,2024,11011,CFS,80585330844.0,3429511805.0,5635717619.0,128541927309.0,171501735008.0,opendart,2026-05-18T14:32:08+09:00
20260401,002230,155638,2025,11011,CFS,97159784624.0,5280658665.0,9133066474.0,136478651040.0,174884643176.0,opendart,2026-05-18T14:32:08+09:00
20250401,002240,103006,2024,11011,CFS,1739609163820.0,26107109844.0,32914628918.0,1927107971605.0,2608977847007.0,opendart,2026-05-18T14:32:08+09:00
20260401,002240,103006,2025,11011,CFS,1809183329321.0,40722957585.0,4602609973.0,1961649790761.0,2660051901199.0,opendart,2026-05-18T14:32:08+09:00
20250401,002290,127936,2024,11011,OFS,112650084355.0,5653268035.0,5844472345.0,68922710629.0,86065246337.0,opendart,2026-05-18T14:32:08+09:00
20260401,002290,127936,2025,11011,OFS,85177109801.0,7394157183.0,6838447857.0,73281158486.0,97803648974.0,opendart,2026-05-18T14:32:08+09:00
20250401,002310,138729,2024,11011,CFS,891065284091.0,26566121417.0,23941616018.0,835936616430.0,1026484518181.0,opendart,2026-05-18T14:32:08+09:00
20260401,002310,138729,2025,11011,CFS,855126180115.0,27216050086.0,29610213131.0,845325745299.0,1034550897070.0,opendart,2026-05-18T14:32:08+09:00
20250401,002320,163512,2024,11011,CFS,3015479161930.0,100088306580.0,-365000885.0,1523909993995.0,4189506445715.0,opendart,2026-05-18T14:32:08+09:00
20260401,002320,163512,2025,11011,CFS,3064925190779.0,112195809190.0,984901814.0,1523278806854.0,4316986683575.0,opendart,2026-05-18T14:32:08+09:00
20250401,002350,173874,2024,11011,CFS,2847925036412.0,172136969776.0,126718873995.0,1871609370421.0,4574474470953.0,opendart,2026-05-18T14:32:08+09:00
20260401,002350,173874,2025,11011,CFS,3189610448781.0,170297371324.0,151173987164.0,2054456537364.0,4709514375870.0,opendart,2026-05-18T14:32:08+09:00
20250401,002360,136457,2024,11011,CFS,126047268210.0,-9694396156.0,-10416230655.0,79955248236.0,110375913378.0,opendart,2026-05-18T14:32:08+09:00
20260401,002360,136457,2025,11011,CFS,98627094841.0,-12249904855.0,-10784068601.0,69692952315.0,101820431630.0,opendart,2026-05-18T14:32:08+09:00
20250401,002380,105271,2024,11011,CFS,6658762417820.0,471118235184.0,293294512467.0,5039315406549.0,13108550142754.0,opendart,2026-05-18T14:32:08+09:00
20260401,002380,105271,2025,11011,CFS,6483819486096.0,427615116299.0,1538496275573.0,7824485732406.0,16803559405446.0,opendart,2026-05-18T14:32:08+09:00
20250401,002390,161046,2024,11011,CFS,507358329302.0,538506984.0,-52665955894.0,289060270969.0,788555006781.0,opendart,2026-05-18T14:32:08+09:00
20260401,002390,161046,2025,11011,CFS,535137855367.0,3291476727.0,-2238116610.0,278321412847.0,790750159507.0,opendart,2026-05-18T14:32:08+09:00
20250401,002410,122694,2024,11011,CFS,101357084787.0,-38232332659.0,-46345997273.0,18850797039.0,187184486500.0,opendart,2026-05-18T14:32:08+09:00
20260401,002410,122694,2025,11011,CFS,71843235941.0,-51309381647.0,-87501791532.0,-69466211644.0,102977141702.0,opendart,2026-05-18T14:32:08+09:00
20250401,002420,133618,2024,11011,OFS,32031845759.0,-1975504652.0,-2822596101.0,24321926462.0,50104587055.0,opendart,2026-05-18T14:32:08+09:00
20260401,002420,133618,2025,11011,OFS,29245475900.0,-569830419.0,-1596471433.0,24547378493.0,49296981785.0,opendart,2026-05-18T14:32:08+09:00
20250401,002450,127857,2024,11011,CFS,230380204827.0,5934200402.0,3121071310.0,272153151245.0,524982806967.0,opendart,2026-05-18T14:32:08+09:00
20260401,002450,127857,2025,11011,CFS,224438993364.0,2281982590.0,17274756148.0,279903440455.0,514460612193.0,opendart,2026-05-18T14:32:08+09:00
20250401,002460,174527,2024,11011,CFS,612780034467.0,23733768464.0,13467749775.0,382940741210.0,833478390833.0,opendart,2026-05-18T14:32:08+09:00
20260401,002460,174527,2025,11011,CFS,659478953752.0,43245443500.0,30907001990.0,437876786160.0,742153231447.0,opendart,2026-05-18T14:32:08+09:00
20250401,002600,149345,2024,11011,CFS,428162970536.0,20834881066.0,2514305703.0,147550831370.0,399122282497.0,opendart,2026-05-18T14:32:08+09:00
20260401,002600,149345,2025,11011,CFS,488246059548.0,18629765819.0,8081939315.0,151468308135.0,434783887139.0,opendart,2026-05-18T14:32:08+09:00
20250401,002620,148443,2024,11011,CFS,779822241410.0,-11558923268.0,-66390902625.0,437396879539.0,890432937697.0,opendart,2026-05-18T14:32:08+09:00
20260401,002620,148443,2025,11011,CFS,657614014071.0,38686177266.0,34647175100.0,469116853696.0,876664145825.0,opendart,2026-05-18T14:32:08+09:00
20250401,002630,141626,2024,11011,OFS,28005127326.0,-645945767.0,12871053378.0,85095979685.0,96987787340.0,opendart,2026-05-18T14:32:08+09:00
20260401,002630,141626,2025,11011,OFS,29397883042.0,-3076404782.0,-13194865821.0,71846796584.0,84781838689.0,opendart,2026-05-18T14:32:08+09:00
20250401,002680,140566,2024,11011,CFS,84890417598.0,3748270730.0,-5360063730.0,45839623885.0,138897931901.0,opendart,2026-05-18T14:32:08+09:00
20260401,002680,140566,2025,11011,CFS,82399706144.0,2923724841.0,2087258782.0,47323063755.0,138322418615.0,opendart,2026-05-18T14:32:08+09:00
20250401,002690,118451,2024,11011,OFS,151116114567.0,-5798526499.0,-483718262.0,153656469741.0,171801171723.0,opendart,2026-05-18T14:32:08+09:00
20260401,002690,118451,2025,11011,OFS,147345604058.0,-3510789127.0,1350334834.0,157613797772.0,176425911154.0,opendart,2026-05-18T14:32:08+09:00
20250401,002700,173698,2024,11011,OFS,178314873865.0,4032944384.0,1434794585.0,80640138413.0,126326163231.0,opendart,2026-05-18T14:32:08+09:00
20260401,002700,173698,2025,11011,OFS,193989833588.0,5237045994.0,4206905611.0,83159456000.0,138797356203.0,opendart,2026-05-18T14:32:08+09:00
20250401,002710,117300,2024,11011,CFS,582074815373.0,12272472364.0,20222969062.0,259015651210.0,573950624572.0,opendart,2026-05-18T14:32:08+09:00
20260401,002710,117300,2025,11011,CFS,611513908644.0,-10909334249.0,-7600798426.0,248889180832.0,574103492112.0,opendart,2026-05-18T14:32:08+09:00
20250401,002720,104722,2024,11011,CFS,156462822664.0,6701642414.0,5206078928.0,89548177376.0,165547573574.0,opendart,2026-05-18T14:32:08+09:00
20260401,002720,104722,2025,11011,CFS,175496223500.0,6184872347.0,5704911934.0,97702264067.0,182276329389.0,opendart,2026-05-18T14:32:08+09:00
20250401,002760,123107,2024,11011,OFS,47600285853.0,-1791904067.0,-1509722957.0,46650925460.0,59282151485.0,opendart,2026-05-18T14:32:08+09:00
20260401,002760,123107,2025,11011,OFS,50115779158.0,2230124830.0,2339631891.0,48730562769.0,59241347378.0,opendart,2026-05-18T14:32:08+09:00
20250401,002780,150828,2024,11011,OFS,726191073004.0,-4746640163.0,2178956387.0,268266216957.0,543584682937.0,opendart,2026-05-18T14:32:08+09:00
20260401,002780,150828,2025,11011,OFS,576381970077.0,-23003569423.0,-28371286048.0,240935698511.0,563126704837.0,opendart,2026-05-18T14:32:08+09:00
20250401,002790,154462,2024,11011,CFS,4259886701995.0,249277525878.0,652873028811.0,6991700107789.0,8540521424208.0,opendart,2026-05-18T14:32:08+09:00
20260401,002790,154462,2025,11011,CFS,4623175217447.0,367999917421.0,292155732971.0,7235423628719.0,8769409589796.0,opendart,2026-05-18T14:32:08+09:00
20250401,002800,136448,2024,11011,CFS,106387869012.0,6890119518.0,4811443128.0,65568741039.0,129484086140.0,opendart,2026-05-18T14:32:08+09:00
20260401,002800,136448,2025,11011,CFS,113778253746.0,10790159371.0,9282489579.0,74520122561.0,137497263987.0,opendart,2026-05-18T14:32:08+09:00
20250401,002810,127167,2024,11011,CFS,480191108812.0,18360036943.0,62583990331.0,616433034895.0,728709407076.0,opendart,2026-05-18T14:32:08+09:00
20260401,002810,127167,2025,11011,CFS,446867820266.0,12762460946.0,61352454987.0,666743914687.0,771043913314.0,opendart,2026-05-18T14:32:08+09:00
20250401,002820,132211,2024,11011,CFS,339342203215.0,-5864106894.0,-10573710008.0,225090675243.0,502781287038.0,opendart,2026-05-18T14:32:08+09:00
20260401,002820,132211,2025,11011,CFS,272403719123.0,-17877846785.0,-3635202790.0,222937964366.0,473160410615.0,opendart,2026-05-18T14:32:08+09:00
20250401,002840,121932,2024,11011,CFS,435797799410.0,59945950557.0,50549440013.0,400463662799.0,478696089051.0,opendart,2026-05-18T14:32:08+09:00
20260401,002840,121932,2025,11011,CFS,441137509663.0,43607590772.0,43521733029.0,416384564328.0,492894738811.0,opendart,2026-05-18T14:32:08+09:00
20250401,002870,137368,2024,11011,CFS,22778451624.0,-4365691306.0,308958199.0,71716646067.0,75317579119.0,opendart,2026-05-18T14:32:08+09:00
20260401,002870,137368,2025,11011,CFS,24228056503.0,-2293337379.0,2001172609.0,73650459373.0,76489326217.0,opendart,2026-05-18T14:32:08+09:00
20250401,002880,149804,2024,11011,CFS,564915822828.0,37469149998.0,4844819495.0,44105861002.0,334711356299.0,opendart,2026-05-18T14:32:08+09:00
20260401,002880,149804,2025,11011,CFS,633397608367.0,30205846731.0,-651589067.0,46511139084.0,392858411638.0,opendart,2026-05-18T14:32:08+09:00
20250401,002900,117230,2024,11011,CFS,788790147164.0,16080371733.0,18209004495.0,406834003463.0,836567835684.0,opendart,2026-05-18T14:32:08+09:00
20260401,002900,117230,2025,11011,CFS,929360802636.0,64082478673.0,40119181949.0,421401684793.0,852366217524.0,opendart,2026-05-18T14:32:08+09:00
20250401,002920,174004,2024,11011,CFS,324603324420.0,-473712416.0,-6807745273.0,328011975289.0,437508359877.0,opendart,2026-05-18T14:32:08+09:00
20260401,002920,174004,2025,11011,CFS,304574766277.0,-30023008741.0,-23259745943.0,299630305388.0,433970393655.0,opendart,2026-05-18T14:32:08+09:00
20250401,002960,158149,2024,11011,OFS,327169149754.0,45955067339.0,36654972144.0,127275601718.0,191296096831.0,opendart,2026-05-18T14:32:08+09:00
20260401,002960,158149,2025,11011,OFS,344959163929.0,52781327678.0,48227962489.0,140361831154.0,200264519929.0,opendart,2026-05-18T14:32:08+09:00
20250401,002990,106313,2024,11011,CFS,1914191087195.0,-181828149572.0,-228542567313.0,225439415336.0,1552771308059.0,opendart,2026-05-18T14:32:08+09:00
20260401,002990,106313,2025,11011,CFS,2018488470870.0,47084246190.0,62380067861.0,242559560283.0,1504433019626.0,opendart,2026-05-18T14:32:08+09:00
20250401,003000,123718,2024,11011,CFS,160086870107.0,1617661424.0,-3458761838.0,244145580064.0,373180311828.0,opendart,2026-05-18T14:32:08+09:00
20260401,003000,123718,2025,11011,CFS,200714183691.0,14163801286.0,12433079755.0,340932074140.0,476294610331.0,opendart,2026-05-18T14:32:08+09:00
20250401,003010,165343,2024,11011,OFS,248825923748.0,14157545456.0,7274399159.0,120265987485.0,262939817516.0,opendart,2026-05-18T14:32:08+09:00
20260401,003010,165343,2025,11011,OFS,241713123892.0,17552440394.0,14236946120.0,127629006006.0,250662335905.0,opendart,2026-05-18T14:32:08+09:00
20250401,003030,124197,2024,11011,CFS,3675086864147.0,211611279793.0,117043515792.0,2658209264520.0,5555573758508.0,opendart,2026-05-18T14:32:08+09:00
20260401,003030,124197,2025,11011,CFS,3759574982771.0,205826153302.0,97853853614.0,2733117514567.0,6046779971967.0,opendart,2026-05-18T14:32:08+09:00
20250401,003060,101044,2024,11011,CFS,67378141310.0,-52823131512.0,-104979607721.0,378690640165.0,590984471828.0,opendart,2026-05-18T14:32:08+09:00
20260401,003060,101044,2025,11011,CFS,73226140158.0,-60354664385.0,-168296872201.0,277566948359.0,586992600346.0,opendart,2026-05-18T14:32:08+09:00
20250401,003070,152880,2024,11011,CFS,2911960747188.0,-56668787248.0,22516469837.0,595946312862.0,2719945901907.0,opendart,2026-05-18T14:32:08+09:00
20260401,003070,152880,2025,11011,CFS,2684430963154.0,3650749780.0,-200362805739.0,684395536149.0,2958310102203.0,opendart,2026-05-18T14:32:08+09:00
20250401,003080,132725,2024,11011,CFS,59837932666.0,-2930119648.0,-3644166613.0,125302707399.0,216746717512.0,opendart,2026-05-18T14:32:08+09:00
20260401,003080,132725,2025,11011,CFS,64334046194.0,-8143226709.0,34118990966.0,152820667278.0,228336893035.0,opendart,2026-05-18T14:32:08+09:00
20250401,003090,111810,2024,11011,CFS,1936916852599.0,281913080239.0,68860695957.0,1502495759151.0,2720693911174.0,opendart,2026-05-18T14:32:08+09:00
20260401,003090,111810,2025,11011,CFS,2068370455244.0,261793894978.0,227906759004.0,1767325630187.0,3232157201634.0,opendart,2026-05-18T14:32:08+09:00
20250401,003100,131896,2024,11011,CFS,186752030108.0,36374328619.0,28298497727.0,397079515159.0,659569508080.0,opendart,2026-05-18T14:32:08+09:00
20260401,003100,131896,2025,11011,CFS,190422002484.0,41390125061.0,39481434625.0,434164088413.0,691288235084.0,opendart,2026-05-18T14:32:08+09:00
20250401,003120,146214,2024,11011,OFS,69018340865.0,-9518107492.0,13094107409.0,385134595275.0,396879751742.0,opendart,2026-05-18T14:32:08+09:00
20260401,003120,146214,2025,11011,OFS,64291702806.0,-6160588840.0,1165834883.0,386344748050.0,403009986637.0,opendart,2026-05-18T14:32:08+09:00
20250401,003160,118275,2024,11011,CFS,213957402579.0,3081395875.0,2771028466.0,167739843041.0,319610580416.0,opendart,2026-05-18T14:32:08+09:00
20260401,003160,118275,2025,11011,CFS,432293560547.0,36508298757.0,13517288709.0,185897332896.0,373777690545.0,opendart,2026-05-18T14:32:08+09:00
20250401,003200,146269,2024,11011,CFS,523651392861.0,9064191185.0,29002122880.0,907619445584.0,1115758897982.0,opendart,2026-05-18T14:32:08+09:00
20260401,003200,146269,2025,11011,CFS,517177907810.0,12407495279.0,33915658428.0,949645970553.0,1120711123137.0,opendart,2026-05-18T14:32:08+09:00
20250401,003220,111999,2024,11011,CFS,598162352613.0,28220453539.0,9044729468.0,284578237939.0,583388833683.0,opendart,2026-05-18T14:32:08+09:00
20260401,003220,111999,2025,11011,CFS,605434719615.0,3483326321.0,-4012533918.0,274578483253.0,613651220679.0,opendart,2026-05-18T14:32:08+09:00
20250401,003230,126955,2024,11011,CFS,1728015003746.0,344569150443.0,271255665463.0,828033342607.0,1594782196967.0,opendart,2026-05-18T14:32:08+09:00
20260401,003230,126955,2025,11011,CFS,2351785163786.0,524188406060.0,388673674725.0,1271540001153.0,2196495586892.0,opendart,2026-05-18T14:32:08+09:00
20250401,003240,153393,2024,11011,CFS,2121863335311.0,-27164631033.0,218362415993.0,4015566539464.0,4722277800717.0,opendart,2026-05-18T14:32:08+09:00
20260401,003240,153393,2025,11011,CFS,1827439561466.0,-36015243749.0,83143647817.0,3964264620645.0,4498283132949.0,opendart,2026-05-18T14:32:08+09:00
20250401,003280,167208,2024,11011,CFS,188000981753.0,27541001667.0,39961399082.0,234039195529.0,443559317530.0,opendart,2026-05-18T14:32:08+09:00
20260401,003280,167208,2025,11011,CFS,180812754057.0,11275759234.0,30324384354.0,259908884187.0,452822023717.0,opendart,2026-05-18T14:32:08+09:00
20250401,003300,162993,2024,11011,CFS,2248742514757.0,279313951093.0,198508013482.0,2304234455798.0,3709018734699.0,opendart,2026-05-18T14:32:08+09:00
20260401,003300,162993,2025,11011,CFS,1930489160379.0,123224218366.0,61940513546.0,2349825497227.0,3736407092143.0,opendart,2026-05-18T14:32:08+09:00
20250401,003310,112457,2024,11011,CFS,106038654753.0,10025103418.0,8315526894.0,83509903825.0,111411700508.0,opendart,2026-05-18T14:32:08+09:00
20260401,003310,112457,2025,11011,CFS,100983295727.0,10635427841.0,6758876148.0,111857383937.0,147121334683.0,opendart,2026-05-18T14:32:08+09:00
20250401,003350,160621,2024,11011,OFS,167469221700.0,26545200453.0,23136186920.0,74215065804.0,109277355532.0,opendart,2026-05-18T14:32:08+09:00
20260401,003350,160621,2025,11011,OFS,184628302893.0,32883912931.0,27372880025.0,104685922324.0,198737392563.0,opendart,2026-05-18T14:32:08+09:00
20250401,003380,148364,2024,11011,CFS,12272959000000.0,765480000000.0,174817000000.0,5941952000000.0,16078958000000.0,opendart,2026-05-18T14:32:08+09:00
20260401,003380,148364,2025,11011,CFS,13214884000000.0,887427000000.0,513760000000.0,6277593000000.0,17008288000000.0,opendart,2026-05-18T14:32:08+09:00
20250401,003460,145190,2024,11011,OFS,16828125385.0,10881295414.0,17778797328.0,511233305479.0,771352960922.0,opendart,2026-05-18T14:32:08+09:00
20260401,003460,145190,2025,11011,OFS,15529111989.0,11305521475.0,14055892010.0,537902516178.0,810504521892.0,opendart,2026-05-18T14:32:08+09:00
20250401,003470,117601,2024,11011,CFS,2712726528000.0,25749440000.0,73049835000.0,1634308431000.0,16800267411000.0,opendart,2026-05-18T14:32:08+09:00
20260401,003470,117601,2025,11011,CFS,3461272611000.0,26520343000.0,95631538000.0,1905932821000.0,20030123636000.0,opendart,2026-05-18T14:32:08+09:00
20250401,003480,163673,2024,11011,CFS,1164853000000.0,45875000000.0,60846000000.0,420523000000.0,1849667000000.0,opendart,2026-05-18T14:32:08+09:00
20260401,003480,163673,2025,11011,CFS,1201730000000.0,73254000000.0,62562000000.0,479823000000.0,1817179000000.0,opendart,2026-05-18T14:32:08+09:00
20250401,003490,113526,2024,11011,CFS,17870718495804.0,2110200077994.0,1381858075058.0,10963191867177.0,47012065940089.0,opendart,2026-05-18T14:32:08+09:00
20260401,003490,113526,2025,11011,CFS,25225542379502.0,1113589428051.0,647272880287.0,11459098427293.0,50406072098945.0,opendart,2026-05-18T14:32:08+09:00
20250401,003520,141149,2024,11011,OFS,252040228764.0,8721997142.0,1232792247.0,89803131309.0,234257972953.0,opendart,2026-05-18T14:32:08+09:00
20260401,003520,141149,2025,11011,OFS,254255894053.0,3415589622.0,-227660610.0,91459449207.0,262384700788.0,opendart,2026-05-18T14:32:08+09:00
20250401,003530,148610,2024,11011,CFS,2495792979346.0,90839256746.0,38890352038.0,1706230048195.0,14018124416878.0,opendart,2026-05-18T14:32:08+09:00
20260401,003530,148610,2025,11011,CFS,3094578000000.0,9005000000.0,102010000000.0,2068209000000.0,17357936000000.0,opendart,2026-05-18T14:32:08+09:00
20250401,003540,110893,2024,11011,CFS,4093862748000.0,203335557000.0,144182139000.0,3315389037000.0,26396108665000.0,opendart,2026-05-18T14:32:08+09:00
20260401,003540,110893,2025,11011,CFS,5063889973000.0,184078816000.0,186726503000.0,4057222957000.0,39128864373000.0,opendart,2026-05-18T14:32:08+09:00
20250401,003550,120021,2024,11011,CFS,7175505000000.0,966842000000.0,790478000000.0,28132633000000.0,31639273000000.0,opendart,2026-05-18T14:32:08+09:00
20260401,003550,120021,2025,11011,CFS,7252547000000.0,912174000000.0,1000121000000.0,30334813000000.0,33982889000000.0,opendart,2026-05-18T14:32:08+09:00
20250401,003560,154426,2024,11011,CFS,32431991390.0,-7164297756.0,-821889426.0,99817155539.0,140860365620.0,opendart,2026-05-18T14:32:08+09:00
20260401,003560,154426,2025,11011,CFS,27725711733.0,-7214692951.0,-12659814270.0,97743009581.0,144522895864.0,opendart,2026-05-18T14:32:08+09:00
20250401,003570,134477,2024,11011,CFS,614453293151.0,110508614595.0,96131825495.0,790344489614.0,1034086066876.0,opendart,2026-05-18T14:32:08+09:00
20260401,003570,134477,2025,11011,CFS,712021619474.0,85457001419.0,61574936460.0,866792976548.0,1228607911035.0,opendart,2026-05-18T14:32:08+09:00
20250401,003580,169048,2024,11011,CFS,98261049794.0,-3666767452.0,-9007042854.0,95064945424.0,135918584874.0,opendart,2026-05-18T14:32:08+09:00
20260401,003580,169048,2025,11011,CFS,100285620415.0,-9882955352.0,-8908875406.0,75504879687.0,117356399372.0,opendart,2026-05-18T14:32:08+09:00
20250401,003610,122348,2024,11011,CFS,110595886622.0,-3270147637.0,617138946.0,189678539654.0,231627131187.0,opendart,2026-05-18T14:32:08+09:00
20260401,003610,122348,2025,11011,CFS,122527094021.0,1121307590.0,6511313189.0,180570128641.0,228990877295.0,opendart,2026-05-18T14:32:08+09:00
20250401,003620,138242,2024,11011,CFS,3905069387798.0,1432909587.0,33844431596.0,1420542693233.0,3104452196541.0,opendart,2026-05-18T14:32:08+09:00
20260401,003620,138242,2025,11011,CFS,4303636808271.0,36155571131.0,46571489864.0,1484549777823.0,3369204394425.0,opendart,2026-05-18T14:32:08+09:00
20250401,003650,122056,2024,11011,OFS,431941622345.0,45639201298.0,52625419138.0,412505084328.0,488925013884.0,opendart,2026-05-18T14:32:08+09:00
20260401,003650,122056,2025,11011,OFS,405486654859.0,34552364423.0,68866042367.0,479410729146.0,533960641174.0,opendart,2026-05-18T14:32:08+09:00
20250401,003670,155276,2024,11011,CFS,3699944235821.0,721245866.0,-231338259262.0,3320505865578.0,7932459834018.0,opendart,2026-05-18T14:32:08+09:00
20260401,003670,155276,2025,11011,CFS,2938698184392.0,32827283494.0,36521891144.0,4512079082909.0,9143896515830.0,opendart,2026-05-18T14:32:08+09:00
20250401,003680,161860,2024,11011,OFS,332486628912.0,11004187308.0,2838736942.0,67812016491.0,244556132689.0,opendart,2026-05-18T14:32:08+09:00
20260401,003680,161860,2025,11011,OFS,318445028569.0,5831182465.0,166813272.0,67328358710.0,243727742752.0,opendart,2026-05-18T14:32:08+09:00
20250401,003690,113191,2024,11011,CFS,23687266440.0,376902249246.0,316671748113.0,3452869465595.0,13160392022865.0,opendart,2026-05-18T14:32:08+09:00
20260401,003690,113191,2025,11011,CFS,25375653495.0,221525299849.0,322041488493.0,3683421777221.0,14259770701794.0,opendart,2026-05-18T14:32:08+09:00
20250401,003720,127255,2024,11011,CFS,126040086242.0,9101817091.0,8615684285.0,74183530314.0,136049880807.0,opendart,2026-05-18T14:32:08+09:00
20260401,003720,127255,2025,11011,CFS,153208300579.0,14921182578.0,15048018071.0,88284687667.0,198418692922.0,opendart,2026-05-18T14:32:08+09:00
20250401,003780,150439,2024,11011,CFS,88220353454.0,8195906921.0,10046023809.0,64368177547.0,95965751892.0,opendart,2026-05-18T14:32:08+09:00
20260401,003780,150439,2025,11011,CFS,90655194966.0,8444290771.0,6947237606.0,67136198088.0,93689026884.0,opendart,2026-05-18T14:32:08+09:00
20250401,003800,140052,2024,11011,CFS,325991852047.0,66235236205.0,65909216013.0,706721320746.0,782444291372.0,opendart,2026-05-18T14:32:08+09:00
20260401,003800,140052,2025,11011,CFS,317267060878.0,54091036712.0,55973540046.0,748443132399.0,818415435596.0,opendart,2026-05-18T14:32:08+09:00
20250401,003830,113544,2024,11011,OFS,123785673930.0,-1542476290.0,-2494580182.0,690751693091.0,820584705338.0,opendart,2026-05-18T14:32:08+09:00
20260401,003830,113544,2025,11011,OFS,108225676813.0,-7255414926.0,9606102139.0,711010793390.0,837279572052.0,opendart,2026-05-18T14:32:08+09:00
20250401,003850,123143,2024,11011,CFS,1017106670442.0,70472227261.0,69635720165.0,784503260930.0,1164086929992.0,opendart,2026-05-18T14:32:08+09:00
20260401,003850,123143,2025,11011,CFS,1017427357548.0,65066733505.0,64302934599.0,845502782078.0,1387880345936.0,opendart,2026-05-18T14:32:08+09:00
20250401,003920,107598,2024,11011,CFS,952794199365.0,-9807235105.0,249980282.0,631785721012.0,724193724088.0,opendart,2026-05-18T14:32:08+09:00
20260401,003920,107598,2025,11011,CFS,914148968157.0,5173833371.0,7107959269.0,949068512416.0,1095486409669.0,opendart,2026-05-18T14:32:08+09:00
20250401,003960,109718,2024,11011,CFS,2642956274496.0,133016935612.0,95780719849.0,838581573734.0,2123550790244.0,opendart,2026-05-18T14:32:08+09:00
20260401,003960,109718,2025,11011,CFS,3499812746968.0,94682992676.0,-73563368883.0,795351643461.0,2184824778039.0,opendart,2026-05-18T14:32:08+09:00
20250401,004000,157681,2024,11011,CFS,1670545189888.0,50372565787.0,36380501672.0,2368686673109.0,2713850667217.0,opendart,2026-05-18T14:32:08+09:00
20260401,004000,157681,2025,11011,CFS,1752682647758.0,74361152818.0,106092942018.0,2435737106786.0,2746168414774.0,opendart,2026-05-18T14:32:08+09:00
20250401,004020,145880,2024,11011,CFS,23226141091217.0,159492008580.0,8814214272.0,19333565136259.0,34743788025637.0,opendart,2026-05-18T14:32:08+09:00
20260401,004020,145880,2025,11011,CFS,22733237259727.0,219235156230.0,1389012026.0,19840176064055.0,34442304939493.0,opendart,2026-05-18T14:32:08+09:00
20250401,004060,133511,2024,11011,CFS,138801745057.0,-2756643488.0,5357541497.0,267459474206.0,308253370839.0,opendart,2026-05-18T14:32:08+09:00
20260401,004060,133511,2025,11011,CFS,132347880383.0,-1516226748.0,884197715.0,261081867164.0,294194494549.0,opendart,2026-05-18T14:32:08+09:00
20250401,004080,173795,2024,11011,CFS,101755599986.0,6277866223.0,5220337628.0,116160640620.0,141427657791.0,opendart,2026-05-18T14:32:08+09:00
20260401,004080,173795,2025,11011,CFS,102606917707.0,7091121461.0,2932992529.0,116000778096.0,149632465395.0,opendart,2026-05-18T14:32:08+09:00
20250401,004090,157991,2024,11011,CFS,721176274228.0,13916814381.0,12890793820.0,197577357210.0,384404536002.0,opendart,2026-05-18T14:32:08+09:00
20260401,004090,157991,2025,11011,CFS,696926234873.0,11844186456.0,5072886019.0,206027005851.0,413045650887.0,opendart,2026-05-18T14:32:08+09:00
20250401,004100,153755,2024,11011,CFS,620020921700.0,16053014687.0,2382264256.0,110305490991.0,528140837268.0,opendart,2026-05-18T14:32:08+09:00
20260401,004100,153755,2025,11011,CFS,620169328505.0,22418799630.0,3051036268.0,166325243257.0,609338497429.0,opendart,2026-05-18T14:32:08+09:00
20250401,004140,115287,2024,11011,CFS,871649680262.0,39038582380.0,20782012909.0,159174522703.0,630330388517.0,opendart,2026-05-18T14:32:08+09:00
20260401,004140,115287,2025,11011,CFS,915552774078.0,31957249609.0,17403431561.0,178344899298.0,664430716098.0,opendart,2026-05-18T14:32:08+09:00
20250401,004150,171636,2024,11011,CFS,791639938000.0,7479492000.0,1583567000.0,673357379000.0,933158869000.0,opendart,2026-05-18T14:32:08+09:00
20260401,004150,171636,2025,11011,CFS,1098306886000.0,22608692000.0,8896778000.0,645179036000.0,888993051000.0,opendart,2026-05-18T14:32:08+09:00
20250401,004170,136378,2024,11011,CFS,6570412728809.0,477024306786.0,186608863964.0,6374698444225.0,15071774121951.0,opendart,2026-05-18T14:32:08+09:00
20260401,004170,136378,2025,11011,CFS,6929498818333.0,479961762138.0,64603501354.0,6572365891815.0,15833341277876.0,opendart,2026-05-18T14:32:08+09:00
20250401,004250,108038,2024,11011,CFS,458265475806.0,10494660290.0,75812415320.0,438253096661.0,577610425954.0,opendart,2026-05-18T14:32:08+09:00
20260401,004250,108038,2025,11011,CFS,450319620231.0,23573589442.0,12938555470.0,449410325266.0,625332153184.0,opendart,2026-05-18T14:32:08+09:00
20250401,004270,172185,2024,11011,CFS,74577816567.0,-1809506052.0,4417061200.0,107387182541.0,276057373612.0,opendart,2026-05-18T14:32:08+09:00
20260401,004270,172185,2025,11011,CFS,77541223156.0,187996496.0,-3738683358.0,105497240258.0,278424803823.0,opendart,2026-05-18T14:32:08+09:00
20250401,004310,164706,2024,11011,OFS,175735499255.0,180885917.0,-574887516.0,79074176370.0,156396199876.0,opendart,2026-05-18T14:32:08+09:00
20260401,004310,164706,2025,11011,OFS,191790079025.0,4160910933.0,2516256242.0,82103210702.0,163215645432.0,opendart,2026-05-18T14:32:08+09:00
20250401,004360,133812,2024,11011,CFS,1373388758110.0,24495686269.0,85471393368.0,1134629636929.0,1480281617589.0,opendart,2026-05-18T14:32:08+09:00
20260401,004360,133812,2025,11011,CFS,1241786832538.0,27300616862.0,65602594475.0,1208591668021.0,1495953029989.0,opendart,2026-05-18T14:32:08+09:00
20250401,004370,108241,2024,11011,CFS,3438730857998.0,163073931930.0,157630314203.0,2672575129457.0,3597461570702.0,opendart,2026-05-18T14:32:08+09:00
20260401,004370,108241,2025,11011,CFS,3514315500097.0,183933032197.0,170054449646.0,2831185859403.0,3822122467403.0,opendart,2026-05-18T14:32:08+09:00
20250401,004380,127802,2024,11011,CFS,304426059356.0,564892513.0,1533340639.0,198828649589.0,463599405877.0,opendart,2026-05-18T14:32:08+09:00
20260401,004380,127802,2025,11011,CFS,222175005872.0,-35459793585.0,-44996713410.0,157413151322.0,392780111552.0,opendart,2026-05-18T14:32:08+09:00
20250401,004410,130879,2024,11011,OFS,58588657427.0,-2232262628.0,-2987007773.0,22972735241.0,66307712853.0,opendart,2026-05-18T14:32:08+09:00
20260401,004410,130879,2025,11011,OFS,68603497542.0,-459735590.0,-1603157075.0,26780173037.0,72849156691.0,opendart,2026-05-18T14:32:08+09:00
20250401,004430,134963,2024,11011,CFS,1070200000000.0,62814000000.0,45088000000.0,756110000000.0,1180193000000.0,opendart,2026-05-18T14:32:08+09:00
20260401,004430,134963,2025,11011,CFS,1039162000000.0,21845000000.0,2337000000.0,760110000000.0,1147312000000.0,opendart,2026-05-18T14:32:08+09:00
20250401,004440,109806,2024,11011,OFS,221295516428.0,-1674561213.0,-2013922758.0,267068544523.0,394071619838.0,opendart,2026-05-18T14:32:08+09:00
20260401,004440,109806,2025,11011,OFS,223128675519.0,4995949054.0,1494100183.0,268108489293.0,440761122889.0,opendart,2026-05-18T14:32:08+09:00
20250401,004450,129235,2024,11011,CFS,167142498336.0,10627822764.0,8016894006.0,111564987034.0,203950424754.0,opendart,2026-05-18T14:32:08+09:00
20260401,004450,129235,2025,11011,CFS,162897513863.0,6756629237.0,4288538624.0,118468614740.0,214276081435.0,opendart,2026-05-18T14:32:08+09:00
20250401,004490,133858,2024,11011,CFS,2059542800914.0,179667570936.0,172321249541.0,1507838365556.0,2094117786877.0,opendart,2026-05-18T14:32:08+09:00
20260401,004490,133858,2025,11011,CFS,2142068327877.0,153763577366.0,141430242693.0,1662766161144.0,2242840512109.0,opendart,2026-05-18T14:32:08+09:00
20250401,004540,113492,2024,11011,CFS,537049885546.0,-902193220.0,-22142799877.0,190134948768.0,621077310491.0,opendart,2026-05-18T14:32:08+09:00
20260401,004540,113492,2025,11011,CFS,508201414888.0,-22638049505.0,-47512776630.0,170688519360.0,637295741132.0,opendart,2026-05-18T14:32:08+09:00
20250401,004560,125743,2024,11011,CFS,795376120096.0,30627008612.0,24969800651.0,516108525904.0,753622046641.0,opendart,2026-05-18T14:32:08+09:00
20260401,004560,125743,2025,11011,CFS,741250134001.0,25893420276.0,14824431568.0,521014646031.0,713203530639.0,opendart,2026-05-18T14:32:08+09:00
20250401,004590,156442,2024,11011,CFS,128719457546.0,17822858597.0,15985694911.0,189349446404.0,239299815480.0,opendart,2026-05-18T14:32:08+09:00
20260401,004590,156442,2025,11011,CFS,141617438014.0,17534529185.0,14265168240.0,199860325623.0,252695149813.0,opendart,2026-05-18T14:32:08+09:00
20250401,004650,123523,2024,11011,CFS,137452411912.0,17381138261.0,12442832974.0,136498586059.0,190088224406.0,opendart,2026-05-18T14:32:08+09:00
20260401,004650,123523,2025,11011,CFS,122344462021.0,15893046140.0,13089805455.0,145650522709.0,194591450816.0,opendart,2026-05-18T14:32:08+09:00
20250401,004690,128555,2024,11011,CFS,5120527432173.0,114302576748.0,121658500696.0,1760543940050.0,4518198223654.0,opendart,2026-05-18T14:32:08+09:00
20260401,004690,128555,2025,11011,CFS,5275461012669.0,159630890886.0,131326078663.0,1882344303995.0,4459314886311.0,opendart,2026-05-18T14:32:08+09:00
20250401,004700,148939,2024,11011,OFS,90248381146.0,7225967465.0,12604990949.0,543391319155.0,618763750169.0,opendart,2026-05-18T14:32:08+09:00
20260401,004700,148939,2025,11011,OFS,97880064978.0,8789865516.0,11541573362.0,577863111460.0,661996431061.0,opendart,2026-05-18T14:32:08+09:00
20250401,004710,157399,2024,11011,CFS,1199483140800.0,33354584118.0,23176851498.0,512372272804.0,880015173790.0,opendart,2026-05-18T14:32:08+09:00
20260401,004710,157399,2025,11011,CFS,1252424760923.0,20415690200.0,554181787.0,492683967731.0,996025406733.0,opendart,2026-05-18T14:32:08+09:00
20250401,004720,135050,2024,11011,CFS,171286609685.0,10643268036.0,2789765616.0,249428137040.0,363450447280.0,opendart,2026-05-18T14:32:08+09:00
20260401,004720,135050,2025,11011,OFS,173072508298.0,5986652772.0,-116641027852.0,146303982147.0,195413585967.0,opendart,2026-05-18T14:32:08+09:00
20250401,004770,138057,2024,11011,OFS,12809512519.0,2576381536.0,4397579372.0,83206699478.0,85143471743.0,opendart,2026-05-18T14:32:08+09:00
20260401,004770,138057,2025,11011,OFS,12360625475.0,2200952273.0,3627600280.0,84787361947.0,86017322502.0,opendart,2026-05-18T14:32:08+09:00
20250401,004780,109587,2024,11011,OFS,274659400896.0,15817274927.0,11514610974.0,150827898725.0,205541598642.0,opendart,2026-05-18T14:32:08+09:00
20260401,004780,109587,2025,11011,OFS,266562442241.0,10302316583.0,9182251388.0,158845227533.0,210380608892.0,opendart,2026-05-18T14:32:08+09:00
20250401,004800,117188,2024,11011,CFS,2272756398560.0,221133379310.0,484258153404.0,2504438694987.0,4340864429768.0,opendart,2026-05-18T14:32:08+09:00
20260401,004800,117188,2025,11011,CFS,2431708714737.0,393021437826.0,422120861647.0,2857192993387.0,5387103885233.0,opendart,2026-05-18T14:32:08+09:00
20250401,004830,114093,2024,11011,CFS,125453477601.0,8910501328.0,6799978765.0,92406698916.0,136247328127.0,opendart,2026-05-18T14:32:08+09:00
20260401,004830,114093,2025,11011,CFS,146476303554.0,6235964595.0,5490204883.0,97435058889.0,152659897436.0,opendart,2026-05-18T14:32:08+09:00
20250401,004840,118266,2024,11011,CFS,752688127961.0,21870057763.0,13209672164.0,520636965696.0,982414184864.0,opendart,2026-05-18T14:32:08+09:00
20260401,004840,118266,2025,11011,CFS,802745958892.0,24894014874.0,8989892422.0,529003522070.0,974909860501.0,opendart,2026-05-18T14:32:08+09:00
20250401,004870,109514,2024,11011,OFS,5242842500.0,-5220000555.0,-20751192697.0,149000968642.0,187678000054.0,opendart,2026-05-18T14:32:08+09:00
20260401,004870,109514,2025,11011,OFS,5034977500.0,-3606002497.0,-55732748754.0,94178185920.0,119172275420.0,opendart,2026-05-18T14:32:08+09:00
20250401,004890,172936,2024,11011,CFS,415796640204.0,-4158725047.0,14566572474.0,422764699231.0,482005377173.0,opendart,2026-05-18T14:32:08+09:00
20260401,004890,172936,2025,11011,CFS,347922351797.0,-2749636572.0,-12905767490.0,406422005338.0,455132592932.0,opendart,2026-05-18T14:32:08+09:00
20250401,004910,148920,2024,11011,CFS,248020130146.0,2404881602.0,15982987690.0,190123242167.0,391890614962.0,opendart,2026-05-18T14:32:08+09:00
20260401,004910,148920,2025,11011,CFS,202667523052.0,-19497529333.0,-10338701427.0,211984409030.0,432759212945.0,opendart,2026-05-18T14:32:08+09:00
20250401,004920,127158,2024,11011,CFS,47436608009.0,-2049221072.0,-89010303.0,54776475448.0,91803642408.0,opendart,2026-05-18T14:32:08+09:00
20260401,004920,127158,2025,11011,CFS,41449800518.0,2001735146.0,14619113907.0,73233904359.0,126953652884.0,opendart,2026-05-18T14:32:08+09:00
20250401,004960,162063,2024,11011,CFS,1490447569221.0,37254849485.0,14764860230.0,781317369985.0,2317873586367.0,opendart,2026-05-18T14:32:08+09:00
20260401,004960,162063,2025,11011,CFS,1149191208443.0,64521039255.0,57864389832.0,841468880850.0,2212986466557.0,opendart,2026-05-18T14:32:08+09:00
20250401,004970,135962,2024,11011,CFS,496120565456.0,16438800579.0,40168828006.0,604089322710.0,764717279119.0,opendart,2026-05-18T14:32:08+09:00
20260401,004970,135962,2025,11011,CFS,454741129091.0,-1566075725.0,5305235921.0,603073107870.0,722434235404.0,opendart,2026-05-18T14:32:08+09:00
20250401,004980,132804,2024,11011,CFS,1162632731807.0,53239362394.0,45374360177.0,575000537228.0,1366487636273.0,opendart,2026-05-18T14:32:08+09:00
20260401,004980,132804,2025,11011,CFS,1216265960464.0,43656046848.0,26014653152.0,592859839599.0,1307212194785.0,opendart,2026-05-18T14:32:08+09:00
20250401,004990,120562,2024,11011,CFS,15756975627179.0,340468760521.0,-946077909988.0,9199764345455.0,22660277693897.0,opendart,2026-05-18T14:32:08+09:00
20260401,004990,120562,2025,11011,CFS,15539626589471.0,239439333968.0,-595003287583.0,9421639933465.0,23071072297336.0,opendart,2026-05-18T14:32:08+09:00
20250401,005010,156488,2024,11011,CFS,723068271123.0,17080221750.0,22312045697.0,1119640246593.0,1431265670359.0,opendart,2026-05-18T14:32:08+09:00
20260401,005010,156488,2025,11011,CFS,612490282785.0,3489813746.0,-15032302605.0,1057454587630.0,1372404760518.0,opendart,2026-05-18T14:32:08+09:00
20250401,005030,124151,2024,11011,OFS,213030180079.0,7334415211.0,-573106836.0,15976005089.0,226336878948.0,opendart,2026-05-18T14:32:08+09:00
20260401,005030,124151,2025,11011,OFS,195406166736.0,578079523.0,1719512092.0,19306006163.0,219032786553.0,opendart,2026-05-18T14:32:08+09:00
20250401,005070,129989,2024,11011,OFS,569728589077.0,25002358115.0,17647535995.0,495532641195.0,784541943950.0,opendart,2026-05-18T14:32:08+09:00
20260401,005070,129989,2025,11011,OFS,456295847107.0,2378317974.0,-522850678.0,496843668444.0,721100349936.0,opendart,2026-05-18T14:32:08+09:00
20250401,005090,125150,2024,11011,CFS,2354993052127.0,189611637907.0,35894883016.0,888235536959.0,3436299886778.0,opendart,2026-05-18T14:32:08+09:00
20260401,005090,125150,2025,11011,CFS,2460687771156.0,95820325177.0,-94809582864.0,759237085895.0,3334276750783.0,opendart,2026-05-18T14:32:08+09:00
20250401,005110,163716,2024,11011,CFS,3089124038.0,-9443656317.0,-18484222632.0,-15705535524.0,70208203490.0,opendart,2026-05-18T14:32:08+09:00
20260401,005110,163716,2025,11011,CFS,8044626288.0,-7776013960.0,62327037865.0,10133214366.0,56548380942.0,opendart,2026-05-18T14:32:08+09:00
20250401,005160,172680,2024,11011,CFS,790288185559.0,11981654449.0,-29632894661.0,488308213659.0,942820929732.0,opendart,2026-05-18T14:32:08+09:00
20260401,005160,172680,2025,11011,CFS,727764317548.0,7025489185.0,-11059840115.0,471041761530.0,872019766188.0,opendart,2026-05-18T14:32:08+09:00
20250401,005180,124726,2024,11011,CFS,1463041258105.0,131275792188.0,103226927609.0,721843501869.0,1003074746009.0,opendart,2026-05-18T14:32:08+09:00
20260401,005180,124726,2025,11011,CFS,1489587173794.0,88357009701.0,55565434852.0,743761731819.0,1068753458746.0,opendart,2026-05-18T14:32:08+09:00
20250401,005250,108135,2024,11011,CFS,2204855223217.0,-10716124374.0,-11089572564.0,1852175173527.0,3670572248630.0,opendart,2026-05-18T14:32:08+09:00
20260401,005250,108135,2025,11011,CFS,2451476280927.0,36227417620.0,-41819513911.0,1763769240472.0,4069172435045.0,opendart,2026-05-18T14:32:08+09:00
20250401,005290,118804,2024,11011,CFS,1408144175958.0,208225729660.0,143484559745.0,1020430600571.0,2016989003189.0,opendart,2026-05-18T14:32:08+09:00
20260401,005290,118804,2025,11011,CFS,1194144534567.0,172448889381.0,94092225845.0,1101580532373.0,2006130721478.0,opendart,2026-05-18T14:32:08+09:00
20250401,005300,120571,2024,11011,CFS,4024503304484.0,184926837143.0,60012909167.0,1578400353857.0,4372529473212.0,opendart,2026-05-18T14:32:08+09:00
20260401,005300,120571,2025,11011,CFS,3971143829134.0,167159917902.0,51198353335.0,1600295935394.0,4284698593709.0,opendart,2026-05-18T14:32:08+09:00
20250401,005320,168331,2024,11011,CFS,265915113091.0,-4346365196.0,-3794212373.0,115574349112.0,174112948051.0,opendart,2026-05-18T14:32:08+09:00
20260401,005320,168331,2025,11011,CFS,231493980175.0,-1856204617.0,-10711001706.0,105028825732.0,164052803879.0,opendart,2026-05-18T14:32:08+09:00
20250401,005360,121288,2024,11011,CFS,133080484318.0,-3813353960.0,-5333431137.0,93508383767.0,199293931372.0,opendart,2026-05-18T14:32:08+09:00
20260401,005360,121288,2025,11011,CFS,131024331487.0,-5853531949.0,-10661078953.0,80954090295.0,176282881937.0,opendart,2026-05-18T14:32:08+09:00
20250401,005380,164742,2024,11011,CFS,175231153000000.0,14239592000000.0,13229908000000.0,120275933000000.0,339798429000000.0,opendart,2026-05-18T14:32:08+09:00
20260401,005380,164742,2025,11011,CFS,186254472000000.0,11467851000000.0,10364775000000.0,127648237000000.0,368844849000000.0,opendart,2026-05-18T14:32:08+09:00
20250401,005390,136341,2024,11011,CFS,1507869284122.0,121791701728.0,73688142483.0,484611684250.0,1162642752327.0,opendart,2026-05-18T14:32:08+09:00
20260401,005390,136341,2025,11011,CFS,1476972318390.0,74488038737.0,59653747628.0,547021611874.0,1199394433955.0,opendart,2026-05-18T14:32:08+09:00
20250401,005420,160302,2024,11011,CFS,749281395087.0,-2000900280.0,-52284123649.0,590712804094.0,1204329599517.0,opendart,2026-05-18T14:32:08+09:00
20260401,005420,160302,2025,11011,CFS,664155164378.0,-15986153874.0,-30961125757.0,584313905841.0,1168366014277.0,opendart,2026-05-18T14:32:08+09:00
20250401,005430,156691,2024,11011,CFS,626537271117.0,45009646028.0,40605939549.0,370243190857.0,502537029335.0,opendart,2026-05-18T14:32:08+09:00
20260401,005430,156691,2025,11011,CFS,663192785932.0,47014830454.0,40545958975.0,405156448642.0,529463499338.0,opendart,2026-05-18T14:32:08+09:00
20250401,005440,105280,2024,11011,CFS,7409277127000.0,198099994000.0,791959780000.0,6992188963000.0,10084911844000.0,opendart,2026-05-18T14:32:08+09:00
20260401,005440,105280,2025,11011,CFS,8091605017000.0,274073694000.0,518661888000.0,7306462632000.0,10490130570000.0,opendart,2026-05-18T14:32:08+09:00
20250401,005490,155319,2024,11011,CFS,72688143160111.0,2173573272904.0,947580322052.0,61450367919684.0,103404198997805.0,opendart,2026-05-18T14:32:08+09:00
20260401,005490,155319,2025,11011,CFS,69094886192787.0,1827063210829.0,504403472266.0,62377691037383.0,105192437963565.0,opendart,2026-05-18T14:32:08+09:00
20250401,005500,128412,2024,11011,OFS,308349934442.0,31637502800.0,39232983400.0,261655067978.0,425166281599.0,opendart,2026-05-18T14:32:08+09:00
20260401,005500,128412,2025,11011,OFS,309133530719.0,26784499637.0,24169889943.0,290394738749.0,470531747766.0,opendart,2026-05-18T14:32:08+09:00
20250401,005610,125530,2024,11011,CFS,3427920218534.0,94968717963.0,86491702785.0,479829767129.0,1240796531981.0,opendart,2026-05-18T14:32:08+09:00
20260401,005610,125530,2025,11011,CFS,3370480879745.0,38738589176.0,14035102418.0,481554949129.0,1244873302783.0,opendart,2026-05-18T14:32:08+09:00
20250401,005670,165103,2024,11011,CFS,272990916857.0,13926410674.0,10944983833.0,119796236379.0,236512472211.0,opendart,2026-05-18T14:32:08+09:00
20260401,005670,165103,2025,11011,CFS,320327563488.0,18353038542.0,11994177686.0,116152610961.0,238033339321.0,opendart,2026-05-18T14:32:08+09:00
20250401,005680,127200,2024,11011,CFS,162977940986.0,7300356335.0,11112476268.0,531398425190.0,557296058316.0,opendart,2026-05-18T14:32:08+09:00
20260401,005680,127200,2025,11011,CFS,149728576895.0,9239531197.0,5152325181.0,540042906580.0,563753404670.0,opendart,2026-05-18T14:32:08+09:00
20250401,005690,145163,2024,11011,OFS,64851303832.0,4655636703.0,6331277009.0,86439169857.0,99264316559.0,opendart,2026-05-18T14:32:08+09:00
20260401,005690,145163,2025,11011,OFS,114061538479.0,34304034471.0,40288986397.0,123877690491.0,157172891322.0,opendart,2026-05-18T14:32:08+09:00
20250401,005710,111874,2024,11011,CFS,931473122460.0,74982105084.0,72618867841.0,512394587369.0,711726503694.0,opendart,2026-05-18T14:32:08+09:00
20260401,005710,111874,2025,11011,CFS,1058925866620.0,70753680001.0,76864266074.0,584505571115.0,757072600835.0,opendart,2026-05-18T14:32:08+09:00
20250401,005720,167192,2024,11011,CFS,3214304005061.0,209664273178.0,158440823943.0,2425181660057.0,5422551860511.0,opendart,2026-05-18T14:32:08+09:00
20260401,005720,167192,2025,11011,CFS,3586518022664.0,204209668629.0,177869505319.0,2630360291878.0,5611910810908.0,opendart,2026-05-18T14:32:08+09:00
20250401,005740,153126,2024,11011,CFS,1046896219641.0,67578721530.0,43647782339.0,575373817106.0,1180815137965.0,opendart,2026-05-18T14:32:08+09:00
20260401,005740,153126,2025,11011,CFS,1069881590060.0,57250687227.0,33640292917.0,607423643473.0,1195496223664.0,opendart,2026-05-18T14:32:08+09:00
20250401,005750,109754,2024,11011,CFS,281054583692.0,10096692649.0,5709158066.0,161824773050.0,348281817560.0,opendart,2026-05-18T14:32:08+09:00
20260401,005750,109754,2025,11011,CFS,300567542574.0,18617067031.0,13505237853.0,175408988127.0,338482567888.0,opendart,2026-05-18T14:32:08+09:00
20250401,005800,136624,2024,11011,CFS,196678118757.0,2755794895.0,3902312090.0,368625705505.0,404169290573.0,opendart,2026-05-18T14:32:08+09:00
20260401,005800,136624,2025,11011,CFS,185154553424.0,1289206268.0,6273744763.0,388800958411.0,427146648638.0,opendart,2026-05-18T14:32:08+09:00
20250401,005810,155531,2024,11011,CFS,449393916995.0,104749837969.0,99951700285.0,1115463598070.0,1319133193077.0,opendart,2026-05-18T14:32:08+09:00
20260401,005810,155531,2025,11011,CFS,432529869131.0,66801089250.0,74363461619.0,1172765563682.0,1354305153558.0,opendart,2026-05-18T14:32:08+09:00
20250401,005820,143794,2024,11011,CFS,82386592601.0,1733512084.0,4837878605.0,155063393390.0,185004142765.0,opendart,2026-05-18T14:32:08+09:00
20260401,005820,143794,2025,11011,CFS,89681887437.0,4425553264.0,5180840080.0,159144854019.0,189908053714.0,opendart,2026-05-18T14:32:08+09:00
20250401,005830,159102,2024,11011,CFS,34226998750.0,519185308741.0,1853216681744.0,9391221934664.0,66506135383633.0,opendart,2026-05-18T14:32:08+09:00
20260401,005830,159102,2025,11011,CFS,68610000000.0,622298000000.0,1790581000000.0,10935289000000.0,74022307000000.0,opendart,2026-05-18T14:32:08+09:00
20250401,005850,125521,2024,11011,CFS,4973273970111.0,395164287548.0,381963573388.0,2397248075458.0,3698864220516.0,opendart,2026-05-18T14:32:08+09:00
20260401,005850,125521,2025,11011,CFS,5239939345004.0,407099444958.0,320790309572.0,2651661893348.0,3997077723045.0,opendart,2026-05-18T14:32:08+09:00
20250401,005860,162911,2024,11011,CFS,430978104202.0,3696238401.0,3667164631.0,156889498844.0,207581085972.0,opendart,2026-05-18T14:32:08+09:00
20260401,005860,162911,2025,11011,CFS,454852166662.0,5861470994.0,6246145152.0,164675146582.0,209428791267.0,opendart,2026-05-18T14:32:08+09:00
20250401,005870,111421,2024,11011,OFS,230800588043.0,9134041295.0,10744253181.0,171784515191.0,241011444524.0,opendart,2026-05-18T14:32:08+09:00
20260401,005870,111421,2025,11011,OFS,137185901827.0,-12032815348.0,-9985113192.0,162813324976.0,311760282512.0,opendart,2026-05-18T14:32:08+09:00
20250401,005880,113535,2024,11011,CFS,1747186595917.0,328635127660.0,164823503932.0,2289682269547.0,4580381441177.0,opendart,2026-05-18T14:32:08+09:00
20260401,005880,113535,2025,11011,CFS,1276968118509.0,207164410184.0,173260065058.0,2414654404485.0,4109190044284.0,opendart,2026-05-18T14:32:08+09:00
20250401,005930,126380,2024,11011,CFS,300870903000000.0,32725961000000.0,34451351000000.0,402192070000000.0,514531948000000.0,opendart,2026-05-18T14:32:08+09:00
20260401,005930,126380,2025,11011,CFS,333605938000000.0,43601051000000.0,45206805000000.0,436320337000000.0,566942110000000.0,opendart,2026-05-18T14:32:08+09:00
20250401,005940,120182,2024,11011,CFS,801775000000.0,112926000000.0,686638000000.0,8119369000000.0,62427065000000.0,opendart,2026-05-18T14:32:08+09:00
20260401,005940,120182,2025,11011,CFS,953761000000.0,84297000000.0,1031501000000.0,9438104000000.0,83385398000000.0,opendart,2026-05-18T14:32:08+09:00
20250401,005950,145552,2024,11011,CFS,1916230887000.0,-51445078000.0,-38208992000.0,221727943000.0,957246232000.0,opendart,2026-05-18T14:32:08+09:00
20260401,005950,145552,2025,11011,CFS,1659477477000.0,6884026000.0,-40522797000.0,221652054000.0,897707782000.0,opendart,2026-05-18T14:32:08+09:00
20250401,005960,115612,2024,11011,CFS,1688369156822.0,-96940269971.0,-107507005059.0,452761664688.0,1651094133285.0,opendart,2026-05-18T14:32:08+09:00
20260401,005960,115612,2025,11011,CFS,1758625710036.0,42628317835.0,44513030968.0,550820451851.0,1687863462009.0,opendart,2026-05-18T14:32:08+09:00
20250401,005990,120924,2024,11011,CFS,2190170660149.0,78276734399.0,54685851567.0,787443982451.0,1357651330931.0,opendart,2026-05-18T14:32:08+09:00
20260401,005990,120924,2025,11011,CFS,2196211284329.0,63972718206.0,70217748135.0,856077493776.0,1423606242799.0,opendart,2026-05-18T14:32:08+09:00
20250401,006040,118026,2024,11011,CFS,8944231939726.0,501319940394.0,113563839180.0,3246412301301.0,7158211208881.0,opendart,2026-05-18T14:32:08+09:00
20260401,006040,118026,2025,11011,CFS,9583673896991.0,516134102432.0,387148699085.0,3701777133435.0,7777544153206.0,opendart,2026-05-18T14:32:08+09:00
20250401,006050,104537,2024,11011,OFS,75411207520.0,902779810.0,2580101315.0,51029248680.0,72940186081.0,opendart,2026-05-18T14:32:08+09:00
20260401,006050,104537,2025,11011,OFS,60198966693.0,929319448.0,1694991337.0,52385287587.0,73663110356.0,opendart,2026-05-18T14:32:08+09:00
20250401,006060,166227,2024,11011,CFS,1867733844525.0,118225154489.0,46909086708.0,624256318598.0,1833034372586.0,opendart,2026-05-18T14:32:08+09:00
20260401,006060,166227,2025,11011,CFS,1781041307923.0,76579804544.0,9696359403.0,558938660741.0,1593041483703.0,opendart,2026-05-18T14:32:08+09:00
20250401,006090,141875,2024,11011,OFS,400696837980.0,20898559487.0,12647900196.0,229720173118.0,415195461349.0,opendart,2026-05-18T14:32:08+09:00
20260401,006090,141875,2025,11011,OFS,417363807366.0,13516897643.0,10582107463.0,247164555860.0,436223234615.0,opendart,2026-05-18T14:32:08+09:00
20250401,006110,126779,2024,11011,CFS,251733337646.0,-9590561021.0,-9355451369.0,243610317884.0,436163754728.0,opendart,2026-05-18T14:32:08+09:00
20260401,006110,126779,2025,11011,CFS,271458652401.0,-17647393573.0,-24888579643.0,217939022961.0,452042872779.0,opendart,2026-05-18T14:32:08+09:00
20250401,006120,131832,2024,11011,CFS,9039602889123.0,172557836004.0,31919087418.0,6453354241883.0,15077692130416.0,opendart,2026-05-18T14:32:08+09:00
20260401,006120,131832,2025,11011,CFS,10164013989611.0,361353559282.0,144626599785.0,6851245699316.0,16299659050645.0,opendart,2026-05-18T14:32:08+09:00
20250401,006140,155735,2024,11011,OFS,169298930720.0,10781292288.0,9221466937.0,132706434963.0,191860910350.0,opendart,2026-05-18T14:32:08+09:00
20260401,006140,155735,2025,11011,OFS,178552370684.0,10959713371.0,9354291863.0,139385026826.0,198058302500.0,opendart,2026-05-18T14:32:08+09:00
20250401,006200,159254,2024,11011,CFS,294303954603.0,-4125572651.0,-3371469939.0,394567889707.0,517879873727.0,opendart,2026-05-18T14:32:08+09:00
20260401,006200,159254,2025,11011,CFS,275886966324.0,-14050515935.0,-19780495925.0,377547139382.0,517233142685.0,opendart,2026-05-18T14:32:08+09:00
20250401,006220,148832,2024,11011,CFS,151478000000.0,-19762000000.0,10416000000.0,590108000000.0,7444771000000.0,opendart,2026-05-18T14:32:08+09:00
20260401,006220,148832,2025,11011,CFS,162922000000.0,-21264000000.0,13930000000.0,647270000000.0,8019927000000.0,opendart,2026-05-18T14:32:08+09:00
20250401,006260,105952,2024,11011,CFS,27544663000000.0,1072943000000.0,391515000000.0,6881153000000.0,20527939000000.0,opendart,2026-05-18T14:32:08+09:00
20260401,006260,105952,2025,11011,CFS,31870031000000.0,1052554000000.0,485145000000.0,7679588000000.0,24994792000000.0,opendart,2026-05-18T14:32:08+09:00
20250401,006280,129679,2024,11011,CFS,1679891941477.0,32107347889.0,-42637064523.0,1481015706005.0,2743875851979.0,opendart,2026-05-18T14:32:08+09:00
20260401,006280,129679,2025,11011,CFS,1991279093821.0,69149857151.0,-29685159445.0,1394272744164.0,2971095184896.0,opendart,2026-05-18T14:32:08+09:00
20250401,006340,260392,2024,11011,CFS,552777321378.0,14338544095.0,6794390393.0,113845590709.0,226992976377.0,opendart,2026-05-18T14:32:08+09:00
20260401,006340,260392,2025,11011,CFS,624542487406.0,9351244955.0,12916455490.0,152048393291.0,346448665318.0,opendart,2026-05-18T14:32:08+09:00
20250401,006360,120030,2024,11011,CFS,12863811468386.0,285954335787.0,263924031753.0,5087123959443.0,17803293924556.0,opendart,2026-05-18T14:32:08+09:00
20260401,006360,120030,2025,11011,CFS,12450347000000.0,437809000000.0,93423000000.0,5523557000000.0,18459842000000.0,opendart,2026-05-18T14:32:08+09:00
20250401,006370,108977,2024,11011,CFS,1590776332.0,-14996437410.0,-31258448492.0,166004539549.0,432188136396.0,opendart,2026-05-18T14:32:08+09:00
20260401,006370,108977,2025,11011,CFS,286838614.0,-14972843698.0,-32485571925.0,137092079770.0,420746467837.0,opendart,2026-05-18T14:32:08+09:00
20250401,006380,159810,2024,11011,OFS,7072572538.0,-32385863735.0,33187685346.0,88175526950.0,239157482703.0,opendart,2026-05-18T14:32:08+09:00
20260401,006380,159810,2025,11011,OFS,24637580909.0,-21120021206.0,-32360115936.0,76798528456.0,241695126108.0,opendart,2026-05-18T14:32:08+09:00
20250401,006390,164672,2024,11011,OFS,513367579551.0,79088668239.0,60044526096.0,431444746515.0,906227621119.0,opendart,2026-05-18T14:32:08+09:00
20250401,006400,126362,2024,11011,CFS,16592248884388.0,363304463263.0,575512415979.0,21567237112527.0,40597344536357.0,opendart,2026-05-18T14:32:08+09:00
20260401,006400,126362,2025,11011,CFS,13266730679499.0,-1722360788760.0,-584875358534.0,23570113159830.0,42255338580919.0,opendart,2026-05-18T14:32:08+09:00
20250401,006490,122825,2024,11011,CFS,100534212723.0,-3786266549.0,2863841827.0,48385591541.0,90729786743.0,opendart,2026-05-18T14:32:08+09:00
20260401,006490,122825,2025,11011,CFS,105558023911.0,4078599684.0,-41682609189.0,16065801836.0,60461090234.0,opendart,2026-05-18T14:32:08+09:00
20250401,006570,109824,2024,11011,CFS,136965965065.0,-3414516400.0,-10885966867.0,58616650592.0,162827837044.0,opendart,2026-05-18T14:32:08+09:00
20260401,006570,109824,2025,11011,CFS,126171254752.0,-9566103074.0,-16961334160.0,38179758102.0,154793298808.0,opendart,2026-05-18T14:32:08+09:00
20250401,006620,114686,2024,11011,CFS,249274859206.0,12690585871.0,1990759749.0,105447613672.0,244060500384.0,opendart,2026-05-18T14:32:08+09:00
20260401,006620,114686,2025,11011,CFS,242687805574.0,9247532027.0,50172312639.0,152159147146.0,336349564434.0,opendart,2026-05-18T14:32:08+09:00
20250401,006650,260383,2024,11011,CFS,2800102662159.0,-59892625042.0,-8528518983.0,1807642130951.0,2219743050345.0,opendart,2026-05-18T14:32:08+09:00
20260401,006650,260383,2025,11011,CFS,3347821791902.0,52668902480.0,55896051028.0,2081469764215.0,2700325545731.0,opendart,2026-05-18T14:32:08+09:00
20250401,006660,126201,2024,11011,CFS,115772504831.0,6481452920.0,14886364613.0,282544315422.0,322603910471.0,opendart,2026-05-18T14:32:08+09:00
20260401,006660,126201,2025,11011,CFS,117736352607.0,3245098937.0,7239547064.0,294870085424.0,334084121584.0,opendart,2026-05-18T14:32:08+09:00
20250401,006730,130383,2024,11011,CFS,187479112967.0,47986173901.0,64654284400.0,1240878774961.0,2894459035854.0,opendart,2026-05-18T14:32:08+09:00
20260401,006730,130383,2025,11011,CFS,248329962530.0,70337173396.0,116197439307.0,1386945844103.0,3255148135822.0,opendart,2026-05-18T14:32:08+09:00
20250401,006740,141404,2024,11011,CFS,88112890040.0,-13863126414.0,-21928781340.0,105643446102.0,179264755471.0,opendart,2026-05-18T14:32:08+09:00
20260401,006740,141404,2025,11011,CFS,93251674239.0,-15806498653.0,-24487692331.0,82229395998.0,165184475641.0,opendart,2026-05-18T14:32:08+09:00
20250401,006800,111722,2024,11011,CFS,22242327609027.0,277208844727.0,925470295452.0,12263708551768.0,137176998056307.0,opendart,2026-05-18T14:32:08+09:00
20260401,006800,111722,2025,11011,CFS,29283028000000.0,428507000000.0,1582916000000.0,13478203000000.0,150283930000000.0,opendart,2026-05-18T14:32:08+09:00
20250401,006840,125080,2024,11011,CFS,4488280532801.0,130320128409.0,-16585694879.0,1245028500925.0,5336874928103.0,opendart,2026-05-18T14:32:08+09:00
20260401,006840,125080,2025,11011,CFS,3235721337340.0,-147853720731.0,-174665824989.0,1122974788322.0,5976455656558.0,opendart,2026-05-18T14:32:08+09:00
20250401,006880,136402,2024,11011,CFS,164580506815.0,8401885993.0,5495211137.0,106747551398.0,254881524377.0,opendart,2026-05-18T14:32:08+09:00
20260401,006880,136402,2025,11011,CFS,187759398480.0,10311259918.0,3539082936.0,108905764309.0,274528083479.0,opendart,2026-05-18T14:32:08+09:00
20250401,006890,109161,2024,11011,CFS,71116461803.0,13705903914.0,12630825085.0,163784617311.0,184309192873.0,opendart,2026-05-18T14:32:08+09:00
20260401,006890,109161,2025,11011,CFS,61347896962.0,2063376471.0,8746862173.0,172558115608.0,224431427050.0,opendart,2026-05-18T14:32:08+09:00
20250401,006910,267881,2024,11011,OFS,77062181417.0,4824105984.0,5952224961.0,90264717386.0,97163663127.0,opendart,2026-05-18T14:32:08+09:00
20260401,006910,267881,2025,11011,OFS,147486453767.0,26805989959.0,20314421488.0,110231062166.0,133280442520.0,opendart,2026-05-18T14:32:08+09:00
20250401,006920,163318,2024,11011,CFS,100477953541.0,2730347492.0,2047974314.0,45176237539.0,68906078612.0,opendart,2026-05-18T14:32:08+09:00
20260401,006920,163318,2025,11011,CFS,81161016764.0,-2959160872.0,-3504529410.0,38428016642.0,59790459998.0,opendart,2026-05-18T14:32:08+09:00
20250401,006980,142661,2024,11011,CFS,606198677648.0,8591748464.0,19691475361.0,200178302014.0,430591478194.0,opendart,2026-05-18T14:32:08+09:00
20260401,006980,142661,2025,11011,CFS,613023508125.0,19373123437.0,12933762577.0,212508273157.0,462306101255.0,opendart,2026-05-18T14:32:08+09:00
20250401,007070,140177,2024,11011,CFS,11626920274913.0,239104876913.0,9791708542.0,3181518137325.0,7581643378910.0,opendart,2026-05-18T14:32:08+09:00
20260401,007070,140177,2025,11011,CFS,11957421688837.0,292119604403.0,50239032621.0,3276094767814.0,7483097413933.0,opendart,2026-05-18T14:32:08+09:00
20250401,007110,146296,2024,11011,OFS,78727286743.0,3802576947.0,1419223067.0,59023216856.0,97397658185.0,opendart,2026-05-18T14:32:08+09:00
20260401,007110,146296,2025,11011,OFS,54503324545.0,680665874.0,-685968434.0,58660278740.0,91889224750.0,opendart,2026-05-18T14:32:08+09:00
20250401,007120,104786,2024,11011,OFS,11702648807.0,2013077715.0,-8038192716.0,50972143110.0,74867189585.0,opendart,2026-05-18T14:32:08+09:00
20260401,007120,104786,2025,11011,OFS,14128766686.0,3798690087.0,-2599733229.0,48642635098.0,70534354404.0,opendart,2026-05-18T14:32:08+09:00
20250401,007160,124799,2024,11011,CFS,635200660442.0,-9378468076.0,15292243041.0,663611446144.0,1216795673119.0,opendart,2026-05-18T14:32:08+09:00
20260401,007160,124799,2025,11011,CFS,706210125216.0,33151862048.0,-42808436080.0,636174883972.0,1253228674215.0,opendart,2026-05-18T14:32:08+09:00
20250401,007210,122898,2024,11011,CFS,643093353897.0,25722925299.0,20560690844.0,347688352726.0,640284164647.0,opendart,2026-05-18T14:32:08+09:00
20260401,007210,122898,2025,11011,CFS,610688417236.0,23273390192.0,27359796117.0,374235690338.0,659778658674.0,opendart,2026-05-18T14:32:08+09:00
20250401,007280,124090,2024,11011,OFS,768777778364.0,10612175190.0,-2916913267.0,222038176760.0,550648594083.0,opendart,2026-05-18T14:32:08+09:00
20260401,007280,124090,2025,11011,OFS,767140668215.0,11739651238.0,2990497445.0,214083709295.0,553426736688.0,opendart,2026-05-18T14:32:08+09:00
20250401,007310,141529,2024,11011,CFS,3539120882890.0,222014509063.0,137599993733.0,2181531596082.0,3597403088294.0,opendart,2026-05-18T14:32:08+09:00
20260401,007310,141529,2025,11011,CFS,3674545422005.0,177251297728.0,72135661488.0,2202787081084.0,3641076426477.0,opendart,2026-05-18T14:32:08+09:00
20250401,007330,124805,2024,11011,OFS,42215546321.0,-2806217265.0,7013527880.0,307554471179.0,1325242935137.0,opendart,2026-05-18T14:32:08+09:00
20260401,007330,124805,2025,11011,OFS,42881721591.0,942511412.0,19871582266.0,320543792584.0,1557954685295.0,opendart,2026-05-18T14:32:08+09:00
20250401,007340,116949,2024,11011,CFS,3434542268000.0,522916807000.0,318229010000.0,2170771614000.0,5006031529000.0,opendart,2026-05-18T14:32:08+09:00
20260401,007340,116949,2025,11011,CFS,3675704255000.0,527907609000.0,324985358000.0,2449662359000.0,5275680667000.0,opendart,2026-05-18T14:32:08+09:00
20250401,007370,150536,2024,11011,OFS,113332121347.0,11708434539.0,29694145830.0,119877794627.0,227573668178.0,opendart,2026-05-18T14:32:08+09:00
20260401,007370,150536,2025,11011,OFS,120686230379.0,2526241951.0,22286848623.0,159856760223.0,267809077303.0,opendart,2026-05-18T14:32:08+09:00
20250401,007390,117276,2024,11011,CFS,32333908156.0,597518893.0,1226158108.0,64624400671.0,71997508759.0,opendart,2026-05-18T14:32:08+09:00
20260401,007390,117276,2025,11011,CFS,20734613571.0,-3646243657.0,-2838308819.0,63029885339.0,74731473448.0,opendart,2026-05-18T14:32:08+09:00
20250401,007460,152385,2024,11011,CFS,150113578970.0,-86806591009.0,-100375665264.0,440090638442.0,609968261404.0,opendart,2026-05-18T14:32:08+09:00
20260401,007460,152385,2025,11011,CFS,117974152260.0,-95570619373.0,-140570559359.0,458609869489.0,717264630402.0,opendart,2026-05-18T14:32:08+09:00
20250401,007530,140858,2024,11011,CFS,172201380432.0,6107538725.0,5194571032.0,56084246992.0,156404160263.0,opendart,2026-05-18T14:32:08+09:00
20260401,007530,140858,2025,11011,CFS,177146007940.0,3985939641.0,2501423167.0,52662327353.0,148546744064.0,opendart,2026-05-18T14:32:08+09:00
20250401,007540,130091,2024,11011,CFS,404955848041.0,5875234279.0,10732118074.0,340743378948.0,479780920010.0,opendart,2026-05-18T14:32:08+09:00
20260401,007540,130091,2025,11011,CFS,408963972960.0,24142975241.0,18805730606.0,360734564336.0,490051390718.0,opendart,2026-05-18T14:32:08+09:00
20250401,007570,146454,2024,11011,CFS,268861229571.0,11000497773.0,10507661951.0,241576310519.0,431211150640.0,opendart,2026-05-18T14:32:08+09:00
20260401,007570,146454,2025,11011,CFS,272422211708.0,4962569742.0,7132764228.0,241408583441.0,457330667955.0,opendart,2026-05-18T14:32:08+09:00
20250401,007590,115384,2024,11011,CFS,170248304592.0,14610574702.0,9785798551.0,166142226081.0,238666824251.0,opendart,2026-05-18T14:32:08+09:00
20260401,007590,115384,2025,11011,CFS,178997455771.0,12652186968.0,9766874174.0,174186060919.0,250502899297.0,opendart,2026-05-18T14:32:08+09:00
20250401,007610,131939,2024,11011,CFS,23984030522.0,-5748394178.0,9774539951.0,31267465740.0,86471435747.0,opendart,2026-05-18T14:32:08+09:00
20260401,007610,131939,2025,11011,CFS,38170718483.0,1248969765.0,5277316854.0,36578125094.0,73687545160.0,opendart,2026-05-18T14:32:08+09:00
20250401,007660,107613,2024,11011,CFS,836866961285.0,101878836049.0,74034111779.0,327526708412.0,790136366426.0,opendart,2026-05-18T14:32:08+09:00
20260401,007660,107613,2025,11011,CFS,1088025119176.0,204724531402.0,160482561697.0,756197181444.0,1289510030680.0,opendart,2026-05-18T14:32:08+09:00
20250401,007680,111838,2024,11011,CFS,277180783733.0,195470402.0,2630758754.0,287991061779.0,481271732029.0,opendart,2026-05-18T14:32:08+09:00
20260401,007680,111838,2025,11011,CFS,112122269871.0,-13753624316.0,-8497939186.0,279287904146.0,509462619856.0,opendart,2026-05-18T14:32:08+09:00
20250401,007690,104388,2024,11011,CFS,1305775130486.0,25333558032.0,8940950262.0,853824016796.0,1593312464298.0,opendart,2026-05-18T14:32:08+09:00
20260401,007690,104388,2025,11011,CFS,1395556194366.0,53170435543.0,21898775802.0,876318119254.0,1749499133148.0,opendart,2026-05-18T14:32:08+09:00
20250401,007700,126487,2024,11011,CFS,1898301562891.0,416366707580.0,321989239159.0,3369899587839.0,4033253443201.0,opendart,2026-05-18T14:32:08+09:00
20260401,007700,126487,2025,11011,CFS,1933800848582.0,434194766171.0,367905656969.0,3642862629037.0,4343643804753.0,opendart,2026-05-18T14:32:08+09:00
20250401,007720,104810,2024,11011,CFS,133458255008.0,656024469.0,-10357675586.0,100752117851.0,146944172764.0,opendart,2026-05-18T14:32:08+09:00
20260401,007720,104810,2025,11011,CFS,162871417133.0,1396947928.0,-2701367881.0,75066072039.0,126647087699.0,opendart,2026-05-18T14:32:08+09:00
20250401,007770,267979,2024,11011,CFS,125281652588.0,-6571296974.0,4134167077.0,108101038499.0,143812103315.0,opendart,2026-05-18T14:32:08+09:00
20260401,007770,267979,2025,11011,CFS,124410156822.0,-11994576228.0,-20290407319.0,86956830796.0,127715930238.0,opendart,2026-05-18T14:32:08+09:00
20250401,007810,152686,2024,11011,CFS,1406956573662.0,-33153617896.0,-129014306648.0,681195506573.0,1255382149192.0,opendart,2026-05-18T14:32:08+09:00
20260401,007810,152686,2025,11011,CFS,1509725133078.0,53816253084.0,53794771145.0,790594031363.0,1392548104186.0,opendart,2026-05-18T14:32:08+09:00
20250401,007820,137915,2024,11011,CFS,163228400060.0,7056273197.0,11415261872.0,59863173051.0,109582060505.0,opendart,2026-05-18T14:32:08+09:00
20260401,007820,137915,2025,11011,CFS,149093596003.0,-7950719981.0,-8170704297.0,52961296549.0,116625243450.0,opendart,2026-05-18T14:32:08+09:00
20250401,007860,163114,2024,11011,CFS,4498780011654.0,241938199007.0,225729869603.0,1527631381240.0,3424466755541.0,opendart,2026-05-18T14:32:08+09:00
20260401,007860,163114,2025,11011,CFS,4916072967528.0,199589955218.0,93797410299.0,1629879818270.0,3719605160023.0,opendart,2026-05-18T14:32:08+09:00
20250401,007980,154329,2024,11011,CFS,1064151435568.0,48931866971.0,22354312028.0,241920412681.0,752330379026.0,opendart,2026-05-18T14:32:08+09:00
20260401,007980,154329,2025,11011,CFS,1028988630596.0,62006155691.0,37970490479.0,284913945862.0,766760563279.0,opendart,2026-05-18T14:32:08+09:00
20250401,008040,137252,2024,11011,OFS,678149244374.0,50021201372.0,24261791036.0,270724470419.0,455306449952.0,opendart,2026-05-18T14:32:08+09:00
20260401,008040,137252,2025,11011,OFS,674263587949.0,42468603763.0,-137263412989.0,126964407050.0,463742803194.0,opendart,2026-05-18T14:32:08+09:00
20250401,008060,109189,2024,11011,CFS,1267194760967.0,8416757822.0,42964643518.0,1517772874977.0,1817762218175.0,opendart,2026-05-18T14:32:08+09:00
20260401,008060,109189,2025,11011,CFS,1384989854344.0,11312935746.0,6226179828.0,1449629713905.0,1838110447073.0,opendart,2026-05-18T14:32:08+09:00
20250401,008110,157104,2024,11011,CFS,29025438345.0,4874951054.0,25666601739.0,246156600090.0,272101858567.0,opendart,2026-05-18T14:32:08+09:00
20260401,008110,157104,2025,11011,CFS,30074181636.0,6793893912.0,12613831746.0,260646606705.0,286197637419.0,opendart,2026-05-18T14:32:08+09:00
20250401,008250,145446,2024,11011,CFS,326972782768.0,13791182675.0,-1926394198.0,202224071114.0,438748509882.0,opendart,2026-05-18T14:32:08+09:00
20260401,008250,145446,2025,11011,CFS,297310475768.0,-3828505984.0,-14178708027.0,188760011410.0,400022991359.0,opendart,2026-05-18T14:32:08+09:00
20250401,008260,116301,2024,11011,OFS,275274102150.0,37132983882.0,25722065611.0,254522399415.0,473689516733.0,opendart,2026-05-18T14:32:08+09:00
20260401,008260,116301,2025,11011,OFS,247943373789.0,30115120165.0,18971462998.0,270328274374.0,515938949317.0,opendart,2026-05-18T14:32:08+09:00
20250401,008290,144021,2024,11011,OFS,22721808986.0,-4699113271.0,-2153583457.0,20544163382.0,52346111760.0,opendart,2026-05-18T14:32:08+09:00
20260401,008290,144021,2025,11011,OFS,16935208093.0,-7199478124.0,-7575315076.0,14292262608.0,19815736437.0,opendart,2026-05-18T14:32:08+09:00
20250401,008350,107224,2024,11011,CFS,289539027472.0,4824753722.0,-26725073616.0,297532317360.0,404717544888.0,opendart,2026-05-18T14:32:08+09:00
20260401,008350,107224,2025,11011,CFS,258921909120.0,-3265896897.0,3634987284.0,284188276543.0,437277779372.0,opendart,2026-05-18T14:32:08+09:00
20250401,008370,144012,2024,11011,CFS,79609134649.0,4547912675.0,7106011150.0,91578044945.0,98313590517.0,opendart,2026-05-18T14:32:08+09:00
20260401,008370,144012,2025,11011,OFS,87635177741.0,6596349826.0,7042101323.0,93074333556.0,98559108690.0,opendart,2026-05-18T14:32:08+09:00
20250401,008420,121570,2024,11011,OFS,140206723395.0,-2130925338.0,6617306057.0,185995113545.0,224208819934.0,opendart,2026-05-18T14:32:08+09:00
20260401,008420,121570,2025,11011,OFS,137874736532.0,-959363760.0,5864546320.0,194854838703.0,238379966578.0,opendart,2026-05-18T14:32:08+09:00
20250401,008470,124276,2024,11011,CFS,106182807740.0,231513742.0,1690244491.0,78627628604.0,105007314176.0,opendart,2026-05-18T14:32:08+09:00
20260401,008470,124276,2025,11011,CFS,120761096176.0,1812628245.0,1560278310.0,80059689083.0,100355166513.0,opendart,2026-05-18T14:32:08+09:00
20250401,008490,131692,2024,11011,CFS,653264494420.0,33843445254.0,21552927392.0,507774363636.0,1017698965497.0,opendart,2026-05-18T14:32:08+09:00
20260401,008490,131692,2025,11011,CFS,722308593846.0,50206468443.0,47142445014.0,541016723836.0,1061135569567.0,opendart,2026-05-18T14:32:08+09:00
20250401,008500,146542,2024,11011,CFS,43503261671.0,3324413521.0,3412124664.0,6074532263.0,33094013588.0,opendart,2026-05-18T14:32:08+09:00
20260401,008500,146542,2025,11011,OFS,36617395256.0,1458440613.0,16505587767.0,19341277649.0,39797112266.0,opendart,2026-05-18T14:32:08+09:00
20250401,008600,104999,2024,11011,CFS,217377268077.0,-12537683908.0,-27416248342.0,86578650335.0,294579163963.0,opendart,2026-05-18T14:32:08+09:00
20260401,008600,104999,2025,11011,CFS,188323233506.0,-21004317529.0,-36438089926.0,48423022041.0,248079552445.0,opendart,2026-05-18T14:32:08+09:00
20250401,008700,138516,2024,11011,CFS,189473465.0,7256370.0,6946614.0,89163424.0,148788013.0,opendart,2026-05-18T14:32:08+09:00
20260401,008700,138516,2025,11011,CFS,151351168.0,3370256.0,4141982.0,93260335.0,144149370.0,opendart,2026-05-18T14:32:08+09:00
20250401,008730,145260,2024,11011,CFS,457078095305.0,-18354577060.0,-8530216577.0,290930427545.0,655469570993.0,opendart,2026-05-18T14:32:08+09:00
20260401,008730,145260,2025,11011,CFS,485382903935.0,8514206208.0,4165013001.0,292217763376.0,687562082962.0,opendart,2026-05-18T14:32:08+09:00
20250401,008770,165680,2024,11011,CFS,3947552203343.0,-5184329302.0,-61501483516.0,1284345073338.0,3813885971903.0,opendart,2026-05-18T14:32:08+09:00
20260401,008770,165680,2025,11011,CFS,4068306491409.0,13512516028.0,-172848550007.0,1106221783430.0,3541423621707.0,opendart,2026-05-18T14:32:08+09:00
20250401,008830,109310,2024,11011,OFS,257057008425.0,4464399985.0,1168268540.0,85553708334.0,249413481258.0,opendart,2026-05-18T14:32:08+09:00
20260401,008830,109310,2025,11011,OFS,220939401126.0,162438986.0,-4739603789.0,79146714724.0,269547086319.0,opendart,2026-05-18T14:32:08+09:00
20250401,008870,168401,2024,11011,CFS,259456804269.0,12361949538.0,5970442071.0,124905780653.0,282769620563.0,opendart,2026-05-18T14:32:08+09:00
20260401,008870,168401,2025,11011,CFS,252403803067.0,3369257142.0,3828751627.0,132805995283.0,298199879897.0,opendart,2026-05-18T14:32:08+09:00
20250401,008930,161426,2024,11011,CFS,1283432295647.0,98867912225.0,56693106363.0,838703712282.0,1349078932369.0,opendart,2026-05-18T14:32:08+09:00
20260401,008930,161426,2025,11011,CFS,1356957532846.0,138727168534.0,117709205494.0,959193127357.0,1489047152886.0,opendart,2026-05-18T14:32:08+09:00
20250401,008970,117629,2024,11011,CFS,250297485190.0,6676989307.0,-19644237286.0,108051401811.0,192335715993.0,opendart,2026-05-18T14:32:08+09:00
20260401,008970,117629,2025,11011,CFS,234784294346.0,-1621771745.0,-3098551358.0,141373869547.0,239457342235.0,opendart,2026-05-18T14:32:08+09:00
20250401,009070,103042,2024,11011,CFS,882147692479.0,38991030847.0,27633970078.0,305504661279.0,762617949986.0,opendart,2026-05-18T14:32:08+09:00
20260401,009070,103042,2025,11011,CFS,986704713638.0,38817769669.0,23308739558.0,334350595393.0,791695946689.0,opendart,2026-05-18T14:32:08+09:00
20250401,009140,102140,2024,11011,CFS,22942422096.0,-1271401075.0,2560127735.0,76557379085.0,80869826412.0,opendart,2026-05-18T14:32:08+09:00
20260401,009140,102140,2025,11011,CFS,36073854759.0,1024070598.0,3827628783.0,80395072346.0,87287055386.0,opendart,2026-05-18T14:32:08+09:00
20250401,009150,126371,2024,11011,CFS,10294102976435.0,735005856995.0,703215637082.0,9015854031770.0,12792402920884.0,opendart,2026-05-18T14:32:08+09:00
20260401,009150,126371,2025,11011,CFS,11314459238100.0,913331178557.0,730989517218.0,9797343882863.0,14595895255468.0,opendart,2026-05-18T14:32:08+09:00
20250401,009160,138260,2024,11011,CFS,785061758000.0,24452879000.0,27454726000.0,605256122000.0,1079604688000.0,opendart,2026-05-18T14:32:08+09:00
20260401,009160,138260,2025,11011,CFS,1179040874617.0,45956315730.0,22353244341.0,670338559572.0,1333843317612.0,opendart,2026-05-18T14:32:08+09:00
20250401,009180,140946,2024,11011,CFS,687030962683.0,16777813390.0,8672221160.0,130119794464.0,267994725160.0,opendart,2026-05-18T14:32:08+09:00
20260401,009180,140946,2025,11011,CFS,674562421919.0,20692745041.0,15842173912.0,143808658030.0,261761294406.0,opendart,2026-05-18T14:32:08+09:00
20250401,009190,111111,2024,11011,OFS,215563338886.0,1889596749.0,-15283580204.0,90384510022.0,140278881981.0,opendart,2026-05-18T14:32:08+09:00
20260401,009190,111111,2025,11011,CFS,223485344976.0,5620557046.0,9398351823.0,100083148984.0,144440083514.0,opendart,2026-05-18T14:32:08+09:00
20250401,009200,136086,2024,11011,CFS,1384380090169.0,89393682541.0,49346227594.0,724749118554.0,2482701674586.0,opendart,2026-05-18T14:32:08+09:00
20260401,009200,136086,2025,11011,CFS,1264911879644.0,5950945189.0,-23243968507.0,694860954870.0,2575053587435.0,opendart,2026-05-18T14:32:08+09:00
20250401,009240,161693,2024,11011,CFS,1908390760197.0,31229315756.0,151137006442.0,350663939878.0,1067251785665.0,opendart,2026-05-18T14:32:08+09:00
20260401,009240,161693,2025,11011,CFS,1744538347428.0,18491334862.0,46281084361.0,399759358345.0,992956864953.0,opendart,2026-05-18T14:32:08+09:00
20250401,009270,136864,2024,11011,CFS,939536833803.0,25317728223.0,5648419882.0,226777655430.0,628902089244.0,opendart,2026-05-18T14:32:08+09:00
20260401,009270,136864,2025,11011,CFS,1092254154426.0,18778913228.0,-1631250295.0,228050634357.0,642566644960.0,opendart,2026-05-18T14:32:08+09:00
20250401,009290,103592,2024,11011,CFS,1640718849226.0,30097355344.0,41844893500.0,618267488792.0,1170275148654.0,opendart,2026-05-18T14:32:08+09:00
20260401,009290,103592,2025,11011,CFS,1659512457700.0,31045848005.0,21328798564.0,711796387148.0,1320329495616.0,opendart,2026-05-18T14:32:08+09:00
20250401,009300,126788,2024,11011,CFS,95580725368.0,24466466167.0,22079574395.0,219975767583.0,248733842277.0,opendart,2026-05-18T14:32:08+09:00
20260401,009300,126788,2025,11011,CFS,77799035965.0,10978941145.0,12939815232.0,228110771466.0,247044687258.0,opendart,2026-05-18T14:32:08+09:00
20250401,009310,153621,2024,11011,CFS,64895892513.0,-35837953403.0,-24934146024.0,69752313943.0,664305023249.0,opendart,2026-05-18T14:32:08+09:00
20260401,009310,153621,2025,11011,CFS,59844031140.0,-7530528793.0,-13561744196.0,66746536026.0,837277101629.0,opendart,2026-05-18T14:32:08+09:00
20250401,009320,111689,2024,11011,CFS,143497309408.0,5939589951.0,919231261.0,28912743879.0,102542697306.0,opendart,2026-05-18T14:32:08+09:00
20260401,009320,111689,2025,11011,CFS,151831619994.0,6297563802.0,4351131807.0,33319206632.0,109515360357.0,opendart,2026-05-18T14:32:08+09:00
20250401,009410,153861,2024,11011,CFS,2686174110954.0,20642182140.0,66803953317.0,527198971669.0,4323923757006.0,opendart,2026-05-18T14:32:08+09:00
20260401,009410,153861,2025,11011,CFS,2174483568714.0,52789167779.0,95829321273.0,642890379557.0,4127053459058.0,opendart,2026-05-18T14:32:08+09:00
20250401,009420,162586,2024,11011,CFS,138943698757.0,230474890.0,-1804843479.0,168351403333.0,212880605189.0,opendart,2026-05-18T14:32:08+09:00
20260401,009420,162586,2025,11011,CFS,155184524107.0,-915814382.0,-5559162634.0,161681400836.0,225224012033.0,opendart,2026-05-18T14:32:08+09:00
20250401,009440,159971,2024,11011,CFS,421050049185.0,-65171150118.0,-4984549580.0,173018234369.0,289342395414.0,opendart,2026-05-18T14:32:08+09:00
20260401,009440,159971,2025,11011,CFS,85959945472.0,-1574279438.0,-40828476557.0,114083709806.0,172280442883.0,opendart,2026-05-18T14:32:08+09:00
20250401,009450,101488,2024,11011,CFS,1353879442184.0,132576050452.0,124340920975.0,695417009624.0,1358870104798.0,opendart,2026-05-18T14:32:08+09:00
20260401,009450,101488,2025,11011,CFS,1502239729157.0,143376893533.0,89698872406.0,770495485591.0,1522167095867.0,opendart,2026-05-18T14:32:08+09:00
20250401,009460,163761,2024,11011,OFS,294257732833.0,1142467067.0,2639511966.0,94381732867.0,287559143129.0,opendart,2026-05-18T14:32:08+09:00
20260401,009460,163761,2025,11011,OFS,266951905121.0,-5193445386.0,-13092614471.0,82926027690.0,287460858999.0,opendart,2026-05-18T14:32:08+09:00
20250401,009470,129271,2024,11011,CFS,233116164397.0,24788845997.0,20673576344.0,112074123471.0,173158472097.0,opendart,2026-05-18T14:32:08+09:00
20260401,009470,129271,2025,11011,CFS,230067797956.0,12036508083.0,11125404924.0,120430104142.0,180647655408.0,opendart,2026-05-18T14:32:08+09:00
20250401,009520,128111,2024,11011,OFS,346628290419.0,1422749362.0,567503575.0,111813133703.0,149757864258.0,opendart,2026-05-18T14:32:08+09:00
20260401,009520,128111,2025,11011,OFS,357432185147.0,1034456160.0,1411497670.0,114252106916.0,155201620131.0,opendart,2026-05-18T14:32:08+09:00
20250401,009540,164830,2024,11011,CFS,25538577356000.0,1434090492000.0,1454580111000.0,14155813204000.0,36719137422000.0,opendart,2026-05-18T14:32:08+09:00
20260401,009540,164830,2025,11011,CFS,29933215227000.0,3904489578000.0,2928395265000.0,16908352832000.0,39542213288000.0,opendart,2026-05-18T14:32:08+09:00
20250401,009580,119007,2024,11011,CFS,811651367990.0,36472102186.0,22596860341.0,645969475501.0,1691457264967.0,opendart,2026-05-18T14:32:08+09:00
20260401,009580,119007,2025,11011,CFS,731620027887.0,-24460014863.0,-33085743414.0,606780444279.0,1820115150517.0,opendart,2026-05-18T14:32:08+09:00
20250401,009620,125822,2024,11011,CFS,340974508783.0,628510028.0,-22570715111.0,31791814369.0,295754193989.0,opendart,2026-05-18T14:32:08+09:00
20260401,009620,125822,2025,11011,CFS,285655693776.0,7887542740.0,-3252216952.0,28189799723.0,323447212982.0,opendart,2026-05-18T14:32:08+09:00
20250401,009680,151128,2024,11011,CFS,290604602023.0,23779484995.0,32361865325.0,468171602831.0,499377343872.0,opendart,2026-05-18T14:32:08+09:00
20260401,009680,151128,2025,11011,CFS,279697463554.0,18535381001.0,27000481551.0,482822956637.0,530548802467.0,opendart,2026-05-18T14:32:08+09:00
20250401,009730,116426,2024,11011,OFS,109831999855.0,-4723456766.0,-14898026363.0,52663290570.0,130328701520.0,opendart,2026-05-18T14:32:08+09:00
20260401,009730,116426,2025,11011,OFS,91994767552.0,-13889588817.0,-16831644127.0,39840713673.0,100256204877.0,opendart,2026-05-18T14:32:08+09:00
20250401,009770,128227,2024,11011,OFS,163884080446.0,4868322824.0,37954518636.0,258334606861.0,298459252351.0,opendart,2026-05-18T14:32:08+09:00
20260401,009770,128227,2025,11011,OFS,148565929898.0,-1440493506.0,31390588901.0,287044989719.0,322255669541.0,opendart,2026-05-18T14:32:08+09:00
20250401,009780,121154,2024,11011,CFS,189756857111.0,27518337355.0,21763730360.0,169574664874.0,259494039611.0,opendart,2026-05-18T14:32:08+09:00
20260401,009780,121154,2025,11011,CFS,197662693140.0,29653839673.0,23008450071.0,189208431119.0,277193366709.0,opendart,2026-05-18T14:32:08+09:00
20250401,009810,103130,2024,11011,CFS,268344392135.0,-5099237519.0,-2314274676.0,205435953766.0,336750096820.0,opendart,2026-05-18T14:32:08+09:00
20260401,009810,103130,2025,11011,CFS,250921655440.0,-4396790646.0,-2979252949.0,181793986467.0,289194202550.0,opendart,2026-05-18T14:32:08+09:00
20250401,009830,162461,2024,11011,CFS,12394023649010.0,-300237959946.0,-1368980474463.0,10606856154462.0,30036831374114.0,opendart,2026-05-18T14:32:08+09:00
20260401,009830,162461,2025,11011,CFS,13333055000000.0,-364759000000.0,-615282000000.0,11185039000000.0,33144011000000.0,opendart,2026-05-18T14:32:08+09:00
20250401,009900,173078,2024,11011,CFS,1573818204184.0,148119754582.0,129093643417.0,697476492867.0,1210314499204.0,opendart,2026-05-18T14:32:08+09:00
20260401,009900,173078,2025,11011,CFS,1619154581776.0,102591824890.0,68334903349.0,768885710570.0,1420721058269.0,opendart,2026-05-18T14:32:08+09:00
20250401,009970,140964,2024,11011,CFS,4306038171138.0,517045450910.0,495633035941.0,4987109262473.0,6576715632460.0,opendart,2026-05-18T14:32:08+09:00
20260401,009970,140964,2025,11011,CFS,4895010142962.0,735474578287.0,606455450562.0,5286114065986.0,6995703461755.0,opendart,2026-05-18T14:32:08+09:00
20250401,010040,160205,2024,11011,CFS,416008387892.0,8586286130.0,5505120876.0,181574402966.0,307361942953.0,opendart,2026-05-18T14:32:08+09:00
20260401,010040,160205,2025,11011,CFS,406341175254.0,2776126317.0,-21794108992.0,174083143454.0,275160718628.0,opendart,2026-05-18T14:32:08+09:00
20250401,010060,148896,2024,11011,CFS,3577383349000.0,101527729000.0,113723638000.0,4835541342000.0,8093654722000.0,opendart,2026-05-18T14:32:08+09:00
20260401,010060,148896,2025,11011,CFS,3380060390000.0,-57627064000.0,-146247800000.0,4731526377000.0,7870870449000.0,opendart,2026-05-18T14:32:08+09:00
20250401,010100,160418,2024,11011,CFS,1567411153543.0,43673714640.0,47440564199.0,412077664913.0,1013538338341.0,opendart,2026-05-18T14:32:08+09:00
20260401,010100,160418,2025,11011,CFS,1699315845004.0,25317272325.0,20264910611.0,433371180888.0,1009462857667.0,opendart,2026-05-18T14:32:08+09:00
20250401,010120,105855,2024,11011,CFS,4551837252467.0,389717122317.0,242237998768.0,1890092083448.0,4485197464384.0,opendart,2026-05-18T14:32:08+09:00
20260401,010120,105855,2025,11011,CFS,4965798552980.0,426407143017.0,284256733172.0,2141298852376.0,4956680318372.0,opendart,2026-05-18T14:32:08+09:00
20250401,010130,102858,2024,11011,CFS,12052918410249.0,723472208523.0,194781564506.0,7595427776993.0,14792322181548.0,opendart,2026-05-18T14:32:08+09:00
20260401,010130,102858,2025,11011,CFS,16587850779912.0,1231926775791.0,770249337092.0,11184217875641.0,20395719724719.0,opendart,2026-05-18T14:32:08+09:00
20250401,010140,126478,2024,11011,CFS,9903077919464.0,502698683088.0,53877228765.0,3749451105353.0,17194637128138.0,opendart,2026-05-18T14:32:08+09:00
20260401,010140,126478,2025,11011,CFS,10650010702818.0,862210880029.0,535753735212.0,4095039935055.0,14948871093928.0,opendart,2026-05-18T14:32:08+09:00
20250401,010170,113261,2024,11011,CFS,152717431829.0,-29704722792.0,-56038066436.0,40826257677.0,209661318184.0,opendart,2026-05-18T14:32:08+09:00
20260401,010170,113261,2025,11011,CFS,139446734970.0,-21410712591.0,-27972927775.0,66651648061.0,219015700323.0,opendart,2026-05-18T14:32:08+09:00
20250401,010240,167031,2024,11011,CFS,128710756347.0,8787500672.0,10550352220.0,109182934489.0,126303882056.0,opendart,2026-05-18T14:32:08+09:00
20260401,010240,167031,2025,11011,CFS,137023822812.0,14897684207.0,12200254265.0,118271584276.0,135628627147.0,opendart,2026-05-18T14:32:08+09:00
20250401,010280,138303,2024,11011,CFS,441775895300.0,9437606751.0,10782856517.0,76820561835.0,268818592848.0,opendart,2026-05-18T14:32:08+09:00
20260401,010280,138303,2025,11011,CFS,572026600945.0,20871338299.0,21994420714.0,99119956817.0,319596832538.0,opendart,2026-05-18T14:32:08+09:00
20250401,010400,143262,2024,11011,CFS,137588161973.0,-17859652097.0,-22168838641.0,72883270241.0,91715586046.0,opendart,2026-05-18T14:32:08+09:00
20260401,010400,143262,2025,11011,CFS,164457886988.0,4978351418.0,7593754874.0,80754726231.0,106265692040.0,opendart,2026-05-18T14:32:08+09:00
20250401,010420,103626,2024,11011,CFS,313649667468.0,3322525681.0,2327779987.0,47149419422.0,127298015569.0,opendart,2026-05-18T14:32:08+09:00
20260401,010420,103626,2025,11011,CFS,306236522591.0,1217886577.0,-3010988798.0,44038517019.0,124440147362.0,opendart,2026-05-18T14:32:08+09:00
20250401,010470,141671,2024,11011,CFS,214862595221.0,12000246476.0,9821120755.0,123798623997.0,222915313058.0,opendart,2026-05-18T14:32:08+09:00
20260401,010470,141671,2025,11011,CFS,227707531798.0,8920342751.0,7759059933.0,130184728018.0,243586233311.0,opendart,2026-05-18T14:32:08+09:00
20250401,010580,147860,2024,11011,CFS,172548105255.0,5216545654.0,1115369744.0,67316795376.0,105927863551.0,opendart,2026-05-18T14:32:08+09:00
20260401,010580,147860,2025,11011,OFS,150271118361.0,1573953345.0,1650688607.0,70162568788.0,100176500447.0,opendart,2026-05-18T14:32:08+09:00
20250401,010600,141273,2024,11011,CFS,83301323381.0,-2874278574.0,-21375656796.0,20184036637.0,31947619834.0,opendart,2026-05-18T14:32:08+09:00
20260401,010600,141273,2025,11011,CFS,78030660472.0,-2499614664.0,-7701370725.0,12641767401.0,22821880754.0,opendart,2026-05-18T14:32:08+09:00
20250401,010620,164609,2024,11011,CFS,4630048754000.0,88527896000.0,113248354000.0,2106430766000.0,5108867288000.0,opendart,2026-05-18T14:32:08+09:00
20250401,010640,160375,2024,11011,OFS,54038232041.0,3970306773.0,3163716225.0,32734111402.0,57413480032.0,opendart,2026-05-18T14:32:08+09:00
20260401,010640,160375,2025,11011,OFS,46628342500.0,1826014622.0,1622985123.0,31685915701.0,75820360310.0,opendart,2026-05-18T14:32:08+09:00
20250401,010660,166500,2024,11011,OFS,232386971461.0,2033399231.0,5917261784.0,139019845718.0,174332394129.0,opendart,2026-05-18T14:32:08+09:00
20260401,010660,166500,2025,11011,OFS,214513614009.0,227700030.0,2764227397.0,141822810498.0,174976804697.0,opendart,2026-05-18T14:32:08+09:00
20250401,010690,166315,2024,11011,CFS,1712315816922.0,65310768287.0,53561268072.0,517432407373.0,1321669869758.0,opendart,2026-05-18T14:32:08+09:00
20260401,010690,166315,2025,11011,CFS,1962483716837.0,102447956813.0,66688373511.0,571346191508.0,1559099212744.0,opendart,2026-05-18T14:32:08+09:00
20250401,010770,155124,2024,11011,CFS,835189547389.0,28811212893.0,2433710312.0,119934182119.0,533421606621.0,opendart,2026-05-18T14:32:08+09:00
20260401,010770,155124,2025,11011,CFS,883676528085.0,34882064365.0,45167740118.0,162676808738.0,558555295274.0,opendart,2026-05-18T14:32:08+09:00
20250401,010780,115977,2024,11011,CFS,1514572538167.0,169672413030.0,-160188124268.0,1557190039328.0,3553988560322.0,opendart,2026-05-18T14:32:08+09:00
20260401,010780,115977,2025,11011,CFS,1234356436787.0,68122603774.0,-71817706724.0,1421331007998.0,3457985098127.0,opendart,2026-05-18T14:32:08+09:00
20250401,010820,148522,2024,11011,OFS,207273257566.0,4348353305.0,10919360117.0,63670296047.0,350454400155.0,opendart,2026-05-18T14:32:08+09:00
20260401,010820,148522,2025,11011,OFS,294842426804.0,10663228873.0,14726828528.0,82465023596.0,403060377892.0,opendart,2026-05-18T14:32:08+09:00
20250401,010950,138279,2024,11011,CFS,36637031000000.0,422177000000.0,-193042000000.0,8695647000000.0,24451433000000.0,opendart,2026-05-18T14:32:08+09:00
20260401,010950,138279,2025,11011,CFS,34246957000000.0,235631000000.0,176952000000.0,8887401000000.0,26556957000000.0,opendart,2026-05-18T14:32:08+09:00
20250401,010960,128980,2024,11011,CFS,401776583229.0,1172393105.0,5259356368.0,224600676393.0,345696628502.0,opendart,2026-05-18T14:32:08+09:00
20260401,010960,128980,2025,11011,CFS,409727353425.0,14486355618.0,18742058596.0,241168097119.0,366082340820.0,opendart,2026-05-18T14:32:08+09:00
20250401,011000,118521,2024,11011,CFS,35720098849.0,-43039113456.0,-48536607370.0,85605242604.0,151334407812.0,opendart,2026-05-18T14:32:08+09:00
20260401,011000,118521,2025,11011,CFS,23044791670.0,-44036249294.0,-51850979601.0,40898061671.0,119207169002.0,opendart,2026-05-18T14:32:08+09:00
20250401,011040,101549,2024,11011,CFS,193936297352.0,2623604977.0,5447789290.0,220336956662.0,302872625623.0,opendart,2026-05-18T14:32:08+09:00
20260401,011040,101549,2025,11011,CFS,196273042787.0,7666156975.0,8450764230.0,228873103445.0,321895468124.0,opendart,2026-05-18T14:32:08+09:00
20250401,011070,105961,2024,11011,CFS,21200755000000.0,706043000000.0,449274000000.0,5353865000000.0,11378212000000.0,opendart,2026-05-18T14:32:08+09:00
20260401,011070,105961,2025,11011,CFS,21896603000000.0,665007000000.0,341262000000.0,5763054000000.0,11930883000000.0,opendart,2026-05-18T14:32:08+09:00
20250401,011080,142713,2024,11011,CFS,56747470247.0,-5018507855.0,-3867131503.0,28221071857.0,64869969332.0,opendart,2026-05-18T14:32:08+09:00
20260401,011080,142713,2025,11011,CFS,50808588981.0,-7044927707.0,-8905674437.0,34333652605.0,61925890462.0,opendart,2026-05-18T14:32:08+09:00
20250401,011090,139764,2024,11011,CFS,264107661658.0,5097016978.0,3905411933.0,42721432425.0,142489241515.0,opendart,2026-05-18T14:32:08+09:00
20260401,011090,139764,2025,11011,CFS,215243280358.0,545135255.0,-1398247913.0,41088933838.0,127900899188.0,opendart,2026-05-18T14:32:08+09:00
20250401,011150,129013,2024,11011,CFS,193717170281.0,4357856052.0,5019262467.0,83628617966.0,173079219891.0,opendart,2026-05-18T14:32:08+09:00
20260401,011150,129013,2025,11011,CFS,192117633850.0,-909622524.0,2827173450.0,88416055935.0,169330716894.0,opendart,2026-05-18T14:32:08+09:00
20250401,011170,165413,2024,11011,CFS,20430375565357.0,-894081004428.0,-1825555752135.0,19987944762878.0,34552330375053.0,opendart,2026-05-18T14:32:08+09:00
20260401,011170,165413,2025,11011,CFS,18483005314922.0,-943115729953.0,-2476176326250.0,17628428467279.0,31117333049679.0,opendart,2026-05-18T14:32:08+09:00
20250401,011200,164645,2024,11011,CFS,11700224000000.0,3512847000000.0,3782129000000.0,27855544000000.0,33848562000000.0,opendart,2026-05-18T14:32:08+09:00
20260401,011200,164645,2025,11011,CFS,10891443000000.0,1461202000000.0,1878732000000.0,26571277000000.0,33563133000000.0,opendart,2026-05-18T14:32:08+09:00
20250401,011210,106623,2024,11011,CFS,8180886000000.0,218810000000.0,129472000000.0,4026299000000.0,7075991000000.0,opendart,2026-05-18T14:32:08+09:00
20260401,011210,106623,2025,11011,CFS,8481561000000.0,204413000000.0,116932000000.0,4065428000000.0,7025106000000.0,opendart,2026-05-18T14:32:08+09:00
20250401,011230,129280,2024,11011,CFS,33397439064.0,-7272936114.0,-8224043176.0,20017950227.0,70192709528.0,opendart,2026-05-18T14:32:08+09:00
20260401,011230,129280,2025,11011,CFS,29632415122.0,-7775962013.0,-8729791019.0,24576885096.0,75421002916.0,opendart,2026-05-18T14:32:08+09:00
20250401,011280,153524,2024,11011,CFS,715375066000.0,-16590677000.0,-20491587000.0,330834884000.0,711994053000.0,opendart,2026-05-18T14:32:08+09:00
20260401,011280,153524,2025,11011,CFS,753896340000.0,-4981829000.0,-9187452000.0,323398947000.0,685971528000.0,opendart,2026-05-18T14:32:08+09:00
20250401,011300,132868,2024,11011,CFS,25486891894.0,-10058669422.0,-32356567816.0,31095762234.0,116893023052.0,opendart,2026-05-18T14:32:08+09:00
20260401,011300,132868,2025,11011,CFS,24693017011.0,-2334614325.0,-7668669827.0,31237860877.0,101326911828.0,opendart,2026-05-18T14:32:08+09:00
20250401,011320,147152,2024,11011,CFS,374799680024.0,8349128566.0,7716473797.0,124570304919.0,268112394039.0,opendart,2026-05-18T14:32:08+09:00
20260401,011320,147152,2025,11011,CFS,430183306362.0,14423859541.0,10793921594.0,136292926455.0,299697155212.0,opendart,2026-05-18T14:32:08+09:00
20250401,011330,137207,2024,11011,OFS,68216069343.0,-6268370624.0,-10229441710.0,120704782185.0,186320012345.0,opendart,2026-05-18T14:32:08+09:00
20260401,011330,137207,2025,11011,CFS,106243075628.0,-573400537.0,-6555433408.0,131292051558.0,226738055850.0,opendart,2026-05-18T14:32:08+09:00
20250401,011370,131504,2024,11011,CFS,749383130637.0,26460995446.0,19299386915.0,524911491984.0,1385332111457.0,opendart,2026-05-18T14:32:08+09:00
20260401,011370,131504,2025,11011,CFS,645114465728.0,62554266987.0,28933183371.0,536829488203.0,1229627196283.0,opendart,2026-05-18T14:32:08+09:00
20250401,011390,124027,2024,11011,CFS,124105964709.0,3356780182.0,-2445219636.0,174519120669.0,335401253997.0,opendart,2026-05-18T14:32:08+09:00
20260401,011390,124027,2025,11011,CFS,107530892128.0,-2770874013.0,-6302021966.0,167001725366.0,326620428771.0,opendart,2026-05-18T14:32:08+09:00
20250401,011420,129554,2024,11011,OFS,32486740470.0,3225224444.0,2896040458.0,62965288688.0,69828890819.0,opendart,2026-05-18T14:32:08+09:00
20260401,011420,129554,2025,11011,OFS,40343683157.0,3987722438.0,3719919877.0,72286895907.0,82851473075.0,opendart,2026-05-18T14:32:08+09:00
20250401,011500,160861,2024,11011,OFS,247473264569.0,6085620165.0,4489860705.0,164878103494.0,232946140726.0,opendart,2026-05-18T14:32:08+09:00
20260401,011500,160861,2025,11011,OFS,214492954042.0,3577198138.0,3865665421.0,174382885222.0,238342326227.0,opendart,2026-05-18T14:32:08+09:00
20250401,011560,133876,2024,11011,CFS,788786717342.0,28614245880.0,28075435018.0,241718530101.0,381604335933.0,opendart,2026-05-18T14:32:08+09:00
20260401,011560,133876,2025,11011,CFS,715793070282.0,40367964669.0,35560402015.0,271246614337.0,456891192018.0,opendart,2026-05-18T14:32:08+09:00
20250401,011690,144720,2024,11011,OFS,154513998976.0,2885968925.0,6584017627.0,108715336808.0,124993372131.0,opendart,2026-05-18T14:32:08+09:00
20260401,011690,144720,2025,11011,CFS,165064566493.0,-2566261422.0,-9589829102.0,98967354275.0,148390498414.0,opendart,2026-05-18T14:32:08+09:00
20250401,011700,162072,2024,11011,CFS,63085257262.0,-567399357.0,-1211161252.0,89595559015.0,126559129343.0,opendart,2026-05-18T14:32:08+09:00
20260401,011700,162072,2025,11011,CFS,52718857507.0,-1477530957.0,-448708725.0,87558425208.0,120169071957.0,opendart,2026-05-18T14:32:08+09:00
20250401,011760,164812,2024,11011,CFS,6995662947758.0,133529291485.0,120975062891.0,655327234223.0,2062309184431.0,opendart,2026-05-18T14:32:08+09:00
20260401,011760,164812,2025,11011,CFS,7554286077242.0,140131311551.0,86784804700.0,694796475277.0,2324710834164.0,opendart,2026-05-18T14:32:08+09:00
20250401,011780,106368,2024,11011,CFS,7155003786012.0,272804307588.0,348602013402.0,6042223071506.0,8340238952259.0,opendart,2026-05-18T14:32:08+09:00
20260401,011780,106368,2025,11011,CFS,6915145099921.0,271828509546.0,290934780649.0,6246537410457.0,8474479180387.0,opendart,2026-05-18T14:32:08+09:00
20250401,011790,139889,2024,11011,CFS,1721564345604.0,-276832854584.0,-455055541599.0,2292732707978.0,6748678536179.0,opendart,2026-05-18T14:32:08+09:00
20260401,011790,139889,2025,11011,CFS,1840036441822.0,-305025449873.0,-719360650768.0,2025734428681.0,6740499643049.0,opendart,2026-05-18T14:32:08+09:00
20250401,011810,138297,2024,11011,CFS,827800000000.0,-8709000000.0,-40885000000.0,118657000000.0,576408000000.0,opendart,2026-05-18T14:32:08+09:00
20260401,011810,138297,2025,11011,CFS,641312000000.0,-61945000000.0,-166411000000.0,-49442000000.0,461095000000.0,opendart,2026-05-18T14:32:08+09:00
20250401,011930,136271,2024,11011,CFS,582301298381.0,4991741264.0,-13960189121.0,237546701947.0,605269638823.0,opendart,2026-05-18T14:32:08+09:00
20260401,011930,136271,2025,11011,CFS,567454391304.0,1281312264.0,-8194539332.0,233314248039.0,600686182250.0,opendart,2026-05-18T14:32:08+09:00
20250401,012030,163345,2024,11011,CFS,587435690902.0,29627168728.0,92786487012.0,394276238337.0,870058289785.0,opendart,2026-05-18T14:32:08+09:00
20260401,012030,163345,2025,11011,CFS,643464276938.0,41599355858.0,49444247001.0,450243222434.0,989492189762.0,opendart,2026-05-18T14:32:08+09:00
20250401,012160,141477,2024,11011,CFS,480348334559.0,3072645371.0,-14974053410.0,216837076986.0,513396101480.0,opendart,2026-05-18T14:32:08+09:00
20260401,012160,141477,2025,11011,CFS,433484558559.0,-13168601986.0,-54455858566.0,164330857187.0,399827283080.0,opendart,2026-05-18T14:32:08+09:00
20250401,012170,145437,2024,11011,CFS,13465653938.0,-4121526339.0,-7849399002.0,19274942915.0,23296368270.0,opendart,2026-05-18T14:32:08+09:00
20260401,012170,145437,2025,11011,CFS,5921928326.0,-4324824897.0,-13803059662.0,7244172573.0,10908493362.0,opendart,2026-05-18T14:32:08+09:00
20250401,012200,102618,2024,11011,CFS,369125242685.0,-15260824259.0,-61223109319.0,55514885605.0,192750825652.0,opendart,2026-05-18T14:32:08+09:00
20260401,012200,102618,2025,11011,CFS,389798757593.0,-27100264773.0,-36868256421.0,20805078129.0,220426948138.0,opendart,2026-05-18T14:32:08+09:00
20250401,012210,125664,2024,11011,OFS,76441344507.0,4454162901.0,3464735457.0,73820906285.0,172747485700.0,opendart,2026-05-18T14:32:08+09:00
20260401,012210,125664,2025,11011,OFS,73796930775.0,5812312220.0,1690159098.0,92703741549.0,188775423839.0,opendart,2026-05-18T14:32:08+09:00
20250401,012280,141413,2024,11011,OFS,301699111405.0,9880071656.0,8654294939.0,72967224045.0,216774804117.0,opendart,2026-05-18T14:32:08+09:00
20260401,012280,141413,2025,11011,OFS,351423851427.0,15225526956.0,12160896284.0,81542810935.0,236092067182.0,opendart,2026-05-18T14:32:08+09:00
20250401,012320,143527,2024,11011,CFS,293711565765.0,24395160375.0,21998102729.0,482485709681.0,616320126682.0,opendart,2026-05-18T14:32:08+09:00
20260401,012320,143527,2025,11011,CFS,276162998109.0,18821483046.0,18736617509.0,498273548333.0,613345638642.0,opendart,2026-05-18T14:32:08+09:00
20250401,012330,164788,2024,11011,CFS,57236995000000.0,3073456000000.0,4060161000000.0,46118232000000.0,66596905000000.0,opendart,2026-05-18T14:32:08+09:00
20260401,012330,164788,2025,11011,CFS,61118127000000.0,3357456000000.0,3664736000000.0,49212795000000.0,70400532000000.0,opendart,2026-05-18T14:32:08+09:00
20250401,012340,105040,2024,11011,CFS,79500274284.0,-5858956128.0,-6573575825.0,25684300013.0,75749063228.0,opendart,2026-05-18T14:32:08+09:00
20260401,012340,105040,2025,11011,CFS,82799344609.0,-7227647056.0,-12659892366.0,15127568606.0,73083870115.0,opendart,2026-05-18T14:32:08+09:00
20250401,012450,126566,2024,11011,CFS,11240121484118.0,1731878825342.0,2539873460538.0,11364316747310.0,43336873685473.0,opendart,2026-05-18T14:32:08+09:00
20260401,012450,126566,2025,11011,CFS,26702901249000.0,3089320181000.0,2201983086000.0,16788184672000.0,53953669604000.0,opendart,2026-05-18T14:32:08+09:00
20250401,012510,172291,2024,11011,CFS,402332391243.0,88064046059.0,78026871531.0,554824182699.0,1037613249183.0,opendart,2026-05-18T14:32:08+09:00
20260401,012510,172291,2025,11011,CFS,446299245964.0,127727153412.0,92289152067.0,631787001460.0,1129961431954.0,opendart,2026-05-18T14:32:08+09:00
20250401,012600,151863,2024,11011,CFS,30563686737.0,2489716096.0,1347383930.0,49322321810.0,64170830112.0,opendart,2026-05-18T14:32:08+09:00
20260401,012600,151863,2025,11011,CFS,35463311618.0,-386079035.0,509550949.0,49729986174.0,68442050856.0,opendart,2026-05-18T14:32:08+09:00
20250401,012610,102113,2024,11011,CFS,374231082201.0,24226048531.0,16247818016.0,265424410500.0,544969281413.0,opendart,2026-05-18T14:32:08+09:00
20260401,012610,102113,2025,11011,CFS,379701831841.0,16266027114.0,5580838414.0,265017216575.0,526807131416.0,opendart,2026-05-18T14:32:08+09:00
20250401,012620,143907,2024,11011,CFS,379299734226.0,11977978291.0,6651602462.0,160201463021.0,256075897013.0,opendart,2026-05-18T14:32:08+09:00
20260401,012620,143907,2025,11011,CFS,398115514874.0,12364724352.0,8212015288.0,166742147460.0,282828182990.0,opendart,2026-05-18T14:32:08+09:00
20250401,012630,164636,2024,11011,CFS,6200260255330.0,344698678103.0,260301619623.0,5098799362525.0,12398308042444.0,opendart,2026-05-18T14:32:08+09:00
20260401,012630,164636,2025,11011,CFS,6584797969627.0,648868134224.0,416483422703.0,5428726196750.0,12685578705605.0,opendart,2026-05-18T14:32:08+09:00
20250401,012690,173102,2024,11011,OFS,126337593913.0,983200038.0,1239373876.0,80695916224.0,97168284920.0,opendart,2026-05-18T14:32:08+09:00
20260401,012690,173102,2025,11011,OFS,124021215334.0,317174554.0,1497412934.0,87426443949.0,100559151752.0,opendart,2026-05-18T14:32:08+09:00
20250401,012700,117708,2024,11011,CFS,420479804663.0,21553070940.0,9644734020.0,419403616336.0,898659652138.0,opendart,2026-05-18T14:32:08+09:00
20260401,012700,117708,2025,11011,CFS,387709979454.0,10946322046.0,11743653124.0,460835683196.0,1104259035973.0,opendart,2026-05-18T14:32:08+09:00
20250401,012750,158501,2024,11011,CFS,2804739466536.0,209247073877.0,176718837100.0,1660670981711.0,2322698505650.0,opendart,2026-05-18T14:32:08+09:00
20260401,012750,158501,2025,11011,CFS,2889412422255.0,234566491629.0,178563436607.0,1756330800795.0,2431985312121.0,opendart,2026-05-18T14:32:08+09:00
20250401,012790,137058,2024,11011,OFS,89440459441.0,15221696388.0,14300644572.0,146505712284.0,165861375460.0,opendart,2026-05-18T14:32:08+09:00
20260401,012790,137058,2025,11011,OFS,80563639511.0,7385520844.0,7530936932.0,152349592013.0,169488875383.0,opendart,2026-05-18T14:32:08+09:00
20250401,012800,112651,2024,11011,CFS,1336870975857.0,31349006736.0,3596931864.0,315371796227.0,838561578459.0,opendart,2026-05-18T14:32:08+09:00
20260401,012800,112651,2025,11011,CFS,1470237029200.0,51527830529.0,3288573403.0,302156021438.0,925177064547.0,opendart,2026-05-18T14:32:08+09:00
20250401,012860,137234,2024,11011,CFS,971549079217.0,34388852386.0,16892843933.0,227650748885.0,786637931797.0,opendart,2026-05-18T14:32:08+09:00
20260401,012860,137234,2025,11011,CFS,1044088716546.0,36789097140.0,20793712795.0,251110982976.0,774874072694.0,opendart,2026-05-18T14:32:08+09:00
20250401,013000,134176,2024,11011,OFS,35874839491.0,2453243138.0,3459384071.0,51828532046.0,56576212583.0,opendart,2026-05-18T14:32:08+09:00
20260401,013000,134176,2025,11011,OFS,32679926710.0,2433262939.0,3726090707.0,54757757212.0,59366043111.0,opendart,2026-05-18T14:32:08+09:00
20250401,013030,165060,2024,11011,CFS,190512316067.0,50130706673.0,48023897853.0,435963251846.0,472680211846.0,opendart,2026-05-18T14:32:08+09:00
20260401,013030,165060,2025,11011,CFS,214565849545.0,58910839555.0,50772133463.0,459147959112.0,498092199742.0,opendart,2026-05-18T14:32:08+09:00
20250401,013120,117966,2024,11011,CFS,520374333203.0,21010739831.0,18304188012.0,1046366295258.0,1378322586339.0,opendart,2026-05-18T14:32:08+09:00
20260401,013120,117966,2025,11011,CFS,387344571458.0,17096007952.0,26142898100.0,1059818944381.0,1485846192565.0,opendart,2026-05-18T14:32:08+09:00
20250401,013310,139083,2024,11011,CFS,776834397585.0,32271930442.0,18609126718.0,331684904235.0,1289835111372.0,opendart,2026-05-18T14:32:08+09:00
20260401,013310,139083,2025,11011,CFS,1008867839227.0,64357887312.0,23188461595.0,347375200930.0,1538069814204.0,opendart,2026-05-18T14:32:08+09:00
20250401,013360,146232,2024,11011,CFS,500384072213.0,-43590135455.0,-57536646482.0,66811989264.0,370420153245.0,opendart,2026-05-18T14:32:08+09:00
20260401,013360,146232,2025,11011,CFS,452672899287.0,10376102597.0,3747844150.0,73496709329.0,379058455895.0,opendart,2026-05-18T14:32:08+09:00
20250401,013520,166272,2024,11011,CFS,22604217699.0,88714989487.0,59944838156.0,361990247304.0,1288499141437.0,opendart,2026-05-18T14:32:08+09:00
20260401,013520,166272,2025,11011,CFS,1639776710595.0,83064262116.0,103147000577.0,418733142510.0,1232594230096.0,opendart,2026-05-18T14:32:08+09:00
20250401,013570,117179,2024,11011,CFS,1168278437513.0,35621946421.0,34984637348.0,580490578302.0,1003494179959.0,opendart,2026-05-18T14:32:08+09:00
20260401,013570,117179,2025,11011,CFS,1244837492114.0,48056322293.0,30018364162.0,600588859006.0,1054827672822.0,opendart,2026-05-18T14:32:08+09:00
20250401,013580,102432,2024,11011,CFS,3169362271108.0,97717241740.0,54515873225.0,917477903262.0,2941317715233.0,opendart,2026-05-18T14:32:08+09:00
20260401,013580,102432,2025,11011,CFS,2887440609690.0,166870229835.0,97894344656.0,990885784242.0,3224879415213.0,opendart,2026-05-18T14:32:08+09:00
20250401,013700,129420,2024,11011,CFS,260379672451.0,-18097320062.0,-21924701376.0,95485083998.0,276541274780.0,opendart,2026-05-18T14:32:08+09:00
20260401,013700,129420,2025,11011,CFS,297453436886.0,23846813274.0,20026957609.0,112372292073.0,298300474726.0,opendart,2026-05-18T14:32:08+09:00
20250401,013720,151605,2024,11011,CFS,24448731850.0,1408110915.0,-14778691934.0,58300505633.0,78829190132.0,opendart,2026-05-18T14:32:08+09:00
20260401,013720,151605,2025,11011,CFS,24907855868.0,762078994.0,-12176839324.0,58356277724.0,34037687442.0,opendart,2026-05-18T14:32:08+09:00
20250401,013810,136165,2024,11011,CFS,27191519908.0,-5693400709.0,-1705103424.0,46244258373.0,86712896526.0,opendart,2026-05-18T14:32:08+09:00
20260401,013810,136165,2025,11011,CFS,37964956719.0,-460595979.0,-308438591.0,45645155249.0,72291118364.0,opendart,2026-05-18T14:32:08+09:00
20250401,013870,156354,2024,11011,CFS,726708233618.0,22684759351.0,14795280789.0,285508678234.0,630543293190.0,opendart,2026-05-18T14:32:08+09:00
20260401,013870,156354,2025,11011,CFS,787271627828.0,24219735831.0,13561865663.0,300667932373.0,681902762989.0,opendart,2026-05-18T14:32:08+09:00
20250401,013890,150633,2024,11011,CFS,920399251687.0,-5445946393.0,-6798402948.0,672764012916.0,1192228577713.0,opendart,2026-05-18T14:32:08+09:00
20260401,013890,150633,2025,11011,CFS,913180017856.0,25479423487.0,-18505683599.0,649370973530.0,1073120500372.0,opendart,2026-05-18T14:32:08+09:00
20250401,013990,138446,2024,11011,CFS,182742831122.0,15205969477.0,10186280600.0,167552989186.0,223766799611.0,opendart,2026-05-18T14:32:08+09:00
20260401,013990,138446,2025,11011,CFS,189078048828.0,13987123318.0,10636507683.0,178560481048.0,235668837221.0,opendart,2026-05-18T14:32:08+09:00
20250401,014100,267854,2024,11011,CFS,48985993990.0,-8815176395.0,-13785663420.0,73696997218.0,112758532404.0,opendart,2026-05-18T14:32:08+09:00
20260401,014100,267854,2025,11011,CFS,48769436984.0,-1103975443.0,-6018096643.0,68182910130.0,109330390348.0,opendart,2026-05-18T14:32:08+09:00
20250401,014130,129509,2024,11011,CFS,712300386074.0,3370635475.0,17158070633.0,102729277120.0,400183680273.0,opendart,2026-05-18T14:32:08+09:00
20260401,014130,129509,2025,11011,CFS,629822023537.0,-3620172011.0,-14676905411.0,86220728438.0,401226872529.0,opendart,2026-05-18T14:32:08+09:00
20250401,014160,111458,2024,11011,OFS,280835222931.0,923321701.0,-31968504.0,175397853041.0,225080501521.0,opendart,2026-05-18T14:32:08+09:00
20260401,014160,111458,2025,11011,OFS,283702207867.0,881634489.0,1496990027.0,192296367683.0,261299982645.0,opendart,2026-05-18T14:32:08+09:00
20250401,014190,128175,2024,11011,CFS,286805365033.0,3564610646.0,2675445879.0,106877322123.0,153366900582.0,opendart,2026-05-18T14:32:08+09:00
20260401,014190,128175,2025,11011,CFS,284760572162.0,3308620898.0,2804729011.0,110126193585.0,149809673909.0,opendart,2026-05-18T14:32:08+09:00
20250401,014200,103635,2024,11011,OFS,92187272245.0,6043715799.0,-14463195629.0,150371426499.0,163618414844.0,opendart,2026-05-18T14:32:08+09:00
20260401,014200,103635,2025,11011,CFS,77311049839.0,1246695104.0,5270946513.0,155565367004.0,176371228583.0,opendart,2026-05-18T14:32:08+09:00
20250401,014280,105299,2024,11011,CFS,801352012454.0,33048202059.0,16844230742.0,499338342916.0,1161899245538.0,opendart,2026-05-18T14:32:08+09:00
20260401,014280,105299,2025,11011,CFS,802156014802.0,10497395028.0,-37353541440.0,498151541194.0,1187991581329.0,opendart,2026-05-18T14:32:08+09:00
20250401,014440,140779,2024,11011,CFS,117566592036.0,19402482507.0,22553727481.0,182857623279.0,202580696056.0,opendart,2026-05-18T14:32:08+09:00
20260401,014440,140779,2025,11011,CFS,120111147525.0,19288709898.0,16829860497.0,191292261775.0,210737258099.0,opendart,2026-05-18T14:32:08+09:00
20250401,014470,243067,2024,11011,CFS,348186460187.0,4873277070.0,11519268610.0,168774792056.0,317267769482.0,opendart,2026-05-18T14:32:08+09:00
20260401,014470,243067,2025,11011,CFS,319483898417.0,1752619977.0,2327596992.0,172102811041.0,249762179008.0,opendart,2026-05-18T14:32:08+09:00
20250401,014530,105156,2024,11011,CFS,1062833512172.0,22878631372.0,9642293305.0,232185622191.0,478555021568.0,opendart,2026-05-18T14:32:08+09:00
20260401,014530,105156,2025,11011,CFS,1021727866612.0,15446578571.0,1302280189.0,233239478556.0,504234678749.0,opendart,2026-05-18T14:32:08+09:00
20250401,014570,103015,2024,11011,OFS,73001424478.0,9138456105.0,2995105179.0,78106002539.0,88887302484.0,opendart,2026-05-18T14:32:08+09:00
20260401,014570,103015,2025,11011,OFS,62508834676.0,6913176836.0,6512029112.0,83071767586.0,94318455095.0,opendart,2026-05-18T14:32:08+09:00
20250401,014580,122481,2024,11011,CFS,308594841506.0,42222650666.0,34803878213.0,311906332929.0,385609175182.0,opendart,2026-05-18T14:32:08+09:00
20260401,014580,122481,2025,11011,CFS,385942613685.0,40782720982.0,32819527163.0,419905495218.0,626041034698.0,opendart,2026-05-18T14:32:08+09:00
20250401,014620,132318,2024,11011,CFS,227683121973.0,41988089482.0,41007522794.0,518749675916.0,563098182399.0,opendart,2026-05-18T14:32:08+09:00
20260401,014620,132318,2025,11011,CFS,245669879092.0,41955658561.0,34432123396.0,549501000618.0,590271819146.0,opendart,2026-05-18T14:32:08+09:00
20250401,014680,140955,2024,11011,CFS,776356975793.0,128825376120.0,124893890949.0,1071443703044.0,1464678817159.0,opendart,2026-05-18T14:32:08+09:00
20260401,014680,140955,2025,11011,CFS,883968714104.0,156233146521.0,148134823618.0,1177266387675.0,1600348080121.0,opendart,2026-05-18T14:32:08+09:00
20250401,014710,124780,2024,11011,CFS,188281808578.0,9520883434.0,11803297365.0,237724628867.0,337828786614.0,opendart,2026-05-18T14:32:08+09:00
20260401,014710,124780,2025,11011,CFS,238019779764.0,12175095763.0,-28358816841.0,208309823864.0,393078639915.0,opendart,2026-05-18T14:32:08+09:00
20250401,014790,161116,2024,11011,CFS,1578826536286.0,57892143574.0,21400499991.0,474711222881.0,1702996461973.0,opendart,2026-05-18T14:32:08+09:00
20260401,014790,161116,2025,11011,CFS,1741923655122.0,79792369882.0,15192862270.0,572278081057.0,1943235554710.0,opendart,2026-05-18T14:32:08+09:00
20250401,014820,132637,2024,11011,CFS,1334257031663.0,91904557765.0,72514840371.0,836434543858.0,1552612232456.0,opendart,2026-05-18T14:32:08+09:00
20260401,014820,132637,2025,11011,CFS,1372874325188.0,66155675299.0,53724930722.0,862644280784.0,1530722788822.0,opendart,2026-05-18T14:32:08+09:00
20250401,014830,159786,2024,11011,CFS,1111631182007.0,95444584358.0,76234953850.0,1012258117518.0,1364801977175.0,opendart,2026-05-18T14:32:08+09:00
20260401,014830,159786,2025,11011,CFS,1338757918765.0,87908807724.0,65259133113.0,1081887669182.0,1523789829869.0,opendart,2026-05-18T14:32:08+09:00
20250401,014910,132628,2024,11011,CFS,48061878139.0,1103250622.0,2704580685.0,41327217082.0,75426856694.0,opendart,2026-05-18T14:32:08+09:00
20260401,014910,132628,2025,11011,CFS,53675382629.0,1673330872.0,2018979074.0,44122285757.0,83412437341.0,opendart,2026-05-18T14:32:08+09:00
20250401,014940,141608,2024,11011,CFS,207305296706.0,24867578285.0,26053461644.0,110132169395.0,215686852877.0,opendart,2026-05-18T14:32:08+09:00
20260401,014940,141608,2025,11011,CFS,207255774213.0,24278429322.0,19142498885.0,125352963601.0,237907822877.0,opendart,2026-05-18T14:32:08+09:00
20260401,014950,127875,2025,11011,CFS,60020414513.0,3272885603.0,-754888317.0,68984915354.0,85223222713.0,opendart,2026-05-18T14:32:08+09:00
20250401,014970,125488,2024,11011,CFS,94049530822.0,5786457572.0,-5600075706.0,51948026743.0,98958483256.0,opendart,2026-05-18T14:32:08+09:00
20260401,014970,125488,2025,11011,CFS,94256105408.0,6517348342.0,6044698736.0,56816177031.0,99824976715.0,opendart,2026-05-18T14:32:08+09:00
20250401,014990,106881,2024,11011,CFS,114737877861.0,-827177694.0,-1362691726.0,37860333783.0,121334436238.0,opendart,2026-05-18T14:32:08+09:00
20260401,014990,106881,2025,11011,CFS,104591440092.0,1191459864.0,-107255720.0,37928403107.0,115862924255.0,opendart,2026-05-18T14:32:08+09:00
20250401,015020,134565,2024,11011,OFS,11491693531.0,-3286469890.0,-4946233587.0,37436333189.0,77931992229.0,opendart,2026-05-18T14:32:08+09:00
20260401,015020,134565,2025,11011,OFS,16428295245.0,-407494038.0,-1379411770.0,37535588189.0,88885968528.0,opendart,2026-05-18T14:32:08+09:00
20250401,015230,112679,2024,11011,CFS,322237329620.0,30073913587.0,32945243186.0,301343784779.0,372341113498.0,opendart,2026-05-18T14:32:08+09:00
20260401,015230,112679,2025,11011,CFS,346267051157.0,38033603172.0,27477320015.0,323284050270.0,401820257799.0,opendart,2026-05-18T14:32:08+09:00
20250401,015260,143314,2024,11011,CFS,113490429822.0,-5991747978.0,-10344565858.0,25863672422.0,93502192138.0,opendart,2026-05-18T14:32:08+09:00
20260401,015260,143314,2025,11011,CFS,117490390365.0,-7290597374.0,-14186943068.0,20474663579.0,99182468920.0,opendart,2026-05-18T14:32:08+09:00
20250401,015360,105101,2024,11011,CFS,1160352396000.0,24270272000.0,28572120000.0,476675264000.0,1213830244000.0,opendart,2026-05-18T14:32:08+09:00
20260401,015360,105101,2025,11011,CFS,1327599497000.0,111715072000.0,86715394000.0,645396467000.0,1557662126000.0,opendart,2026-05-18T14:32:08+09:00
20250401,015590,108746,2024,11011,CFS,136623566311.0,10022114479.0,2281787710.0,126685318809.0,213873418416.0,opendart,2026-05-18T14:32:08+09:00
20260401,015590,108746,2025,11011,CFS,133411972702.0,10025825849.0,-2877621783.0,125204015865.0,187652354336.0,opendart,2026-05-18T14:32:08+09:00
20250401,015710,187725,2024,11011,OFS,104993315733.0,3727784568.0,2402516215.0,123985810890.0,149428582674.0,opendart,2026-05-18T14:32:08+09:00
20260401,015710,187725,2025,11011,OFS,95770916172.0,2999271369.0,5712743042.0,130914947775.0,150877041280.0,opendart,2026-05-18T14:32:08+09:00
20250401,015750,132992,2024,11011,CFS,4245092707610.0,205882638168.0,135061912598.0,1842065789472.0,4563110591664.0,opendart,2026-05-18T14:32:08+09:00
20260401,015750,132992,2025,11011,CFS,4382670411366.0,242683147425.0,177848204213.0,2073091920916.0,4867042087907.0,opendart,2026-05-18T14:32:08+09:00
20250401,015760,159193,2024,11011,CFS,93398896000000.0,8364710000000.0,3621968000000.0,41362833000000.0,246807795000000.0,opendart,2026-05-18T14:32:08+09:00
20260401,015760,159193,2025,11011,CFS,97429346000000.0,13490557000000.0,8666656000000.0,49322944000000.0,254927457000000.0,opendart,2026-05-18T14:32:08+09:00
20250401,015860,146649,2024,11011,CFS,1800024002531.0,72521206741.0,50404281992.0,1044105740198.0,1967342079451.0,opendart,2026-05-18T14:32:08+09:00
20260401,015860,146649,2025,11011,CFS,2282724142096.0,145590773490.0,89603639629.0,1152721977889.0,2344464482276.0,opendart,2026-05-18T14:32:08+09:00
20250401,015890,153339,2024,11011,CFS,675692460593.0,55683630049.0,40057922305.0,477982351431.0,684731194390.0,opendart,2026-05-18T14:32:08+09:00
20260401,015890,153339,2025,11011,CFS,777095583235.0,55432087513.0,38501507975.0,590248329599.0,989501936569.0,opendart,2026-05-18T14:32:08+09:00
20250401,016090,113614,2024,11011,OFS,259284732061.0,14372512461.0,15898079623.0,270392739404.0,306459203587.0,opendart,2026-05-18T14:32:08+09:00
20260401,016090,113614,2025,11011,OFS,240544349714.0,7078190153.0,11014921419.0,277429993588.0,314893056359.0,opendart,2026-05-18T14:32:08+09:00
20250401,016100,180263,2024,11011,CFS,73498715632.0,-2902749222.0,-3248690872.0,37406902652.0,74742591141.0,opendart,2026-05-18T14:32:08+09:00
20260401,016100,180263,2025,11011,CFS,68313820168.0,-7089531070.0,-8290625842.0,28657925916.0,69627860016.0,opendart,2026-05-18T14:32:08+09:00
20250401,016250,141246,2024,11011,CFS,1205586883178.0,10557121015.0,-49045624796.0,316976813622.0,1298757519884.0,opendart,2026-05-18T14:32:08+09:00
20260401,016250,141246,2025,11011,CFS,1342032374780.0,52749511611.0,-74826698792.0,332124592183.0,1363940217884.0,opendart,2026-05-18T14:32:08+09:00
20250401,016360,104856,2024,11011,CFS,668147980003.0,18798809003.0,899037889864.0,7324213114450.0,62273916116630.0,opendart,2026-05-18T14:32:08+09:00
20260401,016360,104856,2025,11011,CFS,712575604140.0,22745601618.0,1007226734146.0,8068055959870.0,79683213004622.0,opendart,2026-05-18T14:32:08+09:00
20250401,016380,115676,2024,11011,CFS,3300982020646.0,206016382810.0,132467061440.0,1960217245439.0,3341371364302.0,opendart,2026-05-18T14:32:08+09:00
20260401,016380,115676,2025,11011,CFS,3193444424500.0,150747044427.0,135541251751.0,2055486553860.0,3100740293377.0,opendart,2026-05-18T14:32:08+09:00
20250401,016450,161976,2024,11011,CFS,2830854661888.0,152254632037.0,24982740795.0,994460069104.0,2825659862512.0,opendart,2026-05-18T14:32:08+09:00
20260401,016450,161976,2025,11011,CFS,3409830339365.0,65466584992.0,-23184360138.0,941078962409.0,3034736690123.0,opendart,2026-05-18T14:32:08+09:00
20250401,016580,166573,2024,11011,CFS,259596031749.0,21495286106.0,23380719395.0,376001534036.0,424705767203.0,opendart,2026-05-18T14:32:08+09:00
20260401,016580,166573,2025,11011,CFS,255214382356.0,13018531799.0,13595213603.0,421006997993.0,478890741418.0,opendart,2026-05-18T14:32:08+09:00
20250401,016590,135777,2024,11011,CFS,658502364521.0,29284139868.0,33264061430.0,692090313315.0,875922548735.0,opendart,2026-05-18T14:32:08+09:00
20260401,016590,135777,2025,11011,CFS,639529019559.0,22240505362.0,22272440036.0,721148901759.0,922899070325.0,opendart,2026-05-18T14:32:08+09:00
20250401,016600,267942,2024,11011,OFS,18669600046.0,2823146335.0,1780079162.0,138094113910.0,179420068678.0,opendart,2026-05-18T14:32:08+09:00
20260401,016600,267942,2025,11011,OFS,20098160580.0,459219153.0,2443908856.0,141177026258.0,185186544398.0,opendart,2026-05-18T14:32:08+09:00
20250401,016610,115694,2024,11011,CFS,1318537932981.0,5035450691.0,52937573718.0,1174049116712.0,10670641837509.0,opendart,2026-05-18T14:32:08+09:00
20260401,016610,115694,2025,11011,CFS,1921987648624.0,7341066045.0,95458788281.0,1263573239071.0,14264732967843.0,opendart,2026-05-18T14:32:08+09:00
20250401,016670,125725,2024,11011,CFS,26625181456.0,2141259987.0,3466340906.0,62181419262.0,94208365335.0,opendart,2026-05-18T14:32:08+09:00
20260401,016670,125725,2025,11011,OFS,23062358194.0,4054721710.0,11113370129.0,86071327723.0,129530516830.0,opendart,2026-05-18T14:32:08+09:00
20250401,016710,108940,2024,11011,CFS,1212354718188.0,23297613824.0,44277575016.0,589102058542.0,1249662505720.0,opendart,2026-05-18T14:32:08+09:00
20260401,016710,108940,2025,11011,CFS,1222634175867.0,28063138263.0,22316962886.0,613362711519.0,1245621840622.0,opendart,2026-05-18T14:32:08+09:00
20250401,016740,119672,2024,11011,CFS,773258596565.0,42917631926.0,16676264495.0,240411524798.0,514202251500.0,opendart,2026-05-18T14:32:08+09:00
20260401,016740,119672,2025,11011,CFS,796139348935.0,48595353009.0,31307526641.0,279296724039.0,549395675901.0,opendart,2026-05-18T14:32:08+09:00
20250401,016790,164618,2024,11011,OFS,128461963646.0,2656039214.0,28440597779.0,88931121555.0,116984016551.0,opendart,2026-05-18T14:32:08+09:00
20260401,016790,164618,2025,11011,CFS,113027093258.0,4991149450.0,4384187336.0,76548918864.0,95757594556.0,opendart,2026-05-18T14:32:08+09:00
20250401,016800,161709,2024,11011,CFS,385705375506.0,21476407888.0,47720515516.0,574010179978.0,643928604574.0,opendart,2026-05-18T14:32:08+09:00
20260401,016800,161709,2025,11011,CFS,358199545192.0,5737130312.0,35580171231.0,597668247322.0,670149044709.0,opendart,2026-05-18T14:32:08+09:00
20250401,016880,143651,2024,11011,CFS,1008111365589.0,31084577897.0,-5176664480.0,188901005477.0,970970804269.0,opendart,2026-05-18T14:32:08+09:00
20260401,016880,143651,2025,11011,CFS,1150691499139.0,78114435118.0,114381099710.0,336077402738.0,5347440026503.0,opendart,2026-05-18T14:32:08+09:00
20250401,016920,152260,2024,11011,CFS,156004130939.0,3609514029.0,1310845236.0,69711282272.0,172759361728.0,opendart,2026-05-18T14:32:08+09:00
20260401,016920,152260,2025,11011,CFS,161073686528.0,2014876260.0,-1657646247.0,68124619266.0,165660436153.0,opendart,2026-05-18T14:32:08+09:00
20250401,017000,136925,2024,11011,OFS,259809713516.0,15013758701.0,5528410647.0,106997656933.0,218261605908.0,opendart,2026-05-18T14:32:08+09:00
20260401,017000,136925,2025,11011,OFS,211310547626.0,8599532119.0,4857629900.0,112097841300.0,222107596324.0,opendart,2026-05-18T14:32:08+09:00
20250401,017040,103662,2024,11011,OFS,142406269452.0,-8771158218.0,-43217121722.0,72285942906.0,142679052793.0,opendart,2026-05-18T14:32:08+09:00
20260401,017040,103662,2025,11011,OFS,95869088214.0,-9968236835.0,-68154975244.0,6234636080.0,134086469248.0,opendart,2026-05-18T14:32:08+09:00
20250401,017180,121039,2024,11011,CFS,186443052017.0,1928730102.0,-3789893020.0,103122599441.0,257987686198.0,opendart,2026-05-18T14:32:08+09:00
20260401,017180,121039,2025,11011,CFS,195247096550.0,6834598874.0,1417785610.0,104456715373.0,272455465130.0,opendart,2026-05-18T14:32:08+09:00
20250401,017250,145914,2024,11011,CFS,60338490432.0,4404496692.0,2310580605.0,40320121752.0,85947980904.0,opendart,2026-05-18T14:32:08+09:00
20260401,017250,145914,2025,11011,CFS,60053752284.0,3988168563.0,2049183472.0,42216504561.0,89210589811.0,opendart,2026-05-18T14:32:08+09:00
20250401,017370,142883,2024,11011,CFS,563596965854.0,36066529187.0,33895515946.0,128241252445.0,433752930051.0,opendart,2026-05-18T14:32:08+09:00
20260401,017370,142883,2025,11011,CFS,388612954434.0,20857626833.0,15007580438.0,166563534212.0,394844553274.0,opendart,2026-05-18T14:32:08+09:00
20250401,017390,130684,2024,11011,CFS,1703788525280.0,-10285296486.0,34321611906.0,1097717099043.0,1765962363102.0,opendart,2026-05-18T14:32:08+09:00
20260401,017390,130684,2025,11011,CFS,1827997485378.0,17405786429.0,30985459618.0,1121233148086.0,1797688130206.0,opendart,2026-05-18T14:32:08+09:00
20250401,017480,128926,2024,11011,OFS,223661506913.0,3559859456.0,5508284894.0,195194764606.0,216868920529.0,opendart,2026-05-18T14:32:08+09:00
20260401,017480,128926,2025,11011,OFS,217962237638.0,5099289480.0,6345443768.0,197035888347.0,217456766037.0,opendart,2026-05-18T14:32:08+09:00
20250401,017510,133751,2024,11011,OFS,14431484950.0,3029673182.0,4685278134.0,78580956066.0,88459708061.0,opendart,2026-05-18T14:32:08+09:00
20260401,017510,133751,2025,11011,OFS,32333208200.0,14815685792.0,12764239500.0,90125515566.0,106780487966.0,opendart,2026-05-18T14:32:08+09:00
20250401,017550,135111,2024,11011,CFS,197892248312.0,12067922457.0,9225939690.0,186252303463.0,237238550555.0,opendart,2026-05-18T14:32:08+09:00
20260401,017550,135111,2025,11011,CFS,229388263473.0,18964316244.0,15840229694.0,199633221159.0,268079065105.0,opendart,2026-05-18T14:32:08+09:00
20250401,017650,109781,2024,11011,CFS,166263916267.0,9834883741.0,13227141032.0,274106778503.0,317364317281.0,opendart,2026-05-18T14:32:08+09:00
20260401,017650,109781,2025,11011,CFS,168837382045.0,5280796436.0,6397679040.0,282887637089.0,328274455479.0,opendart,2026-05-18T14:32:08+09:00
20250401,017670,159023,2024,11011,CFS,17940609000000.0,1823409000000.0,1387095000000.0,11827634000000.0,30515255000000.0,opendart,2026-05-18T14:32:08+09:00
20260401,017670,159023,2025,11011,CFS,17099213000000.0,1073215000000.0,375084000000.0,12955292000000.0,30107783000000.0,opendart,2026-05-18T14:32:08+09:00
20250401,017800,164724,2024,11011,CFS,2885296849309.0,225738463277.0,193928194856.0,1342280676829.0,3573751146561.0,opendart,2026-05-18T14:32:08+09:00
20260401,017800,164724,2025,11011,CFS,2467378018763.0,209221822358.0,269282572016.0,1444314941553.0,3723057252310.0,opendart,2026-05-18T14:32:08+09:00
20250401,017810,155355,2024,11011,CFS,3213696853910.0,91829407927.0,34386551192.0,583439342122.0,2331157705861.0,opendart,2026-05-18T14:32:08+09:00
20260401,017810,155355,2025,11011,CFS,3380189222782.0,93173090796.0,15159940983.0,617724652878.0,2348153156973.0,opendart,2026-05-18T14:32:08+09:00
20250401,017860,108612,2024,11011,CFS,961722369625.0,12187575770.0,-10321573908.0,283038467880.0,735819053361.0,opendart,2026-05-18T14:32:08+09:00
20260401,017860,108612,2025,11011,CFS,954873741956.0,7982184722.0,-12074239649.0,270334444403.0,759101921892.0,opendart,2026-05-18T14:32:08+09:00
20250401,017890,158565,2024,11011,CFS,421013788394.0,27434700534.0,30370671639.0,561955806071.0,654924140237.0,opendart,2026-05-18T14:32:08+09:00
20260401,017890,158565,2025,11011,CFS,423883457380.0,31816924771.0,37823972121.0,594752912232.0,703581690943.0,opendart,2026-05-18T14:32:08+09:00
20250401,017900,152729,2024,11011,CFS,130189190329.0,1473042384.0,10620128567.0,239242200373.0,260831921228.0,opendart,2026-05-18T14:32:08+09:00
20260401,017900,152729,2025,11011,CFS,132685277641.0,1204703470.0,4226529140.0,241121478304.0,258292978185.0,opendart,2026-05-18T14:32:08+09:00
20250401,017940,165583,2024,11011,CFS,11192411812013.0,217605533069.0,65597453043.0,2189076637225.0,14539774932856.0,opendart,2026-05-18T14:32:08+09:00
20260401,017940,165583,2025,11011,CFS,10392522604756.0,324063026338.0,114200487289.0,2609252670735.0,15915640404006.0,opendart,2026-05-18T14:32:08+09:00
20250401,017960,159795,2024,11011,CFS,741740847191.0,45446301892.0,20321351760.0,474286350797.0,878968656770.0,opendart,2026-05-18T14:32:08+09:00
20260401,017960,159795,2025,11011,CFS,908810220281.0,130950531954.0,101743537476.0,580170310439.0,1043222615767.0,opendart,2026-05-18T14:32:08+09:00
20250401,018000,144243,2024,11011,CFS,25733465438.0,-12512162672.0,-22549724060.0,66210386048.0,248970864481.0,opendart,2026-05-18T14:32:08+09:00
20260401,018000,144243,2025,11011,CFS,40267921584.0,-9532987389.0,-20877619659.0,105740638272.0,255828596290.0,opendart,2026-05-18T14:32:08+09:00
20250401,018120,170877,2024,11011,CFS,101456070092.0,11536816557.0,10505171992.0,88672511862.0,97698492087.0,opendart,2026-05-18T14:32:08+09:00
20260401,018120,170877,2025,11011,CFS,99783679254.0,14013935309.0,12534904154.0,94127896562.0,102329386031.0,opendart,2026-05-18T14:32:08+09:00
20250401,018250,139454,2024,11011,CFS,679076572242.0,46824923401.0,42498547149.0,400611022456.0,499351468105.0,opendart,2026-05-18T14:32:08+09:00
20260401,018250,139454,2025,11011,CFS,654527659913.0,21145734565.0,15126502988.0,399068642868.0,497808806295.0,opendart,2026-05-18T14:32:08+09:00
20250401,018260,126186,2024,11011,CFS,13828232033800.0,911096907001.0,789501325293.0,9705449479475.0,13238330251696.0,opendart,2026-05-18T14:32:08+09:00
20260401,018260,126186,2025,11011,CFS,13929868497711.0,957102744609.0,782669219514.0,10262899983419.0,13453704199195.0,opendart,2026-05-18T14:32:08+09:00
20250401,018290,150165,2024,11011,CFS,431696809961.0,110898660064.0,103998705371.0,240702601527.0,359606110018.0,opendart,2026-05-18T14:32:08+09:00
20260401,018290,150165,2025,11011,CFS,437183656431.0,82869214759.0,64205441522.0,253256712469.0,353501351205.0,opendart,2026-05-18T14:32:08+09:00
20250401,018310,125646,2024,11011,CFS,401900935563.0,75317069744.0,73400633756.0,644674852163.0,781273653039.0,opendart,2026-05-18T14:32:08+09:00
20260401,018310,125646,2025,11011,CFS,316985747797.0,6444687038.0,10231607746.0,653519193047.0,766661920407.0,opendart,2026-05-18T14:32:08+09:00
20250401,018470,149239,2024,11011,OFS,498372378613.0,20106641323.0,10984010951.0,199619106960.0,421666740574.0,opendart,2026-05-18T14:32:08+09:00
20260401,018470,149239,2025,11011,OFS,486678693232.0,13795248899.0,7976324022.0,209575969367.0,411109986392.0,opendart,2026-05-18T14:32:08+09:00
20250401,018500,118008,2024,11011,CFS,568241480277.0,35673626927.0,18280642470.0,106509636764.0,478904741185.0,opendart,2026-05-18T14:32:08+09:00
20260401,018500,118008,2025,11011,CFS,626236089125.0,41985529628.0,21164182872.0,132961973930.0,515828714541.0,opendart,2026-05-18T14:32:08+09:00
20250401,018620,103547,2024,11011,CFS,55680173272.0,295201914.0,-3829872805.0,69415158530.0,112869606907.0,opendart,2026-05-18T14:32:08+09:00
20260401,018620,103547,2025,11011,CFS,54764190957.0,319168914.0,-3584575907.0,63935912995.0,109025088341.0,opendart,2026-05-18T14:32:08+09:00
20250401,018670,144164,2024,11011,CFS,7095902060317.0,287176575159.0,177768044603.0,2738336227747.0,7539621970135.0,opendart,2026-05-18T14:32:08+09:00
20260401,018670,144164,2025,11011,CFS,7676318981997.0,442831411929.0,233818515354.0,3144548995496.0,8031885593897.0,opendart,2026-05-18T14:32:08+09:00
20250401,018680,131018,2024,11011,OFS,53579628595.0,1527776530.0,1698603285.0,40171982583.0,71620145266.0,opendart,2026-05-18T14:32:08+09:00
20260401,018680,131018,2025,11011,OFS,52149309124.0,-1279411220.0,753642263.0,41049892007.0,71754417627.0,opendart,2026-05-18T14:32:08+09:00
20250401,018700,122205,2024,11011,CFS,67877010734.0,-5731060021.0,-13492429479.0,28961266332.0,46388102294.0,opendart,2026-05-18T14:32:08+09:00
20260401,018700,122205,2025,11011,CFS,64222565683.0,-2997414739.0,-3151947115.0,26521371809.0,39284058116.0,opendart,2026-05-18T14:32:08+09:00
20250401,018880,161125,2024,11011,CFS,9998723268169.0,95537353794.0,-358595798106.0,2998738468366.0,10620252377496.0,opendart,2026-05-18T14:32:08+09:00
20260401,018880,161125,2025,11011,CFS,10883728406019.0,270371633168.0,-197268294891.0,3912981016446.0,10492248416160.0,opendart,2026-05-18T14:32:08+09:00
20250401,019010,267906,2024,11011,CFS,70124154953.0,17818720567.0,-11317031320.0,347413995632.0,619562875068.0,opendart,2026-05-18T14:32:08+09:00
20260401,019010,267906,2025,11011,CFS,48243436044.0,15045324725.0,101123973408.0,445377353144.0,726258937366.0,opendart,2026-05-18T14:32:08+09:00
20250401,019170,137359,2024,11011,CFS,221094069689.0,-20455432597.0,-15373463449.0,258089868288.0,342092805074.0,opendart,2026-05-18T14:32:08+09:00
20260401,019170,137359,2025,11011,CFS,234680653227.0,14255167972.0,8389168304.0,270727639232.0,352466324389.0,opendart,2026-05-18T14:32:08+09:00
20250401,019180,118965,2024,11011,CFS,651078994161.0,30963784763.0,33467756461.0,147980318373.0,454354334361.0,opendart,2026-05-18T14:32:08+09:00
20260401,019180,118965,2025,11011,CFS,989133894654.0,70059562137.0,68654027715.0,226187294395.0,613083846458.0,opendart,2026-05-18T14:32:08+09:00
20250401,019210,139719,2024,11011,CFS,574990223686.0,55815895657.0,16982356919.0,403584111785.0,1076177063808.0,opendart,2026-05-18T14:32:08+09:00
20260401,019210,139719,2025,11011,CFS,639382631795.0,66528357756.0,25329083247.0,434463938542.0,1176441361638.0,opendart,2026-05-18T14:32:08+09:00
20250401,019440,133991,2024,11011,CFS,1008676692070.0,22956958016.0,11410828358.0,343808821940.0,690146270816.0,opendart,2026-05-18T14:32:08+09:00
20260401,019440,133991,2025,11011,CFS,956656048226.0,35619974034.0,16965165484.0,353451341972.0,671294510043.0,opendart,2026-05-18T14:32:08+09:00
20250401,019490,156150,2024,11011,CFS,6580126289.0,-6329804178.0,-59315409817.0,33886232237.0,79518283268.0,opendart,2026-05-18T14:32:08+09:00
20260401,019490,156150,2025,11011,CFS,5299944408.0,-5970763102.0,-35493279900.0,15719752536.0,42294849877.0,opendart,2026-05-18T14:32:08+09:00
20250401,019540,146560,2024,11011,CFS,757295076969.0,24446601603.0,22508316666.0,150332698154.0,575398148802.0,opendart,2026-05-18T14:32:08+09:00
20260401,019540,146560,2025,11011,CFS,855062638987.0,48024207512.0,45671698856.0,191810835973.0,646416055882.0,opendart,2026-05-18T14:32:08+09:00
20250401,019550,156910,2024,11011,OFS,28682710829.0,40131702.0,11389847353.0,137474408019.0,141750059438.0,opendart,2026-05-18T14:32:08+09:00
20260401,019550,156910,2025,11011,OFS,32707572126.0,17481865.0,9324127663.0,146906983534.0,153731904784.0,opendart,2026-05-18T14:32:08+09:00
20250401,019570,110750,2024,11011,CFS,10338209179.0,1274207990.0,0.0,37440891821.0,47575529262.0,opendart,2026-05-18T14:32:08+09:00
20260401,019570,110750,2025,11011,CFS,603494716.0,3312889700.0,2853842993.0,40849538840.0,72472181671.0,opendart,2026-05-18T14:32:08+09:00
20250401,019590,136642,2024,11011,CFS,3441816934.0,591380486.0,-33559586175.0,19286066235.0,23678568722.0,opendart,2026-05-18T14:32:08+09:00
20250401,019660,159731,2024,11011,OFS,17329300244.0,244425383.0,553165977.0,11144110055.0,13399891473.0,opendart,2026-05-18T14:32:08+09:00
20260401,019660,159731,2025,11011,OFS,12948120906.0,-4830188254.0,-5758998256.0,10804205033.0,22984233775.0,opendart,2026-05-18T14:32:08+09:00
20250401,019680,108913,2024,11011,CFS,663501743801.0,-1562689521.0,4036525923.0,313248341854.0,605264594892.0,opendart,2026-05-18T14:32:08+09:00
20260401,019680,108913,2025,11011,CFS,650004579114.0,-3399512029.0,-37197347787.0,281958993407.0,587072064742.0,opendart,2026-05-18T14:32:08+09:00
20250401,019770,153278,2024,11011,CFS,182361573211.0,9257114848.0,9308387287.0,92206476327.0,149784795708.0,opendart,2026-05-18T14:32:08+09:00
20260401,019770,153278,2025,11011,OFS,207061838044.0,11911500625.0,9298678233.0,100747904560.0,182743215836.0,opendart,2026-05-18T14:32:08+09:00
20250401,019990,169215,2024,11011,CFS,25161078103.0,83992820.0,482808942.0,41589875023.0,44686892473.0,opendart,2026-05-18T14:32:08+09:00
20260401,019990,169215,2025,11011,CFS,23532183911.0,-4104952324.0,-4132294288.0,37874935245.0,45757894526.0,opendart,2026-05-18T14:32:08+09:00
20250401,020000,188089,2024,11011,CFS,1485263894672.0,63471661044.0,43314642835.0,1406099400780.0,1746167657721.0,opendart,2026-05-18T14:32:08+09:00
20260401,020000,188089,2025,11011,CFS,1491764026000.0,52178677000.0,46244859000.0,1437094095000.0,1734833488000.0,opendart,2026-05-18T14:32:08+09:00
20250401,020120,140131,2024,11011,CFS,205213284499.0,2189001069.0,-7219357053.0,200089815452.0,330388215837.0,opendart,2026-05-18T14:32:08+09:00
20260401,020120,140131,2025,11011,CFS,217475159813.0,12382726336.0,6521952860.0,203452645631.0,342620727464.0,opendart,2026-05-18T14:32:08+09:00
20250401,020150,113997,2024,11011,CFS,902252020191.0,-64444649841.0,28798407933.0,1901956206905.0,2282023058453.0,opendart,2026-05-18T14:32:08+09:00
20260401,020150,113997,2025,11011,CFS,677530806593.0,-145226366142.0,-167150052089.0,1793464927050.0,2208680587320.0,opendart,2026-05-18T14:32:08+09:00
20250401,020180,110875,2024,11011,OFS,256790690611.0,8839861270.0,6567168452.0,34383806128.0,104453469456.0,opendart,2026-05-18T14:32:08+09:00
20260401,020180,110875,2025,11011,OFS,202861487817.0,9099047769.0,5738588612.0,38942736867.0,135604929009.0,opendart,2026-05-18T14:32:08+09:00
20250401,020400,191287,2024,11011,OFS,99514130970.0,-6503287192.0,-5823383081.0,45866594573.0,97333008386.0,opendart,2026-05-18T14:32:08+09:00
20260401,020400,191287,2025,11011,OFS,101817187819.0,100414709.0,-1390413261.0,43539324523.0,98820466184.0,opendart,2026-05-18T14:32:08+09:00
20250401,020560,138792,2024,11011,CFS,8318567228711.0,275690391993.0,-413015510082.0,1003122157778.0,13449903474132.0,opendart,2026-05-18T14:32:08+09:00
20260401,020560,138792,2025,11011,CFS,7266849939986.0,-345190261173.0,-292500549971.0,828979897313.0,12187613804660.0,opendart,2026-05-18T14:32:08+09:00
20250401,020710,170026,2024,11011,CFS,147145562711.0,6430715556.0,30473197115.0,157532416867.0,227193300661.0,opendart,2026-05-18T14:32:08+09:00
20260401,020710,170026,2025,11011,CFS,168394146947.0,15079911549.0,30496371993.0,185646750696.0,239521122008.0,opendart,2026-05-18T14:32:08+09:00
20250401,020760,198697,2024,11011,CFS,89157125829.0,1389859835.0,5654466072.0,35231680495.0,78894803695.0,opendart,2026-05-18T14:32:08+09:00
20260401,020760,198697,2025,11011,CFS,57847116015.0,-4879743944.0,-6276779316.0,28568884837.0,67339826255.0,opendart,2026-05-18T14:32:08+09:00
20250401,021040,166175,2024,11011,CFS,296390570520.0,2667939267.0,-12984237441.0,40998176244.0,184902473870.0,opendart,2026-05-18T14:32:08+09:00
20260401,021040,166175,2025,11011,CFS,277424948980.0,2371277694.0,-1846106854.0,38629851090.0,175036130573.0,opendart,2026-05-18T14:32:08+09:00
20250401,021050,131197,2024,11011,CFS,1229526508990.0,27647640318.0,40446653188.0,346738390254.0,981647961482.0,opendart,2026-05-18T14:32:08+09:00
20260401,021050,131197,2025,11011,CFS,1713611354765.0,53323111520.0,-34369841.0,341494772503.0,1079186018040.0,opendart,2026-05-18T14:32:08+09:00
20250401,021080,161462,2024,11011,OFS,51724939670.0,13503630205.0,10844311939.0,182633288838.0,216849340833.0,opendart,2026-05-18T14:32:08+09:00
20260401,021080,161462,2025,11011,OFS,70561999146.0,31977878918.0,25094943255.0,204508611843.0,225161419251.0,opendart,2026-05-18T14:32:08+09:00
20250401,021240,170558,2024,11011,CFS,4310141694596.0,795373861343.0,565452186637.0,3196115767366.0,5761561091079.0,opendart,2026-05-18T14:32:08+09:00
20260401,021240,170558,2025,11011,CFS,4963566073111.0,878651769382.0,617510076654.0,3613727511069.0,7000122151656.0,opendart,2026-05-18T14:32:08+09:00
20250401,021320,105466,2024,11011,OFS,1827039599960.0,64596859326.0,15961268362.0,508559512856.0,1478637715786.0,opendart,2026-05-18T14:32:08+09:00
20260401,021320,105466,2025,11011,OFS,1833403452922.0,88337134847.0,45399328723.0,552614040570.0,1583197218414.0,opendart,2026-05-18T14:32:08+09:00
20250401,021650,160010,2024,11011,CFS,252147530422.0,11435096474.0,9701104111.0,94773911753.0,171466664708.0,opendart,2026-05-18T14:32:08+09:00
20260401,021650,160010,2025,11011,CFS,227225841275.0,7932698423.0,4617518631.0,98498540003.0,163085716744.0,opendart,2026-05-18T14:32:08+09:00
20250401,021820,134316,2024,11011,CFS,162533026895.0,19208271775.0,55006671008.0,662827548715.0,725562845976.0,opendart,2026-05-18T14:32:08+09:00
20260401,021820,134316,2025,11011,CFS,179353786749.0,17027924616.0,48754157191.0,712034833382.0,779632174266.0,opendart,2026-05-18T14:32:08+09:00
20250401,021880,136101,2024,11011,CFS,20284640607.0,4297892217.0,4757784155.0,65314526742.0,80641687585.0,opendart,2026-05-18T14:32:08+09:00
20260401,021880,136101,2025,11011,CFS,25090614032.0,-10097939629.0,-10545829677.0,54992629389.0,69181676736.0,opendart,2026-05-18T14:32:08+09:00
20250401,022100,155212,2024,11011,CFS,1473290670631.0,108991969223.0,88599060003.0,525897500876.0,892453016139.0,opendart,2026-05-18T14:32:08+09:00
20260401,022100,155212,2025,11011,CFS,1075175363044.0,60388586087.0,52623905401.0,572559763845.0,834391536739.0,opendart,2026-05-18T14:32:08+09:00
20250401,022220,140061,2024,11011,OFS,58405107795.0,-3687486414.0,-1934424157.0,97993699503.0,109885553298.0,opendart,2026-05-18T14:32:08+09:00
20260401,022220,140061,2025,11011,CFS,64731135694.0,-10835464075.0,-11527550132.0,86664689413.0,138925990092.0,opendart,2026-05-18T14:32:08+09:00
20250401,023000,191588,2024,11011,OFS,343558905658.0,11756354957.0,13242970425.0,250520367725.0,290658433763.0,opendart,2026-05-18T14:32:08+09:00
20260401,023000,191588,2025,11011,OFS,359287042852.0,9879193208.0,10701625840.0,258737861408.0,307639962327.0,opendart,2026-05-18T14:32:08+09:00
20250401,023150,121534,2024,11011,CFS,100419425361.0,10667609998.0,-19633917601.0,77103002082.0,401701920783.0,opendart,2026-05-18T14:32:08+09:00
20260401,023150,121534,2025,11011,CFS,94719109542.0,9486236769.0,-11847369486.0,62561130218.0,261165503051.0,opendart,2026-05-18T14:32:08+09:00
20250401,023160,153375,2024,11011,CFS,266809991545.0,39872964654.0,46120905147.0,609487365059.0,660339010568.0,opendart,2026-05-18T14:32:08+09:00
20260401,023160,153375,2025,11011,CFS,296965688227.0,38734846446.0,65514427414.0,669616725985.0,740815619979.0,opendart,2026-05-18T14:32:08+09:00
20250401,023350,159500,2024,11011,OFS,398913378204.0,902249305.0,6227110545.0,156663604671.0,418085900700.0,opendart,2026-05-18T14:32:08+09:00
20260401,023350,159500,2025,11011,CFS,412908754076.0,6039606720.0,8539936199.0,170601041768.0,422957799809.0,opendart,2026-05-18T14:32:08+09:00
20250401,023410,184667,2024,11011,CFS,1393301260353.0,55002985748.0,-100746405683.0,1026691337024.0,2374868308802.0,opendart,2026-05-18T14:32:08+09:00
20260401,023410,184667,2025,11011,CFS,1332687769915.0,32373543119.0,-24486386033.0,1050190440045.0,2369584586592.0,opendart,2026-05-18T14:32:08+09:00
20250401,023440,148531,2024,11011,CFS,28367530826.0,-14685650467.0,-26718018879.0,49051398352.0,105895522703.0,opendart,2026-05-18T14:32:08+09:00
20260401,023440,148531,2025,11011,CFS,41057598387.0,-8478166770.0,-32026327159.0,54838306820.0,116047235755.0,opendart,2026-05-18T14:32:08+09:00
20250401,023450,115065,2024,11011,OFS,186398920042.0,8934586807.0,6713199728.0,53741648238.0,96866644254.0,opendart,2026-05-18T14:32:08+09:00
20260401,023450,115065,2025,11011,OFS,194264823958.0,9365331837.0,6991313248.0,54536610423.0,95148921231.0,opendart,2026-05-18T14:32:08+09:00
20250401,023460,149266,2024,11011,CFS,213296334165.0,-91180293585.0,-104945978873.0,-14391293426.0,220658815594.0,opendart,2026-05-18T14:32:08+09:00
20260401,023460,149266,2025,11011,CFS,115563520113.0,-4078812127.0,-10019342602.0,-24435459908.0,160836660898.0,opendart,2026-05-18T14:32:08+09:00
20250401,023530,120526,2024,11011,CFS,13986578270060.0,473113964780.0,-994075271502.0,17033617306143.0,39003044584713.0,opendart,2026-05-18T14:32:08+09:00
20260401,023530,120526,2025,11011,CFS,13738354725833.0,547037221095.0,73555557525.0,16866196238190.0,37910298847681.0,opendart,2026-05-18T14:32:08+09:00
20250401,023590,176914,2024,11011,CFS,11625798455732.0,1174681942719.0,852762689452.0,6292556736075.0,57147924043319.0,opendart,2026-05-18T14:32:08+09:00
20260401,023590,176914,2025,11011,CFS,17495003836308.0,1559283728269.0,1156018987903.0,7494224568073.0,82950227249756.0,opendart,2026-05-18T14:32:08+09:00
20250401,023600,125938,2024,11011,CFS,558291565532.0,38726562940.0,37799142802.0,637925846259.0,813670270893.0,opendart,2026-05-18T14:32:08+09:00
20260401,023600,125938,2025,11011,CFS,539865414411.0,29908685759.0,31781237529.0,669307873322.0,858872719177.0,opendart,2026-05-18T14:32:08+09:00
20250401,023760,149594,2024,11011,CFS,233491838661.0,7402324457.0,81136484227.0,673685463526.0,4460298350282.0,opendart,2026-05-18T14:32:08+09:00
20260401,023760,149594,2025,11011,CFS,286608783181.0,6854113698.0,100521650960.0,754145264471.0,5155850351292.0,opendart,2026-05-18T14:32:08+09:00
20250401,023770,138367,2024,11011,OFS,32307321526.0,-8532221284.0,-6898513065.0,19056830577.0,36981992739.0,opendart,2026-05-18T14:32:08+09:00
20260401,023770,138367,2025,11011,OFS,34657760135.0,-4682241152.0,-2005228164.0,17920251916.0,30127717510.0,opendart,2026-05-18T14:32:08+09:00
20250401,023790,172945,2024,11011,OFS,16633409791.0,-1800645491.0,-5011433450.0,16991378086.0,71562643725.0,opendart,2026-05-18T14:32:08+09:00
20260401,023790,172945,2025,11011,OFS,24045379541.0,-2608399408.0,-6223732117.0,20160428760.0,74803061045.0,opendart,2026-05-18T14:32:08+09:00
20250401,023800,103510,2024,11011,CFS,649271485609.0,26396954290.0,9127465681.0,230188967743.0,685548746564.0,opendart,2026-05-18T14:32:08+09:00
20260401,023800,103510,2025,11011,CFS,717902449045.0,39636244544.0,17734726975.0,241448774338.0,650215566414.0,opendart,2026-05-18T14:32:08+09:00
20250401,023810,180795,2024,11011,CFS,563872906748.0,20019051765.0,9861072082.0,162978477659.0,556215707649.0,opendart,2026-05-18T14:32:08+09:00
20260401,023810,180795,2025,11011,CFS,586443733483.0,19784475840.0,18086321564.0,175535262834.0,669259469066.0,opendart,2026-05-18T14:32:08+09:00
20250401,023900,155452,2024,11011,CFS,156327300028.0,12499304649.0,10543602993.0,186053714812.0,215238607323.0,opendart,2026-05-18T14:32:08+09:00
20260401,023900,155452,2025,11011,CFS,163520042927.0,16753616569.0,13406545078.0,198164858003.0,223744587290.0,opendart,2026-05-18T14:32:08+09:00
20250401,023910,113128,2024,11011,OFS,204194880322.0,38080510688.0,33759099688.0,275993788722.0,324411417105.0,opendart,2026-05-18T14:32:08+09:00
20260401,023910,113128,2025,11011,OFS,208614118262.0,31185733351.0,27643838542.0,300213631682.0,347663382169.0,opendart,2026-05-18T14:32:08+09:00
20250401,023960,121969,2024,11011,CFS,179878880096.0,6562997795.0,3717782777.0,45856905573.0,111856083779.0,opendart,2026-05-18T14:32:08+09:00
20260401,023960,121969,2025,11011,CFS,172318415172.0,-4958849671.0,-4751050659.0,47221934956.0,136355564807.0,opendart,2026-05-18T14:32:08+09:00
20250401,024060,167004,2024,11011,OFS,116852401318.0,-282773388.0,620410671.0,78922743547.0,92926943729.0,opendart,2026-05-18T14:32:08+09:00
20260401,024060,167004,2025,11011,OFS,107851699478.0,-994855488.0,158316728.0,78436148334.0,92004183037.0,opendart,2026-05-18T14:32:08+09:00
20250401,024070,142865,2024,11011,CFS,98537115290.0,-8862854781.0,-23917329798.0,87370532548.0,100192777916.0,opendart,2026-05-18T14:32:08+09:00
20260401,024070,142865,2025,11011,CFS,103275899079.0,-697542545.0,1341660903.0,88191711898.0,101547428617.0,opendart,2026-05-18T14:32:08+09:00
20250401,024090,177199,2024,11011,OFS,240913433640.0,16966759117.0,18868207772.0,257072098301.0,293570010254.0,opendart,2026-05-18T14:32:08+09:00
20260401,024090,177199,2025,11011,OFS,227052934104.0,9560895743.0,11795552603.0,261196919125.0,294286057738.0,opendart,2026-05-18T14:32:08+09:00
20250401,024110,149646,2024,11011,CFS,29554000000.0,328767000000.0,2654338000000.0,34231091000000.0,472219838000000.0,opendart,2026-05-18T14:32:08+09:00
20260401,024110,149646,2025,11011,CFS,117072000000.0,312573000000.0,2718868000000.0,36856024000000.0,500692621000000.0,opendart,2026-05-18T14:32:08+09:00
20250401,024120,157539,2024,11011,CFS,210230561356.0,4634464789.0,2944074933.0,118982873164.0,240702309757.0,opendart,2026-05-18T14:32:08+09:00
20260401,024120,157539,2025,11011,CFS,214995786079.0,8530895852.0,3898066071.0,119123847057.0,256608157960.0,opendart,2026-05-18T14:32:08+09:00
20250401,024720,203290,2024,11011,CFS,676663181663.0,38118710023.0,33395004283.0,815108708643.0,1291431788085.0,opendart,2026-05-18T14:32:08+09:00
20260401,024720,203290,2025,11011,CFS,630111809477.0,47742544330.0,11144466434.0,806907204020.0,1294403010587.0,opendart,2026-05-18T14:32:08+09:00
20250401,024740,162832,2024,11011,CFS,139379274208.0,8288832921.0,6685577427.0,137967291659.0,264965637648.0,opendart,2026-05-18T14:32:08+09:00
20260401,024740,162832,2025,11011,CFS,126595207214.0,3519821207.0,1866767149.0,143466979670.0,254277906955.0,opendart,2026-05-18T14:32:08+09:00
20250401,024800,173999,2024,11011,CFS,152855246796.0,4925695156.0,70861960767.0,495576000965.0,613070349614.0,opendart,2026-05-18T14:32:08+09:00
20260401,024800,173999,2025,11011,CFS,67042880664.0,1225404512.0,57587548488.0,553456879873.0,649670178537.0,opendart,2026-05-18T14:32:08+09:00
20250401,024810,145738,2024,11011,CFS,64465673652.0,1681951279.0,-13659251363.0,227572377318.0,279888900614.0,opendart,2026-05-18T14:32:08+09:00
20260401,024810,145738,2025,11011,CFS,60887261315.0,-2158246010.0,-1573826698.0,228720996508.0,283514392676.0,opendart,2026-05-18T14:32:08+09:00
20250401,024830,173591,2024,11011,OFS,230905196586.0,1341678298.0,21970864940.0,381410293871.0,475428562265.0,opendart,2026-05-18T14:32:08+09:00
20260401,024830,173591,2025,11011,OFS,211615991165.0,3056732966.0,18617920533.0,396089897357.0,484759038617.0,opendart,2026-05-18T14:32:08+09:00
20250401,024840,158024,2024,11011,CFS,702691927333.0,17495103034.0,1639663391.0,130349897936.0,257654613641.0,opendart,2026-05-18T14:32:08+09:00
20260401,024840,158024,2025,11011,CFS,758566539460.0,24344855274.0,1375050978.0,141237762985.0,389288152677.0,opendart,2026-05-18T14:32:08+09:00
20250401,024850,155586,2024,11011,CFS,25355832330.0,-11882543282.0,-12369787694.0,251982911446.0,268011066592.0,opendart,2026-05-18T14:32:08+09:00
20260401,024850,155586,2025,11011,CFS,32263951723.0,-37551092502.0,-33653431304.0,221320256952.0,268750045052.0,opendart,2026-05-18T14:32:08+09:00
20250401,024880,157636,2024,11011,CFS,782013626762.0,39446972915.0,23988869831.0,255987732230.0,662367009425.0,opendart,2026-05-18T14:32:08+09:00
20260401,024880,157636,2025,11011,CFS,743913803698.0,35395892551.0,19044705002.0,328829389364.0,669249520000.0,opendart,2026-05-18T14:32:08+09:00
20250401,024890,112022,2024,11011,CFS,125949848451.0,-6113989337.0,-12113213586.0,41913992465.0,152521491003.0,opendart,2026-05-18T14:32:08+09:00
20260401,024890,112022,2025,11011,CFS,126424447644.0,870720813.0,3517818494.0,44575704790.0,148382103257.0,opendart,2026-05-18T14:32:08+09:00
20250401,024900,114154,2024,11011,CFS,1883286365934.0,8229987776.0,16682505818.0,101692817051.0,558566600775.0,opendart,2026-05-18T14:32:08+09:00
20260401,024900,114154,2025,11011,CFS,1738072339439.0,3203809485.0,1234561157.0,114864001784.0,590839092949.0,opendart,2026-05-18T14:32:08+09:00
20250401,024910,102353,2024,11011,CFS,638045034346.0,9641239878.0,3422323160.0,141577609443.0,485474497481.0,opendart,2026-05-18T14:32:08+09:00
20260401,024910,102353,2025,11011,CFS,705339667803.0,7343548529.0,-21541167890.0,118926059199.0,491427943570.0,opendart,2026-05-18T14:32:08+09:00
20250401,024940,133557,2024,11011,CFS,54948009760.0,920362729.0,1586666205.0,49276767014.0,56816719704.0,opendart,2026-05-18T14:32:08+09:00
20260401,024940,133557,2025,11011,CFS,56039514810.0,1566647885.0,2876155212.0,51870961826.0,61015735137.0,opendart,2026-05-18T14:32:08+09:00
20250401,024950,128607,2024,11011,CFS,161167353566.0,3013641806.0,1642308771.0,159696654483.0,281334013848.0,opendart,2026-05-18T14:32:08+09:00
20260401,024950,128607,2025,11011,CFS,175559935938.0,12425252616.0,11578403106.0,172928900993.0,298998412143.0,opendart,2026-05-18T14:32:08+09:00
20250401,025000,191472,2024,11011,CFS,913366713017.0,45430191794.0,63867705242.0,701262896956.0,880646686131.0,opendart,2026-05-18T14:32:08+09:00
20260401,025000,191472,2025,11011,CFS,808350805037.0,27395676155.0,51636895681.0,665318654173.0,875368968863.0,opendart,2026-05-18T14:32:08+09:00
20250401,025320,203023,2024,11011,CFS,238339306692.0,21229402758.0,28002548882.0,167637040544.0,235413796124.0,opendart,2026-05-18T14:32:08+09:00
20260401,025320,203023,2025,11011,CFS,261537523873.0,6758695228.0,7162133901.0,171717777085.0,259491410039.0,opendart,2026-05-18T14:32:08+09:00
20250401,025440,110583,2024,11011,CFS,371930569811.0,1896227254.0,-2401231473.0,57845390838.0,273442382936.0,opendart,2026-05-18T14:32:08+09:00
20260401,025440,110583,2025,11011,CFS,494366222632.0,-4915767138.0,-23455447959.0,52886977118.0,350053381864.0,opendart,2026-05-18T14:32:08+09:00
20250401,025530,181943,2024,11011,CFS,206195488625.0,13718784595.0,21274136884.0,302200127404.0,369575805909.0,opendart,2026-05-18T14:32:08+09:00
20260401,025530,181943,2025,11011,CFS,205798697216.0,10551121470.0,14571238731.0,316839818076.0,379443112875.0,opendart,2026-05-18T14:32:08+09:00
20250401,025540,157070,2024,11011,CFS,1509791409000.0,171313335000.0,142523446000.0,1076241953000.0,1564250855000.0,opendart,2026-05-18T14:32:08+09:00
20260401,025540,157070,2025,11011,CFS,1442849979000.0,139253322000.0,106155718000.0,1161783464000.0,1558044824000.0,opendart,2026-05-18T14:32:08+09:00
20250401,025550,158015,2024,11011,CFS,223448269998.0,6030464438.0,483021355.0,145690333298.0,281428366312.0,opendart,2026-05-18T14:32:08+09:00
20260401,025550,158015,2025,11011,CFS,219400375461.0,8174673980.0,3691230046.0,149489393551.0,335340383966.0,opendart,2026-05-18T14:32:08+09:00
20250401,025560,197759,2024,11011,CFS,27041833124.0,12121165328.0,6604010536.0,106010231722.0,131612702717.0,opendart,2026-05-18T14:32:08+09:00
20260401,025560,197759,2025,11011,CFS,50777866585.0,9142654995.0,10112143837.0,122603583772.0,152351412994.0,opendart,2026-05-18T14:32:08+09:00
20250401,025620,136776,2024,11011,CFS,15675289582.0,-5446113042.0,-9493432484.0,29636061108.0,38915573941.0,opendart,2026-05-18T14:32:08+09:00
20260401,025620,136776,2025,11011,CFS,7305082169.0,-7455920893.0,1366855292.0,75426968355.0,110247467597.0,opendart,2026-05-18T14:32:08+09:00
20250401,025750,203582,2024,11011,CFS,327259060393.0,11420299469.0,-16925567020.0,123853523380.0,290379147343.0,opendart,2026-05-18T14:32:08+09:00
20260401,025750,203582,2025,11011,CFS,279816559220.0,2332615578.0,-22349992471.0,99618265935.0,227921079240.0,opendart,2026-05-18T14:32:08+09:00
20250401,025770,159342,2024,11011,CFS,790967629000.0,39125171000.0,43544033000.0,306452843000.0,462861863000.0,opendart,2026-05-18T14:32:08+09:00
20260401,025770,159342,2025,11011,CFS,836329617000.0,45228362000.0,36572105000.0,335813050000.0,512488259000.0,opendart,2026-05-18T14:32:08+09:00
20250401,025820,145464,2024,11011,OFS,472292427806.0,25163412834.0,12607044238.0,136425181348.0,329008589068.0,opendart,2026-05-18T14:32:08+09:00
20260401,025820,145464,2025,11011,OFS,507783563654.0,24406930773.0,10919844141.0,145642344047.0,376967571557.0,opendart,2026-05-18T14:32:08+09:00
20250401,025860,107987,2024,11011,CFS,1519109111887.0,36263869903.0,21521559735.0,534754014161.0,773830396996.0,opendart,2026-05-18T14:32:08+09:00
20260401,025860,107987,2025,11011,CFS,1604420884203.0,43128612586.0,26925742554.0,552622934660.0,824579888654.0,opendart,2026-05-18T14:32:08+09:00
20250401,025870,136004,2024,11011,CFS,85618791494.0,1148170505.0,121297212.0,17363413587.0,45863612729.0,opendart,2026-05-18T14:32:08+09:00
20260401,025870,136004,2025,11011,CFS,70037103949.0,-1555191664.0,-3337527258.0,14117893571.0,45148124244.0,opendart,2026-05-18T14:32:08+09:00
20250401,025880,101752,2024,11011,CFS,102958912967.0,8096615873.0,7008925175.0,71970230488.0,103303356062.0,opendart,2026-05-18T14:32:08+09:00
20260401,025880,101752,2025,11011,CFS,121771141803.0,12181785331.0,10572524879.0,81031601235.0,100350220320.0,opendart,2026-05-18T14:32:08+09:00
20250401,025890,159564,2024,11011,OFS,47283741622.0,1074954369.0,762134345.0,34135293917.0,41498366351.0,opendart,2026-05-18T14:32:08+09:00
20260401,025890,159564,2025,11011,OFS,39872284084.0,-176671310.0,-291354242.0,33280936944.0,38306813397.0,opendart,2026-05-18T14:32:08+09:00
20250401,025900,173032,2024,11011,CFS,917976695727.0,16703994005.0,-16238121639.0,977783899371.0,2397201401750.0,opendart,2026-05-18T14:32:08+09:00
20260401,025900,173032,2025,11011,CFS,829562476098.0,-13794765557.0,-55887535877.0,880173716773.0,2270110568943.0,opendart,2026-05-18T14:32:08+09:00
20250401,025950,116408,2024,11011,OFS,68971328816.0,585892436.0,3001432622.0,98716253653.0,112636041341.0,opendart,2026-05-18T14:32:08+09:00
20260401,025950,116408,2025,11011,OFS,33382076965.0,-2206114342.0,147365237.0,97318145440.0,109902738542.0,opendart,2026-05-18T14:32:08+09:00
20250401,025980,161781,2024,11011,CFS,285159195284.0,800283769.0,-32369258163.0,711361342600.0,1622402228785.0,opendart,2026-05-18T14:32:08+09:00
20260401,025980,161781,2025,11011,CFS,258070776397.0,8316490610.0,-38044863875.0,726361921905.0,1610359434308.0,opendart,2026-05-18T14:32:08+09:00
20250401,026040,120289,2024,11011,OFS,74433968530.0,-2602941211.0,-1495491944.0,40336305103.0,50660994202.0,opendart,2026-05-18T14:32:08+09:00
20260401,026040,120289,2025,11011,OFS,72242575120.0,706459594.0,1826602025.0,45414945394.0,55314581660.0,opendart,2026-05-18T14:32:08+09:00
20250401,026150,186939,2024,11011,CFS,212529706481.0,8752187155.0,5391687825.0,108690980816.0,218363521306.0,opendart,2026-05-18T14:32:08+09:00
20260401,026150,186939,2025,11011,CFS,149021253222.0,-31645095019.0,-18207454391.0,87949810347.0,195070766176.0,opendart,2026-05-18T14:32:08+09:00
20250401,026890,117498,2024,11011,CFS,79465712795.0,182225056.0,9331317902.0,248740897223.0,264651295308.0,opendart,2026-05-18T14:32:08+09:00
20260401,026890,117498,2025,11011,CFS,91217510708.0,830059707.0,14855602741.0,254269889250.0,305789875428.0,opendart,2026-05-18T14:32:08+09:00
20250401,026910,104120,2024,11011,CFS,58527388505.0,-7323446508.0,2944099146.0,24776374440.0,94252082071.0,opendart,2026-05-18T14:32:08+09:00
20260401,026910,104120,2025,11011,CFS,56888193408.0,-4251787340.0,-4862703566.0,20056659635.0,92888939172.0,opendart,2026-05-18T14:32:08+09:00
20250401,026940,123781,2024,11011,OFS,181818473591.0,95602164.0,2334633733.0,131679507549.0,153106976657.0,opendart,2026-05-18T14:32:08+09:00
20260401,026940,123781,2025,11011,OFS,179910680270.0,262298378.0,2150579102.0,131409395234.0,152062864116.0,opendart,2026-05-18T14:32:08+09:00
20250401,026960,144395,2024,11011,CFS,488860392545.0,44476967156.0,159046264652.0,1709476549885.0,1779146551075.0,opendart,2026-05-18T14:32:08+09:00
20260401,026960,144395,2025,11011,CFS,532878500925.0,45337393517.0,146463695390.0,1737278347482.0,1798366336076.0,opendart,2026-05-18T14:32:08+09:00
20250401,027040,130587,2024,11011,CFS,35822248206.0,-2230403436.0,-2743640916.0,15003347601.0,69423552759.0,opendart,2026-05-18T14:32:08+09:00
20260401,027040,130587,2025,11011,CFS,33729253174.0,-1609196308.0,-5341220014.0,8749722618.0,39471480378.0,opendart,2026-05-18T14:32:08+09:00
20250401,027050,152589,2024,11011,CFS,82451674673.0,440823327.0,783926037.0,86322556896.0,107779542466.0,opendart,2026-05-18T14:32:08+09:00
20260401,027050,152589,2025,11011,CFS,73677182497.0,-4394234092.0,-7746558039.0,83730620641.0,98970738389.0,opendart,2026-05-18T14:32:08+09:00
20250401,027360,156895,2024,11011,CFS,2055772393.0,150237068.0,8318602631.0,261129182967.0,341713923239.0,opendart,2026-05-18T14:32:08+09:00
20260401,027360,156895,2025,11011,CFS,1323118073.0,132865217.0,8318264516.0,266869482953.0,338305070078.0,opendart,2026-05-18T14:32:08+09:00
20250401,027410,219097,2024,11011,CFS,434085472661.0,55229112297.0,94776625368.0,1981102616458.0,2300978258450.0,opendart,2026-05-18T14:32:08+09:00
20260401,027410,219097,2025,11011,CFS,469468454559.0,61173853919.0,56415859416.0,2022289384989.0,2397352251294.0,opendart,2026-05-18T14:32:08+09:00
20250401,027580,129615,2024,11011,CFS,53827014584.0,-8030705994.0,-10943596444.0,51131936935.0,105420391271.0,opendart,2026-05-18T14:32:08+09:00
20260401,027580,129615,2025,11011,CFS,50105278206.0,-8907837438.0,-13057293745.0,43321090637.0,94303201747.0,opendart,2026-05-18T14:32:08+09:00
20250401,027710,192499,2024,11011,CFS,1453900541921.0,40778899216.0,5162956521.0,308587019685.0,998003334900.0,opendart,2026-05-18T14:32:08+09:00
20260401,027710,192499,2025,11011,CFS,1455851080750.0,34969057306.0,30668871519.0,338161741400.0,969038633846.0,opendart,2026-05-18T14:32:08+09:00
20250401,027740,204208,2024,11011,CFS,332788209759.0,-9051499918.0,-10708064322.0,41049366206.0,155281108141.0,opendart,2026-05-18T14:32:08+09:00
20260401,027740,204208,2025,11011,CFS,368890857923.0,2010730651.0,-317490159.0,41565941039.0,155490054936.0,opendart,2026-05-18T14:32:08+09:00
20250401,027830,109037,2024,11011,OFS,20088466445.0,10238452840.0,13845986262.0,98779413338.0,100480711010.0,opendart,2026-05-18T14:32:08+09:00
20260401,027830,109037,2025,11011,OFS,9251631072.0,796603028.0,314240688.0,99093654026.0,99626781397.0,opendart,2026-05-18T14:32:08+09:00
20250401,027970,133706,2024,11011,CFS,792088806468.0,19319754356.0,4097291056.0,441673752990.0,755097664409.0,opendart,2026-05-18T14:32:08+09:00
20260401,027970,133706,2025,11011,CFS,753679418454.0,3122808540.0,-33452961077.0,406248675278.0,665023739538.0,opendart,2026-05-18T14:32:08+09:00
20250401,028050,126308,2024,11011,CFS,9966551344477.0,971611686017.0,638672451980.0,3895741786193.0,10013337796132.0,opendart,2026-05-18T14:32:08+09:00
20260401,028050,126308,2025,11011,CFS,9028769083650.0,792078846892.0,648307939623.0,4446187475181.0,10039557572475.0,opendart,2026-05-18T14:32:08+09:00
20250401,028080,219440,2024,11011,CFS,542662558111.0,5985566488.0,-62037236736.0,163653016659.0,668970019609.0,opendart,2026-05-18T14:32:08+09:00
20260401,028080,219440,2025,11011,CFS,400728418302.0,-28659370717.0,-83680397981.0,92614433714.0,495072956926.0,opendart,2026-05-18T14:32:08+09:00
20250401,028100,178754,2024,11011,CFS,393493162674.0,9611724890.0,11388008342.0,227099447160.0,400252311496.0,opendart,2026-05-18T14:32:08+09:00
20260401,028100,178754,2025,11011,CFS,467725500443.0,18069010111.0,18721107187.0,228591349132.0,455150862677.0,opendart,2026-05-18T14:32:08+09:00
20250401,028260,149655,2024,11011,CFS,42103238027336.0,2983396694918.0,2772012091811.0,37258539898529.0,61990426835548.0,opendart,2026-05-18T14:32:08+09:00
20260401,028260,149655,2025,11011,CFS,40742240967149.0,3292747495925.0,3906652564846.0,57496949405446.0,86532745699428.0,opendart,2026-05-18T14:32:08+09:00
20250401,028300,199252,2024,11011,CFS,68125727347.0,-118516152929.0,-108026798560.0,652113818215.0,887424813429.0,opendart,2026-05-18T14:32:08+09:00
20260401,028300,199252,2025,11011,CFS,84172574224.0,-104217336541.0,-235415156253.0,494413769060.0,930177639023.0,opendart,2026-05-18T14:32:08+09:00
20250401,028670,122737,2024,11011,CFS,5161218000000.0,471180000000.0,268143000000.0,5653383000000.0,10271506000000.0,opendart,2026-05-18T14:32:08+09:00
20260401,028670,122737,2025,11011,CFS,5432888000000.0,491948000000.0,301407000000.0,5723482000000.0,10853668000000.0,opendart,2026-05-18T14:32:08+09:00
20250401,029460,209780,2024,11011,CFS,738488124124.0,27977590175.0,51462269317.0,857551793904.0,1046845412327.0,opendart,2026-05-18T14:32:08+09:00
20260401,029460,209780,2025,11011,CFS,797344487484.0,46462702378.0,50439874020.0,968715489174.0,1153050483329.0,opendart,2026-05-18T14:32:08+09:00
20250401,029480,186452,2024,11011,CFS,6526887723.0,-4708785371.0,104172205343.0,233269706294.0,282270869425.0,opendart,2026-05-18T14:32:08+09:00
20260401,029480,186452,2025,11011,CFS,7572016042.0,-4228353350.0,-29092745553.0,215927181562.0,231440995571.0,opendart,2026-05-18T14:32:08+09:00
20250401,029530,135795,2024,11011,CFS,340994882503.0,20156744960.0,73194606397.0,1064287620242.0,1143580683305.0,opendart,2026-05-18T14:32:08+09:00
20260401,029530,135795,2025,11011,CFS,317327883419.0,6247695108.0,20068805676.0,1067863151088.0,1149029457149.0,opendart,2026-05-18T14:32:08+09:00
20250401,029780,126292,2024,11011,CFS,4383209688411.0,8538657331.0,664593152937.0,8486180934765.0,29494082851904.0,opendart,2026-05-18T14:32:08+09:00
20260401,029780,126292,2025,11011,CFS,1431929000000.0,8684000000.0,645923000000.0,8863284000000.0,32174782000000.0,opendart,2026-05-18T14:32:08+09:00
20250401,029960,197476,2024,11011,OFS,80506803219.0,30497396526.0,26261544775.0,182078236492.0,233501074388.0,opendart,2026-05-18T14:32:08+09:00
20260401,029960,197476,2025,11011,OFS,75097694979.0,29587015581.0,23662965748.0,155494600554.0,205545310058.0,opendart,2026-05-18T14:32:08+09:00
20250401,030000,148276,2024,11011,CFS,4344256680956.0,320720587990.0,208342984365.0,1474033393149.0,3306550192963.0,opendart,2026-05-18T14:32:08+09:00
20260401,030000,148276,2025,11011,CFS,4546894943227.0,336889964137.0,208612517893.0,1588049835355.0,3587816549320.0,opendart,2026-05-18T14:32:08+09:00
20250401,030190,158325,2024,11011,CFS,535031889316.0,86788428829.0,76030945393.0,416738330961.0,585667200738.0,opendart,2026-05-18T14:32:08+09:00
20260401,030190,158325,2025,11011,CFS,602147035954.0,104389438156.0,78075295916.0,469548309154.0,646531372501.0,opendart,2026-05-18T14:32:08+09:00
20250401,030200,190321,2024,11011,CFS,26431204000000.0,809471000000.0,417094000000.0,17996549000000.0,41879957000000.0,opendart,2026-05-18T14:32:08+09:00
20260401,030200,190321,2025,11011,CFS,28244161000000.0,2469133000000.0,1836770000000.0,19458023000000.0,42948573000000.0,opendart,2026-05-18T14:32:08+09:00
20250401,030210,156859,2024,11011,CFS,1442566582864.0,-74930396986.0,-45454462330.0,775990640118.0,9603169769789.0,opendart,2026-05-18T14:32:08+09:00
20260401,030210,156859,2025,11011,CFS,1714450686727.0,56274332334.0,43856633210.0,807078686439.0,10456674488190.0,opendart,2026-05-18T14:32:08+09:00
20250401,030350,230036,2024,11011,CFS,25626856758.0,-9649776532.0,-14199507104.0,13247584564.0,23277392430.0,opendart,2026-05-18T14:32:08+09:00
20260401,030350,230036,2025,11011,CFS,15879336176.0,-1944834011.0,-8855308329.0,5544238721.0,13268730281.0,opendart,2026-05-18T14:32:08+09:00
20250401,030520,204262,2024,11011,CFS,304773304445.0,40422695177.0,13996109787.0,485666272174.0,681939379443.0,opendart,2026-05-18T14:32:08+09:00
20260401,030520,204262,2025,11011,CFS,326744735334.0,36397225985.0,24577732451.0,496500543690.0,728546530735.0,opendart,2026-05-18T14:32:08+09:00
20250401,030530,216647,2024,11011,CFS,645472610486.0,30614449862.0,-61062837204.0,1248469845742.0,1890071698739.0,opendart,2026-05-18T14:32:08+09:00
20260401,030530,216647,2025,11011,CFS,622991604240.0,-418124396.0,50427053015.0,1301244027671.0,1969723238243.0,opendart,2026-05-18T14:32:08+09:00
20250401,030610,113359,2024,11011,CFS,3166321957747.0,47275024514.0,117678416308.0,1985723993945.0,15898332583027.0,opendart,2026-05-18T14:32:08+09:00
20260401,030610,113359,2025,11011,CFS,4506795230000.0,22344946000.0,142910816000.0,2118939049000.0,19271473250000.0,opendart,2026-05-18T14:32:08+09:00
20250401,030720,118044,2024,11011,CFS,183650399305.0,5324047839.0,5208294274.0,48788729407.0,108869307630.0,opendart,2026-05-18T14:32:08+09:00
20260401,030720,118044,2025,11011,CFS,172592224421.0,8826336971.0,7745692706.0,56382290584.0,134836196404.0,opendart,2026-05-18T14:32:08+09:00
20250401,030960,139685,2024,11011,OFS,58151137977.0,155995335.0,4447676402.0,188662073277.0,196862945845.0,opendart,2026-05-18T14:32:08+09:00
20260401,030960,139685,2025,11011,OFS,55863645104.0,-6079582443.0,-1594939332.0,188169295596.0,205898067206.0,opendart,2026-05-18T14:32:08+09:00
20260401,031210,112998,2025,11011,CFS,6091203357.0,89891500607.0,268410960714.0,5195172983650.0,9408732397027.0,opendart,2026-05-18T14:32:08+09:00
20250401,031310,200910,2024,11011,CFS,182782663558.0,1024814466.0,-857697949.0,193068978931.0,240208287640.0,opendart,2026-05-18T14:32:08+09:00
20260401,031310,200910,2025,11011,CFS,194376148403.0,3377631184.0,8803771973.0,205137498687.0,283990903264.0,opendart,2026-05-18T14:32:08+09:00
20250401,031330,128661,2024,11011,CFS,2889473317092.0,67370165204.0,54362021237.0,430580095588.0,833014320848.0,opendart,2026-05-18T14:32:08+09:00
20260401,031330,128661,2025,11011,CFS,3756594166603.0,113901010756.0,75829307017.0,486059285845.0,1376246122799.0,opendart,2026-05-18T14:32:08+09:00
20250401,031430,234412,2024,11011,CFS,1308633993458.0,26839827864.0,32675918483.0,846514185729.0,1333123240117.0,opendart,2026-05-18T14:32:08+09:00
20260401,031430,234412,2025,11011,CFS,1109969262713.0,-11496780963.0,4119597354.0,840487774150.0,1433177710336.0,opendart,2026-05-18T14:32:08+09:00
20250401,031440,274933,2024,11011,CFS,1534799832427.0,20764540801.0,11198108532.0,293492439730.0,833687666448.0,opendart,2026-05-18T14:32:08+09:00
20260401,031440,274933,2025,11011,CFS,1233240124762.0,4769484123.0,77213885733.0,357917869444.0,813544324557.0,opendart,2026-05-18T14:32:08+09:00
20250401,031510,175173,2024,11011,CFS,127865182887.0,434747154.0,-39034685898.0,64972139031.0,119809568886.0,opendart,2026-05-18T14:32:08+09:00
20260401,031510,175173,2025,11011,CFS,128548602017.0,4148090517.0,802723032.0,66291587950.0,131602601080.0,opendart,2026-05-18T14:32:08+09:00
20250401,031820,186559,2024,11011,CFS,995320658847.0,21009952017.0,24641782583.0,233584889623.0,618272425850.0,opendart,2026-05-18T14:32:08+09:00
20260401,031820,186559,2025,11011,CFS,1095214299936.0,23550459117.0,92603413633.0,339671413617.0,833566993071.0,opendart,2026-05-18T14:32:08+09:00
20250401,031860,180865,2024,11011,CFS,9544054643.0,-6120112317.0,-18268232761.0,47246747648.0,56156827002.0,opendart,2026-05-18T14:32:08+09:00
20260401,031860,180865,2025,11011,CFS,14511575130.0,-7832925189.0,-34351985791.0,20256975656.0,40724378379.0,opendart,2026-05-18T14:32:08+09:00
20250401,031980,208444,2024,11011,CFS,215508095005.0,88482980891.0,95820109996.0,431463424801.0,513564423195.0,opendart,2026-05-18T14:32:08+09:00
20260401,031980,208444,2025,11011,CFS,207764042799.0,73400914769.0,91684937183.0,506377712478.0,584879159412.0,opendart,2026-05-18T14:32:08+09:00
20250401,032080,201131,2024,11011,OFS,35365624219.0,544665708.0,-2043586300.0,106251389038.0,117975490056.0,opendart,2026-05-18T14:32:08+09:00
20260401,032080,201131,2025,11011,OFS,30229023516.0,458774703.0,928867334.0,107240856681.0,118388184809.0,opendart,2026-05-18T14:32:08+09:00
20250401,032190,238782,2024,11011,CFS,12136122777332.0,1205869585426.0,865904046216.0,6470930135849.0,57757101613902.0,opendart,2026-05-18T14:32:08+09:00
20260401,032190,238782,2025,11011,CFS,18051961355773.0,1599880586198.0,1199682970007.0,7711894424418.0,83638241038415.0,opendart,2026-05-18T14:32:08+09:00
20250401,032280,127909,2024,11011,OFS,105109049374.0,2474034253.0,1236765459.0,63397288404.0,108347600270.0,opendart,2026-05-18T14:32:08+09:00
20260401,032280,127909,2025,11011,OFS,99989845264.0,2129168375.0,960540157.0,64266564711.0,103243877642.0,opendart,2026-05-18T14:32:08+09:00
20250401,032300,187770,2024,11011,OFS,81277283919.0,6086466794.0,3791743101.0,71441420171.0,112386950030.0,opendart,2026-05-18T14:32:08+09:00
20260401,032300,187770,2025,11011,OFS,87601377061.0,-887328366.0,-2640407217.0,68786237217.0,126640396444.0,opendart,2026-05-18T14:32:08+09:00
20250401,032350,231372,2024,11011,CFS,471467953184.0,39006615340.0,-116572534153.0,313060388033.0,2166617248668.0,opendart,2026-05-18T14:32:08+09:00
20260401,032350,231372,2025,11011,CFS,653447659142.0,143328051761.0,27596636822.0,368224737001.0,2167646813807.0,opendart,2026-05-18T14:32:08+09:00
20250401,032500,226352,2024,11011,CFS,87357147199.0,-45481033116.0,-38604140710.0,143650686108.0,269041031826.0,opendart,2026-05-18T14:32:08+09:00
20260401,032500,226352,2025,11011,CFS,97518624961.0,-23765618321.0,-27033047120.0,131423933329.0,247065548902.0,opendart,2026-05-18T14:32:08+09:00
20250401,032540,201733,2024,11011,CFS,91871741553.0,4664208620.0,4645604047.0,85335199600.0,124721058447.0,opendart,2026-05-18T14:32:08+09:00
20260401,032540,201733,2025,11011,CFS,94434815353.0,3288098329.0,3987130396.0,83790803211.0,127346225905.0,opendart,2026-05-18T14:32:08+09:00
20250401,032560,218575,2024,11011,CFS,321091393225.0,19372382177.0,19853448098.0,417533188457.0,522556270523.0,opendart,2026-05-18T14:32:08+09:00
20260401,032560,218575,2025,11011,CFS,316529005034.0,17988514289.0,21229524874.0,435149266095.0,550476338694.0,opendart,2026-05-18T14:32:08+09:00
20250401,032580,189538,2024,11011,OFS,44810331384.0,-4528465335.0,-2206307623.0,47550626152.0,56680583496.0,opendart,2026-05-18T14:32:08+09:00
20260401,032580,189538,2025,11011,OFS,53615518212.0,-2066008789.0,-2963388471.0,44800604681.0,57422108295.0,opendart,2026-05-18T14:32:08+09:00
20250401,032620,220057,2024,11011,CFS,190597484288.0,5162631425.0,-1565632899.0,107773038232.0,160063614831.0,opendart,2026-05-18T14:32:08+09:00
20260401,032620,220057,2025,11011,CFS,197696072009.0,7522327112.0,37819362595.0,158889237131.0,227700115281.0,opendart,2026-05-18T14:32:08+09:00
20250401,032640,231363,2024,11011,CFS,14625198000000.0,863130000000.0,314602000000.0,8768379000000.0,19707730000000.0,opendart,2026-05-18T14:32:08+09:00
20260401,032640,231363,2025,11011,CFS,15451745000000.0,892131000000.0,509226000000.0,9067527000000.0,19681792000000.0,opendart,2026-05-18T14:32:08+09:00
20250401,032680,204226,2024,11011,CFS,59901019376.0,-1375131016.0,-2797081407.0,66890101036.0,96907853710.0,opendart,2026-05-18T14:32:08+09:00
20260401,032680,204226,2025,11011,CFS,54814529134.0,-244485201.0,-987362188.0,66445517640.0,93429974389.0,opendart,2026-05-18T14:32:08+09:00
20250401,032750,173351,2024,11011,CFS,159164388476.0,7248112232.0,9045241875.0,106616908078.0,126164155544.0,opendart,2026-05-18T14:32:08+09:00
20260401,032750,173351,2025,11011,CFS,148323178536.0,5823087821.0,3890350484.0,110442601501.0,128247102123.0,opendart,2026-05-18T14:32:08+09:00
20250401,032790,110884,2024,11011,CFS,42669219445.0,-3981821115.0,2859991080.0,44120655713.0,71423793062.0,opendart,2026-05-18T14:32:08+09:00
20260401,032790,110884,2025,11011,CFS,28591100187.0,-10274069702.0,-16330139504.0,33686966849.0,59847229232.0,opendart,2026-05-18T14:32:08+09:00
20250401,032800,231691,2024,11011,CFS,72334500746.0,-1540001928.0,-6431810872.0,58080914938.0,89639124348.0,opendart,2026-05-18T14:32:08+09:00
20260401,032800,231691,2025,11011,CFS,38192077332.0,-8032024834.0,-9200491612.0,48958941021.0,88497570509.0,opendart,2026-05-18T14:32:08+09:00
20250401,032820,231044,2024,11011,CFS,71250184948.0,553922286.0,-4401591680.0,112086289530.0,265459207084.0,opendart,2026-05-18T14:32:08+09:00
20260401,032820,231044,2025,11011,CFS,87135395389.0,-5486712823.0,-4104661336.0,124394101537.0,338455308703.0,opendart,2026-05-18T14:32:08+09:00
20250401,032830,126256,2024,11011,CFS,1002409000000.0,276748000000.0,2260255000000.0,32737931000000.0,312218844000000.0,opendart,2026-05-18T14:32:08+09:00
20260401,032830,126256,2025,11011,CFS,1039300000000.0,527959000000.0,2451515000000.0,64835318000000.0,350685701000000.0,opendart,2026-05-18T14:32:08+09:00
20250401,032850,231707,2024,11011,CFS,37074736160.0,6669762420.0,7469215601.0,70400839060.0,79599021559.0,opendart,2026-05-18T14:32:08+09:00
20260401,032850,231707,2025,11011,CFS,35982573670.0,5860958671.0,7331074645.0,73801114825.0,82751601739.0,opendart,2026-05-18T14:32:08+09:00
20250401,032860,205687,2024,11011,OFS,69776981093.0,1617984206.0,2477343572.0,56640231673.0,61829083163.0,opendart,2026-05-18T14:32:08+09:00
20260401,032860,205687,2025,11011,OFS,50919669504.0,-1720450576.0,-4645964740.0,52424317937.0,55651019782.0,opendart,2026-05-18T14:32:08+09:00
20250401,032940,210980,2024,11011,CFS,138735200978.0,9317949981.0,21391105082.0,273819996803.0,362628130853.0,opendart,2026-05-18T14:32:08+09:00
20260401,032940,210980,2025,11011,CFS,150734965462.0,8922772952.0,11653234262.0,286616047588.0,382206687115.0,opendart,2026-05-18T14:32:08+09:00
20250401,032960,199076,2024,11011,CFS,24110354370.0,191505571.0,775074054.0,65553492348.0,69371193791.0,opendart,2026-05-18T14:32:08+09:00
20260401,032960,199076,2025,11011,CFS,21551039836.0,-61855477.0,6539782517.0,64351207971.0,68619261553.0,opendart,2026-05-18T14:32:08+09:00
20250401,032980,232089,2024,11011,CFS,26955800348.0,-3251871916.0,-10183792542.0,27117836069.0,84728806115.0,opendart,2026-05-18T14:32:08+09:00
20260401,032980,232089,2025,11011,CFS,20595859527.0,-1796212791.0,-5543142858.0,16913273079.0,53330991516.0,opendart,2026-05-18T14:32:08+09:00
20250401,033050,222435,2024,11011,CFS,80436938348.0,4045653403.0,3770441880.0,56116466561.0,87290299109.0,opendart,2026-05-18T14:32:08+09:00
20260401,033050,222435,2025,11011,CFS,89803265878.0,4069008999.0,3430035906.0,58626888120.0,104934467440.0,opendart,2026-05-18T14:32:08+09:00
20250401,033100,185356,2024,11011,OFS,262736051492.0,97845022385.0,79921256427.0,196694449295.0,241767783847.0,opendart,2026-05-18T14:32:08+09:00
20260401,033100,185356,2025,11011,OFS,224017012923.0,67027203234.0,58712438931.0,239344479226.0,266912013218.0,opendart,2026-05-18T14:32:08+09:00
20250401,033130,231442,2024,11011,CFS,36955034215.0,2364890239.0,3754845737.0,87962696909.0,97987729519.0,opendart,2026-05-18T14:32:08+09:00
20260401,033130,231442,2025,11011,CFS,39901898759.0,5508704439.0,5413837419.0,92171626810.0,107456359983.0,opendart,2026-05-18T14:32:08+09:00
20250401,033160,121686,2024,11011,CFS,1170600325569.0,56076089596.0,-37697220991.0,914068396112.0,2314197411417.0,opendart,2026-05-18T14:32:08+09:00
20260401,033160,121686,2025,11011,CFS,1403822824376.0,14186439762.0,13764929869.0,1001507418416.0,2534008826164.0,opendart,2026-05-18T14:32:08+09:00
20250401,033170,158219,2024,11011,CFS,118150985037.0,-25833789534.0,-50919811313.0,69202668200.0,105307343230.0,opendart,2026-05-18T14:32:08+09:00
20260401,033170,158219,2025,11011,CFS,103046699790.0,-23831622389.0,-18307910647.0,52210190801.0,107129773768.0,opendart,2026-05-18T14:32:08+09:00
20250401,033180,193009,2024,11011,CFS,166099592797.0,-8512230963.0,-58200603297.0,446225847907.0,961032191903.0,opendart,2026-05-18T14:32:08+09:00
20260401,033180,193009,2025,11011,CFS,173462512262.0,-1441836444.0,-54740792743.0,542940781784.0,1105802246893.0,opendart,2026-05-18T14:32:08+09:00
20250401,033200,241209,2024,11011,CFS,30584075005.0,-2170181038.0,67767026.0,71085594615.0,78048084563.0,opendart,2026-05-18T14:32:08+09:00
20260401,033200,241209,2025,11011,CFS,31500704726.0,-3158121624.0,-1971965311.0,69980766637.0,76174324202.0,opendart,2026-05-18T14:32:08+09:00
20250401,033230,229021,2024,11011,CFS,359586930378.0,-4745951116.0,-9407606826.0,89035521479.0,232037879542.0,opendart,2026-05-18T14:32:08+09:00
20260401,033230,229021,2025,11011,CFS,342737745051.0,-4277168410.0,-5110969690.0,88222698174.0,227467381318.0,opendart,2026-05-18T14:32:08+09:00
20250401,033240,146861,2024,11011,CFS,681144518352.0,44961233047.0,16619185505.0,400535767145.0,717683038008.0,opendart,2026-05-18T14:32:08+09:00
20260401,033240,146861,2025,11011,CFS,848919780257.0,41997195908.0,47130948352.0,444654832356.0,777823953224.0,opendart,2026-05-18T14:32:08+09:00
20250401,033250,125576,2024,11011,CFS,90263397163.0,4676276342.0,6073917973.0,38647779315.0,83146042729.0,opendart,2026-05-18T14:32:08+09:00
20260401,033250,125576,2025,11011,CFS,93839011849.0,7528255143.0,6301318303.0,45373312716.0,86044907740.0,opendart,2026-05-18T14:32:08+09:00
20250401,033270,158963,2024,11011,OFS,288706729642.0,56283207635.0,32452988022.0,406207015461.0,473928536456.0,opendart,2026-05-18T14:32:08+09:00
20260401,033270,158963,2025,11011,OFS,288764867640.0,49584726929.0,38308011306.0,454629301042.0,519491695617.0,opendart,2026-05-18T14:32:08+09:00
20250401,033290,155948,2024,11011,CFS,808627030102.0,33081155130.0,18428368635.0,357468396579.0,905291771922.0,opendart,2026-05-18T14:32:08+09:00
20260401,033290,155948,2025,11011,CFS,793167527098.0,22667516100.0,20690161338.0,407265690489.0,982995977485.0,opendart,2026-05-18T14:32:08+09:00
20250401,033310,143226,2024,11011,CFS,91210150195.0,3743595073.0,3514797943.0,145007320232.0,181439960725.0,opendart,2026-05-18T14:32:08+09:00
20260401,033310,143226,2025,11011,CFS,86549524568.0,2768344830.0,-596488882.0,144064847339.0,191792668993.0,opendart,2026-05-18T14:32:08+09:00
20250401,033320,223513,2024,11011,CFS,263899696592.0,3642816002.0,2075616755.0,111629256770.0,156190302303.0,opendart,2026-05-18T14:32:08+09:00
20260401,033320,223513,2025,11011,CFS,313838926730.0,7700344786.0,9300860963.0,120930117733.0,162680427262.0,opendart,2026-05-18T14:32:08+09:00
20250401,033340,205003,2024,11011,CFS,90184220097.0,1297148979.0,340681081.0,56613382228.0,80836869755.0,opendart,2026-05-18T14:32:08+09:00
20260401,033340,205003,2025,11011,CFS,72599453889.0,-6083580532.0,-13727597471.0,57351805861.0,84896797514.0,opendart,2026-05-18T14:32:08+09:00
20250401,033500,231105,2024,11011,CFS,597409682162.0,53988814630.0,39342705119.0,202436234793.0,455450977751.0,opendart,2026-05-18T14:32:08+09:00
20260401,033500,231105,2025,11011,CFS,742186008411.0,72558706089.0,55883227093.0,258895742264.0,501560927287.0,opendart,2026-05-18T14:32:08+09:00
20250401,033530,134510,2024,11011,CFS,1816595152264.0,60611834886.0,34029883554.0,459327355559.0,1240617966721.0,opendart,2026-05-18T14:32:08+09:00
20260401,033530,134510,2025,11011,CFS,1896882583006.0,85395320763.0,68686663233.0,528660044356.0,1326283584898.0,opendart,2026-05-18T14:32:08+09:00
20250401,033540,105138,2024,11011,CFS,278014723065.0,3715297497.0,1672621209.0,102457490863.0,214393748478.0,opendart,2026-05-18T14:32:08+09:00
20260401,033540,105138,2025,11011,CFS,173929893426.0,-13742254235.0,-21966727115.0,80165864691.0,179453984833.0,opendart,2026-05-18T14:32:08+09:00
20250401,033560,238001,2024,11011,CFS,18312232736.0,-2802989879.0,2375536109.0,159950750116.0,201507128401.0,opendart,2026-05-18T14:32:08+09:00
20260401,033560,238001,2025,11011,CFS,5807047814.0,648160365.0,16367706695.0,170150120680.0,200886404518.0,opendart,2026-05-18T14:32:08+09:00
20250401,033640,227333,2024,11011,CFS,464331506206.0,3401796348.0,-79400160862.0,207236457987.0,710112535938.0,opendart,2026-05-18T14:32:08+09:00
20260401,033640,227333,2025,11011,CFS,521439287008.0,23761125843.0,20158821632.0,245425030775.0,696198458357.0,opendart,2026-05-18T14:32:08+09:00
20250401,033780,244455,2024,11011,CFS,5908792000000.0,1188814000000.0,1164999000000.0,9358465000000.0,13925237000000.0,opendart,2026-05-18T14:32:08+09:00
20260401,033780,244455,2025,11011,CFS,6579707000000.0,1343666000000.0,1102316000000.0,9336169000000.0,14189127000000.0,opendart,2026-05-18T14:32:08+09:00
20250401,033790,276083,2024,11011,OFS,30676302081.0,7608133.0,-2466286746.0,56072283756.0,116276610434.0,opendart,2026-05-18T14:32:08+09:00
20260401,033790,276083,2025,11011,OFS,264760884474.0,8847177396.0,-5852327699.0,98275917816.0,163677757029.0,opendart,2026-05-18T14:32:08+09:00
20250401,033830,204642,2024,11011,CFS,40284018896.0,1456314716.0,3802312247.0,127976372285.0,135621536292.0,opendart,2026-05-18T14:32:08+09:00
20260401,033830,204642,2025,11011,CFS,42691388395.0,1484573947.0,3799296059.0,131331061306.0,137292302327.0,opendart,2026-05-18T14:32:08+09:00
20250401,033920,121543,2024,11011,CFS,152059251251.0,16875863184.0,48421929363.0,571647855552.0,680447311689.0,opendart,2026-05-18T14:32:08+09:00
20260401,033920,121543,2025,11011,CFS,143830395069.0,10235140357.0,50321647540.0,613401250874.0,719917915104.0,opendart,2026-05-18T14:32:08+09:00
20250401,034020,159616,2024,11011,CFS,16233055000000.0,1017600000000.0,394689000000.0,11661092000000.0,26314835000000.0,opendart,2026-05-18T14:32:08+09:00
20260401,034020,159616,2025,11011,CFS,17057876000000.0,762712000000.0,205163000000.0,12009370000000.0,27513223000000.0,opendart,2026-05-18T14:32:08+09:00
20250401,034120,130772,2024,11011,CFS,1046651436608.0,-19185289826.0,33778430764.0,906434619768.0,1512366601922.0,opendart,2026-05-18T14:32:08+09:00
20260401,034120,130772,2025,11011,CFS,1008457955402.0,18151260224.0,7925077907.0,1298196823993.0,2044005089985.0,opendart,2026-05-18T14:32:08+09:00
20250401,034220,105873,2024,11011,CFS,26615347000000.0,-560596000000.0,-2409300000000.0,8072807000000.0,32859566000000.0,opendart,2026-05-18T14:32:08+09:00
20260401,034220,105873,2025,11011,CFS,25810082000000.0,516977000000.0,303807000000.0,7839238000000.0,26916700000000.0,opendart,2026-05-18T14:32:08+09:00
20250401,034230,171265,2024,11011,CFS,1072108965111.0,136055145217.0,110693395334.0,2075202630542.0,3933768381301.0,opendart,2026-05-18T14:32:08+09:00
20260401,034230,171265,2025,11011,CFS,1149867026461.0,155816230766.0,144781456677.0,2212696135949.0,4080365472520.0,opendart,2026-05-18T14:32:08+09:00
20250401,034310,158316,2024,11011,CFS,131515694820.0,174263701108.0,100883643521.0,1392768409037.0,3521880947809.0,opendart,2026-05-18T14:32:08+09:00
20260401,034310,158316,2025,11011,CFS,3242560195759.0,198097014621.0,76572424408.0,1404485211551.0,3680345644320.0,opendart,2026-05-18T14:32:08+09:00
20250401,034590,145862,2024,11011,OFS,943613477823.0,19421916059.0,19271621612.0,223967087876.0,454680074452.0,opendart,2026-05-18T14:32:08+09:00
20260401,034590,145862,2025,11011,OFS,962994363377.0,19148972191.0,19167356858.0,238106011940.0,448496897355.0,opendart,2026-05-18T14:32:08+09:00
20250401,034730,181712,2024,11011,CFS,124690439000000.0,2355290000000.0,528810000000.0,80287536000000.0,214977754000000.0,opendart,2026-05-18T14:32:08+09:00
20260401,034730,181712,2025,11011,CFS,122703338000000.0,1818476000000.0,3555246000000.0,85691335000000.0,213519668000000.0,opendart,2026-05-18T14:32:08+09:00
20250401,034810,219361,2024,11011,CFS,2220427942778.0,71417635539.0,-3403242967.0,1347987638851.0,2592029582345.0,opendart,2026-05-18T14:32:08+09:00
20260401,034810,219361,2025,11011,CFS,2260078632205.0,41841478585.0,-44884964945.0,1288929938416.0,2591018293239.0,opendart,2026-05-18T14:32:08+09:00
20250401,034830,233653,2024,11011,CFS,236337804592.0,4102680762.0,-18860386903.0,958230240130.0,1832131544809.0,opendart,2026-05-18T14:32:08+09:00
20260401,034830,233653,2025,11011,CFS,184359776341.0,1858245164.0,19428046138.0,1037993971052.0,1990907621833.0,opendart,2026-05-18T14:32:08+09:00
20250401,034940,231831,2024,11011,CFS,62693744124.0,-9649407243.0,-10167885748.0,28560888330.0,71320036771.0,opendart,2026-05-18T14:32:08+09:00
20260401,034940,231831,2025,11011,CFS,59310981915.0,-6598459624.0,-7363415358.0,21766627791.0,64683059314.0,opendart,2026-05-18T14:32:08+09:00
20250401,034950,156956,2024,11011,CFS,104057473143.0,32680454148.0,28595822551.0,134783166184.0,175324999127.0,opendart,2026-05-18T14:32:08+09:00
20260401,034950,156956,2025,11011,CFS,109781324514.0,34339555609.0,29379523682.0,146019077956.0,187503476182.0,opendart,2026-05-18T14:32:08+09:00
20250401,035000,140168,2024,11011,CFS,554730448204.0,29573201909.0,22686451623.0,202921956513.0,553072913927.0,opendart,2026-05-18T14:32:08+09:00
20260401,035000,140168,2025,11011,CFS,483850786724.0,27495115023.0,17376986920.0,212035906350.0,507951999889.0,opendart,2026-05-18T14:32:08+09:00
20250401,035080,244561,2024,11011,CFS,3317910394761.0,-5512716880.0,-25955494157.0,782040648510.0,1737951356557.0,opendart,2026-05-18T14:32:08+09:00
20260401,035080,244561,2025,11011,CFS,3061593068748.0,-29581406856.0,-24705775927.0,723239057204.0,1746643370954.0,opendart,2026-05-18T14:32:08+09:00
20250401,035150,122551,2024,11011,CFS,496957597172.0,76531450918.0,59877386780.0,250366355972.0,457884953600.0,opendart,2026-05-18T14:32:08+09:00
20260401,035150,122551,2025,11011,CFS,504921990788.0,53601098786.0,33192565571.0,260615353030.0,446657454582.0,opendart,2026-05-18T14:32:08+09:00
20250401,035200,356389,2024,11011,CFS,29659703118.0,1624232382.0,1918249222.0,38779117804.0,43402243204.0,opendart,2026-05-18T14:32:08+09:00
20260401,035200,356389,2025,11011,CFS,25230889434.0,-443646135.0,1021790720.0,37978884946.0,41680469489.0,opendart,2026-05-18T14:32:08+09:00
20250401,035250,255619,2024,11011,CFS,1426862781802.0,285790454716.0,456893167585.0,3883662813757.0,4700641154570.0,opendart,2026-05-18T14:32:08+09:00
20260401,035250,255619,2025,11011,CFS,1476727048701.0,235311359166.0,318192728196.0,3964518835963.0,4845197185257.0,opendart,2026-05-18T14:32:08+09:00
20250401,035290,249502,2024,11011,OFS,9593956706.0,-486243638.0,61324607.0,12971734923.0,15859935324.0,opendart,2026-05-18T14:32:08+09:00
20260401,035290,249502,2025,11011,OFS,9019704769.0,-1877853222.0,-1474321263.0,11503761486.0,16544466943.0,opendart,2026-05-18T14:32:08+09:00
20250401,035420,266961,2024,11011,CFS,10737719264647.0,1979263438827.0,1931976372953.0,27000911848337.0,38167876036020.0,opendart,2026-05-18T14:32:08+09:00
20260401,035420,266961,2025,11011,CFS,12035007218975.0,2208138388720.0,1818746310015.0,28953013365595.0,41084496327318.0,opendart,2026-05-18T14:32:08+09:00
20250401,035460,258421,2024,11011,CFS,93077993766.0,4946654869.0,8091301786.0,52763147472.0,113278751875.0,opendart,2026-05-18T14:32:08+09:00
20260401,035460,258421,2025,11011,CFS,99473228556.0,8077508374.0,5795563458.0,66477259910.0,130233672166.0,opendart,2026-05-18T14:32:08+09:00
20250401,035510,219486,2024,11011,CFS,625716262145.0,36953168486.0,33848234391.0,408601289160.0,502933995272.0,opendart,2026-05-18T14:32:08+09:00
20260401,035510,219486,2025,11011,CFS,687200163879.0,49113030897.0,28339493283.0,433213266942.0,576387357994.0,opendart,2026-05-18T14:32:08+09:00
20250401,035600,264547,2024,11011,CFS,1354336925346.0,60992821197.0,44713847288.0,753545210474.0,1866391924938.0,opendart,2026-05-18T14:32:08+09:00
20260401,035600,264547,2025,11011,CFS,1358884614233.0,98558042415.0,57783387851.0,758220694106.0,1985094451263.0,opendart,2026-05-18T14:32:08+09:00
20250401,035610,249982,2024,11011,CFS,116081151319.0,21174221428.0,54349940875.0,285145408904.0,340724414992.0,opendart,2026-05-18T14:32:08+09:00
20260401,035610,249982,2025,11011,CFS,120651025450.0,24620979407.0,34523112787.0,311885742952.0,374525990937.0,opendart,2026-05-18T14:32:08+09:00
20250401,035620,259590,2024,11011,CFS,9488644875.0,-266076028.0,-5175167552.0,67421632577.0,111166407353.0,opendart,2026-05-18T14:32:08+09:00
20260401,035620,259590,2025,11011,CFS,11603958770.0,-2276213982.0,-6893362078.0,58381781371.0,102888264494.0,opendart,2026-05-18T14:32:08+09:00
20250401,035720,258801,2024,11011,CFS,7871692199887.0,460212161525.0,-161870567171.0,13942894159737.0,25773028304462.0,opendart,2026-05-18T14:32:08+09:00
20260401,035720,258801,2025,11011,CFS,8099147815086.0,732036535379.0,517959587282.0,15224922016050.0,27783524545811.0,opendart,2026-05-18T14:32:08+09:00
20250401,035760,265324,2024,11011,CFS,5231360073502.0,104478244497.0,-580847429608.0,3678070719057.0,9316636930911.0,opendart,2026-05-18T14:32:08+09:00
20260401,035760,265324,2025,11011,CFS,5134511101925.0,132887741945.0,17013682266.0,3445841457803.0,8666766089199.0,opendart,2026-05-18T14:32:08+09:00
20250401,035810,242378,2024,11011,CFS,3284975746816.0,123396227384.0,35095679171.0,1206545906491.0,2855885536721.0,opendart,2026-05-18T14:32:08+09:00
20260401,035810,242378,2025,11011,CFS,3388904350275.0,151350122116.0,69251242722.0,1235439344107.0,2896618126429.0,opendart,2026-05-18T14:32:08+09:00
20250401,035890,219848,2024,11011,CFS,1473606222319.0,235743001764.0,159284478910.0,973788086702.0,1540590467352.0,opendart,2026-05-18T14:32:08+09:00
20260401,035890,219848,2025,11011,CFS,1100130344137.0,144388838105.0,120601252773.0,1085732219460.0,1623933171319.0,opendart,2026-05-18T14:32:08+09:00
20250401,035900,258689,2024,11011,CFS,601787883332.0,128262269240.0,97714913917.0,482881501386.0,678782059891.0,opendart,2026-05-18T14:32:08+09:00
20260401,035900,258689,2025,11011,CFS,821854634614.0,155246094076.0,160563476080.0,624947719298.0,851090190178.0,opendart,2026-05-18T14:32:08+09:00
20250401,036000,259934,2024,11011,CFS,17006087064.0,-4899033005.0,-21965161735.0,178095978305.0,197005789464.0,opendart,2026-05-18T14:32:08+09:00
20260401,036000,259934,2025,11011,OFS,10258304518.0,-1420156697.0,126194760137.0,255846469750.0,300699923430.0,opendart,2026-05-18T14:32:08+09:00
20250401,036010,138598,2024,11011,CFS,120929975441.0,-4876861940.0,-5822800534.0,107216639233.0,142543980828.0,opendart,2026-05-18T14:32:08+09:00
20260401,036010,138598,2025,11011,CFS,133852502966.0,8313696930.0,9521504401.0,116733026025.0,152985921922.0,opendart,2026-05-18T14:32:08+09:00
20250401,036030,260958,2024,11011,OFS,388170405304.0,24595319091.0,19674888094.0,261271227086.0,462127925830.0,opendart,2026-05-18T14:32:08+09:00
20260401,036030,260958,2025,11011,OFS,395886247409.0,44161873807.0,43644345430.0,303073655507.0,495895985784.0,opendart,2026-05-18T14:32:08+09:00
20250401,036090,258360,2024,11011,CFS,357760554634.0,13846626885.0,1671590407.0,322220286866.0,562412300549.0,opendart,2026-05-18T14:32:08+09:00
20260401,036090,258360,2025,11011,CFS,483026164741.0,25839567046.0,23960937834.0,406073934521.0,679926616634.0,opendart,2026-05-18T14:32:08+09:00
20250401,036120,260745,2024,11011,CFS,38082158968.0,5160192153.0,2689556045.0,30646847797.0,36729652472.0,opendart,2026-05-18T14:32:08+09:00
20260401,036120,260745,2025,11011,CFS,41257827184.0,6757649441.0,6794963948.0,35417366085.0,41758422860.0,opendart,2026-05-18T14:32:08+09:00
20250401,036170,232821,2024,11011,OFS,15162909359.0,318104254.0,5512578099.0,123979650021.0,125112174224.0,opendart,2026-05-18T14:32:08+09:00
20260401,036170,232821,2025,11011,CFS,31707375183.0,2367143405.0,10910332774.0,134939342254.0,162859122159.0,opendart,2026-05-18T14:32:08+09:00
20250401,036180,257149,2024,11011,CFS,28073608285.0,-10815749306.0,-13259816035.0,32796274720.0,53664535691.0,opendart,2026-05-18T14:32:08+09:00
20250401,036190,176516,2024,11011,CFS,340226854764.0,36198289191.0,40039278761.0,360921043276.0,461784662209.0,opendart,2026-05-18T14:32:08+09:00
20260401,036190,176516,2025,11011,CFS,423433500797.0,43801481164.0,30591844321.0,385157747236.0,490634810673.0,opendart,2026-05-18T14:32:08+09:00
20250401,036200,260569,2024,11011,CFS,218160735643.0,9974310432.0,15504799224.0,228299924242.0,263051494884.0,opendart,2026-05-18T14:32:08+09:00
20260401,036200,260569,2025,11011,CFS,273330435300.0,10901847307.0,8964739747.0,243606948375.0,282810733794.0,opendart,2026-05-18T14:32:08+09:00
20250401,036220,260657,2024,11011,CFS,80488364604.0,-24784976694.0,-11391203913.0,286017981301.0,295000202043.0,opendart,2026-05-18T14:32:08+09:00
20260401,036220,260657,2025,11011,CFS,128628728661.0,2426328739.0,3106565420.0,281318802819.0,336205562297.0,opendart,2026-05-18T14:32:08+09:00
20250401,036420,203315,2024,11011,CFS,879462982938.0,-47378983753.0,-91903478981.0,568935923135.0,2758664473521.0,opendart,2026-05-18T14:32:08+09:00
20260401,036420,203315,2025,11011,CFS,1083288419056.0,8844995426.0,-93139692457.0,596161343149.0,2490910514038.0,opendart,2026-05-18T14:32:08+09:00
20250401,036460,261285,2024,11011,CFS,38388740000000.0,3003363000000.0,1148985000000.0,10826356000000.0,57669637000000.0,opendart,2026-05-18T14:32:08+09:00
20260401,036460,261285,2025,11011,CFS,35727336000000.0,2101151000000.0,132251000000.0,10798925000000.0,53627847000000.0,opendart,2026-05-18T14:32:08+09:00
20250401,036480,177320,2024,11011,OFS,23803929086.0,-1551719611.0,-1769362731.0,35149367374.0,58379168019.0,opendart,2026-05-18T14:32:08+09:00
20260401,036480,177320,2025,11011,OFS,25988810012.0,714269442.0,598188050.0,35421462672.0,57979205426.0,opendart,2026-05-18T14:32:08+09:00
20250401,036530,225159,2024,11011,CFS,1820513622453.0,231159021166.0,246510750990.0,2133189519610.0,2832564017795.0,opendart,2026-05-18T14:32:08+09:00
20260401,036530,225159,2025,11011,CFS,2235693848887.0,300655857307.0,219670520931.0,2393211855066.0,3262277587123.0,opendart,2026-05-18T14:32:08+09:00
20250401,036540,301246,2024,11011,CFS,400482861805.0,-31004226.0,20458863208.0,497907590933.0,623485659906.0,opendart,2026-05-18T14:32:08+09:00
20260401,036540,301246,2025,11011,CFS,367389147993.0,-19626671175.0,-19130997781.0,472827187628.0,549454597885.0,opendart,2026-05-18T14:32:08+09:00
20250401,036560,141389,2024,11011,OFS,112713189198.0,15202848992.0,19199161723.0,482375961342.0,604447836328.0,opendart,2026-05-18T14:32:08+09:00
20260401,036560,141389,2025,11011,OFS,110512771845.0,10180084478.0,9303093069.0,581167526018.0,734007614682.0,opendart,2026-05-18T14:32:08+09:00
20250401,036570,261443,2024,11011,CFS,1578123132867.0,-109215374026.0,94115833907.0,3063588634574.0,3953941191414.0,opendart,2026-05-18T14:32:08+09:00
20260401,036570,261443,2025,11011,CFS,1506925065850.0,16078426029.0,347421554268.0,3370430829195.0,4333140469623.0,opendart,2026-05-18T14:32:08+09:00
20250401,036580,260408,2024,11011,CFS,1574634584892.0,53939257120.0,-70193028121.0,162609198302.0,1149384209788.0,opendart,2026-05-18T14:32:08+09:00
20260401,036580,260408,2025,11011,CFS,1554134933701.0,80207115334.0,41799360104.0,223353369369.0,1073411058408.0,opendart,2026-05-18T14:32:08+09:00
20250401,036620,261009,2024,11011,OFS,220396656168.0,36053423698.0,29259595007.0,112447789446.0,154311869923.0,opendart,2026-05-18T14:32:08+09:00
20260401,036620,261009,2025,11011,OFS,250195090117.0,44631054064.0,35417260132.0,133957581675.0,184823626775.0,opendart,2026-05-18T14:32:08+09:00
20250401,036630,268002,2024,11011,CFS,371390754350.0,-12136039289.0,-33191927184.0,270086047406.0,494009116106.0,opendart,2026-05-18T14:32:08+09:00
20260401,036630,268002,2025,11011,CFS,284195339074.0,-10752773678.0,8009050060.0,172990326958.0,355959702129.0,opendart,2026-05-18T14:32:08+09:00
20250401,036640,230911,2024,11011,CFS,80234100280.0,14940303815.0,15109839930.0,122643203451.0,135813546382.0,opendart,2026-05-18T14:32:08+09:00
20260401,036640,230911,2025,11011,CFS,78910003465.0,13417972161.0,13525622447.0,129649419557.0,142539922526.0,opendart,2026-05-18T14:32:08+09:00
20250401,036670,265041,2024,11011,OFS,110184780128.0,15021799262.0,14713152964.0,118486995967.0,136176478735.0,opendart,2026-05-18T14:32:08+09:00
20260401,036670,265041,2025,11011,OFS,116839597551.0,10893690098.0,9742698115.0,125529500726.0,144227657162.0,opendart,2026-05-18T14:32:08+09:00
20250401,036690,268118,2024,11011,CFS,117161884091.0,-12335797653.0,-16796298127.0,26207157287.0,108443858197.0,opendart,2026-05-18T14:32:08+09:00
20260401,036690,268118,2025,11011,CFS,85126354242.0,-14175346003.0,-15117560666.0,10947343674.0,93400414061.0,opendart,2026-05-18T14:32:08+09:00
20250401,036710,152127,2024,11011,CFS,1302111613999.0,-131512573158.0,-112319134785.0,278656340332.0,1469299011962.0,opendart,2026-05-18T14:32:08+09:00
20260401,036710,152127,2025,11011,CFS,1528084012715.0,-34264413583.0,-151085741073.0,373911861641.0,1596446603155.0,opendart,2026-05-18T14:32:08+09:00
20250401,036800,264945,2024,11011,CFS,975137479129.0,39874639225.0,37651588775.0,385856252789.0,1122561063334.0,opendart,2026-05-18T14:32:08+09:00
20260401,036800,264945,2025,11011,CFS,1094683988076.0,55292809712.0,45225881269.0,437666418098.0,1196040535411.0,opendart,2026-05-18T14:32:08+09:00
20250401,036810,223434,2024,11011,CFS,237408450542.0,2287271800.0,-1637674189.0,244135781322.0,506143782379.0,opendart,2026-05-18T14:32:08+09:00
20260401,036810,223434,2025,11011,CFS,280262733555.0,-546526969.0,-14329719293.0,242315300541.0,540070062623.0,opendart,2026-05-18T14:32:08+09:00
20250401,036830,247975,2024,11011,CFS,515379498506.0,85313447432.0,55741024111.0,1491135593963.0,1996621270968.0,opendart,2026-05-18T14:32:08+09:00
20260401,036830,247975,2025,11011,CFS,556646781397.0,8859913929.0,495558016939.0,1947608602973.0,2658817185091.0,opendart,2026-05-18T14:32:08+09:00
20250401,036890,174208,2024,11011,CFS,390515286432.0,24441981984.0,20961082240.0,262294164990.0,455354545266.0,opendart,2026-05-18T14:32:08+09:00
20260401,036890,174208,2025,11011,CFS,463820413148.0,47942987124.0,32643052549.0,297533691962.0,514178422526.0,opendart,2026-05-18T14:32:08+09:00
20250401,036930,252135,2024,11011,CFS,409393371588.0,97196211588.0,106814110967.0,566590299600.0,986824795276.0,opendart,2026-05-18T14:32:08+09:00
20260401,036930,252135,2025,11011,CFS,310692584812.0,31257811742.0,35693416702.0,590456566398.0,887892914256.0,opendart,2026-05-18T14:32:08+09:00
20250401,037030,231354,2024,11011,CFS,322684545519.0,13304929564.0,12804573780.0,264057981028.0,479966825260.0,opendart,2026-05-18T14:32:08+09:00
20260401,037030,231354,2025,11011,CFS,447036915403.0,24607601581.0,21335464443.0,334503382800.0,583813968667.0,opendart,2026-05-18T14:32:08+09:00
20250401,037070,238153,2024,11011,OFS,157757027360.0,-16805960197.0,-16777211028.0,82920809493.0,120189902435.0,opendart,2026-05-18T14:32:08+09:00
20260401,037070,238153,2025,11011,OFS,167909772380.0,3300899727.0,3701214003.0,85586759952.0,110766145071.0,opendart,2026-05-18T14:32:08+09:00
20250401,037230,198192,2024,11011,OFS,225600709096.0,6793927118.0,1242963263.0,107632455374.0,226377140340.0,opendart,2026-05-18T14:32:08+09:00
20260401,037230,198192,2025,11011,OFS,224078895876.0,9944566716.0,5691742442.0,111884714485.0,219425207451.0,opendart,2026-05-18T14:32:08+09:00
20250401,037270,249247,2024,11011,CFS,184902894051.0,-732390107.0,1996641109.0,169246537581.0,237801884923.0,opendart,2026-05-18T14:32:08+09:00
20260401,037270,249247,2025,11011,CFS,236047405109.0,32334952815.0,23616507038.0,193698898860.0,272554219719.0,opendart,2026-05-18T14:32:08+09:00
20250401,037330,265421,2024,11011,CFS,732669239767.0,10929198494.0,-1264609446.0,201666714763.0,484213635716.0,opendart,2026-05-18T14:32:08+09:00
20260401,037330,265421,2025,11011,CFS,721813553316.0,17103063887.0,9748402010.0,213421934141.0,482177886521.0,opendart,2026-05-18T14:32:08+09:00
20250401,037350,216498,2024,11011,CFS,999611416620.0,27296131094.0,15309069796.0,242433814116.0,666090425493.0,opendart,2026-05-18T14:32:08+09:00
20260401,037350,216498,2025,11011,CFS,743406393090.0,57697884783.0,28154275616.0,274045024321.0,601886642163.0,opendart,2026-05-18T14:32:08+09:00
20250401,037370,261054,2024,11011,CFS,65213324318.0,-5466140843.0,-6749248974.0,26779987984.0,151951948568.0,opendart,2026-05-18T14:32:08+09:00
20260401,037370,261054,2025,11011,CFS,62750627943.0,-2165701772.0,-7676978839.0,23166205179.0,151597052789.0,opendart,2026-05-18T14:32:08+09:00
20250401,037400,155692,2024,11011,CFS,1259137007585.0,16246727596.0,8781843817.0,339656113215.0,704985509896.0,opendart,2026-05-18T14:32:08+09:00
20260401,037400,155692,2025,11011,CFS,1065217107540.0,1140597031.0,-10226221939.0,331123933095.0,858450915786.0,opendart,2026-05-18T14:32:08+09:00
20250401,037440,236863,2024,11011,CFS,240961112012.0,15279029083.0,13428368271.0,82129572177.0,208298373907.0,opendart,2026-05-18T14:32:08+09:00
20260401,037440,236863,2025,11011,CFS,231872921949.0,9141380776.0,7815926548.0,87492992013.0,211798543842.0,opendart,2026-05-18T14:32:08+09:00
20250401,037460,128315,2024,11011,CFS,3359681220937.0,115613198250.0,94101246232.0,640230666587.0,1201881762849.0,opendart,2026-05-18T14:32:08+09:00
20260401,037460,128315,2025,11011,CFS,4291096557599.0,162447915281.0,118349095866.0,744671855207.0,1825577701009.0,opendart,2026-05-18T14:32:08+09:00
20250401,037560,222532,2024,11011,CFS,1196435375181.0,13472973352.0,-106228495334.0,444085285409.0,1243517604881.0,opendart,2026-05-18T14:32:08+09:00
20260401,037560,222532,2025,11011,CFS,1265651619684.0,18730193260.0,1780517603.0,452657942525.0,1265815637408.0,opendart,2026-05-18T14:32:08+09:00
20250401,037710,220561,2024,11011,OFS,183575423411.0,52327661202.0,46175693509.0,837120198750.0,1228084126118.0,opendart,2026-05-18T14:32:08+09:00
20260401,037710,220561,2025,11011,OFS,184210548361.0,52472202633.0,44466516133.0,865233394114.0,1262824178148.0,opendart,2026-05-18T14:32:08+09:00
20250401,037760,239596,2024,11011,CFS,132439879532.0,3260971781.0,-735941642.0,100002060924.0,200926235633.0,opendart,2026-05-18T14:32:08+09:00
20260401,037760,239596,2025,11011,CFS,126987862521.0,-1083487980.0,-5912613979.0,97853173944.0,222592550429.0,opendart,2026-05-18T14:32:08+09:00
20250401,037950,242712,2024,11011,CFS,57384537439.0,3555446608.0,4539527002.0,72515491814.0,83213523150.0,opendart,2026-05-18T14:32:08+09:00
20260401,037950,242712,2025,11011,CFS,46291152553.0,2217156372.0,1964475179.0,74596055967.0,87321821658.0,opendart,2026-05-18T14:32:08+09:00
20250401,038010,148595,2024,11011,CFS,183926463645.0,20689010701.0,20975529937.0,132702407274.0,177459517483.0,opendart,2026-05-18T14:32:08+09:00
20260401,038010,148595,2025,11011,CFS,133579370211.0,7141802513.0,10221141565.0,142536370399.0,179514853143.0,opendart,2026-05-18T14:32:08+09:00
20250401,038060,406329,2024,11011,CFS,174227991930.0,-1620317061.0,8836564928.0,111439312894.0,168317321700.0,opendart,2026-05-18T14:32:08+09:00
20260401,038060,406329,2025,11011,CFS,175538081725.0,-5026078971.0,-6651372956.0,105936884258.0,156110248230.0,opendart,2026-05-18T14:32:08+09:00
20250401,038070,373447,2024,11011,CFS,75410358630.0,952670448.0,3140248205.0,86872474357.0,101524815567.0,opendart,2026-05-18T14:32:08+09:00
20260401,038070,373447,2025,11011,CFS,77091299573.0,691623464.0,573749467.0,86051686774.0,118797947934.0,opendart,2026-05-18T14:32:08+09:00
20250401,038110,139153,2024,11011,CFS,2255119700370.0,32889283467.0,13213450353.0,228274584286.0,1307174745967.0,opendart,2026-05-18T14:32:08+09:00
20260401,038110,139153,2025,11011,CFS,2562025593000.0,35744891000.0,1990934000.0,359728114000.0,1696948724000.0,opendart,2026-05-18T14:32:08+09:00
20250401,038290,261373,2024,11011,CFS,135776658229.0,-6464344515.0,-7783573850.0,177427276009.0,329660011595.0,opendart,2026-05-18T14:32:08+09:00
20260401,038290,261373,2025,11011,CFS,195267890603.0,181079257.0,-201666165.0,172307748915.0,351624587019.0,opendart,2026-05-18T14:32:08+09:00
20250401,038340,215976,2024,11011,CFS,33734403770.0,-5447527972.0,-4525119707.0,16762253424.0,39631631969.0,opendart,2026-05-18T14:32:08+09:00
20260401,038340,215976,2025,11011,CFS,39047765255.0,-1699224362.0,-3136394455.0,13669970820.0,37845195138.0,opendart,2026-05-18T14:32:08+09:00
20250401,038390,261355,2024,11011,CFS,358876963707.0,43565664081.0,20249615765.0,215676545461.0,697234577881.0,opendart,2026-05-18T14:32:08+09:00
20260401,038390,261355,2025,11011,CFS,365552937696.0,46775282613.0,23682586713.0,201266769061.0,710291517359.0,opendart,2026-05-18T14:32:08+09:00
20250401,038460,240857,2024,11011,CFS,484309653002.0,20235103005.0,1055302880.0,156448510624.0,262842630234.0,opendart,2026-05-18T14:32:08+09:00
20260401,038460,240857,2025,11011,CFS,482775592982.0,22569241564.0,8986071392.0,187656992454.0,309881100162.0,opendart,2026-05-18T14:32:08+09:00
20250401,038500,239639,2024,11011,CFS,790786523331.0,103930124574.0,66099929851.0,756213299450.0,1485067226446.0,opendart,2026-05-18T14:32:08+09:00
20260401,038500,239639,2025,11011,CFS,676926715424.0,76583468141.0,40803560450.0,786264967445.0,1446731199428.0,opendart,2026-05-18T14:32:08+09:00
20250401,038530,255105,2024,11011,CFS,76514272757.0,793171265.0,-9993359328.0,107082344005.0,117148991945.0,opendart,2026-05-18T14:32:08+09:00
20260401,038530,255105,2025,11011,CFS,87311777137.0,1522466847.0,-5043404526.0,102280756125.0,118841882310.0,opendart,2026-05-18T14:32:08+09:00
20250401,038540,306162,2024,11011,CFS,870250386459.0,-214829324595.0,-215053660216.0,570267727110.0,5104241131417.0,opendart,2026-05-18T14:32:08+09:00
20260401,038540,306162,2025,11011,CFS,418561194722.0,-48213058666.0,-123083856988.0,467091038462.0,4517784072877.0,opendart,2026-05-18T14:32:08+09:00
20250401,038620,264228,2024,11011,CFS,104651520953.0,2790810913.0,1086244963.0,89353477095.0,111624846722.0,opendart,2026-05-18T14:32:08+09:00
20260401,038620,264228,2025,11011,CFS,112636294223.0,2490161826.0,4669088030.0,97617482822.0,115967606768.0,opendart,2026-05-18T14:32:08+09:00
20250401,038680,264635,2024,11011,CFS,449926579298.0,10655980861.0,6663894423.0,111323900915.0,260029318243.0,opendart,2026-05-18T14:32:08+09:00
20260401,038680,264635,2025,11011,CFS,457407231243.0,10660299090.0,5026623942.0,116250047762.0,251380973811.0,opendart,2026-05-18T14:32:08+09:00
20250401,038870,287812,2024,11011,CFS,18020084141.0,-2361295773.0,-5464340440.0,81060659709.0,118346223804.0,opendart,2026-05-18T14:32:08+09:00
20260401,038870,287812,2025,11011,CFS,17239542508.0,-2661274618.0,-7304588156.0,73756293329.0,107634063774.0,opendart,2026-05-18T14:32:08+09:00
20250401,038880,252269,2024,11011,CFS,50722605792.0,-6441112791.0,-26030752034.0,79314068509.0,144406552899.0,opendart,2026-05-18T14:32:08+09:00
20260401,038880,252269,2025,11011,CFS,41182705121.0,-7318500845.0,-44538846085.0,58900564830.0,105816148953.0,opendart,2026-05-18T14:32:08+09:00
20250401,038950,264732,2024,11011,CFS,70801421344.0,-4578073462.0,-1590396936.0,96542256056.0,107567274959.0,opendart,2026-05-18T14:32:08+09:00
20260401,038950,264732,2025,11011,CFS,62850108669.0,-4583231436.0,-1215379073.0,95052431957.0,103392699064.0,opendart,2026-05-18T14:32:08+09:00
20250401,039010,255044,2024,11011,OFS,168906637340.0,11055985739.0,13933553612.0,99707900228.0,139467597583.0,opendart,2026-05-18T14:32:08+09:00
20260401,039010,255044,2025,11011,CFS,153333115485.0,7014916588.0,10623056170.0,106825759600.0,141946537572.0,opendart,2026-05-18T14:32:08+09:00
20250401,039020,184889,2024,11011,CFS,497372679636.0,6560017886.0,-16095775861.0,365048917851.0,785914926822.0,opendart,2026-05-18T14:32:08+09:00
20260401,039020,184889,2025,11011,CFS,447114517033.0,-1242672630.0,-11321473587.0,358775219214.0,734413820920.0,opendart,2026-05-18T14:32:08+09:00
20250401,039030,246417,2024,11011,CFS,320945496298.0,31201085341.0,42670270031.0,603031420844.0,653015311226.0,opendart,2026-05-18T14:32:08+09:00
20260401,039030,246417,2025,11011,CFS,380890608578.0,80753274993.0,57564773290.0,687899216493.0,777751432327.0,opendart,2026-05-18T14:32:08+09:00
20250401,039130,269940,2024,11011,CFS,616606993658.0,50919001973.0,99079352536.0,180536987571.0,668789503298.0,opendart,2026-05-18T14:32:08+09:00
20260401,039130,269940,2025,11011,CFS,586902971424.0,57626875763.0,48091672930.0,167123092679.0,657531604606.0,opendart,2026-05-18T14:32:08+09:00
20250401,039200,263654,2024,11011,CFS,34007602680.0,-2733857885.0,-1589923760.0,132359641489.0,170778209860.0,opendart,2026-05-18T14:32:08+09:00
20260401,039200,263654,2025,11011,CFS,99838669222.0,52081332705.0,54396875656.0,186847579442.0,229853200876.0,opendart,2026-05-18T14:32:08+09:00
20250401,039240,206039,2024,11011,OFS,395490089089.0,9448034025.0,7454872058.0,112221946535.0,167702734273.0,opendart,2026-05-18T14:32:08+09:00
20260401,039240,206039,2025,11011,OFS,357139177502.0,5957941620.0,4632837436.0,113953171961.0,159149627172.0,opendart,2026-05-18T14:32:08+09:00
20250401,039290,243757,2024,11011,CFS,136860866539.0,-5132517508.0,-3737164281.0,71781907237.0,96927360648.0,opendart,2026-05-18T14:32:08+09:00
20260401,039290,243757,2025,11011,CFS,135095512373.0,-4204611365.0,-4692305630.0,67481457860.0,96790824858.0,opendart,2026-05-18T14:32:08+09:00
20250401,039310,264671,2024,11011,OFS,37305979168.0,418218295.0,1813401818.0,102116366551.0,117292161120.0,opendart,2026-05-18T14:32:08+09:00
20260401,039310,264671,2025,11011,OFS,35627831088.0,-1032176903.0,-2750222154.0,99265865002.0,115109241353.0,opendart,2026-05-18T14:32:08+09:00
20250401,039340,263371,2024,11011,CFS,605458838.0,1130184199.0,8451296388.0,151254264022.0,171752395663.0,opendart,2026-05-18T14:32:08+09:00
20260401,039340,263371,2025,11011,CFS,553883787.0,-2375020915.0,2790796028.0,147810166493.0,167245064889.0,opendart,2026-05-18T14:32:08+09:00
20250401,039420,246620,2024,11011,CFS,50168319447.0,9970528422.0,8939508181.0,60163966769.0,66483193487.0,opendart,2026-05-18T14:32:08+09:00
20260401,039420,246620,2025,11011,CFS,47574645489.0,10482717697.0,10056284512.0,67238004068.0,76367028807.0,opendart,2026-05-18T14:32:08+09:00
20250401,039440,298340,2024,11011,CFS,334022337411.0,27287364136.0,27141396314.0,260790332315.0,368766153343.0,opendart,2026-05-18T14:32:08+09:00
20260401,039440,298340,2025,11011,CFS,328058707879.0,19718973861.0,15417982866.0,286972864255.0,366268498846.0,opendart,2026-05-18T14:32:08+09:00
20250401,039490,296290,2024,11011,CFS,11280306577010.0,166402364231.0,834883309831.0,5631874937999.0,55688423730459.0,opendart,2026-05-18T14:32:08+09:00
20260401,039490,296290,2025,11011,CFS,17121703940748.0,181447084058.0,1114974212697.0,6722405133984.0,81173768149523.0,opendart,2026-05-18T14:32:08+09:00
20250401,039560,268251,2024,11011,CFS,337610735908.0,-8280861429.0,-22209534699.0,323712093180.0,621409619500.0,opendart,2026-05-18T14:32:08+09:00
20260401,039560,268251,2025,11011,CFS,541777680410.0,38479275179.0,4191427824.0,343678805672.0,615660836728.0,opendart,2026-05-18T14:32:08+09:00
20250401,039570,350312,2024,11011,CFS,628807776981.0,6401720348.0,18975535063.0,267505128726.0,438161253186.0,opendart,2026-05-18T14:32:08+09:00
20260401,039570,350312,2025,11011,CFS,645728085876.0,10637118275.0,12262930001.0,266867252376.0,441412758024.0,opendart,2026-05-18T14:32:08+09:00
20250401,039610,217743,2024,11011,CFS,91263944666.0,7963490108.0,7102994731.0,94538169255.0,130853121273.0,opendart,2026-05-18T14:32:08+09:00
20260401,039610,217743,2025,11011,CFS,81448684458.0,-1648107800.0,-1966197176.0,94374776670.0,128787513223.0,opendart,2026-05-18T14:32:08+09:00
20250401,039740,261957,2024,11011,CFS,194097605759.0,617465379.0,3319037666.0,50739862091.0,89598928057.0,opendart,2026-05-18T14:32:08+09:00
20260401,039740,261957,2025,11011,CFS,146286069658.0,419582410.0,1754115278.0,52856678787.0,111391219175.0,opendart,2026-05-18T14:32:08+09:00
20250401,039830,141556,2024,11011,CFS,275696090137.0,30971652389.0,4159522263.0,153205924813.0,565733440071.0,opendart,2026-05-18T14:32:08+09:00
20260401,039830,141556,2025,11011,CFS,328079971298.0,44479974147.0,21019291720.0,177843671658.0,582524010741.0,opendart,2026-05-18T14:32:08+09:00
20250401,039840,115931,2024,11011,CFS,119649873058.0,-40735380810.0,-41320154654.0,204113830109.0,343330045518.0,opendart,2026-05-18T14:32:08+09:00
20260401,039840,115931,2025,11011,CFS,164077830292.0,10104797840.0,-1363455464.0,191683147044.0,328467730338.0,opendart,2026-05-18T14:32:08+09:00
20250401,039860,230425,2024,11011,CFS,30464019321.0,620865224.0,3585804452.0,73994475555.0,79006525914.0,opendart,2026-05-18T14:32:08+09:00
20260401,039860,230425,2025,11011,CFS,38130262567.0,1101528344.0,1580208358.0,90978546176.0,98005251814.0,opendart,2026-05-18T14:32:08+09:00
20250401,039980,369213,2024,11011,OFS,53068929661.0,-1311143643.0,1115089782.0,95658472076.0,115959879822.0,opendart,2026-05-18T14:32:08+09:00
20260401,039980,369213,2025,11011,OFS,43636226860.0,-4689716221.0,-782993644.0,94977924384.0,106953014956.0,opendart,2026-05-18T14:32:08+09:00
20250401,040160,269889,2024,11011,CFS,129314325926.0,-8153266432.0,-4404635225.0,77517809971.0,161414038766.0,opendart,2026-05-18T14:32:08+09:00
20260401,040160,269889,2025,11011,CFS,101571127227.0,-6086630452.0,-6665576227.0,70655470058.0,153564759629.0,opendart,2026-05-18T14:32:08+09:00
20250401,040300,200275,2024,11011,OFS,131178008252.0,-26675495489.0,-18613552547.0,222602998256.0,350893967406.0,opendart,2026-05-18T14:32:08+09:00
20260401,040300,200275,2025,11011,OFS,134193072979.0,-13601524449.0,-14187613193.0,230446791526.0,349994207376.0,opendart,2026-05-18T14:32:08+09:00
20250401,040350,346407,2024,11011,CFS,8157056644.0,-5653531364.0,-13878517939.0,50393346954.0,91503437327.0,opendart,2026-05-18T14:32:08+09:00
20260401,040350,346407,2025,11011,CFS,10861107272.0,-6409391888.0,-8549556244.0,47214013849.0,88916566688.0,opendart,2026-05-18T14:32:08+09:00
20250401,040420,287788,2024,11011,CFS,105846169339.0,10120657844.0,7606095746.0,84192180559.0,104591202504.0,opendart,2026-05-18T14:32:08+09:00
20260401,040420,287788,2025,11011,CFS,103051215889.0,9766490992.0,6639353826.0,83431293381.0,103209670429.0,opendart,2026-05-18T14:32:08+09:00
20250401,040610,264714,2024,11011,CFS,50762457794.0,6411588800.0,16183278060.0,380538565211.0,453424090839.0,opendart,2026-05-18T14:32:08+09:00
20260401,040610,264714,2025,11011,CFS,47697024082.0,3673192861.0,27196934295.0,416653416833.0,488759326992.0,opendart,2026-05-18T14:32:08+09:00
20250401,040910,298377,2024,11011,CFS,147615670947.0,-26684100904.0,-28302351242.0,97012260053.0,191149953618.0,opendart,2026-05-18T14:32:08+09:00
20260401,040910,298377,2025,11011,CFS,197041477697.0,4452297110.0,-1982766035.0,98476979759.0,144397432698.0,opendart,2026-05-18T14:32:08+09:00
20250401,041020,269852,2024,11011,CFS,2770905031.0,4802387652.0,18628497281.0,434059921390.0,519766111571.0,opendart,2026-05-18T14:32:08+09:00
20260401,041020,269852,2025,11011,CFS,1412306912.0,9119400649.0,13476024051.0,502894789118.0,644668196602.0,opendart,2026-05-18T14:32:08+09:00
20250401,041190,231664,2024,11011,CFS,192251177787.0,32744644.0,147737745200.0,666204353780.0,803794115678.0,opendart,2026-05-18T14:32:08+09:00
20260401,041190,231664,2025,11011,CFS,162866987251.0,2556992.0,110544592503.0,776446471366.0,940958568820.0,opendart,2026-05-18T14:32:08+09:00
20250401,041440,228536,2024,11011,CFS,355118376929.0,9949577923.0,6580511557.0,188274190697.0,296533655008.0,opendart,2026-05-18T14:32:08+09:00
20260401,041440,228536,2025,11011,CFS,289586707208.0,5407238429.0,4642755213.0,191708351289.0,295123017390.0,opendart,2026-05-18T14:32:08+09:00
20250401,041460,361169,2024,11011,CFS,37086529359.0,4724845238.0,3951063529.0,60613999564.0,81451522650.0,opendart,2026-05-18T14:32:08+09:00
20260401,041460,361169,2025,11011,CFS,36746209552.0,6726887202.0,4662899834.0,64688853208.0,86427992326.0,opendart,2026-05-18T14:32:08+09:00
20250401,041510,260930,2024,11011,CFS,989725343114.0,87296655446.0,818849820.0,829079862089.0,1419108143782.0,opendart,2026-05-18T14:32:08+09:00
20260401,041510,260930,2025,11011,CFS,1174934814159.0,183033876467.0,359364113602.0,1358745854879.0,2007711293863.0,opendart,2026-05-18T14:32:08+09:00
20250401,041520,137289,2024,11011,CFS,29234744853.0,-4682302937.0,-267314517.0,179779629706.0,189660528776.0,opendart,2026-05-18T14:32:08+09:00
20260401,041520,137289,2025,11011,CFS,37888100006.0,-900650522.0,8259069415.0,173025297898.0,182458043820.0,opendart,2026-05-18T14:32:08+09:00
20250401,041590,297448,2024,11011,CFS,14163976744.0,-11146206670.0,-5605360648.0,40863601357.0,50568407133.0,opendart,2026-05-18T14:32:08+09:00
20260401,041590,297448,2025,11011,CFS,18005218335.0,-1961789605.0,300410055.0,41373214020.0,47079825001.0,opendart,2026-05-18T14:32:08+09:00
20250401,041650,129642,2024,11011,CFS,578555061212.0,20646142654.0,17388553000.0,232637650656.0,591078392906.0,opendart,2026-05-18T14:32:08+09:00
20260401,041650,129642,2025,11011,CFS,542260553063.0,-1358122964.0,-12021082057.0,219147952913.0,557807152421.0,opendart,2026-05-18T14:32:08+09:00
20250401,041830,269922,2024,11011,CFS,204464835870.0,36738754637.0,32707095037.0,273904819027.0,305816655627.0,opendart,2026-05-18T14:32:08+09:00
20260401,041830,269922,2025,11011,CFS,233948308378.0,36752659433.0,29987584385.0,319788882815.0,361061686085.0,opendart,2026-05-18T14:32:08+09:00
20250401,041910,463342,2024,11011,OFS,59602371962.0,175958626.0,3947862011.0,128582659933.0,134450888144.0,opendart,2026-05-18T14:32:08+09:00
20260401,041910,463342,2025,11011,OFS,55543076772.0,3188673368.0,6160941850.0,135927147012.0,195928871523.0,opendart,2026-05-18T14:32:08+09:00
20250401,041920,273439,2024,11011,CFS,57038971899.0,1309225935.0,6212040496.0,127795923895.0,139558595671.0,opendart,2026-05-18T14:32:08+09:00
20260401,041920,273439,2025,11011,CFS,64944817855.0,5950379397.0,5274496431.0,135432248814.0,146835881738.0,opendart,2026-05-18T14:32:08+09:00
20250401,041930,199988,2024,11011,CFS,383208579476.0,18392989463.0,14440956246.0,166499916479.0,304634417704.0,opendart,2026-05-18T14:32:08+09:00
20260401,041930,199988,2025,11011,CFS,403410122226.0,17184950683.0,27339709171.0,187996650804.0,307715897465.0,opendart,2026-05-18T14:32:08+09:00
20250401,041960,187415,2024,11011,CFS,58778549707.0,6192933611.0,14690121292.0,65537575536.0,122766615861.0,opendart,2026-05-18T14:32:08+09:00
20260401,041960,187415,2025,11011,CFS,52465294279.0,1960455812.0,-8027820338.0,72057179197.0,133915480942.0,opendart,2026-05-18T14:32:08+09:00
20250401,042000,260879,2024,11011,CFS,302477209591.0,31943719953.0,23493528650.0,215572807759.0,342289987222.0,opendart,2026-05-18T14:32:08+09:00
20260401,042000,260879,2025,11011,CFS,314764225560.0,40226994367.0,39063119745.0,265915892693.0,415599634562.0,opendart,2026-05-18T14:32:08+09:00
20250401,042040,206686,2024,11011,CFS,28643942128.0,-4562035338.0,-40365492366.0,89195359349.0,170108937714.0,opendart,2026-05-18T14:32:08+09:00
20260401,042040,206686,2025,11011,CFS,76924052907.0,-17154337059.0,-30909860530.0,62494163001.0,143168665534.0,opendart,2026-05-18T14:32:08+09:00
20250401,042110,171867,2024,11011,CFS,213975488961.0,9343430903.0,8394908260.0,130969306396.0,169181109197.0,opendart,2026-05-18T14:32:08+09:00
20260401,042110,171867,2025,11011,CFS,216137192300.0,6306089494.0,6396027001.0,136466659399.0,174654184534.0,opendart,2026-05-18T14:32:08+09:00
20250401,042370,103644,2024,11011,CFS,428325224679.0,51144255273.0,41534663507.0,422551109922.0,590485262003.0,opendart,2026-05-18T14:32:08+09:00
20260401,042370,103644,2025,11011,CFS,432287382146.0,55721095554.0,42687865223.0,487566654782.0,647413292664.0,opendart,2026-05-18T14:32:08+09:00
20250401,042420,266952,2024,11011,CFS,368058340152.0,20412125520.0,-19571506120.0,675828043789.0,822542685891.0,opendart,2026-05-18T14:32:08+09:00
20260401,042420,266952,2025,11011,CFS,436800978752.0,55244001359.0,61767925488.0,725006922453.0,895906543845.0,opendart,2026-05-18T14:32:08+09:00
20250401,042500,352499,2024,11011,CFS,163904772518.0,13690916486.0,12854326549.0,106822305832.0,147744214218.0,opendart,2026-05-18T14:32:08+09:00
20260401,042500,352499,2025,11011,CFS,183074373611.0,14313163865.0,10902152980.0,119028949932.0,168180301710.0,opendart,2026-05-18T14:32:08+09:00
20250401,042510,255433,2024,11011,CFS,62492539475.0,1967382723.0,4108357384.0,50475846205.0,71507775288.0,opendart,2026-05-18T14:32:08+09:00
20260401,042510,255433,2025,11011,CFS,63751052492.0,2782270207.0,3551657406.0,54097272526.0,74488760896.0,opendart,2026-05-18T14:32:08+09:00
20250401,042520,349060,2024,11011,CFS,81137434056.0,625600334.0,-7799704239.0,67122440485.0,121715439723.0,opendart,2026-05-18T14:32:08+09:00
20260401,042520,349060,2025,11011,CFS,89779853611.0,-25890557566.0,-32075124367.0,33886510129.0,126407117302.0,opendart,2026-05-18T14:32:08+09:00
20250401,042600,147994,2024,11011,CFS,202501396859.0,7282953087.0,-52916727406.0,127534339762.0,258381709358.0,opendart,2026-05-18T14:32:08+09:00
20260401,042600,147994,2025,11011,CFS,164947822818.0,-2632839358.0,-32061620585.0,94183091114.0,216888398118.0,opendart,2026-05-18T14:32:08+09:00
20250401,042660,111704,2024,11011,CFS,10776004933627.0,237876379317.0,528212898147.0,4863349890725.0,17843809161295.0,opendart,2026-05-18T14:32:08+09:00
20260401,042660,111704,2025,11011,CFS,12783512278323.0,1167590137928.0,1245921538208.0,6175006995811.0,20140914014349.0,opendart,2026-05-18T14:32:08+09:00
20250401,042670,344287,2024,11011,CFS,4114189991329.0,184161977034.0,108415737392.0,1847224792376.0,4287197767266.0,opendart,2026-05-18T14:32:08+09:00
20250401,042700,161383,2024,11011,CFS,558917191547.0,255391604854.0,152614498001.0,540887863389.0,710872366678.0,opendart,2026-05-18T14:32:08+09:00
20260401,042700,161383,2025,11011,CFS,576684619527.0,251390142142.0,214007548411.0,690327519537.0,813331626120.0,opendart,2026-05-18T14:32:08+09:00
20250401,042940,232007,2024,11011,CFS,20428414745.0,-21767056471.0,-26742551168.0,87832389195.0,200598655166.0,opendart,2026-05-18T14:32:08+09:00
20260401,042940,232007,2025,11011,CFS,18611908600.0,-6846100596.0,-13494889254.0,99473010250.0,215256466804.0,opendart,2026-05-18T14:32:08+09:00
20250401,043090,351454,2024,11011,CFS,10359147302.0,-7158316595.0,-18383559402.0,30741475301.0,43321958576.0,opendart,2026-05-18T14:32:08+09:00
20260401,043090,351454,2025,11011,CFS,12576496826.0,-3193627067.0,-14309121690.0,16027656314.0,19972372315.0,opendart,2026-05-18T14:32:08+09:00
20250401,043100,220109,2024,11011,CFS,26809475531.0,-7461616018.0,-7495621700.0,30335941560.0,65791538498.0,opendart,2026-05-18T14:32:08+09:00
20260401,043100,220109,2025,11011,CFS,16834272765.0,-5724793401.0,-6374041154.0,30950825117.0,72724392380.0,opendart,2026-05-18T14:32:08+09:00
20250401,043150,264255,2024,11011,CFS,385194634066.0,53962978706.0,55261773385.0,470488930272.0,650289852607.0,opendart,2026-05-18T14:32:08+09:00
20260401,043150,264255,2025,11011,CFS,426416122877.0,54779179042.0,39083923110.0,497520541973.0,689273534214.0,opendart,2026-05-18T14:32:08+09:00
20250401,043200,266934,2024,11011,CFS,40090145127.0,211969711.0,-980868273.0,27915716457.0,59225344153.0,opendart,2026-05-18T14:32:08+09:00
20260401,043200,266934,2025,11011,CFS,28785165562.0,-2733635782.0,-4133229989.0,23909651592.0,56080578851.0,opendart,2026-05-18T14:32:08+09:00
20250401,043220,317487,2024,11011,CFS,21491287448.0,-5727391725.0,-19950126955.0,66064298975.0,128315130034.0,opendart,2026-05-18T14:32:08+09:00
20260401,043220,317487,2025,11011,CFS,14537599112.0,-5872413576.0,-37736658087.0,18727940398.0,37287492596.0,opendart,2026-05-18T14:32:08+09:00
20250401,043260,317210,2024,11011,CFS,207326568063.0,6311648229.0,8076765671.0,143473786324.0,367331808054.0,opendart,2026-05-18T14:32:08+09:00
20260401,043260,317210,2025,11011,CFS,231577035770.0,7551422708.0,91043267859.0,254010360797.0,581089727261.0,opendart,2026-05-18T14:32:08+09:00
20250401,043340,203209,2024,11011,OFS,54374002353.0,-383134727.0,-2939404175.0,25515992730.0,72055899433.0,opendart,2026-05-18T14:32:08+09:00
20260401,043340,203209,2025,11011,OFS,57909045929.0,1969736357.0,378063506.0,25901616236.0,67176154263.0,opendart,2026-05-18T14:32:08+09:00
20250401,043360,295547,2024,11011,OFS,20404122813.0,-2736280255.0,-1901826630.0,40946256087.0,45133043361.0,opendart,2026-05-18T14:32:08+09:00
20260401,043360,295547,2025,11011,OFS,21306123270.0,-766639042.0,-629633765.0,40303244481.0,43764106692.0,opendart,2026-05-18T14:32:08+09:00
20250401,043370,155151,2024,11011,CFS,1152879626217.0,51478190517.0,61943248940.0,800192909386.0,1069586456407.0,opendart,2026-05-18T14:32:08+09:00
20260401,043370,155151,2025,11011,CFS,1200673221564.0,48439190745.0,46274514432.0,844946172522.0,1138284616470.0,opendart,2026-05-18T14:32:08+09:00
20250401,043590,260611,2024,11011,CFS,29840103941.0,-9955365178.0,-9826749444.0,38100961883.0,57796786445.0,opendart,2026-05-18T14:32:08+09:00
20260401,043590,260611,2025,11011,CFS,21353066604.0,-2101093803.0,-3237904381.0,34850788744.0,56409494545.0,opendart,2026-05-18T14:32:08+09:00
20250401,043610,223762,2024,11011,CFS,301615219228.0,12193400754.0,-13772161745.0,226071386353.0,352431238562.0,opendart,2026-05-18T14:32:08+09:00
20260401,043610,223762,2025,11011,CFS,302854406475.0,16168923135.0,-18503026823.0,207050760657.0,322409422518.0,opendart,2026-05-18T14:32:08+09:00
20250401,043650,256715,2024,11011,CFS,68818650537.0,-2278660878.0,1348643011.0,234202854046.0,256323191806.0,opendart,2026-05-18T14:32:08+09:00
20260401,043650,256715,2025,11011,CFS,67498883797.0,-831886128.0,6249698082.0,239131902635.0,258361185371.0,opendart,2026-05-18T14:32:08+09:00
20250401,043710,305570,2024,11011,CFS,19340027240.0,-3346570134.0,5380854570.0,39130111997.0,50230859238.0,opendart,2026-05-18T14:32:08+09:00
20260401,043710,305570,2025,11011,CFS,35668112160.0,-8331635222.0,-8741946880.0,39274472511.0,226449975710.0,opendart,2026-05-18T14:32:08+09:00
20250401,043910,418379,2024,11011,CFS,40733432025.0,-2118667121.0,-3412890148.0,94896641536.0,142032820174.0,opendart,2026-05-18T14:32:08+09:00
20260401,043910,418379,2025,11011,CFS,37308755838.0,-3976303162.0,-6960160561.0,87697194070.0,132196462829.0,opendart,2026-05-18T14:32:08+09:00
20250401,044060,291860,2024,11011,OFS,32965731735.0,1273523259.0,-13140099264.0,44022866005.0,70215110183.0,opendart,2026-05-18T14:32:08+09:00
20260401,044060,291860,2025,11011,OFS,27747985614.0,-3765353559.0,-5599578461.0,41197773681.0,66617680550.0,opendart,2026-05-18T14:32:08+09:00
20250401,044180,111218,2024,11011,CFS,157635399233.0,2921575940.0,4522529746.0,39447081081.0,311672452190.0,opendart,2026-05-18T14:32:08+09:00
20260401,044180,111218,2025,11011,CFS,27787097614.0,-4267410006.0,-25587129332.0,14109324496.0,302089443402.0,opendart,2026-05-18T14:32:08+09:00
20250401,044340,293886,2024,11011,CFS,351198769369.0,-5876177856.0,-44414592012.0,169215408498.0,359850832583.0,opendart,2026-05-18T14:32:08+09:00
20260401,044340,293886,2025,11011,CFS,369536034092.0,-60672282687.0,-18329560589.0,146073604094.0,487732159981.0,opendart,2026-05-18T14:32:08+09:00
20250401,044380,269241,2024,11011,CFS,53068185647.0,-2902454919.0,-2633538340.0,36914277068.0,42542059412.0,opendart,2026-05-18T14:32:08+09:00
20260401,044380,269241,2025,11011,CFS,62628503833.0,-1676717973.0,-1750658198.0,37479438039.0,45597070898.0,opendart,2026-05-18T14:32:08+09:00
20250401,044450,160232,2024,11011,CFS,517929006796.0,104082690245.0,57413693383.0,529497387975.0,1892003803431.0,opendart,2026-05-18T14:32:08+09:00
20260401,044450,160232,2025,11011,CFS,561395196426.0,110332607762.0,36561603783.0,544324342662.0,1934139255079.0,opendart,2026-05-18T14:32:08+09:00
20250401,044480,173449,2024,11011,CFS,41724839885.0,-1126925752.0,8608314771.0,22025895853.0,48846397616.0,opendart,2026-05-18T14:32:08+09:00
20260401,044480,173449,2025,11011,CFS,25309657425.0,-834277151.0,-7343822577.0,24518429106.0,48703727865.0,opendart,2026-05-18T14:32:08+09:00
20250401,044490,186799,2024,11011,OFS,386324125935.0,22816156423.0,24685628682.0,604467136955.0,812612520410.0,opendart,2026-05-18T14:32:08+09:00
20260401,044490,186799,2025,11011,OFS,349653597289.0,5022271541.0,5414510645.0,609395715877.0,809910868576.0,opendart,2026-05-18T14:32:08+09:00
20250401,044780,235183,2024,11011,CFS,54015388404.0,-2638220380.0,-2248928417.0,58560909414.0,79002808033.0,opendart,2026-05-18T14:32:08+09:00
20260401,044780,235183,2025,11011,CFS,54189734390.0,-387452903.0,4572314524.0,63122230113.0,82666278719.0,opendart,2026-05-18T14:32:08+09:00
20250401,044820,219574,2024,11011,CFS,597630263412.0,16794453838.0,8046999846.0,281230193236.0,953903205812.0,opendart,2026-05-18T14:32:08+09:00
20260401,044820,219574,2025,11011,CFS,645205591735.0,26984473709.0,18669946513.0,295687296439.0,1006338658068.0,opendart,2026-05-18T14:32:08+09:00
20250401,044960,145473,2024,11011,OFS,41716632056.0,3466835816.0,3705275819.0,48589838956.0,61237139526.0,opendart,2026-05-18T14:32:08+09:00
20260401,044960,145473,2025,11011,OFS,43323059369.0,4259691487.0,3945607362.0,51911928142.0,63982119435.0,opendart,2026-05-18T14:32:08+09:00
20250401,044990,311216,2024,11011,CFS,76160586579.0,13370064318.0,14667012102.0,106040600479.0,114249923854.0,opendart,2026-05-18T14:32:08+09:00
20260401,044990,311216,2025,11011,CFS,81886784499.0,9664357626.0,8890504842.0,102871621568.0,115761731759.0,opendart,2026-05-18T14:32:08+09:00
20250401,045060,220969,2024,11011,CFS,163010096967.0,8641421649.0,8004820821.0,117943211419.0,144143047521.0,opendart,2026-05-18T14:32:08+09:00
20260401,045060,220969,2025,11011,CFS,160071597465.0,5621625226.0,5623660962.0,122962547316.0,147932598516.0,opendart,2026-05-18T14:32:08+09:00
20250401,045100,216762,2024,11011,CFS,1186292543978.0,86192413135.0,76409397699.0,602035331795.0,908735621976.0,opendart,2026-05-18T14:32:08+09:00
20260401,045100,216762,2025,11011,CFS,1118180793899.0,53710576617.0,41679060151.0,624227340914.0,923696416239.0,opendart,2026-05-18T14:32:08+09:00
20250401,045300,350482,2024,11011,CFS,41687064810.0,1183990318.0,2250364932.0,70747136878.0,98675330131.0,opendart,2026-05-18T14:32:08+09:00
20260401,045300,350482,2025,11011,CFS,40916515347.0,1952258057.0,4751848876.0,75393416029.0,100443141859.0,opendart,2026-05-18T14:32:08+09:00
20250401,045340,355089,2024,11011,OFS,20710124860.0,5168962830.0,6102855252.0,27447605550.0,42769564410.0,opendart,2026-05-18T14:32:08+09:00
20260401,045340,355089,2025,11011,OFS,27495025159.0,9358080745.0,8530313073.0,36561371290.0,54988641371.0,opendart,2026-05-18T14:32:08+09:00
20250401,045390,318316,2024,11011,CFS,149149155214.0,7908744652.0,14678226177.0,133566510985.0,292005877872.0,opendart,2026-05-18T14:32:08+09:00
20260401,045390,318316,2025,11011,CFS,153189348670.0,7559496321.0,20401449667.0,154047273844.0,336415770831.0,opendart,2026-05-18T14:32:08+09:00
20250401,045510,147772,2024,11011,CFS,194450099685.0,1561853299.0,946162596.0,43972238150.0,93518248171.0,opendart,2026-05-18T14:32:08+09:00
20260401,045510,147772,2025,11011,CFS,200903241754.0,1940787939.0,1124813659.0,45097051809.0,91003587789.0,opendart,2026-05-18T14:32:08+09:00
20250401,045520,185222,2024,11011,CFS,84623447939.0,-848927534.0,-7406581178.0,19641405147.0,82397429489.0,opendart,2026-05-18T14:32:08+09:00
20260401,045520,185222,2025,11011,CFS,86098327172.0,-965305263.0,-3370605383.0,16866731527.0,74852053246.0,opendart,2026-05-18T14:32:08+09:00
20250401,045660,256502,2024,11011,CFS,46230948674.0,1462480218.0,15539121912.0,99542508830.0,163064041455.0,opendart,2026-05-18T14:32:08+09:00
20260401,045660,256502,2025,11011,CFS,160212667134.0,8698700770.0,393882122.0,98998407785.0,172312823912.0,opendart,2026-05-18T14:32:08+09:00
20250401,045970,271501,2024,11011,CFS,357809975395.0,-39612427225.0,-63461100648.0,138611634129.0,383084839324.0,opendart,2026-05-18T14:32:08+09:00
20260401,045970,271501,2025,11011,CFS,375129006470.0,-2237980329.0,-19202865906.0,121752927985.0,360325583031.0,opendart,2026-05-18T14:32:08+09:00
20250401,046070,295857,2024,11011,CFS,251427529030.0,-37117167570.0,50366406831.0,13004985271.0,359831099508.0,opendart,2026-05-18T14:32:08+09:00
20260401,046070,295857,2025,11011,CFS,271044291023.0,401652619.0,-6617442036.0,11413069868.0,360580180644.0,opendart,2026-05-18T14:32:08+09:00
20250401,046120,297989,2024,11011,CFS,66520734108.0,688951570.0,2153107870.0,57710495099.0,109316520215.0,opendart,2026-05-18T14:32:08+09:00
20260401,046120,297989,2025,11011,CFS,57908501388.0,-14011522685.0,793321203.0,111069569129.0,232402811671.0,opendart,2026-05-18T14:32:08+09:00
20250401,046210,172079,2024,11011,CFS,13196916435.0,-1361875528.0,-2085569084.0,76127573307.0,109610604611.0,opendart,2026-05-18T14:32:08+09:00
20260401,046210,172079,2025,11011,CFS,15049529734.0,-3439822349.0,-3126246524.0,72435426475.0,92936428457.0,opendart,2026-05-18T14:32:08+09:00
20250401,046310,360036,2024,11011,CFS,152492730341.0,12733328552.0,17666511720.0,98982547200.0,132448341513.0,opendart,2026-05-18T14:32:08+09:00
20260401,046310,360036,2025,11011,CFS,148922256530.0,6790460254.0,7068375685.0,102185785261.0,126288878155.0,opendart,2026-05-18T14:32:08+09:00
20250401,046390,301112,2024,11011,CFS,46719353180.0,671031251.0,1864664671.0,58451565408.0,68092560200.0,opendart,2026-05-18T14:32:08+09:00
20260401,046390,301112,2025,11011,CFS,37266321862.0,-1547996543.0,-872142430.0,58944756777.0,68136791825.0,opendart,2026-05-18T14:32:08+09:00
20250401,046440,405278,2024,11011,CFS,266110739779.0,7428647507.0,8227955108.0,347008283942.0,538504134617.0,opendart,2026-05-18T14:32:08+09:00
20260401,046440,405278,2025,11011,CFS,233770778965.0,33125178713.0,22619031186.0,359612844607.0,556232136545.0,opendart,2026-05-18T14:32:08+09:00
20250401,046890,130763,2024,11011,CFS,1090485819261.0,796674308.0,-1935193851.0,701034671056.0,1261200543885.0,opendart,2026-05-18T14:32:08+09:00
20260401,046890,130763,2025,11011,CFS,1013523607401.0,-31515946872.0,-60006311172.0,626361810865.0,1103260274069.0,opendart,2026-05-18T14:32:08+09:00
20250401,046940,363246,2024,11011,CFS,302842776436.0,2826256917.0,736066386.0,104083386524.0,229136136410.0,opendart,2026-05-18T14:32:08+09:00
20260401,046940,363246,2025,11011,CFS,376349352125.0,67188905596.0,47967126385.0,156744707848.0,264149989242.0,opendart,2026-05-18T14:32:08+09:00
20250401,046970,296005,2024,11011,CFS,47371587974.0,-3002178662.0,-5111261698.0,39794790431.0,60010106091.0,opendart,2026-05-18T14:32:08+09:00
20260401,046970,296005,2025,11011,CFS,42474837788.0,-676694180.0,-788673761.0,39177298684.0,56467354343.0,opendart,2026-05-18T14:32:08+09:00
20250401,047040,124540,2024,11011,CFS,10503609086034.0,403125613881.0,242849735359.0,4334091827571.0,12658456266814.0,opendart,2026-05-18T14:32:08+09:00
20260401,047040,124540,2025,11011,CFS,8054627137857.0,-815431279791.0,-916079534292.0,3474605615293.0,13358502674960.0,opendart,2026-05-18T14:32:08+09:00
20250401,047050,124504,2024,11011,CFS,32340793124000.0,1116921237000.0,503409725000.0,7349462921000.0,17336325971000.0,opendart,2026-05-18T14:32:08+09:00
20260401,047050,124504,2025,11011,CFS,32373603908000.0,1165316105000.0,636802406000.0,7812655175000.0,18753010588000.0,opendart,2026-05-18T14:32:08+09:00
20250401,047080,348292,2024,11011,CFS,33298497710.0,-1407390281.0,1501197359.0,17371886645.0,32786852318.0,opendart,2026-05-18T14:32:08+09:00
20260401,047080,348292,2025,11011,CFS,37885851163.0,284302527.0,5442938475.0,20014846975.0,25154958500.0,opendart,2026-05-18T14:32:08+09:00
20250401,047310,269612,2024,11011,CFS,733444024609.0,2421533753.0,9957382639.0,217956482373.0,416082369797.0,opendart,2026-05-18T14:32:08+09:00
20260401,047310,269612,2025,11011,CFS,686534652866.0,-6367044445.0,-12318778055.0,197784961950.0,365080086901.0,opendart,2026-05-18T14:32:08+09:00
20250401,047400,369833,2024,11011,CFS,108366485493.0,-16501073442.0,-46475655498.0,15425888242.0,138270697101.0,opendart,2026-05-18T14:32:08+09:00
20260401,047400,369833,2025,11011,CFS,101937090012.0,5429904795.0,2459943818.0,19626757399.0,136395574481.0,opendart,2026-05-18T14:32:08+09:00
20250401,047560,273420,2024,11011,CFS,112115220.0,-13456406745.0,-14571880098.0,88514686814.0,199088604538.0,opendart,2026-05-18T14:32:08+09:00
20260401,047560,273420,2025,11011,CFS,106793497959.0,-18953916533.0,-20591952921.0,66310279980.0,196509192587.0,opendart,2026-05-18T14:32:08+09:00
20250401,047770,329093,2024,11011,CFS,39601345466.0,1059207942.0,1859637040.0,67833803565.0,88883574566.0,opendart,2026-05-18T14:32:08+09:00
20260401,047770,329093,2025,11011,CFS,39722870931.0,2416629397.0,4460625723.0,72294429288.0,92866096436.0,opendart,2026-05-18T14:32:08+09:00
20250401,047810,309503,2024,11011,CFS,3633742105840.0,240718310400.0,170895410977.0,1727176882121.0,8025538409393.0,opendart,2026-05-18T14:32:08+09:00
20260401,047810,309503,2025,11011,CFS,3696379351601.0,269190196660.0,187312615904.0,1897346862036.0,10370256890187.0,opendart,2026-05-18T14:32:08+09:00
20250401,047820,299464,2024,11011,CFS,210272629603.0,-15381767378.0,45764736527.0,285755701541.0,359910100530.0,opendart,2026-05-18T14:32:08+09:00
20260401,047820,299464,2025,11011,CFS,172196784377.0,2832527153.0,3082266719.0,288881562360.0,374910659931.0,opendart,2026-05-18T14:32:08+09:00
20250401,047920,336817,2024,11011,OFS,137082237869.0,1473982285.0,2019777728.0,116401738999.0,157933465190.0,opendart,2026-05-18T14:32:08+09:00
20260401,047920,336817,2025,11011,CFS,205581738650.0,1063821221.0,4571740425.0,125148801717.0,170682430329.0,opendart,2026-05-18T14:32:08+09:00
20250401,048410,313649,2024,11011,CFS,15050025356.0,790972784.0,-6929528506.0,39438422428.0,67704784931.0,opendart,2026-05-18T14:32:08+09:00
20260401,048410,313649,2025,11011,CFS,3517369223.0,-18160910580.0,-22128347687.0,110726343116.0,130738698532.0,opendart,2026-05-18T14:32:08+09:00
20250401,048430,201742,2024,11011,CFS,201350449443.0,10506324936.0,13358257740.0,145230052803.0,177890701256.0,opendart,2026-05-18T14:32:08+09:00
20260401,048430,201742,2025,11011,CFS,197253919651.0,1814073099.0,11035969535.0,153659294393.0,184843776385.0,opendart,2026-05-18T14:32:08+09:00
20250401,048470,109268,2024,11011,OFS,139702827183.0,-1950830458.0,448729330.0,69717464703.0,92356084247.0,opendart,2026-05-18T14:32:08+09:00
20260401,048470,109268,2025,11011,OFS,119163920715.0,-1166249453.0,276225108.0,70888059972.0,92820161438.0,opendart,2026-05-18T14:32:08+09:00
20250401,048530,292434,2024,11011,CFS,6417829346.0,-5237831390.0,-2591158397.0,83772673346.0,86374616475.0,opendart,2026-05-18T14:32:08+09:00
20260401,048530,292434,2025,11011,CFS,5740240967.0,-7903816761.0,-8958475726.0,69873495468.0,74321845927.0,opendart,2026-05-18T14:32:08+09:00
20250401,048550,185046,2024,11011,CFS,109940386684.0,1585436954.0,-14192685943.0,83340359266.0,233331974886.0,opendart,2026-05-18T14:32:08+09:00
20260401,048550,185046,2025,11011,CFS,100478287608.0,-1292562202.0,-1926630015.0,81756509916.0,206699461242.0,opendart,2026-05-18T14:32:08+09:00
20250401,048770,108649,2024,11011,CFS,86444286561.0,-2479613149.0,-4793191853.0,42206403781.0,113226626118.0,opendart,2026-05-18T14:32:08+09:00
20260401,048770,108649,2025,11011,CFS,86327967145.0,-2300461955.0,-2518598014.0,37400187205.0,106726399881.0,opendart,2026-05-18T14:32:08+09:00
20250401,048830,108490,2024,11011,CFS,64565578498.0,-630247243.0,-841883139.0,45066288827.0,67946442411.0,opendart,2026-05-18T14:32:08+09:00
20260401,048830,108490,2025,11011,CFS,83822010472.0,1013181251.0,1130870227.0,46230806841.0,69556770980.0,opendart,2026-05-18T14:32:08+09:00
20250401,048870,475985,2024,11011,CFS,90605209448.0,16109545847.0,18144059936.0,235104155079.0,314061064693.0,opendart,2026-05-18T14:32:08+09:00
20260401,048870,475985,2025,11011,CFS,113050025181.0,19163813549.0,11184715337.0,272393622485.0,336885342158.0,opendart,2026-05-18T14:32:08+09:00
20250401,048910,351807,2024,11011,CFS,256364073040.0,1616163472.0,-1557986248.0,130220166170.0,206013118638.0,opendart,2026-05-18T14:32:08+09:00
20260401,048910,351807,2025,11011,CFS,342849675064.0,9950399426.0,5433501522.0,134729532630.0,231998926962.0,opendart,2026-05-18T14:32:08+09:00
20250401,049070,226866,2024,11011,CFS,614667194566.0,3784434686.0,23389721015.0,771783566816.0,900659954413.0,opendart,2026-05-18T14:32:08+09:00
20260401,049070,226866,2025,11011,CFS,590781754867.0,-11303532259.0,8161179056.0,756361636106.0,872555027424.0,opendart,2026-05-18T14:32:08+09:00
20250401,049080,377018,2024,11011,CFS,41689699551.0,-7351590541.0,-6009261460.0,49107342860.0,91151470613.0,opendart,2026-05-18T14:32:08+09:00
20260401,049080,377018,2025,11011,CFS,40331425989.0,-12476369703.0,-11576835378.0,43711752459.0,95950653324.0,opendart,2026-05-18T14:32:08+09:00
20250401,049120,350020,2024,11011,CFS,65008896548.0,-744531246.0,-2578196397.0,35530819136.0,105528908216.0,opendart,2026-05-18T14:32:08+09:00
20260401,049120,350020,2025,11011,CFS,65794225834.0,-4081726342.0,-22166511093.0,52026944493.0,108448464322.0,opendart,2026-05-18T14:32:08+09:00
20250401,049180,310156,2024,11011,CFS,129139780664.0,-6831631213.0,-31817240299.0,9060888051.0,70224655342.0,opendart,2026-05-18T14:32:08+09:00
20260401,049180,310156,2025,11011,CFS,140194245644.0,-5128510087.0,-2183736221.0,8393168150.0,60929423046.0,opendart,2026-05-18T14:32:08+09:00
20250401,049430,152783,2024,11011,CFS,73949173060.0,19932389780.0,27249820147.0,234411443757.0,244243219582.0,opendart,2026-05-18T14:32:08+09:00
20260401,049430,152783,2025,11011,CFS,72274341672.0,17987264966.0,22562908297.0,252171807433.0,262457516860.0,opendart,2026-05-18T14:32:08+09:00
20250401,049470,351579,2024,11011,OFS,36140603651.0,250139319.0,-1133046487.0,36244466847.0,42025243594.0,opendart,2026-05-18T14:32:08+09:00
20260401,049470,351579,2025,11011,OFS,24840691127.0,-4520162297.0,-9317933727.0,61636707624.0,71539903191.0,opendart,2026-05-18T14:32:08+09:00
20250401,049480,335076,2024,11011,CFS,226290328234.0,6662223972.0,7665420994.0,91777592145.0,173117157411.0,opendart,2026-05-18T14:32:08+09:00
20260401,049480,335076,2025,11011,CFS,233127039094.0,7921212000.0,7617261041.0,98852194251.0,179831104085.0,opendart,2026-05-18T14:32:08+09:00
20250401,049520,256380,2024,11011,CFS,424657577159.0,21064136354.0,29799362262.0,198456751729.0,280836275563.0,opendart,2026-05-18T14:32:08+09:00
20260401,049520,256380,2025,11011,CFS,412263992426.0,26354275450.0,22493717133.0,202967422134.0,289601143202.0,opendart,2026-05-18T14:32:08+09:00
20250401,049550,261656,2024,11011,CFS,73936788021.0,2711079872.0,3081799846.0,75910504676.0,158897053834.0,opendart,2026-05-18T14:32:08+09:00
20260401,049550,261656,2025,11011,CFS,77533529802.0,802230273.0,2507200190.0,78249120853.0,158072677600.0,opendart,2026-05-18T14:32:08+09:00
20250401,049630,147082,2024,11011,CFS,111416090631.0,10031477218.0,4192802181.0,68916755187.0,200060052411.0,opendart,2026-05-18T14:32:08+09:00
20260401,049630,147082,2025,11011,CFS,164545576680.0,10742804736.0,8454000769.0,102218447780.0,216173381733.0,opendart,2026-05-18T14:32:08+09:00
20250401,049720,336297,2024,11011,CFS,171309350127.0,15310219206.0,13237106504.0,52915691580.0,97364746237.0,opendart,2026-05-18T14:32:08+09:00
20260401,049720,336297,2025,11011,CFS,178029909590.0,16740742506.0,13261619930.0,62960636833.0,114247802662.0,opendart,2026-05-18T14:32:08+09:00
20250401,049770,340917,2024,11011,CFS,4483613162821.0,183451642305.0,127833617659.0,1082921103138.0,2145670270001.0,opendart,2026-05-18T14:32:08+09:00
20260401,049770,340917,2025,11011,CFS,4877729905705.0,193822552323.0,141690843484.0,1218985654457.0,2411000269517.0,opendart,2026-05-18T14:32:08+09:00
20250401,049800,303217,2024,11011,CFS,209594990056.0,1389976524.0,2407054989.0,106911445736.0,329391197188.0,opendart,2026-05-18T14:32:08+09:00
20260401,049800,303217,2025,11011,CFS,211623242809.0,2929670084.0,2289352672.0,109836815958.0,314383012815.0,opendart,2026-05-18T14:32:08+09:00
20250401,049830,135467,2024,11011,OFS,144432917013.0,2285444380.0,3660604619.0,148613037489.0,176377600866.0,opendart,2026-05-18T14:32:08+09:00
20260401,049830,135467,2025,11011,OFS,141548185822.0,2276369777.0,2515267980.0,150395672349.0,185985205743.0,opendart,2026-05-18T14:32:08+09:00
20250401,049950,447760,2024,11011,CFS,67278649399.0,-16814682582.0,-7141990639.0,126016245566.0,149198685706.0,opendart,2026-05-18T14:32:08+09:00
20260401,049950,447760,2025,11011,CFS,40897794013.0,-24695644553.0,-25002992021.0,101400835447.0,121863202289.0,opendart,2026-05-18T14:32:08+09:00
20250401,049960,357430,2024,11011,CFS,49912668669.0,6795969136.0,15126719646.0,124168472657.0,130397880695.0,opendart,2026-05-18T14:32:08+09:00
20260401,049960,357430,2025,11011,CFS,53125673480.0,7913762782.0,10125185361.0,131636541715.0,136572393107.0,opendart,2026-05-18T14:32:08+09:00
20250401,050090,369569,2024,11011,OFS,12708907887.0,-2034238119.0,-2012876963.0,15055664306.0,18906451386.0,opendart,2026-05-18T14:32:08+09:00
20260401,050090,369569,2025,11011,OFS,7446966424.0,-3574078421.0,-3844094843.0,11137958414.0,14468280544.0,opendart,2026-05-18T14:32:08+09:00
20250401,050110,330044,2024,11011,CFS,378186831557.0,-11727524256.0,-19617137827.0,78866714000.0,251078726364.0,opendart,2026-05-18T14:32:08+09:00
20260401,050110,330044,2025,11011,CFS,489937482073.0,-11268654368.0,-18619931234.0,54913653946.0,250422161791.0,opendart,2026-05-18T14:32:08+09:00
20250401,050120,175623,2024,11011,CFS,16172075695.0,-3743000293.0,909488673.0,85901731483.0,90410906192.0,opendart,2026-05-18T14:32:08+09:00
20260401,050120,175623,2025,11011,CFS,13932072968.0,-12834092193.0,-2052118271.0,91327959805.0,98448850377.0,opendart,2026-05-18T14:32:08+09:00
20250401,050760,340272,2024,11011,CFS,80163188870.0,643122594.0,5025190936.0,65207891677.0,111646712259.0,opendart,2026-05-18T14:32:08+09:00
20260401,050760,340272,2025,11011,CFS,66755291807.0,-4813382188.0,-8791961317.0,56404756883.0,110098130121.0,opendart,2026-05-18T14:32:08+09:00
20250401,050860,138747,2024,11011,OFS,123825860518.0,6386005621.0,4611938817.0,131554905245.0,197117710152.0,opendart,2026-05-18T14:32:08+09:00
20260401,050860,138747,2025,11011,OFS,113296319206.0,3987776535.0,2770072482.0,129646925868.0,196443090153.0,opendart,2026-05-18T14:32:08+09:00
20250401,050890,364403,2024,11011,CFS,331067887419.0,35139812698.0,46231742841.0,322835242958.0,496799082472.0,opendart,2026-05-18T14:32:08+09:00
20260401,050890,364403,2025,11011,CFS,294830329228.0,33282673656.0,36443177245.0,353338614123.0,536672709018.0,opendart,2026-05-18T14:32:08+09:00
20250401,050960,577016,2024,11011,OFS,26671468809.0,5669736256.0,4430990723.0,87363598594.0,91624786455.0,opendart,2026-05-18T14:32:08+09:00
20260401,050960,577016,2025,11011,OFS,30711816841.0,5096939062.0,5222937542.0,91231924543.0,98659514676.0,opendart,2026-05-18T14:32:08+09:00
20250401,051160,389110,2024,11011,CFS,547175186226.0,29092526456.0,27973589335.0,216671974430.0,304782159674.0,opendart,2026-05-18T14:32:08+09:00
20260401,051160,389110,2025,11011,CFS,587129986929.0,25128780502.0,19209164656.0,225529010174.0,316314427269.0,opendart,2026-05-18T14:32:08+09:00
20250401,051360,390365,2024,11011,CFS,623780683541.0,58371879127.0,61303962036.0,264555313031.0,528149499778.0,opendart,2026-05-18T14:32:08+09:00
20260401,051360,390365,2025,11011,CFS,640328783001.0,57190661866.0,44730791654.0,305258508835.0,558080071777.0,opendart,2026-05-18T14:32:08+09:00
20250401,051370,369170,2024,11011,CFS,497466413203.0,34370988669.0,55126796494.0,281778746020.0,364851451998.0,opendart,2026-05-18T14:32:08+09:00
20260401,051370,369170,2025,11011,CFS,467963733214.0,28645809984.0,32829635878.0,317907587604.0,401766268236.0,opendart,2026-05-18T14:32:08+09:00
20250401,051380,297934,2024,11011,OFS,333767513723.0,1850864640.0,-664750521.0,38255442246.0,90080988442.0,opendart,2026-05-18T14:32:08+09:00
20260401,051380,297934,2025,11011,OFS,373008261916.0,4251372191.0,2520766405.0,39455681087.0,95467501154.0,opendart,2026-05-18T14:32:08+09:00
20250401,051390,296263,2024,11011,CFS,16535952409.0,5435769480.0,4267815405.0,80811326954.0,96527287234.0,opendart,2026-05-18T14:32:08+09:00
20260401,051390,296263,2025,11011,CFS,16537865424.0,5777257381.0,5078203629.0,84366794544.0,97724134382.0,opendart,2026-05-18T14:32:08+09:00
20250401,051490,297095,2024,11011,CFS,203815719224.0,4980741468.0,1995484499.0,105569758987.0,256098340211.0,opendart,2026-05-18T14:32:08+09:00
20260401,051490,297095,2025,11011,CFS,184633171553.0,-79792483.0,4682126563.0,107962708316.0,268650904285.0,opendart,2026-05-18T14:32:08+09:00
20250401,051500,127954,2024,11011,CFS,3224779013185.0,94025267830.0,27405072378.0,415381333819.0,1564362058881.0,opendart,2026-05-18T14:32:08+09:00
20260401,051500,127954,2025,11011,CFS,3481081567935.0,101652510024.0,50106428488.0,455180191327.0,1589129723279.0,opendart,2026-05-18T14:32:08+09:00
20250401,051600,159218,2024,11011,CFS,1557085808533.0,209498645768.0,172441205945.0,1328473540425.0,1690214811558.0,opendart,2026-05-18T14:32:08+09:00
20260401,051600,159218,2025,11011,CFS,1576516811328.0,140101841084.0,124251563177.0,1345856312213.0,1703560488139.0,opendart,2026-05-18T14:32:08+09:00
20250401,051630,347734,2024,11011,OFS,24527435256.0,-4139532436.0,-4488079287.0,38779355828.0,82068876099.0,opendart,2026-05-18T14:32:08+09:00
20260401,051630,347734,2025,11011,OFS,18563879502.0,-743281876.0,896491080.0,39717885666.0,82250041817.0,opendart,2026-05-18T14:32:08+09:00
20250401,051780,296324,2024,11011,CFS,61099174434.0,-2663086970.0,-16656505487.0,19852339733.0,80516362752.0,opendart,2026-05-18T14:32:08+09:00
20260401,051780,296324,2025,11011,CFS,56651278638.0,-9245487.0,-9174971122.0,20771797244.0,91529290288.0,opendart,2026-05-18T14:32:08+09:00
20250401,051900,356370,2024,11011,CFS,6811918756741.0,459045912180.0,203887730139.0,5685920091079.0,7405784092201.0,opendart,2026-05-18T14:32:08+09:00
20260401,051900,356370,2025,11011,CFS,6355489977342.0,170688596929.0,-85778983809.0,5570301328895.0,6869383558281.0,opendart,2026-05-18T14:32:08+09:00
20250401,051910,356361,2024,11011,CFS,48916104000000.0,916798000000.0,515011000000.0,47995463000000.0,93857762000000.0,opendart,2026-05-18T14:32:08+09:00
20260401,051910,356361,2025,11011,CFS,45932167000000.0,1180900000000.0,-977063000000.0,47105545000000.0,101061661000000.0,opendart,2026-05-18T14:32:08+09:00
20250401,051980,347716,2024,11011,CFS,18691841435.0,-7798426267.0,-76828193470.0,96668561797.0,124513876013.0,opendart,2026-05-18T14:32:08+09:00
20260401,051980,347716,2025,11011,CFS,19809151653.0,-4562905485.0,-5504612917.0,103808249073.0,127318651488.0,opendart,2026-05-18T14:32:08+09:00
20250401,052020,273110,2024,11011,CFS,11297657663.0,-22615554990.0,-21436613481.0,94275894291.0,111904280105.0,opendart,2026-05-18T14:32:08+09:00
20260401,052020,273110,2025,11011,CFS,6984004773.0,-23472593414.0,-21799678281.0,72121558592.0,90233534998.0,opendart,2026-05-18T14:32:08+09:00
20250401,052220,370006,2024,11011,CFS,45442807948.0,634528436.0,2012796967.0,63065794367.0,73752314930.0,opendart,2026-05-18T14:32:08+09:00
20260401,052220,370006,2025,11011,CFS,40045648499.0,-7632134757.0,-5433678446.0,57375645280.0,67045841217.0,opendart,2026-05-18T14:32:08+09:00
20250401,052260,347062,2024,11011,CFS,119519059197.0,16364543186.0,5703130975.0,138008364704.0,194726222347.0,opendart,2026-05-18T14:32:08+09:00
20260401,052260,347062,2025,11011,CFS,130505120709.0,12717191685.0,252622040.0,136146740797.0,166870892533.0,opendart,2026-05-18T14:32:08+09:00
20250401,052300,349811,2024,11011,CFS,6801851338.0,-3267149530.0,167897891665.0,286304024803.0,369945245351.0,opendart,2026-05-18T14:32:08+09:00
20260401,052300,349811,2025,11011,CFS,7570133241.0,-2451693305.0,-19092002150.0,288943531124.0,375191184702.0,opendart,2026-05-18T14:32:08+09:00
20250401,052330,305297,2024,11011,CFS,307988606670.0,23548368530.0,26646321068.0,361054277021.0,443702749507.0,opendart,2026-05-18T14:32:08+09:00
20260401,052330,305297,2025,11011,CFS,396839741875.0,37786162039.0,28330257869.0,388306219071.0,459940987670.0,opendart,2026-05-18T14:32:08+09:00
20250401,052400,349732,2024,11011,CFS,236308177383.0,33414413652.0,30163266970.0,197803274733.0,413112696592.0,opendart,2026-05-18T14:32:08+09:00
20260401,052400,349732,2025,11011,CFS,309163673263.0,88899374736.0,74542589031.0,257888596774.0,559070392738.0,opendart,2026-05-18T14:32:08+09:00
20250401,052420,350048,2024,11011,CFS,146409322250.0,22224969722.0,11957054690.0,242871977644.0,297085787108.0,opendart,2026-05-18T14:32:08+09:00
20260401,052420,350048,2025,11011,CFS,165707403024.0,30123323165.0,32375989819.0,282011153813.0,342395987539.0,opendart,2026-05-18T14:32:08+09:00
20250401,052460,405719,2024,11011,CFS,100488003614.0,1598422014.0,-845898036.0,36091205895.0,65112530152.0,opendart,2026-05-18T14:32:08+09:00
20260401,052460,405719,2025,11011,CFS,206499542172.0,8014943926.0,10143990865.0,46778196760.0,95806934727.0,opendart,2026-05-18T14:32:08+09:00
20250401,052600,244783,2024,11011,OFS,25897668830.0,4204357759.0,3427670222.0,37564318670.0,54034084668.0,opendart,2026-05-18T14:32:08+09:00
20260401,052600,244783,2025,11011,OFS,26825732603.0,4372759936.0,3649227185.0,39715539512.0,51542854524.0,opendart,2026-05-18T14:32:08+09:00
20250401,052670,185505,2024,11011,OFS,13907823693.0,-1061743252.0,-416572723.0,31308993703.0,35226818227.0,opendart,2026-05-18T14:32:08+09:00
20260401,052670,185505,2025,11011,OFS,14447417009.0,-665315578.0,-231192357.0,27881397625.0,33279199348.0,opendart,2026-05-18T14:32:08+09:00
20250401,052690,159209,2024,11011,CFS,553362978026.0,54806059056.0,58512128400.0,577473652879.0,946846882988.0,opendart,2026-05-18T14:32:08+09:00
20260401,052690,159209,2025,11011,CFS,518767621092.0,35452646024.0,85367742275.0,624966182864.0,885545457188.0,opendart,2026-05-18T14:32:08+09:00
20250401,052710,298447,2024,11011,CFS,229444552451.0,-23900819524.0,-19787284817.0,149203783339.0,355770344712.0,opendart,2026-05-18T14:32:08+09:00
20260401,052710,298447,2025,11011,CFS,253765089587.0,5505372842.0,7920105732.0,156184713178.0,353263201536.0,opendart,2026-05-18T14:32:08+09:00
20250401,052770,346911,2024,11011,CFS,17173788045.0,-11848546017.0,-16848205439.0,5484649269.0,10650406836.0,opendart,2026-05-18T14:32:08+09:00
20260401,052770,346911,2025,11011,OFS,5704071824.0,-4926344328.0,-7283768622.0,4449370781.0,8108388882.0,opendart,2026-05-18T14:32:08+09:00
20250401,052790,348034,2024,11011,CFS,79646602856.0,29466439863.0,7440603025.0,239167345744.0,371563463278.0,opendart,2026-05-18T14:32:08+09:00
20260401,052790,348034,2025,11011,CFS,69927864483.0,28586567849.0,31665500645.0,256932617211.0,379303721811.0,opendart,2026-05-18T14:32:08+09:00
20250401,052860,365758,2024,11011,CFS,23374281444.0,-10673994878.0,-11991193465.0,30480555064.0,51288908215.0,opendart,2026-05-18T14:32:08+09:00
20260401,052860,365758,2025,11011,CFS,36878556322.0,4050146283.0,4284956489.0,35681190456.0,52922386443.0,opendart,2026-05-18T14:32:08+09:00
20250401,052900,276834,2024,11011,CFS,132265152493.0,9205894920.0,9683911922.0,128004681877.0,208516379996.0,opendart,2026-05-18T14:32:08+09:00
20260401,052900,276834,2025,11011,CFS,126276082558.0,5356558422.0,4289110778.0,139310692581.0,206678209777.0,opendart,2026-05-18T14:32:08+09:00
20250401,053030,216027,2024,11011,CFS,130050545617.0,-30754995522.0,-35180012451.0,181607355709.0,279388274055.0,opendart,2026-05-18T14:32:08+09:00
20260401,053030,216027,2025,11011,CFS,168474906148.0,-4534783893.0,-3289252936.0,187455536402.0,311423000761.0,opendart,2026-05-18T14:32:08+09:00
20250401,053050,351995,2024,11011,OFS,155623291724.0,4907764603.0,3563205849.0,94393841257.0,238381502964.0,opendart,2026-05-18T14:32:08+09:00
20260401,053050,351995,2025,11011,OFS,170081007923.0,7343399498.0,3875066779.0,97054867631.0,234305029890.0,opendart,2026-05-18T14:32:08+09:00
20250401,053060,133663,2024,11011,CFS,171088252415.0,10712273142.0,-1152315260.0,35101157735.0,108643527911.0,opendart,2026-05-18T14:32:08+09:00
20260401,053060,133663,2025,11011,CFS,189439770060.0,9102838003.0,5881714294.0,40298918007.0,134390153086.0,opendart,2026-05-18T14:32:08+09:00
20250401,053080,304076,2024,11011,CFS,579197289294.0,26427101635.0,13435956831.0,185948142869.0,415744580233.0,opendart,2026-05-18T14:32:08+09:00
20260401,053080,304076,2025,11011,CFS,463537032859.0,-62011659027.0,-54413352990.0,123894640646.0,387675478988.0,opendart,2026-05-18T14:32:08+09:00
20250401,053160,352064,2024,11011,CFS,17695269012.0,-2345870685.0,-1454278755.0,55320903486.0,60758792706.0,opendart,2026-05-18T14:32:08+09:00
20260401,053160,352064,2025,11011,CFS,23135895576.0,388174443.0,898559736.0,71220492844.0,80210265059.0,opendart,2026-05-18T14:32:08+09:00
20250401,053210,349097,2024,11011,CFS,8795020164.0,-1075800064.0,-156078783566.0,576645175949.0,1040240740660.0,opendart,2026-05-18T14:32:08+09:00
20260401,053210,349097,2025,11011,CFS,984216356687.0,22980467279.0,1466653903.0,563248947808.0,976329059340.0,opendart,2026-05-18T14:32:08+09:00
20250401,053260,105475,2024,11011,CFS,201084686267.0,3808766502.0,6879569113.0,128977992283.0,164689640732.0,opendart,2026-05-18T14:32:08+09:00
20260401,053260,105475,2025,11011,CFS,177224131863.0,1502892079.0,-175082249.0,126865530593.0,151388460498.0,opendart,2026-05-18T14:32:08+09:00
20250401,053270,202060,2024,11011,CFS,377361299120.0,28853581117.0,18215888025.0,130500728510.0,384520058920.0,opendart,2026-05-18T14:32:08+09:00
20260401,053270,202060,2025,11011,CFS,426181253496.0,24310734730.0,22566030710.0,153971153931.0,710509062441.0,opendart,2026-05-18T14:32:08+09:00
20250401,053280,362858,2024,11011,CFS,671142964555.0,16277578701.0,1128380073.0,180928083148.0,434666543174.0,opendart,2026-05-18T14:32:08+09:00
20260401,053280,362858,2025,11011,CFS,626469569759.0,2935557140.0,-10691535132.0,171686643473.0,497004854129.0,opendart,2026-05-18T14:32:08+09:00
20250401,053290,363927,2024,11011,OFS,71733831361.0,-1047950248.0,-5043264597.0,80285137050.0,98502109653.0,opendart,2026-05-18T14:32:08+09:00
20260401,053290,363927,2025,11011,OFS,62702088959.0,1069301578.0,-386909708.0,80089633158.0,99626067611.0,opendart,2026-05-18T14:32:08+09:00
20250401,053300,306454,2024,11011,CFS,121892962888.0,18858752108.0,12432454206.0,232197892594.0,405313217591.0,opendart,2026-05-18T14:32:08+09:00
20260401,053300,306454,2025,11011,CFS,138465829337.0,27060645605.0,28098821920.0,249943688694.0,422439785358.0,opendart,2026-05-18T14:32:08+09:00
20250401,053350,353610,2024,11011,OFS,38881694487.0,230825748.0,2339841500.0,111099610408.0,118421955767.0,opendart,2026-05-18T14:32:08+09:00
20260401,053350,353610,2025,11011,CFS,32805743548.0,-2393409573.0,2831771821.0,138010252152.0,147216915818.0,opendart,2026-05-18T14:32:08+09:00
20250401,053450,351630,2024,11011,CFS,462708965937.0,14423020838.0,9978400264.0,137353782046.0,282709433585.0,opendart,2026-05-18T14:32:08+09:00
20260401,053450,351630,2025,11011,CFS,434869078123.0,3006279897.0,4982219601.0,141745386933.0,304885100741.0,opendart,2026-05-18T14:32:08+09:00
20250401,053580,323868,2024,11011,CFS,74176188133.0,13887609419.0,28123344.0,102328906099.0,125883322140.0,opendart,2026-05-18T14:32:08+09:00
20260401,053580,323868,2025,11011,OFS,74362089745.0,13473558612.0,12460935288.0,111220602941.0,131449838525.0,opendart,2026-05-18T14:32:08+09:00
20250401,053610,325112,2024,11011,CFS,170289499168.0,13443340756.0,12748104615.0,322807636128.0,376765603603.0,opendart,2026-05-18T14:32:08+09:00
20260401,053610,325112,2025,11011,CFS,230542705719.0,46306851990.0,35376620336.0,354099701627.0,442823095798.0,opendart,2026-05-18T14:32:08+09:00
20250401,053620,186717,2024,11011,CFS,152238218507.0,2166789978.0,8262165663.0,184080999897.0,220372093244.0,opendart,2026-05-18T14:32:08+09:00
20260401,053620,186717,2025,11011,CFS,140352455497.0,2393104820.0,11852137502.0,194225613837.0,222212610289.0,opendart,2026-05-18T14:32:08+09:00
20250401,053690,413523,2024,11011,CFS,424771849486.0,33916675016.0,22876486142.0,227618501981.0,470883954867.0,opendart,2026-05-18T14:32:08+09:00
20260401,053690,413523,2025,11011,CFS,448833661148.0,30613575138.0,19601449926.0,245837091085.0,446633467522.0,opendart,2026-05-18T14:32:08+09:00
20250401,053700,351092,2024,11011,CFS,1570625502210.0,54271873657.0,43826664737.0,381447737508.0,1209043218812.0,opendart,2026-05-18T14:32:08+09:00
20260401,053700,351092,2025,11011,CFS,1684582152379.0,61729555951.0,20266061263.0,419356617050.0,1337854672855.0,opendart,2026-05-18T14:32:08+09:00
20250401,053800,298270,2024,11011,CFS,260569413451.0,27682476881.0,32395312129.0,368769582836.0,464664131084.0,opendart,2026-05-18T14:32:08+09:00
20260401,053800,298270,2025,11011,CFS,267656916942.0,33276653034.0,51495359406.0,376267704694.0,487574291112.0,opendart,2026-05-18T14:32:08+09:00
20250401,053950,307028,2024,11011,CFS,60792073200.0,-942820720.0,8642493242.0,115223111871.0,166583877165.0,opendart,2026-05-18T14:32:08+09:00
20260401,053950,307028,2025,11011,OFS,55944199110.0,-1731949461.0,-9006666812.0,108299757887.0,155630389435.0,opendart,2026-05-18T14:32:08+09:00
20250401,053980,226547,2024,11011,CFS,116919394819.0,7970359555.0,6356780945.0,104064859018.0,136249574082.0,opendart,2026-05-18T14:32:08+09:00
20260401,053980,226547,2025,11011,CFS,136351809586.0,11001351015.0,10369359295.0,109086671345.0,147005847670.0,opendart,2026-05-18T14:32:08+09:00
20250401,054040,303396,2024,11011,CFS,421024908274.0,12158093987.0,13592680354.0,150727500186.0,182419586526.0,opendart,2026-05-18T14:32:08+09:00
20260401,054040,303396,2025,11011,CFS,417773004030.0,22860563344.0,20548001570.0,164487981737.0,297069949486.0,opendart,2026-05-18T14:32:08+09:00
20250401,054050,176835,2024,11011,CFS,144680224580.0,11103130280.0,10908921044.0,271565404591.0,343309351669.0,opendart,2026-05-18T14:32:08+09:00
20260401,054050,176835,2025,11011,CFS,158789058609.0,13641451850.0,12283185067.0,278413024734.0,352924626454.0,opendart,2026-05-18T14:32:08+09:00
20250401,054090,239514,2024,11011,CFS,173217410933.0,-8939281749.0,-21700083425.0,47280425046.0,147277264729.0,opendart,2026-05-18T14:32:08+09:00
20260401,054090,239514,2025,11011,CFS,136342510480.0,-1973808837.0,-10554485745.0,37855420555.0,120117444684.0,opendart,2026-05-18T14:32:08+09:00
20250401,054180,356839,2024,11011,CFS,30611173608.0,-10045784844.0,-21434919775.0,52445389249.0,81419165352.0,opendart,2026-05-18T14:32:08+09:00
20260401,054180,356839,2025,11011,CFS,28160961888.0,-5746736518.0,-11895346336.0,47108747591.0,68254632291.0,opendart,2026-05-18T14:32:08+09:00
20250401,054210,206659,2024,11011,CFS,556013945520.0,16100992106.0,354711509.0,285964663799.0,579562156671.0,opendart,2026-05-18T14:32:08+09:00
20260401,054210,206659,2025,11011,CFS,753160333079.0,43166434159.0,26654315861.0,309313145166.0,676158290491.0,opendart,2026-05-18T14:32:08+09:00
20250401,054220,201432,2024,11011,CFS,25652898941.0,-6143381048.0,-10292890167.0,17578682254.0,51320541267.0,opendart,2026-05-18T14:32:08+09:00
20260401,054220,201432,2025,11011,CFS,44811475268.0,57731185.0,1520972564.0,19142149231.0,53728870232.0,opendart,2026-05-18T14:32:08+09:00
20250401,054300,339072,2024,11011,OFS,62890324809.0,285290046.0,3641343497.0,56580631903.0,99889103873.0,opendart,2026-05-18T14:32:08+09:00
20260401,054300,339072,2025,11011,OFS,67161013598.0,-2792354525.0,-1574633226.0,88338513386.0,148949295149.0,opendart,2026-05-18T14:32:08+09:00
20250401,054410,357607,2024,11011,OFS,33301535591.0,757222993.0,3162005697.0,52747059315.0,92347256350.0,opendart,2026-05-18T14:32:08+09:00
20260401,054410,357607,2025,11011,OFS,39929099198.0,1388163794.0,2209954098.0,54794777947.0,95767222927.0,opendart,2026-05-18T14:32:08+09:00
20250401,054450,423177,2024,11011,CFS,186615513099.0,4874251656.0,-38559807022.0,201741800960.0,377882056447.0,opendart,2026-05-18T14:32:08+09:00
20260401,054450,423177,2025,11011,CFS,192802105423.0,-6189468061.0,-61632672813.0,142975616881.0,367539039334.0,opendart,2026-05-18T14:32:08+09:00
20250401,054540,250614,2024,11011,CFS,118020767105.0,10296876318.0,6041985878.0,74221637248.0,115885553311.0,opendart,2026-05-18T14:32:08+09:00
20260401,054540,250614,2025,11011,CFS,118462119821.0,10218600402.0,8370558609.0,248730878123.0,550016690820.0,opendart,2026-05-18T14:32:08+09:00
20250401,054620,296078,2024,11011,CFS,93965013528.0,-22637555084.0,-3446806024.0,225714445727.0,413209095861.0,opendart,2026-05-18T14:32:08+09:00
20260401,054620,296078,2025,11011,CFS,84866669022.0,-6849442482.0,-8682466159.0,218524484186.0,377190778721.0,opendart,2026-05-18T14:32:08+09:00
20250401,054630,356927,2024,11011,CFS,6422889307.0,-9014400243.0,-10109297397.0,9778804060.0,75763719149.0,opendart,2026-05-18T14:32:08+09:00
20260401,054630,356927,2025,11011,CFS,2357740127.0,-1204264615.0,-7541290085.0,2237513975.0,74056307147.0,opendart,2026-05-18T14:32:08+09:00
20250401,054670,207375,2024,11011,OFS,202186716840.0,18665072068.0,15467990700.0,125438916498.0,221285242921.0,opendart,2026-05-18T14:32:08+09:00
20260401,054670,207375,2025,11011,OFS,202401496497.0,11724632183.0,15257576095.0,139948883795.0,271184096918.0,opendart,2026-05-18T14:32:08+09:00
20250401,054780,353762,2024,11011,OFS,75844854928.0,654372103.0,-10977869999.0,42052904531.0,71448697174.0,opendart,2026-05-18T14:32:08+09:00
20260401,054780,353762,2025,11011,OFS,15701782037.0,-3940417878.0,-2636286278.0,39190602937.0,58354521218.0,opendart,2026-05-18T14:32:08+09:00
20250401,054800,359580,2024,11011,CFS,781350849775.0,63135548774.0,62449152834.0,853188760354.0,1172509771676.0,opendart,2026-05-18T14:32:08+09:00
20260401,054800,359580,2025,11011,CFS,908094139658.0,89736520339.0,77964928908.0,890398354545.0,1218840790161.0,opendart,2026-05-18T14:32:08+09:00
20250401,054920,363592,2024,11011,CFS,448181149581.0,1278567903.0,-4702115583.0,140204421595.0,216217559499.0,opendart,2026-05-18T14:32:08+09:00
20260401,054920,363592,2025,11011,CFS,771217330234.0,6086860721.0,9371783002.0,149154034114.0,249496159537.0,opendart,2026-05-18T14:32:08+09:00
20250401,054930,144650,2024,11011,CFS,339578152680.0,5813013246.0,24422836243.0,147724393781.0,293530954823.0,opendart,2026-05-18T14:32:08+09:00
20260401,054930,144650,2025,11011,OFS,385502385861.0,9243765481.0,10520353724.0,155133439685.0,339201356210.0,opendart,2026-05-18T14:32:08+09:00
20250401,054940,360577,2024,11011,CFS,203087664310.0,8512659131.0,7717020616.0,83665269807.0,169367256567.0,opendart,2026-05-18T14:32:08+09:00
20260401,054940,360577,2025,11011,CFS,177002828337.0,2505252969.0,1157004125.0,83861866740.0,158296864390.0,opendart,2026-05-18T14:32:08+09:00
20250401,054950,361381,2024,11011,CFS,159434150636.0,30675011499.0,28844340035.0,202336022424.0,284799777615.0,opendart,2026-05-18T14:32:08+09:00
20260401,054950,361381,2025,11011,CFS,173129219712.0,33276260919.0,28350804537.0,233947355120.0,319127680911.0,opendart,2026-05-18T14:32:08+09:00
20250401,055490,256955,2024,11011,CFS,135954866237.0,1428414924.0,3581005918.0,154616300756.0,189958983962.0,opendart,2026-05-18T14:32:08+09:00
20260401,055490,256955,2025,11011,CFS,141138746609.0,2508409995.0,2016632275.0,155706925948.0,201027023575.0,opendart,2026-05-18T14:32:08+09:00
20250401,055550,382199,2024,11011,CFS,983166000000.0,-2066224000000.0,4558170000000.0,58821033000000.0,739764256000000.0,opendart,2026-05-18T14:32:08+09:00
20260401,055550,382199,2025,11011,CFS,3364322000000.0,-2325993000000.0,5084519000000.0,60372324000000.0,786013485000000.0,opendart,2026-05-18T14:32:08+09:00
20250401,056080,234227,2024,11011,OFS,26038009171.0,-4223672227.0,-3191416402.0,35703756043.0,54727736447.0,opendart,2026-05-18T14:32:08+09:00
20260401,056080,234227,2025,11011,OFS,28189374133.0,-5033460702.0,-6983789859.0,28718220360.0,53790100296.0,opendart,2026-05-18T14:32:08+09:00
20250401,056090,346610,2024,11011,CFS,34622756083.0,-1116337752.0,-124935834.0,86765892360.0,107200266646.0,opendart,2026-05-18T14:32:08+09:00
20260401,056090,346610,2025,11011,CFS,47234945024.0,3814388241.0,6507511658.0,94147650165.0,114921636923.0,opendart,2026-05-18T14:32:08+09:00
20250401,056190,358271,2024,11011,CFS,2045361581270.0,-48399084010.0,-32117410210.0,1522364024097.0,2479557559440.0,opendart,2026-05-18T14:32:08+09:00
20260401,056190,358271,2025,11011,CFS,1630950490066.0,85860974188.0,52102798598.0,1510269736561.0,2261944460744.0,opendart,2026-05-18T14:32:08+09:00
20250401,056360,360674,2024,11011,CFS,46836215609.0,-7634892172.0,-4074396606.0,126647805083.0,151090414660.0,opendart,2026-05-18T14:32:08+09:00
20260401,056360,360674,2025,11011,CFS,62599540297.0,306265207.0,3470240657.0,158499321346.0,184022424070.0,opendart,2026-05-18T14:32:08+09:00
20250401,056700,228350,2024,11011,CFS,247444120137.0,5808525393.0,844620883.0,94290334344.0,189231837224.0,opendart,2026-05-18T14:32:08+09:00
20260401,056700,228350,2025,11011,CFS,229135522771.0,9095918206.0,3359544726.0,97651106576.0,168747709566.0,opendart,2026-05-18T14:32:08+09:00
20250401,056730,318662,2024,11011,OFS,67038863257.0,-1406893491.0,-1348542109.0,71111613473.0,89519620287.0,opendart,2026-05-18T14:32:08+09:00
20260401,056730,318662,2025,11011,OFS,47500876149.0,-11269330726.0,-12661918176.0,58461866529.0,85091981963.0,opendart,2026-05-18T14:32:08+09:00
20250401,057030,307222,2024,11011,CFS,58329367193.0,2793912411.0,3173794686.0,52472420359.0,81369397980.0,opendart,2026-05-18T14:32:08+09:00
20260401,057030,307222,2025,11011,CFS,51834368698.0,949990702.0,1601615624.0,52422064133.0,80121356515.0,opendart,2026-05-18T14:32:08+09:00
20250401,057050,412597,2024,11011,CFS,3853462322479.0,130128245059.0,174238249760.0,3835459439833.0,5175067326608.0,opendart,2026-05-18T14:32:08+09:00
20260401,057050,412597,2025,11011,CFS,3789834264000.0,130771283000.0,114716307000.0,3753823260000.0,4972561213000.0,opendart,2026-05-18T14:32:08+09:00
20250401,057540,265005,2024,11011,CFS,109089220616.0,5953983907.0,6716727588.0,110002936000.0,132528055670.0,opendart,2026-05-18T14:32:08+09:00
20260401,057540,265005,2025,11011,CFS,99068053730.0,1017421978.0,-154257056.0,110144242163.0,130285749972.0,opendart,2026-05-18T14:32:08+09:00
20250401,057680,372688,2024,11011,CFS,43016852499.0,-9845172719.0,2289343227.0,139229397336.0,163268244478.0,opendart,2026-05-18T14:32:08+09:00
20260401,057680,372688,2025,11011,CFS,36366454993.0,264326560.0,-1599183659.0,168892273458.0,201274537321.0,opendart,2026-05-18T14:32:08+09:00
20250401,057880,410739,2024,11011,CFS,3657484983.0,-1472276783.0,-7651743826.0,2723724762.0,11616033224.0,opendart,2026-05-18T14:32:08+09:00
20250401,058110,270113,2024,11011,CFS,11369004636.0,-9492066504.0,-10290328994.0,39259772825.0,59449795128.0,opendart,2026-05-18T14:32:08+09:00
20260401,058110,270113,2025,11011,CFS,11287751059.0,-2787134562.0,-2704437075.0,36634610993.0,56220578392.0,opendart,2026-05-18T14:32:08+09:00
20250401,058400,208134,2024,11011,CFS,68852610544.0,4512857207.0,8113827411.0,220397227061.0,236345158411.0,opendart,2026-05-18T14:32:08+09:00
20260401,058400,208134,2025,11011,CFS,68506931399.0,3194305734.0,11304202453.0,228499251450.0,246314621852.0,opendart,2026-05-18T14:32:08+09:00
20250401,058430,155258,2024,11011,CFS,1209864896429.0,51923404660.0,35280935188.0,385299788248.0,556803723173.0,opendart,2026-05-18T14:32:08+09:00
20260401,058430,155258,2025,11011,CFS,1125440499863.0,24458675472.0,18160078624.0,387307034547.0,507324692962.0,opendart,2026-05-18T14:32:08+09:00
20250401,058450,146427,2024,11011,CFS,14264269214.0,-6507549393.0,-10011720046.0,20376492424.0,37285619002.0,opendart,2026-05-18T14:32:08+09:00
20260401,058450,146427,2025,11011,CFS,6286258658.0,-5991886693.0,-10455279127.0,9998801896.0,25319382564.0,opendart,2026-05-18T14:32:08+09:00
20250401,058470,369657,2024,11011,OFS,278186189427.0,124201343872.0,113279046428.0,622629112163.0,657443780756.0,opendart,2026-05-18T14:32:08+09:00
20260401,058470,369657,2025,11011,OFS,372534084608.0,176997188289.0,151960670406.0,731218952370.0,791928165325.0,opendart,2026-05-18T14:32:08+09:00
20250401,058610,220686,2024,11011,CFS,388476767485.0,12335226942.0,13113747075.0,254135688485.0,397514155964.0,opendart,2026-05-18T14:32:08+09:00
20260401,058610,220686,2025,11011,CFS,341670161923.0,17939051891.0,9133325305.0,257984198541.0,428472044456.0,opendart,2026-05-18T14:32:08+09:00
20250401,058630,397058,2024,11011,CFS,83424998963.0,12838678865.0,15659142806.0,124269961035.0,148894184748.0,opendart,2026-05-18T14:32:08+09:00
20260401,058630,397058,2025,11011,CFS,91740255110.0,17554792432.0,15998837791.0,136893851017.0,157244091441.0,opendart,2026-05-18T14:32:08+09:00
20250401,058650,377610,2024,11011,CFS,6016826083760.0,99186065812.0,34169891736.0,3150105651595.0,6105540014922.0,opendart,2026-05-18T14:32:08+09:00
20260401,058650,377610,2025,11011,CFS,6611085565727.0,175467417940.0,85883534732.0,3088757914675.0,6190781950964.0,opendart,2026-05-18T14:32:08+09:00
20250401,058730,353878,2024,11011,CFS,312011404043.0,-1754716494.0,-3593236738.0,148579043638.0,324736258465.0,opendart,2026-05-18T14:32:08+09:00
20260401,058730,353878,2025,11011,CFS,273192825187.0,2070051014.0,-6963249379.0,138682177844.0,327475122732.0,opendart,2026-05-18T14:32:08+09:00
20250401,058820,380429,2024,11011,CFS,99099733323.0,1020328528.0,2694712068.0,189542119217.0,303436817189.0,opendart,2026-05-18T14:32:08+09:00
20260401,058820,380429,2025,11011,CFS,105229184685.0,-3692472431.0,-10077182181.0,201554734122.0,305961524392.0,opendart,2026-05-18T14:32:08+09:00
20250401,058850,372882,2024,11011,CFS,1121341270752.0,6971273020.0,6814393181.0,202937510449.0,435066123285.0,opendart,2026-05-18T14:32:08+09:00
20260401,058850,372882,2025,11011,CFS,1042716672450.0,29806186634.0,25235203215.0,225295333275.0,471143023265.0,opendart,2026-05-18T14:32:08+09:00
20250401,058860,372873,2024,11011,OFS,603899372784.0,20990586403.0,11861610535.0,208105745130.0,469932148859.0,opendart,2026-05-18T14:32:08+09:00
20260401,058860,372873,2025,11011,OFS,588759964114.0,24740241685.0,36366198638.0,238486194973.0,449824425159.0,opendart,2026-05-18T14:32:08+09:00
20250401,058970,396925,2024,11011,CFS,79455970128.0,8606497659.0,18598488192.0,88993007788.0,102419750769.0,opendart,2026-05-18T14:32:08+09:00
20260401,058970,396925,2025,11011,CFS,83980244007.0,909560044.0,2534989213.0,95660785759.0,113513500359.0,opendart,2026-05-18T14:32:08+09:00
20250401,059090,366942,2024,11011,CFS,540504643904.0,94633945006.0,76514280786.0,532847652534.0,1392676089676.0,opendart,2026-05-18T14:32:08+09:00
20260401,059090,366942,2025,11011,CFS,977036793661.0,101004245476.0,74949266372.0,689099900666.0,2264573968886.0,opendart,2026-05-18T14:32:08+09:00
20250401,059100,407285,2024,11011,OFS,37099175885.0,2596972420.0,3293747618.0,39285492875.0,58107241562.0,opendart,2026-05-18T14:32:08+09:00
20260401,059100,407285,2025,11011,OFS,34649217419.0,6040285030.0,6006632805.0,44338586542.0,59516000796.0,opendart,2026-05-18T14:32:08+09:00
20250401,059120,404288,2024,11011,OFS,25168306541.0,-4189061187.0,-2841785301.0,40260811047.0,45119440348.0,opendart,2026-05-18T14:32:08+09:00
20260401,059120,404288,2025,11011,OFS,24617900877.0,962725276.0,837150932.0,41249972756.0,45229672958.0,opendart,2026-05-18T14:32:08+09:00
20250401,059210,317681,2024,11011,CFS,94036051029.0,17221764638.0,22324863737.0,96110218826.0,177295082232.0,opendart,2026-05-18T14:32:08+09:00
20260401,059210,317681,2025,11011,CFS,102951318559.0,21428131922.0,10771544169.0,124873491405.0,186603753599.0,opendart,2026-05-18T14:32:08+09:00
20250401,059270,453442,2024,11011,OFS,14938117848.0,-715715116.0,-527898145.0,39468301619.0,42232172011.0,opendart,2026-05-18T14:32:08+09:00
20260401,059270,453442,2025,11011,OFS,15077935821.0,-621169905.0,147852255.0,39644756762.0,43062407333.0,opendart,2026-05-18T14:32:08+09:00
20250401,060150,375931,2024,11011,CFS,208849594963.0,23179868587.0,-18855881025.0,322630959961.0,495708206499.0,opendart,2026-05-18T14:32:08+09:00
20260401,060150,375931,2025,11011,CFS,187154811840.0,18228609825.0,-10925137790.0,308948218082.0,464463638442.0,opendart,2026-05-18T14:32:08+09:00
20250401,060230,363510,2024,11011,CFS,48851434588.0,-11016197602.0,-78259696579.0,51524798915.0,143468244997.0,opendart,2026-05-18T14:32:08+09:00
20260401,060230,363510,2025,11011,CFS,61925399597.0,-8249506520.0,-18598719830.0,64086446463.0,151376976528.0,opendart,2026-05-18T14:32:08+09:00
20250401,060240,373571,2024,11011,CFS,13689816132.0,-5499730863.0,-25600322696.0,6519271403.0,25135818879.0,opendart,2026-05-18T14:32:08+09:00
20260401,060240,373571,2025,11011,CFS,24780379700.0,-5444084712.0,-13106689422.0,10030356.0,20275110258.0,opendart,2026-05-18T14:32:08+09:00
20250401,060250,357740,2024,11011,CFS,1105325511837.0,43781831372.0,45257223891.0,265170070668.0,570272733354.0,opendart,2026-05-18T14:32:08+09:00
20260401,060250,357740,2025,11011,CFS,1234882750705.0,54687939493.0,45777927208.0,300669127443.0,659744795088.0,opendart,2026-05-18T14:32:08+09:00
20250401,060260,351375,2024,11011,CFS,43364851572.0,2638884305.0,1295013172.0,20950989358.0,51209695755.0,opendart,2026-05-18T14:32:08+09:00
20260401,060260,351375,2025,11011,OFS,43479893003.0,1298999718.0,1879198151.0,22818753291.0,55638476714.0,opendart,2026-05-18T14:32:08+09:00
20250401,060280,356802,2024,11011,OFS,55531259080.0,-5821504455.0,-8757927985.0,93380746180.0,102583453315.0,opendart,2026-05-18T14:32:08+09:00
20260401,060280,356802,2025,11011,CFS,74531816400.0,2361804478.0,2771488547.0,96248964468.0,101137762292.0,opendart,2026-05-18T14:32:08+09:00
20250401,060310,378363,2024,11011,CFS,43595351592.0,1164030344.0,2605084717.0,48440167995.0,63790941612.0,opendart,2026-05-18T14:32:08+09:00
20260401,060310,378363,2025,11011,CFS,29022184967.0,-5831286169.0,-10007067780.0,49524691112.0,74789041969.0,opendart,2026-05-18T14:32:08+09:00
20250401,060370,225742,2024,11011,CFS,130279123723.0,12392667090.0,13203271844.0,208157112796.0,254269530607.0,opendart,2026-05-18T14:32:08+09:00
20260401,060370,225742,2025,11011,CFS,244205074557.0,7009301321.0,8356327494.0,628072916399.0,739037054373.0,opendart,2026-05-18T14:32:08+09:00
20250401,060380,178851,2024,11011,CFS,191040272513.0,3153850695.0,3026623401.0,120373748722.0,180312063085.0,opendart,2026-05-18T14:32:08+09:00
20260401,060380,178851,2025,11011,CFS,197820474985.0,1813014359.0,1959446941.0,120540581290.0,198903891959.0,opendart,2026-05-18T14:32:08+09:00
20250401,060480,203847,2024,11011,OFS,31397800162.0,-1696267519.0,-3353046131.0,42329304560.0,47371533602.0,opendart,2026-05-18T14:32:08+09:00
20260401,060480,203847,2025,11011,OFS,36286194700.0,-209964265.0,97340749.0,42313942631.0,46633517222.0,opendart,2026-05-18T14:32:08+09:00
20250401,060540,379229,2024,11011,CFS,155077385580.0,3352273044.0,2096174442.0,104609540544.0,165200418476.0,opendart,2026-05-18T14:32:08+09:00
20260401,060540,379229,2025,11011,CFS,159732944193.0,3911394506.0,476278858.0,103025580932.0,161803903995.0,opendart,2026-05-18T14:32:08+09:00
20250401,060560,288495,2024,11011,CFS,369039055143.0,12312167768.0,5798177352.0,240399458701.0,487785641782.0,opendart,2026-05-18T14:32:08+09:00
20260401,060560,288495,2025,11011,CFS,298824352914.0,-18513534433.0,-23844012309.0,207195553840.0,496363938917.0,opendart,2026-05-18T14:32:08+09:00
20250401,060570,364467,2024,11011,CFS,225062659788.0,-3154088947.0,-17773265429.0,146696788904.0,247300675294.0,opendart,2026-05-18T14:32:08+09:00
20260401,060570,364467,2025,11011,CFS,224997032269.0,593044495.0,2601411618.0,143882546422.0,222693228320.0,opendart,2026-05-18T14:32:08+09:00
20250401,060590,362292,2024,11011,CFS,144406933560.0,-3953111981.0,-5220439233.0,69620419955.0,153688456822.0,opendart,2026-05-18T14:32:08+09:00
20260401,060590,362292,2025,11011,CFS,123769377291.0,6249530909.0,3240507175.0,72723708112.0,143235365403.0,opendart,2026-05-18T14:32:08+09:00
20250401,060720,378628,2024,11011,CFS,311011706199.0,21858202762.0,21312737820.0,262360269009.0,387122812875.0,opendart,2026-05-18T14:32:08+09:00
20260401,060720,378628,2025,11011,CFS,424904200489.0,31752377839.0,20391939761.0,275668671803.0,404150935791.0,opendart,2026-05-18T14:32:08+09:00
20250401,060850,532129,2024,11011,CFS,62553419730.0,2221478070.0,3279507418.0,47916065970.0,68405556822.0,opendart,2026-05-18T14:32:08+09:00
20260401,060850,532129,2025,11011,CFS,79883113261.0,4219231934.0,6376701835.0,53887987314.0,89866929040.0,opendart,2026-05-18T14:32:08+09:00
20250401,060900,367695,2024,11011,CFS,11795782994.0,-5006106950.0,-13520827817.0,40793190032.0,61942699086.0,opendart,2026-05-18T14:32:08+09:00
20260401,060900,367695,2025,11011,CFS,13120220021.0,-9319861515.0,-18657607543.0,37476456513.0,57356038099.0,opendart,2026-05-18T14:32:08+09:00
20250401,060980,299002,2024,11011,CFS,1371086204119.0,90442516250.0,19831019390.0,1064580084389.0,2370763879407.0,opendart,2026-05-18T14:32:08+09:00
20260401,060980,299002,2025,11011,CFS,1335036122998.0,88690069899.0,21499473867.0,1075839444413.0,2331807299804.0,opendart,2026-05-18T14:32:08+09:00
20250401,061040,309831,2024,11011,CFS,358323498458.0,1811663755.0,-20271299819.0,222319836471.0,456606521480.0,opendart,2026-05-18T14:32:08+09:00
20260401,061040,309831,2025,11011,CFS,266007649510.0,-25187617236.0,-30470680477.0,186036634076.0,407430424081.0,opendart,2026-05-18T14:32:08+09:00
20260401,061090,1010615,2025,11011,CFS,179288201881.0,16289649592.0,16714354973.0,176224616010.0,205702111567.0,opendart,2026-05-18T14:32:08+09:00
20250401,061250,188973,2024,11011,OFS,119764041995.0,755138695.0,6481446234.0,203415490923.0,215609795570.0,opendart,2026-05-18T14:32:08+09:00
20260401,061250,188973,2025,11011,OFS,100817433496.0,-2279702034.0,-233014526.0,206871423140.0,213160031548.0,opendart,2026-05-18T14:32:08+09:00
20250401,061970,412348,2024,11011,CFS,450864779668.0,-18823421741.0,-23019472887.0,346236165510.0,806049636545.0,opendart,2026-05-18T14:32:08+09:00
20260401,061970,412348,2025,11011,CFS,479781936611.0,-39800058194.0,-150875528423.0,270040821128.0,684133638763.0,opendart,2026-05-18T14:32:08+09:00
20250401,062040,366438,2024,11011,OFS,333996550771.0,109231906505.0,83676177904.0,434241887238.0,492674198507.0,opendart,2026-05-18T14:32:08+09:00
20260401,062040,366438,2025,11011,CFS,501946220880.0,178634181593.0,148921775330.0,585470613825.0,681958856706.0,opendart,2026-05-18T14:32:08+09:00
20250401,062970,403766,2024,11011,OFS,6504557437.0,-4796341251.0,-14301215550.0,5442439510.0,31405699755.0,opendart,2026-05-18T14:32:08+09:00
20260401,062970,403766,2025,11011,OFS,3580740155.0,-3415077910.0,-12761902790.0,13036448237.0,18440910502.0,opendart,2026-05-18T14:32:08+09:00
20250401,063080,535746,2024,11011,CFS,9899306499.0,-50553975824.0,-42511418898.0,211441431476.0,541958257256.0,opendart,2026-05-18T14:32:08+09:00
20260401,063080,535746,2025,11011,CFS,99211679155.0,-6823638022.0,37255821150.0,252511498171.0,518942512471.0,opendart,2026-05-18T14:32:08+09:00
20250401,063160,390055,2024,11011,OFS,171756008722.0,10953544485.0,8700827339.0,131009150230.0,284491992883.0,opendart,2026-05-18T14:32:08+09:00
20260401,063160,390055,2025,11011,OFS,160070986863.0,3605135548.0,-2888351295.0,127035604266.0,299866941097.0,opendart,2026-05-18T14:32:08+09:00
20250401,063170,410915,2024,11011,CFS,32222871.0,-3390242787.0,-9469037391.0,107677116211.0,212541686866.0,opendart,2026-05-18T14:32:08+09:00
20260401,063170,410915,2025,11011,CFS,21334383653.0,-3953230030.0,-8773726189.0,98253274161.0,221472332048.0,opendart,2026-05-18T14:32:08+09:00
20250401,063440,367604,2024,11011,CFS,44780387467.0,3526292536.0,4870454585.0,61795348671.0,69502056550.0,opendart,2026-05-18T14:32:08+09:00
20260401,063440,367604,2025,11011,CFS,53324973138.0,4575636524.0,5496856845.0,67255542581.0,73466958918.0,opendart,2026-05-18T14:32:08+09:00
20250401,063570,363769,2024,11011,CFS,338702988011.0,18704472550.0,2397982374.0,180470714949.0,547768467791.0,opendart,2026-05-18T14:32:08+09:00
20260401,063570,363769,2025,11011,CFS,383954233593.0,30713748831.0,7190300230.0,183572647628.0,632896928821.0,opendart,2026-05-18T14:32:08+09:00
20250401,063760,374020,2024,11011,CFS,28010840701.0,-4199751616.0,-1319775963.0,62405480470.0,75632478096.0,opendart,2026-05-18T14:32:08+09:00
20260401,063760,374020,2025,11011,CFS,27313414664.0,2303342382.0,2599109411.0,64481223896.0,80305389810.0,opendart,2026-05-18T14:32:08+09:00
20250401,064090,390408,2024,11011,CFS,4560824449.0,-3535124234.0,19027885730.0,96829213044.0,99822167362.0,opendart,2026-05-18T14:32:08+09:00
20260401,064090,390408,2025,11011,CFS,7211902064.0,-6078614066.0,-30204179171.0,66794693845.0,70958916483.0,opendart,2026-05-18T14:32:08+09:00
20250401,064240,385336,2024,11011,CFS,97870083490.0,-2437573232.0,-3777146266.0,96392027098.0,120826883543.0,opendart,2026-05-18T14:32:08+09:00
20260401,064240,385336,2025,11011,CFS,97996130553.0,-2875702947.0,-2170364078.0,84453238945.0,89327253979.0,opendart,2026-05-18T14:32:08+09:00
20250401,064260,389970,2024,11011,CFS,260936633962.0,1393329346.0,2924897911.0,310010645938.0,745592738056.0,opendart,2026-05-18T14:32:08+09:00
20260401,064260,389970,2025,11011,CFS,225377154221.0,2312158591.0,-68364452157.0,307585989379.0,741963126216.0,opendart,2026-05-18T14:32:08+09:00
20250401,064290,479787,2024,11011,CFS,83873419602.0,-15587344842.0,-11868660825.0,45505737211.0,124069358316.0,opendart,2026-05-18T14:32:08+09:00
20260401,064290,479787,2025,11011,CFS,89765092570.0,-3734628764.0,-3318912698.0,45953303028.0,118814866862.0,opendart,2026-05-18T14:32:08+09:00
20250401,064350,302926,2024,11011,CFS,4376597857000.0,456565534000.0,405259414000.0,2009085189000.0,5285394740000.0,opendart,2026-05-18T14:32:08+09:00
20260401,064350,302926,2025,11011,CFS,5839031553000.0,1005640509000.0,770492199000.0,3041233616000.0,9318033774000.0,opendart,2026-05-18T14:32:08+09:00
20250401,064400,139834,2024,11011,CFS,5982627063000.0,512864077000.0,364914430000.0,2122810399000.0,4504507763000.0,opendart,2026-05-18T14:32:08+09:00
20260401,064400,139834,2025,11011,CFS,6129542718000.0,551828295000.0,439157596000.0,2941438973000.0,5285275191000.0,opendart,2026-05-18T14:32:08+09:00
20250401,064480,359076,2024,11011,OFS,43561219140.0,-3254900758.0,-2763378114.0,46826828659.0,67885823870.0,opendart,2026-05-18T14:32:08+09:00
20260401,064480,359076,2025,11011,OFS,49677044033.0,310443458.0,512953736.0,46678531023.0,62159073060.0,opendart,2026-05-18T14:32:08+09:00
20250401,064520,370255,2024,11011,CFS,25301712621.0,-375456095.0,-472095276.0,99389175172.0,104152435078.0,opendart,2026-05-18T14:32:08+09:00
20260401,064520,370255,2025,11011,CFS,18149684065.0,-5603781420.0,-4665162841.0,94575406668.0,100320069500.0,opendart,2026-05-18T14:32:08+09:00
20250401,064550,326731,2024,11011,CFS,293975485094.0,-13416567799.0,-19042111472.0,226891095647.0,332185372434.0,opendart,2026-05-18T14:32:08+09:00
20260401,064550,326731,2025,11011,CFS,330110657768.0,15225442003.0,1707000542.0,226986537739.0,369883618596.0,opendart,2026-05-18T14:32:08+09:00
20250401,064760,245472,2024,11011,OFS,275724843444.0,80747924196.0,71994036570.0,516254748314.0,563519610069.0,opendart,2026-05-18T14:32:08+09:00
20260401,064760,245472,2025,11011,OFS,301334302844.0,83887319363.0,69902724552.0,519302794390.0,567616557963.0,opendart,2026-05-18T14:32:08+09:00
20250401,064800,392691,2024,11011,CFS,61298105250.0,-26158834950.0,-38391385535.0,198249734782.0,246626823933.0,opendart,2026-05-18T14:32:08+09:00
20260401,064800,392691,2025,11011,CFS,44890555536.0,-21120940401.0,15848001424.0,216097181438.0,287705953323.0,opendart,2026-05-18T14:32:08+09:00
20250401,064820,152437,2024,11011,CFS,516502499171.0,38992422321.0,18297591691.0,259508030767.0,2404664740136.0,opendart,2026-05-18T14:32:08+09:00
20260401,064820,152437,2025,11011,CFS,579773872948.0,49963648641.0,64237261228.0,309485029721.0,2692973699221.0,opendart,2026-05-18T14:32:08+09:00
20250401,064850,331016,2024,11011,CFS,31607660607.0,7648239115.0,4102762417.0,61800567747.0,85056694363.0,opendart,2026-05-18T14:32:08+09:00
20260401,064850,331016,2025,11011,CFS,35401545538.0,10663123187.0,10045577451.0,68936101394.0,88472449505.0,opendart,2026-05-18T14:32:08+09:00
20250401,064960,398792,2024,11011,CFS,968898049440.0,98128121434.0,104345991126.0,984795341182.0,1241825709210.0,opendart,2026-05-18T14:32:08+09:00
20260401,064960,398792,2025,11011,CFS,1006373968570.0,102552954912.0,69508148662.0,1019390057900.0,1279363819077.0,opendart,2026-05-18T14:32:08+09:00
20250401,065060,258102,2024,11011,CFS,121173166298.0,-3928636259.0,-8204914292.0,123931404189.0,233844942665.0,opendart,2026-05-18T14:32:08+09:00
20260401,065060,258102,2025,11011,CFS,110866718148.0,-408991762.0,-8552301451.0,128263715362.0,233804428078.0,opendart,2026-05-18T14:32:08+09:00
20250401,065130,366845,2024,11011,CFS,815419033739.0,-7468707032.0,3189287097.0,340096703499.0,594806942179.0,opendart,2026-05-18T14:32:08+09:00
20260401,065130,366845,2025,11011,CFS,798498300100.0,-35218756971.0,-45662339345.0,288247576792.0,492123214404.0,opendart,2026-05-18T14:32:08+09:00
20250401,065150,390860,2024,11011,CFS,102878853186.0,-820612174.0,-12108460870.0,10654231800.0,38453173974.0,opendart,2026-05-18T14:32:08+09:00
20260401,065150,390860,2025,11011,CFS,110864610083.0,4554449774.0,8315318465.0,24345267606.0,37466437775.0,opendart,2026-05-18T14:32:08+09:00
20250401,065170,384717,2024,11011,CFS,8805510735.0,-3215815024.0,-5716866331.0,24268209604.0,36458146420.0,opendart,2026-05-18T14:32:08+09:00
20260401,065170,384717,2025,11011,CFS,6505728145.0,-2824543861.0,-16787131379.0,7927379255.0,18195170801.0,opendart,2026-05-18T14:32:08+09:00
20250401,065350,136226,2024,11011,CFS,909722446409.0,27176239810.0,7449970454.0,317312385835.0,774111976556.0,opendart,2026-05-18T14:32:08+09:00
20260401,065350,136226,2025,11011,CFS,945363793218.0,27689928290.0,24207033883.0,356862272945.0,932560259261.0,opendart,2026-05-18T14:32:08+09:00
20250401,065370,374738,2024,11011,CFS,35028457232.0,927730373.0,-409036745.0,30873079286.0,71958424244.0,opendart,2026-05-18T14:32:08+09:00
20260401,065370,374738,2025,11011,CFS,38258327979.0,786004716.0,1454510181.0,30864651221.0,66432682733.0,opendart,2026-05-18T14:32:08+09:00
20250401,065420,120906,2024,11011,OFS,10538164218.0,-3692024753.0,-2098858043.0,7623241025.0,14882121796.0,opendart,2026-05-18T14:32:08+09:00
20260401,065420,120906,2025,11011,OFS,20851578595.0,-2895413186.0,-1958381187.0,10468021616.0,17189453891.0,opendart,2026-05-18T14:32:08+09:00
20250401,065440,390514,2024,11011,CFS,68518749923.0,3096647847.0,5633005499.0,51057917508.0,75451682416.0,opendart,2026-05-18T14:32:08+09:00
20260401,065440,390514,2025,11011,CFS,61561302031.0,1534602028.0,1601011967.0,50822139635.0,77620403503.0,opendart,2026-05-18T14:32:08+09:00
20250401,065450,385363,2024,11011,CFS,71488568458.0,1818525608.0,3819352513.0,58249544422.0,107182765556.0,opendart,2026-05-18T14:32:08+09:00
20260401,065450,385363,2025,11011,CFS,82956728421.0,4373560135.0,4402203493.0,60617600789.0,126231673412.0,opendart,2026-05-18T14:32:08+09:00
20250401,065500,300405,2024,11011,CFS,173404473713.0,1221458629.0,-10544121.0,38036984275.0,99439940952.0,opendart,2026-05-18T14:32:08+09:00
20260401,065500,300405,2025,11011,CFS,157135799037.0,912420409.0,1797218259.0,39625585221.0,98290350357.0,opendart,2026-05-18T14:32:08+09:00
20250401,065510,398668,2024,11011,CFS,117875139902.0,13333966220.0,8364298114.0,121786740601.0,222132760337.0,opendart,2026-05-18T14:32:08+09:00
20260401,065510,398668,2025,11011,CFS,118043310694.0,5553331465.0,-4940420274.0,111870123539.0,224755205943.0,opendart,2026-05-18T14:32:08+09:00
20250401,065530,250137,2024,11011,CFS,79443281962.0,3825295756.0,2991443653.0,75888338837.0,138956917494.0,opendart,2026-05-18T14:32:08+09:00
20260401,065530,250137,2025,11011,CFS,75539040453.0,5475687606.0,4548328306.0,78046877601.0,139604349293.0,opendart,2026-05-18T14:32:08+09:00
20250401,065570,288343,2024,11011,OFS,36103058846.0,-5933203085.0,-26830278994.0,16429766418.0,54900955641.0,opendart,2026-05-18T14:32:08+09:00
20260401,065570,288343,2025,11011,OFS,33261463483.0,-194608893.0,840102788.0,18107999604.0,40257888252.0,opendart,2026-05-18T14:32:08+09:00
20250401,065650,391197,2024,11011,CFS,58463471347.0,-6051593319.0,-81184854824.0,17490366497.0,60404547782.0,opendart,2026-05-18T14:32:08+09:00
20260401,065650,391197,2025,11011,CFS,76186605609.0,-4281271081.0,-756373534.0,15312036023.0,71935567196.0,opendart,2026-05-18T14:32:08+09:00
20250401,065660,631837,2024,11011,OFS,6932864586.0,-3749940513.0,-2292835494.0,110211617127.0,116078467157.0,opendart,2026-05-18T14:32:08+09:00
20260401,065660,631837,2025,11011,OFS,7536467883.0,-2433070253.0,-1373843502.0,87446442311.0,88259001128.0,opendart,2026-05-18T14:32:08+09:00
20250401,065680,390903,2024,11011,CFS,176181835330.0,20125236440.0,19834818298.0,246373997170.0,327733689956.0,opendart,2026-05-18T14:32:08+09:00
20260401,065680,390903,2025,11011,CFS,186420206961.0,21809545822.0,21515008749.0,262951977035.0,345782147365.0,opendart,2026-05-18T14:32:08+09:00
20250401,065690,384762,2024,11011,CFS,63689337418.0,-1428088437.0,-3359047066.0,46454103598.0,115027215431.0,opendart,2026-05-18T14:32:08+09:00
20260401,065690,384762,2025,11011,CFS,53499990345.0,-12735489947.0,4900094629.0,50583937820.0,81293288223.0,opendart,2026-05-18T14:32:08+09:00
20250401,065710,220622,2024,11011,CFS,46467231659.0,1645582899.0,11474264315.0,89328968210.0,101975372921.0,opendart,2026-05-18T14:32:08+09:00
20260401,065710,220622,2025,11011,CFS,116625518085.0,25325581550.0,20706381210.0,82995863776.0,103409688237.0,opendart,2026-05-18T14:32:08+09:00
20250401,065770,303703,2024,11011,CFS,37172496286.0,-199946833.0,1096610761.0,18581257360.0,23962754816.0,opendart,2026-05-18T14:32:08+09:00
20260401,065770,303703,2025,11011,CFS,23640234124.0,-1182774586.0,-998416413.0,17445704179.0,19055924565.0,opendart,2026-05-18T14:32:08+09:00
20250401,065950,362159,2024,11011,CFS,329117322759.0,2171617203.0,-11813448940.0,111140749464.0,382066204999.0,opendart,2026-05-18T14:32:08+09:00
20260401,065950,362159,2025,11011,CFS,268959790113.0,-11117631837.0,-49159619501.0,60396738066.0,329124032087.0,opendart,2026-05-18T14:32:08+09:00
20250401,066130,221728,2024,11011,OFS,186549537819.0,10713401256.0,8880676863.0,109992119742.0,158134439951.0,opendart,2026-05-18T14:32:08+09:00
20260401,066130,221728,2025,11011,OFS,176939282893.0,10354345313.0,9065170328.0,116727116785.0,159182470629.0,opendart,2026-05-18T14:32:08+09:00
20250401,066310,411446,2024,11011,CFS,21363283641.0,1184535478.0,3253438320.0,83942667086.0,88543626839.0,opendart,2026-05-18T14:32:08+09:00
20260401,066310,411446,2025,11011,CFS,23282562121.0,293849147.0,2515736234.0,87411694721.0,93019579690.0,opendart,2026-05-18T14:32:08+09:00
20250401,066360,216434,2024,11011,CFS,382879314695.0,2865451143.0,-9045542765.0,105774024835.0,297234353652.0,opendart,2026-05-18T14:32:08+09:00
20260401,066360,216434,2025,11011,CFS,405435680279.0,28482167050.0,28600328366.0,138803839705.0,327107434896.0,opendart,2026-05-18T14:32:08+09:00
20250401,066410,378220,2024,11011,CFS,17461234199.0,-8262313074.0,-1810875857.0,129563270304.0,190720457988.0,opendart,2026-05-18T14:32:08+09:00
20260401,066410,378220,2025,11011,CFS,17273408347.0,-6182990399.0,-38263737205.0,164006726560.0,173190399977.0,opendart,2026-05-18T14:32:08+09:00
20250401,066430,370200,2024,11011,OFS,36145453798.0,934623490.0,-487373509.0,42581711839.0,51246912389.0,opendart,2026-05-18T14:32:08+09:00
20260401,066430,370200,2025,11011,OFS,36426291956.0,169877798.0,1701370135.0,44073274890.0,51073992359.0,opendart,2026-05-18T14:32:08+09:00
20250401,066570,401731,2024,11011,CFS,87728182000000.0,3419675000000.0,591365000000.0,25211664000000.0,65629589000000.0,opendart,2026-05-18T14:32:08+09:00
20260401,066570,401731,2025,11011,CFS,89200882000000.0,2478392000000.0,1220412000000.0,28552025000000.0,68620167000000.0,opendart,2026-05-18T14:32:08+09:00
20250401,066590,301422,2024,11011,CFS,354215329745.0,9048785590.0,7140720916.0,90228675226.0,286087390509.0,opendart,2026-05-18T14:32:08+09:00
20260401,066590,301422,2025,11011,CFS,368608811121.0,451203342.0,-11346574216.0,78689019518.0,268145034045.0,opendart,2026-05-18T14:32:08+09:00
20250401,066620,253985,2024,11011,CFS,421641298281.0,41699899386.0,40722225473.0,279812971824.0,427011513582.0,opendart,2026-05-18T14:32:08+09:00
20260401,066620,253985,2025,11011,CFS,438886977675.0,45761779944.0,39694649005.0,323948087256.0,473184375736.0,opendart,2026-05-18T14:32:08+09:00
20250401,066670,371740,2024,11011,CFS,11884203638.0,2438222634.0,2168541382.0,162151584222.0,168146901131.0,opendart,2026-05-18T14:32:08+09:00
20260401,066670,371740,2025,11011,CFS,188618668917.0,-1764737678.0,-1417482547.0,248771521313.0,305012742585.0,opendart,2026-05-18T14:32:08+09:00
20250401,066700,249894,2024,11011,CFS,249625346187.0,12499643437.0,-39280684356.0,130544378780.0,237003167055.0,opendart,2026-05-18T14:32:08+09:00
20260401,066700,249894,2025,11011,CFS,271589661726.0,10213036661.0,11745645157.0,159170179367.0,257628373553.0,opendart,2026-05-18T14:32:08+09:00
20250401,066790,249441,2024,11011,CFS,18337213022.0,-850011520.0,-1073241178.0,34485344178.0,38009612874.0,opendart,2026-05-18T14:32:08+09:00
20260401,066790,249441,2025,11011,CFS,18271161053.0,-5020235846.0,-9074418424.0,25410925754.0,28953199521.0,opendart,2026-05-18T14:32:08+09:00
20250401,066900,303192,2024,11011,CFS,488847196080.0,-30397142801.0,-43316520208.0,45291472751.0,362365917559.0,opendart,2026-05-18T14:32:08+09:00
20260401,066900,303192,2025,11011,CFS,543196073695.0,-57819484914.0,-64776389429.0,-20771452028.0,555426058972.0,opendart,2026-05-18T14:32:08+09:00
20250401,066910,306870,2024,11011,CFS,32021507888.0,-9454678185.0,-9557600866.0,28132018861.0,57702751747.0,opendart,2026-05-18T14:32:08+09:00
20260401,066910,306870,2025,11011,CFS,96999899742.0,-6683270784.0,808467817.0,49367053966.0,119981711170.0,opendart,2026-05-18T14:32:08+09:00
20250401,066970,398701,2024,11011,CFS,1907478512809.0,-558685355192.0,-380729239417.0,723347931361.0,2799831517733.0,opendart,2026-05-18T14:32:08+09:00
20260401,066970,398701,2025,11011,CFS,2154938965103.0,-156849943423.0,-534701333152.0,676823890646.0,3134104265112.0,opendart,2026-05-18T14:32:08+09:00
20250401,066980,389998,2024,11011,CFS,155217241244.0,-50733737756.0,-77910974429.0,64304487159.0,176176845822.0,opendart,2026-05-18T14:32:08+09:00
20260401,066980,389998,2025,11011,CFS,199851392139.0,2839554722.0,538591570.0,63217056404.0,156788608600.0,opendart,2026-05-18T14:32:08+09:00
20250401,067000,397252,2024,11011,CFS,4620318703.0,11614781723.0,-6310040340.0,96457584903.0,230145161916.0,opendart,2026-05-18T14:32:08+09:00
20260401,067000,397252,2025,11011,CFS,140359841215.0,5664758588.0,-10384048003.0,86292573354.0,211234881753.0,opendart,2026-05-18T14:32:08+09:00
20250401,067010,400060,2024,11011,OFS,91805920912.0,1475201355.0,2627086466.0,54854090965.0,86219173083.0,opendart,2026-05-18T14:32:08+09:00
20260401,067010,400060,2025,11011,OFS,73347135869.0,-2692474844.0,626462112.0,51316889561.0,74025580485.0,opendart,2026-05-18T14:32:08+09:00
20250401,067080,210740,2024,11011,CFS,149409212217.0,6713011646.0,829834748.0,76369875608.0,205884429287.0,opendart,2026-05-18T14:32:08+09:00
20260401,067080,210740,2025,11011,CFS,143060002187.0,3162277476.0,2329966909.0,79141701516.0,210863255709.0,opendart,2026-05-18T14:32:08+09:00
20250401,067160,399694,2024,11011,CFS,413178446964.0,113506476450.0,102423309023.0,382424625846.0,715724798333.0,opendart,2026-05-18T14:32:08+09:00
20260401,067160,399694,2025,11011,CFS,466570266082.0,124840445238.0,103744269375.0,503173580919.0,884795265717.0,opendart,2026-05-18T14:32:08+09:00
20250401,067170,397289,2024,11011,CFS,909232399803.0,-14876996743.0,-31653622453.0,128171941645.0,542689709449.0,opendart,2026-05-18T14:32:08+09:00
20260401,067170,397289,2025,11011,CFS,852138652064.0,-2263272785.0,-7955918301.0,135669153641.0,508993661787.0,opendart,2026-05-18T14:32:08+09:00
20250401,067280,425351,2024,11011,CFS,352739509730.0,327977088.0,31513316891.0,221027496038.0,320717498956.0,opendart,2026-05-18T14:32:08+09:00
20260401,067280,425351,2025,11011,CFS,330827395521.0,31891937098.0,26384397732.0,235342099708.0,322041329518.0,opendart,2026-05-18T14:32:08+09:00
20250401,067290,110431,2024,11011,CFS,93013748432.0,9952528451.0,5076982440.0,26569281642.0,63035402938.0,opendart,2026-05-18T14:32:08+09:00
20260401,067290,110431,2025,11011,CFS,81043717132.0,7455451177.0,15656730846.0,40727803290.0,58241070091.0,opendart,2026-05-18T14:32:08+09:00
20250401,067310,445054,2024,11011,CFS,1250692575645.0,106792878899.0,-11157290055.0,605829084189.0,1944648852618.0,opendart,2026-05-18T14:32:08+09:00
20260401,067310,445054,2025,11011,CFS,1534418874072.0,127689329155.0,65578519945.0,652675603467.0,2017838854218.0,opendart,2026-05-18T14:32:08+09:00
20250401,067370,407036,2024,11011,OFS,8682778981.0,-533240318.0,-104381117.0,27078173797.0,61017212304.0,opendart,2026-05-18T14:32:08+09:00
20260401,067370,407036,2025,11011,OFS,13672512814.0,5036101422.0,2793422112.0,28871767419.0,60680113162.0,opendart,2026-05-18T14:32:08+09:00
20250401,067390,409681,2024,11011,CFS,171380120862.0,-6396741096.0,-17107013742.0,296127254452.0,562042524313.0,opendart,2026-05-18T14:32:08+09:00
20260401,067390,409681,2025,11011,CFS,254386380552.0,7358569541.0,-8836530619.0,306858623090.0,560593411124.0,opendart,2026-05-18T14:32:08+09:00
20250401,067570,146436,2024,11011,CFS,1587354171741.0,67582834510.0,20397339627.0,391980785900.0,1514992275828.0,opendart,2026-05-18T14:32:08+09:00
20260401,067570,146436,2025,11011,CFS,1623889869779.0,-21869863594.0,-44968793033.0,335214226437.0,1579146291059.0,opendart,2026-05-18T14:32:08+09:00
20250401,067630,365590,2024,11011,CFS,102240056015.0,-24818721435.0,6206771886.0,398825310553.0,539017424237.0,opendart,2026-05-18T14:32:08+09:00
20260401,067630,365590,2025,11011,CFS,45752222713.0,-22026673756.0,-99944345613.0,297742201575.0,478093566716.0,opendart,2026-05-18T14:32:08+09:00
20250401,067730,238199,2024,11011,OFS,42857277220.0,2391160785.0,2413455525.0,18729513604.0,28972433530.0,opendart,2026-05-18T14:32:08+09:00
20260401,067730,238199,2025,11011,OFS,48541050274.0,2884427722.0,3304917079.0,21020713137.0,29868025186.0,opendart,2026-05-18T14:32:08+09:00
20250401,067770,406727,2024,11011,CFS,13176332207.0,736039898.0,3126350188.0,47189421114.0,48656430876.0,opendart,2026-05-18T14:32:08+09:00
20260401,067770,406727,2025,11011,CFS,11896547885.0,-207245981.0,713961641.0,47544134211.0,49000428786.0,opendart,2026-05-18T14:32:08+09:00
20250401,067830,422895,2024,11011,OFS,117239836613.0,7777044370.0,12637684846.0,483958509861.0,576374088374.0,opendart,2026-05-18T14:32:08+09:00
20260401,067830,422895,2025,11011,OFS,118101449478.0,4585913625.0,7753826848.0,492105922836.0,588285163793.0,opendart,2026-05-18T14:32:08+09:00
20250401,067900,190756,2024,11011,CFS,113759569571.0,30278256433.0,31312214492.0,303057910498.0,440130712252.0,opendart,2026-05-18T14:32:08+09:00
20260401,067900,190756,2025,11011,CFS,116995951433.0,26072672057.0,30426548984.0,346704719099.0,500268306454.0,opendart,2026-05-18T14:32:08+09:00
20250401,067920,364847,2024,11011,CFS,45440866.0,6068314076.0,6239692822.0,80784037031.0,96722702743.0,opendart,2026-05-18T14:32:08+09:00
20260401,067920,364847,2025,11011,CFS,6314775609.0,16009426307.0,3629261620.0,141551024661.0,182254835932.0,opendart,2026-05-18T14:32:08+09:00
20250401,067990,449379,2024,11011,CFS,2168435353922.0,25040690515.0,-7657839265.0,405329884974.0,1669322505091.0,opendart,2026-05-18T14:32:08+09:00
20260401,067990,449379,2025,11011,CFS,2549096896332.0,40785780982.0,1708412083.0,376319022342.0,1641813989018.0,opendart,2026-05-18T14:32:08+09:00
20250401,068050,397191,2024,11011,CFS,34688548303.0,128869846.0,-3104498821.0,70147189037.0,121133372014.0,opendart,2026-05-18T14:32:08+09:00
20260401,068050,397191,2025,11011,CFS,35178107167.0,-3472070031.0,-8127844936.0,62206568679.0,118184701576.0,opendart,2026-05-18T14:32:08+09:00
20250401,068100,426828,2024,11011,CFS,15586967912.0,-2062350246.0,-1877139029.0,13234061414.0,18828687407.0,opendart,2026-05-18T14:32:08+09:00
20260401,068100,426828,2025,11011,CFS,17691551363.0,-1732031425.0,-1738048120.0,11518850741.0,16360308964.0,opendart,2026-05-18T14:32:08+09:00
20250401,068240,523307,2024,11011,CFS,301518095516.0,7647289177.0,11913329273.0,258928850724.0,745730781722.0,opendart,2026-05-18T14:32:08+09:00
20260401,068240,523307,2025,11011,CFS,112089010367.0,-120677503877.0,-196858061550.0,-515641966971.0,615943516770.0,opendart,2026-05-18T14:32:08+09:00
20250401,068270,413046,2024,11011,CFS,3557303554371.0,492015534847.0,418883310404.0,17580062368691.0,21055222437706.0,opendart,2026-05-18T14:32:08+09:00
20260401,068270,413046,2025,11011,CFS,4162495108881.0,1168471345595.0,1031483789240.0,17352529819114.0,22334900189800.0,opendart,2026-05-18T14:32:08+09:00
20250401,068290,423690,2024,11011,OFS,40565887090.0,-181381974.0,10853322505.0,176385645244.0,208565174070.0,opendart,2026-05-18T14:32:08+09:00
20260401,068290,423690,2025,11011,OFS,40291331074.0,-795440193.0,4049243196.0,164043724555.0,194780126153.0,opendart,2026-05-18T14:32:08+09:00
20250401,068330,385415,2024,11011,OFS,10817961079.0,2262143402.0,3811741959.0,60449710729.0,63939996247.0,opendart,2026-05-18T14:32:08+09:00
20260401,068330,385415,2025,11011,OFS,14530428309.0,4546087339.0,4793275029.0,64796478119.0,68584801254.0,opendart,2026-05-18T14:32:08+09:00
20250401,068760,541349,2024,11011,OFS,477835307770.0,37222949682.0,21966117520.0,396921557126.0,669462477938.0,opendart,2026-05-18T14:32:08+09:00
20260401,068760,541349,2025,11011,OFS,536400308882.0,56091784420.0,38751698960.0,435963146742.0,759440541950.0,opendart,2026-05-18T14:32:08+09:00
20250401,068790,361594,2024,11011,CFS,167787547562.0,30645330986.0,35614961268.0,364239825557.0,528759815454.0,opendart,2026-05-18T14:32:08+09:00
20260401,068790,361594,2025,11011,CFS,155471297435.0,4236043807.0,142187632100.0,433029491769.0,573797046616.0,opendart,2026-05-18T14:32:08+09:00
20250401,068930,398808,2024,11011,CFS,217722264803.0,23703477394.0,16079683039.0,161093422736.0,337984205913.0,opendart,2026-05-18T14:32:08+09:00
20260401,068930,398808,2025,11011,CFS,253821898980.0,31559402258.0,25625100101.0,170528416925.0,345997340864.0,opendart,2026-05-18T14:32:08+09:00
20250401,068940,308896,2024,11011,CFS,33712530431.0,-1707181447.0,-1825289437.0,17778813569.0,27979942852.0,opendart,2026-05-18T14:32:08+09:00
20260401,068940,308896,2025,11011,CFS,35505883136.0,-3428445028.0,-10567028684.0,10246368914.0,25777691812.0,opendart,2026-05-18T14:32:08+09:00
20250401,069080,405320,2024,11011,CFS,214747032253.0,54553002826.0,56752390631.0,672635084186.0,750923459906.0,opendart,2026-05-18T14:32:08+09:00
20260401,069080,405320,2025,11011,CFS,174436688525.0,29727638227.0,23534479544.0,683894141128.0,768081712139.0,opendart,2026-05-18T14:32:08+09:00
20250401,069140,410997,2024,11011,CFS,116059214572.0,4129750521.0,2027387982.0,42611321205.0,147475175847.0,opendart,2026-05-18T14:32:08+09:00
20260401,069140,410997,2025,11011,CFS,117635132082.0,4820589569.0,1367211380.0,46258861324.0,140291796553.0,opendart,2026-05-18T14:32:08+09:00
20250401,069260,426086,2024,11011,CFS,1188238697698.0,80802440875.0,77450978710.0,874888474177.0,1168226900665.0,opendart,2026-05-18T14:32:08+09:00
20260401,069260,426086,2025,11011,CFS,1127691137096.0,65614572005.0,59207938448.0,908316322259.0,1168210236084.0,opendart,2026-05-18T14:32:08+09:00
20250401,069330,400121,2024,11011,CFS,53558158467.0,244020616.0,660280988.0,19488058128.0,43229983991.0,opendart,2026-05-18T14:32:08+09:00
20260401,069330,400121,2025,11011,CFS,49690517314.0,1301726619.0,1285612509.0,20773670637.0,45806496740.0,opendart,2026-05-18T14:32:08+09:00
20250401,069410,415707,2024,11011,CFS,47878756057.0,-242847334.0,1264701827.0,52784511961.0,64784573765.0,opendart,2026-05-18T14:32:08+09:00
20260401,069410,415707,2025,11011,CFS,66760703264.0,2161590414.0,3161821903.0,55932017256.0,69814731910.0,opendart,2026-05-18T14:32:08+09:00
20250401,069460,428729,2024,11011,OFS,168532831254.0,5826923476.0,1395116723.0,94682511143.0,150164209033.0,opendart,2026-05-18T14:32:08+09:00
20260401,069460,428729,2025,11011,CFS,215642472961.0,3471899198.0,-32498702771.0,84405111704.0,169573525667.0,opendart,2026-05-18T14:32:08+09:00
20250401,069510,306719,2024,11011,CFS,509374481025.0,43982479827.0,46266954141.0,203509360274.0,387961636909.0,opendart,2026-05-18T14:32:08+09:00
20260401,069510,306719,2025,11011,CFS,468192133086.0,45816360498.0,41622795150.0,234992755754.0,345271926908.0,opendart,2026-05-18T14:32:08+09:00
20250401,069540,367482,2024,11011,CFS,18133363002.0,-10270955220.0,-18580542649.0,62503170819.0,81618471451.0,opendart,2026-05-18T14:32:08+09:00
20260401,069540,367482,2025,11011,CFS,31770167371.0,-16530898663.0,-19651078587.0,58876681838.0,92614988770.0,opendart,2026-05-18T14:32:08+09:00
20250401,069620,427483,2024,11011,CFS,1422683296380.0,147942198476.0,23346508507.0,926984605142.0,1976977110511.0,opendart,2026-05-18T14:32:08+09:00
20260401,069620,427483,2025,11011,CFS,1570891005329.0,196782415375.0,192908919078.0,1134655756699.0,2362799296077.0,opendart,2026-05-18T14:32:08+09:00
20250401,069640,357360,2024,11011,CFS,256274313437.0,-21615548841.0,-39300187046.0,46006391754.0,268529324803.0,opendart,2026-05-18T14:32:08+09:00
20260401,069640,357360,2025,11011,CFS,248888878166.0,-12139453187.0,-37916378581.0,18771326055.0,282266531344.0,opendart,2026-05-18T14:32:08+09:00
20250401,069730,151298,2024,11011,OFS,215582385097.0,19511056524.0,-28298728533.0,165264567456.0,224685346928.0,opendart,2026-05-18T14:32:08+09:00
20260401,069730,151298,2025,11011,CFS,226550389881.0,28035487957.0,24673830759.0,187958022423.0,258456517662.0,opendart,2026-05-18T14:32:08+09:00
20250401,069920,426068,2024,11011,CFS,4824963916.0,-10510905449.0,-17908913885.0,45015633763.0,58139774712.0,opendart,2026-05-18T14:32:08+09:00
20260401,069920,426068,2025,11011,OFS,24004458754.0,-5908661823.0,-22406418047.0,38045899084.0,77532839296.0,opendart,2026-05-18T14:32:08+09:00
20250401,069960,428251,2024,11011,CFS,4187614464000.0,284042489000.0,-753549000.0,6234443483000.0,11217721674000.0,opendart,2026-05-18T14:32:08+09:00
20260401,069960,428251,2025,11011,CFS,4230320613000.0,377947571000.0,141528509000.0,6310743780000.0,11249807365000.0,opendart,2026-05-18T14:32:08+09:00
20250401,070300,683007,2024,11011,CFS,10747200049.0,-2176868091.0,-16289593205.0,20922099577.0,24256735481.0,opendart,2026-05-18T14:32:08+09:00
20260401,070300,683007,2025,11011,CFS,18537408816.0,1902204247.0,-498302509.0,32085393396.0,51287444992.0,opendart,2026-05-18T14:32:08+09:00
20250401,070590,470829,2024,11011,CFS,48785673816.0,-2984443369.0,-3181497797.0,12982373796.0,32746244329.0,opendart,2026-05-18T14:32:08+09:00
20260401,070590,470829,2025,11011,CFS,64818242303.0,1046982064.0,895678504.0,13507602291.0,32950243556.0,opendart,2026-05-18T14:32:08+09:00
20250401,070960,365989,2024,11011,CFS,267782604820.0,26975231186.0,7947513800.0,393167351992.0,1017716442164.0,opendart,2026-05-18T14:32:08+09:00
20260401,070960,365989,2025,11011,CFS,250149769820.0,23280078165.0,-30637248941.0,362653588310.0,1027782181157.0,opendart,2026-05-18T14:32:08+09:00
20250401,071050,432102,2024,11011,CFS,21174133586717.0,405444855064.0,1045868641939.0,9734548934537.0,109220199166181.0,opendart,2026-05-18T14:32:08+09:00
20260401,071050,432102,2025,11011,CFS,1591326000000.0,556112000000.0,2024352000000.0,12099491000000.0,136161928000000.0,opendart,2026-05-18T14:32:08+09:00
20250401,071090,435312,2024,11011,CFS,246263519268.0,911764312.0,-1104636147.0,148020028503.0,267487698093.0,opendart,2026-05-18T14:32:08+09:00
20260401,071090,435312,2025,11011,CFS,256623288696.0,-3324575453.0,-4577352366.0,143725283017.0,261285238949.0,opendart,2026-05-18T14:32:08+09:00
20250401,071200,435969,2024,11011,CFS,95750182678.0,7724254099.0,38496883100.0,171386480244.0,221819005283.0,opendart,2026-05-18T14:32:08+09:00
20260401,071200,435969,2025,11011,CFS,102391971526.0,14216873921.0,26753022576.0,194691662236.0,248792449021.0,opendart,2026-05-18T14:32:08+09:00
20250401,071280,363486,2024,11011,CFS,160076968925.0,19776572725.0,12113375809.0,122250566787.0,157469280717.0,opendart,2026-05-18T14:32:08+09:00
20260401,071280,363486,2025,11011,CFS,124870173744.0,14423291900.0,12257535043.0,137770231156.0,162369748610.0,opendart,2026-05-18T14:32:08+09:00
20250401,071320,159698,2024,11011,CFS,3570309804422.0,327942028598.0,209870098091.0,2268249159307.0,8362237776886.0,opendart,2026-05-18T14:32:08+09:00
20260401,071320,159698,2025,11011,CFS,3998187000000.0,529624000000.0,338886000000.0,2301416000000.0,8228997000000.0,opendart,2026-05-18T14:32:08+09:00
20250401,071460,300557,2024,11011,CFS,103551688685.0,-91332138483.0,-168990909958.0,-446701628086.0,99048369281.0,opendart,2026-05-18T14:32:08+09:00
20260401,071460,300557,2025,11011,CFS,26703874532.0,-48418430993.0,-53447044979.0,-510399663209.0,63947297270.0,opendart,2026-05-18T14:32:08+09:00
20250401,071670,384887,2024,11011,CFS,289527428189.0,492317728.0,395924867.0,87837650771.0,280249376054.0,opendart,2026-05-18T14:32:08+09:00
20260401,071670,384887,2025,11011,CFS,305490060000.0,611284000.0,330058000.0,88888724000.0,323251005000.0,opendart,2026-05-18T14:32:08+09:00
20250401,071840,158307,2024,11011,OFS,2356656539880.0,1720857840.0,-305369003097.0,927594551701.0,1888589460056.0,opendart,2026-05-18T14:32:08+09:00
20260401,071840,158307,2025,11011,OFS,2300095883091.0,9639450324.0,-2442674088.0,942935229746.0,1790866620415.0,opendart,2026-05-18T14:32:08+09:00
20250401,071850,302582,2024,11011,CFS,158512372176.0,-10019542792.0,-9413953869.0,79429451204.0,210147975531.0,opendart,2026-05-18T14:32:08+09:00
20260401,071850,302582,2025,11011,CFS,155324721018.0,-6273778201.0,-21320914893.0,55383790353.0,183718362055.0,opendart,2026-05-18T14:32:08+09:00
20250401,071950,210856,2024,11011,CFS,77951547768.0,-7244717384.0,-8934786618.0,2426341781.0,82510682423.0,opendart,2026-05-18T14:32:08+09:00
20260401,071950,210856,2025,11011,CFS,62229199785.0,-5680240797.0,-31443234564.0,34717783264.0,81414004367.0,opendart,2026-05-18T14:32:08+09:00
20250401,071970,406046,2024,11011,CFS,315793988713.0,33193655658.0,75775091634.0,309374582999.0,494962962578.0,opendart,2026-05-18T14:32:08+09:00
20260401,071970,406046,2025,11011,CFS,402396221904.0,75911594792.0,165101642055.0,488912211304.0,814697175815.0,opendart,2026-05-18T14:32:08+09:00
20250401,072020,415327,2024,11011,OFS,45592513653.0,5758071423.0,6850008327.0,103867274096.0,123275416493.0,opendart,2026-05-18T14:32:08+09:00
20260401,072020,415327,2025,11011,OFS,49068711762.0,6478782030.0,6156817310.0,105369001438.0,122815695040.0,opendart,2026-05-18T14:32:08+09:00
20250401,072130,416654,2024,11011,CFS,53045913656.0,788654456.0,3647038763.0,60112993653.0,71306113634.0,opendart,2026-05-18T14:32:08+09:00
20260401,072130,416654,2025,11011,CFS,61566608489.0,3419832610.0,4365449120.0,63295748829.0,77650240722.0,opendart,2026-05-18T14:32:08+09:00
20250401,072470,359623,2024,11011,CFS,645259102794.0,15025930892.0,1328333380.0,198190430170.0,489040138516.0,opendart,2026-05-18T14:32:08+09:00
20260401,072470,359623,2025,11011,CFS,705003098505.0,34240369035.0,18970302428.0,211572587232.0,509891987640.0,opendart,2026-05-18T14:32:08+09:00
20250401,072520,408956,2024,11011,CFS,21350057.0,-5740580762.0,-11059070359.0,60597080152.0,103628167850.0,opendart,2026-05-18T14:32:08+09:00
20250401,072710,459871,2024,11011,CFS,798272530395.0,86638898915.0,74850327802.0,1217526082411.0,1611495229296.0,opendart,2026-05-18T14:32:08+09:00
20260401,072710,459871,2025,11011,CFS,858816121290.0,81116780194.0,114580782443.0,1320947495730.0,1836705338851.0,opendart,2026-05-18T14:32:08+09:00
20250401,072770,583026,2024,11011,CFS,130144952679.0,-2820596330.0,-14879022141.0,58687302975.0,144602477210.0,opendart,2026-05-18T14:32:08+09:00
20260401,072770,583026,2025,11011,CFS,89629369374.0,-2807340148.0,-20634456405.0,47815572617.0,143090006684.0,opendart,2026-05-18T14:32:08+09:00
20250401,072870,422284,2024,11011,CFS,134264064370.0,23779823063.0,18846917500.0,355761084132.0,538720971613.0,opendart,2026-05-18T14:32:08+09:00
20260401,072870,422284,2025,11011,CFS,127284905272.0,20542668813.0,29483242953.0,373177555134.0,547173192730.0,opendart,2026-05-18T14:32:08+09:00
20250401,072950,359261,2024,11011,CFS,85120717267.0,5073498356.0,5164688686.0,75863710102.0,101256586978.0,opendart,2026-05-18T14:32:08+09:00
20260401,072950,359261,2025,11011,CFS,120858537424.0,8989504942.0,7725885000.0,84233400618.0,117144598604.0,opendart,2026-05-18T14:32:08+09:00
20250401,072990,527464,2024,11011,CFS,94405219158.0,11206401358.0,5331546969.0,94429724105.0,167196410906.0,opendart,2026-05-18T14:32:08+09:00
20260401,072990,527464,2025,11011,CFS,107526581029.0,8273465990.0,5222087765.0,96795003570.0,181548950846.0,opendart,2026-05-18T14:32:08+09:00
20250401,073010,328191,2024,11011,OFS,85265079671.0,13810410136.0,15290740244.0,71388910108.0,105512995900.0,opendart,2026-05-18T14:32:08+09:00
20260401,073010,328191,2025,11011,CFS,95532762605.0,11539806552.0,6559012938.0,83100267191.0,144011584862.0,opendart,2026-05-18T14:32:08+09:00
20250401,073110,494218,2024,11011,CFS,67710083550.0,-3669989407.0,-4615725822.0,76890624536.0,155849233855.0,opendart,2026-05-18T14:32:08+09:00
20260401,073110,494218,2025,11011,CFS,69574137851.0,-9620928001.0,-12129886806.0,72842138049.0,150301289639.0,opendart,2026-05-18T14:32:08+09:00
20250401,073190,407771,2024,11011,OFS,23102568838.0,-3373583692.0,-3560950896.0,13036671770.0,22843694713.0,opendart,2026-05-18T14:32:08+09:00
20260401,073190,407771,2025,11011,OFS,20094729114.0,-3019948563.0,-4581712678.0,34283141557.0,52155311550.0,opendart,2026-05-18T14:32:08+09:00
20250401,073240,481454,2024,11011,CFS,4532177923979.0,588591711860.0,351617959521.0,1904822013747.0,5362836776663.0,opendart,2026-05-18T14:32:08+09:00
20260401,073240,481454,2025,11011,CFS,4701282075494.0,575859298284.0,376772981397.0,2238707317451.0,5539548526344.0,opendart,2026-05-18T14:32:08+09:00
20250401,073490,462121,2024,11011,CFS,189719878849.0,2437826932.0,2908461481.0,173451813772.0,235382052195.0,opendart,2026-05-18T14:32:08+09:00
20260401,073490,462121,2025,11011,CFS,186100825069.0,-1120256759.0,-1198555359.0,167218491431.0,228114201717.0,opendart,2026-05-18T14:32:08+09:00
20250401,073540,442561,2024,11011,CFS,29759555648.0,814561384.0,1251742033.0,59068202093.0,70810340644.0,opendart,2026-05-18T14:32:08+09:00
20260401,073540,442561,2025,11011,CFS,25263688167.0,919606633.0,2204141017.0,61002815785.0,74060340132.0,opendart,2026-05-18T14:32:08+09:00
20250401,073560,413417,2024,11011,CFS,292662888938.0,27527356502.0,15581205158.0,330049180209.0,570463614026.0,opendart,2026-05-18T14:32:08+09:00
20260401,073560,413417,2025,11011,CFS,287050419297.0,32690978363.0,23595090660.0,346558252095.0,566150384236.0,opendart,2026-05-18T14:32:08+09:00
20250401,073570,440712,2024,11011,OFS,15164117282.0,-5221023562.0,-102230173092.0,53116662669.0,55269506697.0,opendart,2026-05-18T14:32:08+09:00
20260401,073570,440712,2025,11011,OFS,10653571827.0,-4481914206.0,-13404172593.0,55871094582.0,59125143536.0,opendart,2026-05-18T14:32:08+09:00
20250401,073640,373021,2024,11011,CFS,17272994116.0,-9475216577.0,-10015245493.0,67576133153.0,78502700730.0,opendart,2026-05-18T14:32:08+09:00
20260401,073640,373021,2025,11011,CFS,14134317596.0,-10140123497.0,-17243640695.0,28620402424.0,56310304518.0,opendart,2026-05-18T14:32:08+09:00
20250401,074430,466428,2024,11011,CFS,16790273164.0,-2153048279.0,-1620020950.0,51695321418.0,56789152176.0,opendart,2026-05-18T14:32:08+09:00
20260401,074430,466428,2025,11011,CFS,22020233503.0,3593847277.0,3521555424.0,55993501590.0,84178004615.0,opendart,2026-05-18T14:32:08+09:00
20250401,074600,468374,2024,11011,CFS,891539336878.0,90611957858.0,61519379435.0,569309290545.0,1534688906131.0,opendart,2026-05-18T14:32:08+09:00
20260401,074600,468374,2025,11011,CFS,943641492868.0,59610200277.0,958070208.0,570584353192.0,1545872449060.0,opendart,2026-05-18T14:32:08+09:00
20250401,074610,469799,2024,11011,CFS,58314142635.0,-22384501827.0,-80724058341.0,7462560386.0,100287243339.0,opendart,2026-05-18T14:32:08+09:00
20260401,074610,469799,2025,11011,CFS,29504334488.0,-2825997911.0,391489641.0,14182243708.0,42618128379.0,opendart,2026-05-18T14:32:08+09:00
20250401,075130,490179,2024,11011,CFS,36676622317.0,2139964516.0,3166281036.0,81649925585.0,96391325593.0,opendart,2026-05-18T14:32:08+09:00
20260401,075130,490179,2025,11011,CFS,45612921206.0,3260980299.0,1916862391.0,81430859862.0,95167533838.0,opendart,2026-05-18T14:32:08+09:00
20250401,075180,305668,2024,11011,CFS,142009270182.0,-5783033372.0,9688594948.0,244866840012.0,275007869227.0,opendart,2026-05-18T14:32:08+09:00
20260401,075180,305668,2025,11011,CFS,138694899840.0,-739051422.0,-515420623.0,244946939780.0,275102705825.0,opendart,2026-05-18T14:32:08+09:00
20250401,075580,415628,2024,11011,CFS,352376572888.0,35979489245.0,22021454684.0,249391451944.0,620877554527.0,opendart,2026-05-18T14:32:08+09:00
20260401,075580,415628,2025,11011,CFS,402686260726.0,73388632210.0,59844468153.0,299494086856.0,637763654084.0,opendart,2026-05-18T14:32:08+09:00
20250401,075970,472890,2024,11011,CFS,110359936194.0,1137751280.0,1733126200.0,81846453621.0,127507307820.0,opendart,2026-05-18T14:32:08+09:00
20260401,075970,472890,2025,11011,CFS,110734618130.0,3378074057.0,579043927.0,82054125494.0,125763122898.0,opendart,2026-05-18T14:32:08+09:00
20250401,076080,487546,2024,11011,CFS,261887776131.0,1947051549.0,-6680903057.0,57297840964.0,170957693590.0,opendart,2026-05-18T14:32:08+09:00
20260401,076080,487546,2025,11011,CFS,166692738852.0,-18130312664.0,-43438311728.0,13670777224.0,114976273514.0,opendart,2026-05-18T14:32:08+09:00
20250401,076610,483735,2024,11011,CFS,108529760932.0,-13393025046.0,-7438481633.0,19416582809.0,117251723497.0,opendart,2026-05-18T14:32:08+09:00
20260401,076610,483735,2025,11011,CFS,160334996562.0,-6736974833.0,-4397030471.0,28250834207.0,145775808637.0,opendart,2026-05-18T14:32:08+09:00
20250401,077360,471068,2024,11011,CFS,235891931037.0,18638671330.0,31295304204.0,454851689708.0,818487430045.0,opendart,2026-05-18T14:32:08+09:00
20260401,077360,471068,2025,11011,CFS,236404536110.0,2813023041.0,-115704594175.0,338764237393.0,658964267763.0,opendart,2026-05-18T14:32:08+09:00
20250401,077500,414601,2024,11011,CFS,710482069603.0,34138354685.0,4948883049.0,231403672151.0,482351415057.0,opendart,2026-05-18T14:32:08+09:00
20260401,077500,414601,2025,11011,CFS,730042828552.0,36686843260.0,19302198536.0,244865780681.0,515057909310.0,opendart,2026-05-18T14:32:08+09:00
20250401,077970,480455,2024,11011,CFS,724609807886.0,42236835042.0,27215787172.0,276569773273.0,968810437104.0,opendart,2026-05-18T14:32:08+09:00
20260401,077970,480455,2025,11011,CFS,789341914687.0,69592939476.0,68948215486.0,342971092433.0,1157535042858.0,opendart,2026-05-18T14:32:08+09:00
20250401,078000,361488,2024,11011,CFS,44852925328.0,3375021568.0,4975514486.0,109396406008.0,124006292902.0,opendart,2026-05-18T14:32:08+09:00
20260401,078000,361488,2025,11011,CFS,38351279931.0,3285832222.0,6169453158.0,112356934345.0,142171314554.0,opendart,2026-05-18T14:32:08+09:00
20250401,078020,330424,2024,11011,CFS,1653673426061.0,8258403020.0,16619942808.0,871417272578.0,8779672481348.0,opendart,2026-05-18T14:32:08+09:00
20260401,078020,330424,2025,11011,CFS,2295339555776.0,7538628827.0,22950195767.0,878749608097.0,10389051092028.0,opendart,2026-05-18T14:32:08+09:00
20250401,078070,411385,2024,11011,CFS,125649459355.0,14347890468.0,21418505161.0,356587039999.0,387718616568.0,opendart,2026-05-18T14:32:08+09:00
20260401,078070,411385,2025,11011,CFS,155662304600.0,30605437419.0,33645392084.0,383904520184.0,417187552636.0,opendart,2026-05-18T14:32:08+09:00
20250401,078130,104573,2024,11011,CFS,56365160891.0,-1288922457.0,-13011937220.0,122979078839.0,142417007318.0,opendart,2026-05-18T14:32:08+09:00
20260401,078130,104573,2025,11011,CFS,67784821286.0,-495084519.0,-1856726767.0,119874676896.0,133849225665.0,opendart,2026-05-18T14:32:08+09:00
20250401,078140,442826,2024,11011,CFS,93953561154.0,9053878830.0,9686688886.0,163992513947.0,238712852479.0,opendart,2026-05-18T14:32:08+09:00
20260401,078140,442826,2025,11011,CFS,102063530166.0,7331523353.0,11942463517.0,174913981694.0,264960926642.0,opendart,2026-05-18T14:32:08+09:00
20250401,078150,255275,2024,11011,CFS,162368639166.0,-16512183416.0,-51593100468.0,256705992169.0,348816785086.0,opendart,2026-05-18T14:32:08+09:00
20260401,078150,255275,2025,11011,CFS,160310839339.0,6240826214.0,28402998846.0,285087266334.0,382256656958.0,opendart,2026-05-18T14:32:08+09:00
20250401,078160,453929,2024,11011,CFS,70657028379.0,-48544476121.0,-63377500719.0,252601166948.0,414287470351.0,opendart,2026-05-18T14:32:08+09:00
20260401,078160,453929,2025,11011,CFS,73656891468.0,-67983786233.0,-85991476572.0,249906753882.0,431550932707.0,opendart,2026-05-18T14:32:08+09:00
20250401,078340,476498,2024,11011,CFS,693943029291.0,6128463563.0,-151979459619.0,1049873729353.0,1645982722639.0,opendart,2026-05-18T14:32:08+09:00
20260401,078340,476498,2025,11011,CFS,696423825349.0,2633918673.0,9363716654.0,1069099711705.0,1615624150416.0,opendart,2026-05-18T14:32:08+09:00
20250401,078350,488989,2024,11011,CFS,595167452558.0,35043091147.0,25523293266.0,159374278567.0,276854222429.0,opendart,2026-05-18T14:32:08+09:00
20260401,078350,488989,2025,11011,CFS,651051158827.0,23871001484.0,14976315394.0,170006375075.0,297513744344.0,opendart,2026-05-18T14:32:08+09:00
20250401,078520,400857,2024,11011,CFS,263998147507.0,19728063227.0,14545940972.0,91276503428.0,159085850798.0,opendart,2026-05-18T14:32:08+09:00
20260401,078520,400857,2025,11011,CFS,242001742092.0,17952804266.0,14126439364.0,86589765170.0,163761224039.0,opendart,2026-05-18T14:32:08+09:00
20250401,078590,230814,2024,11011,OFS,70316959871.0,3982320002.0,4597621569.0,47915397335.0,75311465150.0,opendart,2026-05-18T14:32:08+09:00
20260401,078590,230814,2025,11011,OFS,64375014019.0,247792790.0,-11121566334.0,48942254410.0,81606809941.0,opendart,2026-05-18T14:32:08+09:00
20250401,078600,177816,2024,11011,CFS,219316249770.0,29353571296.0,36394010154.0,230239136477.0,622950058762.0,opendart,2026-05-18T14:32:08+09:00
20260401,078600,177816,2025,11011,CFS,254613180231.0,20686125141.0,20899443380.0,258070396398.0,660395440186.0,opendart,2026-05-18T14:32:08+09:00
20250401,078860,543204,2024,11011,CFS,25103872700.0,-7275827823.0,-21384231151.0,79470205190.0,98265952627.0,opendart,2026-05-18T14:32:08+09:00
20260401,078860,543204,2025,11011,CFS,12227719936.0,-8022887227.0,-17409328374.0,68626747915.0,84822678465.0,opendart,2026-05-18T14:32:08+09:00
20250401,078890,441304,2024,11011,CFS,489342386438.0,-41889972825.0,-56081780766.0,114897682454.0,448565928708.0,opendart,2026-05-18T14:32:08+09:00
20260401,078890,441304,2025,11011,CFS,517549509670.0,12525753701.0,5805294229.0,122555336522.0,400370260910.0,opendart,2026-05-18T14:32:08+09:00
20250401,078930,500254,2024,11011,CFS,25297467000000.0,3060163000000.0,863517000000.0,18470356000000.0,35063398000000.0,opendart,2026-05-18T14:32:08+09:00
20260401,078930,500254,2025,11011,CFS,25184127000000.0,2936061000000.0,1038137000000.0,19194117000000.0,35707911000000.0,opendart,2026-05-18T14:32:08+09:00
20250401,079000,455875,2024,11011,OFS,17497542121.0,-247222243.0,2065735366.0,78869429917.0,83738564811.0,opendart,2026-05-18T14:32:08+09:00
20260401,079000,455875,2025,11011,OFS,14125847378.0,-4315807274.0,-2741730099.0,71111150656.0,76011775880.0,opendart,2026-05-18T14:32:08+09:00
20250401,079160,303873,2024,11011,CFS,1957884214182.0,75933768898.0,-175469437302.0,576744707602.0,3997014314732.0,opendart,2026-05-18T14:32:08+09:00
20260401,079160,303873,2025,11011,CFS,2275369359771.0,96217499551.0,-143369293871.0,650340429280.0,4122622000546.0,opendart,2026-05-18T14:32:08+09:00
20250401,079170,202839,2024,11011,OFS,94639979407.0,8769285738.0,6816956646.0,67363376622.0,86800080449.0,opendart,2026-05-18T14:32:08+09:00
20260401,079170,202839,2025,11011,OFS,98562693505.0,7885301834.0,6583407733.0,72507252591.0,86392081780.0,opendart,2026-05-18T14:32:08+09:00
20250401,079190,479705,2024,11011,CFS,32599438408.0,-5373025098.0,-3871174346.0,17697544084.0,35202573615.0,opendart,2026-05-18T14:32:08+09:00
20260401,079190,479705,2025,11011,CFS,44149955336.0,-2737967852.0,-4578590606.0,13405617587.0,24322659443.0,opendart,2026-05-18T14:32:08+09:00
20250401,079370,442570,2024,11011,CFS,490785653271.0,49172349335.0,43111437491.0,382316626215.0,640931315352.0,opendart,2026-05-18T14:32:08+09:00
20260401,079370,442570,2025,11011,CFS,383307591232.0,-4464967016.0,-14135985014.0,362286794635.0,551531359535.0,opendart,2026-05-18T14:32:08+09:00
20250401,079430,300548,2024,11011,CFS,1870657004478.0,24036538571.0,15178962774.0,411743742429.0,858386415696.0,opendart,2026-05-18T14:32:08+09:00
20260401,079430,300548,2025,11011,CFS,1546206037790.0,15717351133.0,7407081236.0,418071674286.0,773256191482.0,opendart,2026-05-18T14:32:08+09:00
20250401,079550,503668,2024,11011,CFS,3276339508425.0,229779392271.0,216648719554.0,1237435235062.0,6125264653217.0,opendart,2026-05-18T14:32:08+09:00
20260401,079550,503668,2025,11011,CFS,4306936127418.0,319442306790.0,237479536396.0,1476107505166.0,8064772884180.0,opendart,2026-05-18T14:32:08+09:00
20250401,079650,130408,2024,11011,CFS,35683765002.0,-2494575557.0,-2459067607.0,103887324014.0,112243489402.0,opendart,2026-05-18T14:32:08+09:00
20260401,079650,130408,2025,11011,CFS,45103016559.0,-3330555325.0,-2845461469.0,101891974287.0,107388944784.0,opendart,2026-05-18T14:32:08+09:00
20250401,079810,445160,2024,11011,CFS,146374220970.0,5356271874.0,18199973047.0,164980316718.0,237535661992.0,opendart,2026-05-18T14:32:08+09:00
20260401,079810,445160,2025,11011,CFS,73985134062.0,2549522798.0,89566093.0,166275999886.0,220491796266.0,opendart,2026-05-18T14:32:08+09:00
20250401,079900,372129,2024,11011,CFS,169785980240.0,31345210502.0,31404637943.0,154397892502.0,219236327906.0,opendart,2026-05-18T14:32:08+09:00
20260401,079900,372129,2025,11011,CFS,190660739993.0,28718922607.0,29246401890.0,156587716209.0,230189468832.0,opendart,2026-05-18T14:32:08+09:00
20250401,079940,506294,2024,11011,CFS,282417869366.0,35109842052.0,28592627980.0,346711305202.0,634500844201.0,opendart,2026-05-18T14:32:08+09:00
20260401,079940,506294,2025,11011,CFS,335681176239.0,40485754868.0,31119340648.0,373609083580.0,627658835726.0,opendart,2026-05-18T14:32:08+09:00
20250401,079950,409371,2024,11011,CFS,21841549606.0,-10858330065.0,-10048514120.0,24987487116.0,73269252595.0,opendart,2026-05-18T14:32:08+09:00
20260401,079950,409371,2025,11011,CFS,18412572577.0,-8606950840.0,-12724262191.0,15670652071.0,66368848043.0,opendart,2026-05-18T14:32:08+09:00
20250401,079960,178790,2024,11011,CFS,548392783461.0,51618125791.0,69500629427.0,401092650061.0,488522792219.0,opendart,2026-05-18T14:32:08+09:00
20260401,079960,178790,2025,11011,CFS,596475211237.0,53617577881.0,49451743539.0,445078763375.0,536293012645.0,opendart,2026-05-18T14:32:08+09:00
20250401,079970,596260,2024,11011,CFS,28125456516.0,-1978719555.0,-22956357925.0,18383291246.0,30298943930.0,opendart,2026-05-18T14:32:08+09:00
20260401,079970,596260,2025,11011,CFS,26761382722.0,743202292.0,968599388.0,22278557912.0,33680316080.0,opendart,2026-05-18T14:32:08+09:00
20250401,079980,362238,2024,11011,CFS,939427591658.0,-38254879526.0,-132594069578.0,234983676851.0,765377954903.0,opendart,2026-05-18T14:32:08+09:00
20260401,079980,362238,2025,11011,CFS,889528441553.0,19761816163.0,2326705346.0,247932749749.0,751232064245.0,opendart,2026-05-18T14:32:08+09:00
20250401,080010,454399,2024,11011,CFS,97795704809.0,20737331918.0,16612744146.0,156687600008.0,190189538570.0,opendart,2026-05-18T14:32:08+09:00
20260401,080010,454399,2025,11011,CFS,103782678478.0,22916857559.0,20627143731.0,171843672819.0,201894373909.0,opendart,2026-05-18T14:32:08+09:00
20250401,080160,456218,2024,11011,CFS,251551822425.0,4652320857.0,10841323136.0,71150134320.0,234932703881.0,opendart,2026-05-18T14:32:08+09:00
20260401,080160,456218,2025,11011,CFS,210407391445.0,7438478888.0,14479086684.0,92494524855.0,231495650416.0,opendart,2026-05-18T14:32:08+09:00
20250401,080220,447487,2024,11011,CFS,162349945455.0,9581360274.0,19405207353.0,184233770184.0,225427601825.0,opendart,2026-05-18T14:32:08+09:00
20260401,080220,447487,2025,11011,CFS,302230571186.0,35873972312.0,39499088944.0,227104505361.0,335988104339.0,opendart,2026-05-18T14:32:08+09:00
20250401,080420,480048,2024,11011,CFS,388939088953.0,38613148988.0,12696768035.0,381558649266.0,968063580695.0,opendart,2026-05-18T14:32:08+09:00
20260401,080420,480048,2025,11011,CFS,358077406550.0,27867506133.0,-6231449470.0,373534992248.0,951978542849.0,opendart,2026-05-18T14:32:08+09:00
20250401,080470,486370,2024,11011,CFS,194360449325.0,6307217775.0,7128371258.0,61647521650.0,182913774474.0,opendart,2026-05-18T14:32:08+09:00
20260401,080470,486370,2025,11011,CFS,243521604086.0,11607786887.0,10994900237.0,71379167024.0,204691591318.0,opendart,2026-05-18T14:32:08+09:00
20250401,080520,529815,2024,11011,CFS,37001931925.0,-6361445277.0,5471824408.0,125689547464.0,136975371245.0,opendart,2026-05-18T14:32:08+09:00
20260401,080520,529815,2025,11011,CFS,37959545863.0,-2276892782.0,890599267.0,128947238926.0,134145170682.0,opendart,2026-05-18T14:32:08+09:00
20250401,080530,308559,2024,11011,CFS,78414009551.0,1543490151.0,604843196.0,39992556469.0,75477956976.0,opendart,2026-05-18T14:32:08+09:00
20260401,080530,308559,2025,11011,CFS,76531199312.0,3754127914.0,5249623869.0,58664294459.0,82964640930.0,opendart,2026-05-18T14:32:08+09:00
20250401,080580,543107,2024,11011,CFS,66679677491.0,1904476100.0,-5407895241.0,27593929728.0,87124140122.0,opendart,2026-05-18T14:32:08+09:00
20260401,080580,543107,2025,11011,CFS,94373992165.0,11086424250.0,7790482450.0,50726881738.0,95757081811.0,opendart,2026-05-18T14:32:08+09:00
20250401,080720,532855,2024,11011,CFS,51279935387.0,-13450213159.0,-20872130861.0,8249356140.0,74900211471.0,opendart,2026-05-18T14:32:08+09:00
20260401,080720,532855,2025,11011,CFS,36378273562.0,-17231756552.0,-30819985600.0,-22901456031.0,45836041850.0,opendart,2026-05-18T14:32:08+09:00
20250401,081000,508274,2024,11011,CFS,157050555577.0,-4644208842.0,13631877784.0,541199375533.0,607347064513.0,opendart,2026-05-18T14:32:08+09:00
20260401,081000,508274,2025,11011,CFS,162400019578.0,-6785199972.0,5794653046.0,539381448896.0,611980241027.0,opendart,2026-05-18T14:32:08+09:00
20250401,081150,497631,2024,11011,OFS,207497762012.0,4794518806.0,1361488806.0,158437482533.0,229980796721.0,opendart,2026-05-18T14:32:08+09:00
20260401,081150,497631,2025,11011,OFS,209235195605.0,5237447536.0,3197393388.0,157413558818.0,235117561913.0,opendart,2026-05-18T14:32:08+09:00
20260401,081180,406222,2025,11011,OFS,59205964528.0,-3064318083.0,-3785478918.0,35370638620.0,83996670583.0,opendart,2026-05-18T14:32:08+09:00
20250401,081580,364306,2024,11011,CFS,146900969431.0,-5094733278.0,-4193161657.0,103466485657.0,155420509608.0,opendart,2026-05-18T14:32:08+09:00
20260401,081580,364306,2025,11011,CFS,182738934318.0,3982695738.0,12084961675.0,114310165183.0,159370980039.0,opendart,2026-05-18T14:32:08+09:00
20250401,081660,195229,2024,11011,CFS,4268743012835.0,360803535166.0,207722009422.0,2736298905138.0,5536390124625.0,opendart,2026-05-18T14:32:08+09:00
20260401,081660,195229,2025,11011,CFS,4468646269416.0,474780974997.0,348617792581.0,2594417063998.0,5519193378050.0,opendart,2026-05-18T14:32:08+09:00
20250401,082210,327396,2024,11011,CFS,217958467760.0,-4446631400.0,26311306032.0,80335932234.0,224929645813.0,opendart,2026-05-18T14:32:08+09:00
20260401,082210,327396,2025,11011,CFS,195737407796.0,-3109868683.0,-21961403673.0,58457672152.0,228725017749.0,opendart,2026-05-18T14:32:08+09:00
20250401,082270,492894,2024,11011,CFS,62691712030.0,-38336839563.0,-87218733402.0,150746205875.0,150746205875.0,opendart,2026-05-18T14:32:08+09:00
20260401,082270,492894,2025,11011,CFS,81530820294.0,3792531724.0,-11336638395.0,158874710036.0,158874710036.0,opendart,2026-05-18T14:32:08+09:00
20250401,082640,117267,2024,11011,CFS,4685062997.0,147818109239.0,314293434261.0,1966694605576.0,34547211856250.0,opendart,2026-05-18T14:32:08+09:00
20260401,082640,117267,2025,11011,CFS,5561000000.0,17701000000.0,124494000000.0,1548875000000.0,35347237000000.0,opendart,2026-05-18T14:32:08+09:00
20250401,082740,361008,2024,11011,OFS,1202204707511.0,71531721192.0,79159548487.0,393295789886.0,1413101954226.0,opendart,2026-05-18T14:32:08+09:00
20260401,082740,361008,2025,11011,CFS,1371057336146.0,130066296100.0,173753426631.0,556102899924.0,1695690258649.0,opendart,2026-05-18T14:32:08+09:00
20250401,082800,533191,2024,11011,CFS,87601347762.0,2853372564.0,-9982009313.0,106426761450.0,184449007617.0,opendart,2026-05-18T14:32:08+09:00
20260401,082800,533191,2025,11011,CFS,59343216714.0,-19165591492.0,-32424112965.0,72664636241.0,165480875379.0,opendart,2026-05-18T14:32:08+09:00
20250401,082850,369107,2024,11011,CFS,1237198398100.0,15204543439.0,8226500902.0,269204173918.0,609817174785.0,opendart,2026-05-18T14:32:08+09:00
20260401,082850,369107,2025,11011,CFS,1043962208896.0,952487589.0,-10172625674.0,261344306918.0,761918002581.0,opendart,2026-05-18T14:32:08+09:00
20250401,082920,154718,2024,11011,CFS,210779361832.0,51910636695.0,51260348099.0,283013473108.0,317852058044.0,opendart,2026-05-18T14:32:08+09:00
20260401,082920,154718,2025,11011,CFS,243082541135.0,69267801066.0,56924763449.0,330489870731.0,370836626050.0,opendart,2026-05-18T14:32:08+09:00
20250401,083310,484682,2024,11011,CFS,265969118498.0,-4171740668.0,2367049768.0,256802271004.0,339171512132.0,opendart,2026-05-18T14:32:08+09:00
20260401,083310,484682,2025,11011,CFS,244892905459.0,-8054257869.0,-7781162151.0,243779083289.0,322445796096.0,opendart,2026-05-18T14:32:08+09:00
20250401,083420,454946,2024,11011,OFS,330339365530.0,10686734198.0,8194899089.0,122326778802.0,204790661517.0,opendart,2026-05-18T14:32:08+09:00
20260401,083420,454946,2025,11011,OFS,304057102221.0,10149397773.0,9652144105.0,128267645103.0,205355110485.0,opendart,2026-05-18T14:32:08+09:00
20250401,083450,540863,2024,11011,CFS,346227651802.0,59081495358.0,45862225124.0,268293551495.0,334828453070.0,opendart,2026-05-18T14:32:08+09:00
20260401,083450,540863,2025,11011,CFS,347158632861.0,59172305188.0,45584238109.0,304655503580.0,386310986387.0,opendart,2026-05-18T14:32:08+09:00
20250401,083470,475718,2024,11011,OFS,29699055105.0,339606971.0,1487148638.0,14910818124.0,23551729353.0,opendart,2026-05-18T14:32:08+09:00
20260401,083470,475718,2025,11011,CFS,18380261067.0,-1926977563.0,-4838402395.0,10173968496.0,13398607856.0,opendart,2026-05-18T14:32:08+09:00
20250401,083500,476036,2024,11011,CFS,88482201894.0,8805382808.0,14567811473.0,77478456565.0,128914258277.0,opendart,2026-05-18T14:32:08+09:00
20260401,083500,476036,2025,11011,CFS,73657803682.0,10349896551.0,9159013551.0,87501704869.0,121876000647.0,opendart,2026-05-18T14:32:08+09:00
20250401,083550,242934,2024,11011,CFS,131141520286.0,-3432179664.0,-2371645196.0,127101963620.0,178419775146.0,opendart,2026-05-18T14:32:08+09:00
20260401,083550,242934,2025,11011,CFS,135414355363.0,-392654872.0,4195379338.0,130843390261.0,179883797882.0,opendart,2026-05-18T14:32:08+09:00
20250401,083640,475976,2024,11011,OFS,49117720655.0,1609665101.0,-2903603504.0,77462239259.0,82656432648.0,opendart,2026-05-18T14:32:08+09:00
20260401,083640,475976,2025,11011,OFS,50820522158.0,1695469511.0,-1261301879.0,74558631524.0,81760090709.0,opendart,2026-05-18T14:32:08+09:00
20250401,083650,409788,2024,11011,CFS,404741038609.0,21927258374.0,19585052430.0,116446559547.0,524776405785.0,opendart,2026-05-18T14:32:08+09:00
20260401,083650,409788,2025,11011,CFS,774116878915.0,75496618005.0,65196402061.0,177646394222.0,830757375864.0,opendart,2026-05-18T14:32:08+09:00
20250401,083660,406037,2024,11011,CFS,36380940773.0,-3773889414.0,-5973243238.0,15830280976.0,33217347188.0,opendart,2026-05-18T14:32:08+09:00
20260401,083660,406037,2025,11011,CFS,27930330148.0,-5633988964.0,-6674847300.0,16573255565.0,30205395740.0,opendart,2026-05-18T14:32:08+09:00
20250401,083790,407814,2024,11011,CFS,7253270324.0,-38813380435.0,-51809412540.0,120799008597.0,260465309673.0,opendart,2026-05-18T14:32:08+09:00
20260401,083790,407814,2025,11011,CFS,27391445369.0,-23757345761.0,-12512263343.0,118675172720.0,224109074621.0,opendart,2026-05-18T14:32:08+09:00
20250401,083930,442145,2024,11011,CFS,305514630290.0,21104407254.0,26392661904.0,201171898029.0,390687924266.0,opendart,2026-05-18T14:32:08+09:00
20260401,083930,442145,2025,11011,CFS,392896306694.0,34618160545.0,28650217594.0,221847081425.0,323523807327.0,opendart,2026-05-18T14:32:08+09:00
20250401,084010,113225,2024,11011,CFS,1224534509948.0,10317146497.0,40013924720.0,896018275070.0,1149797079037.0,opendart,2026-05-18T14:32:08+09:00
20260401,084010,113225,2025,11011,CFS,1247058624052.0,-2872504765.0,13848928089.0,930326319901.0,1249954072860.0,opendart,2026-05-18T14:32:08+09:00
20250401,084110,228059,2024,11011,CFS,813460515145.0,96990827338.0,67127313803.0,964165141453.0,1405949040243.0,opendart,2026-05-18T14:32:08+09:00
20260401,084110,228059,2025,11011,CFS,847453173652.0,90552351280.0,81817583021.0,1091224572965.0,1559916952711.0,opendart,2026-05-18T14:32:08+09:00
20250401,084180,243979,2024,11011,CFS,68604904843.0,-307431976.0,19371638.0,139729641488.0,250764027496.0,opendart,2026-05-18T14:32:08+09:00
20260401,084180,243979,2025,11011,CFS,92774434022.0,5213051449.0,4019731308.0,79331678924.0,174035255390.0,opendart,2026-05-18T14:32:08+09:00
20250401,084370,531014,2024,11011,CFS,338067812312.0,61177012897.0,65440277257.0,435742335000.0,539499743575.0,opendart,2026-05-18T14:32:08+09:00
20260401,084370,531014,2025,11011,CFS,350324287104.0,51671713116.0,44481997780.0,491392923336.0,580613743719.0,opendart,2026-05-18T14:32:08+09:00
20250401,084440,531078,2024,11011,CFS,33282483966.0,-2020965888.0,-2800320149.0,6366506068.0,23149050125.0,opendart,2026-05-18T14:32:08+09:00
20260401,084440,531078,2025,11011,CFS,33683623845.0,1409644188.0,1312011905.0,7697229941.0,22673264529.0,opendart,2026-05-18T14:32:08+09:00
20250401,084650,545114,2024,11011,CFS,85898310580.0,-18490511780.0,-23904093010.0,216314157965.0,295662131511.0,opendart,2026-05-18T14:32:08+09:00
20260401,084650,545114,2025,11011,CFS,88161338250.0,-53516541797.0,-64374532597.0,149622136414.0,230149433349.0,opendart,2026-05-18T14:32:08+09:00
20250401,084670,540641,2024,11011,CFS,121720579912.0,-1530752310.0,-16680416646.0,51141561846.0,157734719637.0,opendart,2026-05-18T14:32:08+09:00
20260401,084670,540641,2025,11011,CFS,125183458405.0,5098088145.0,2951143938.0,54880167063.0,157194507262.0,opendart,2026-05-18T14:32:08+09:00
20250401,084680,540605,2024,11011,OFS,108453970504.0,-419841181.0,-20603307218.0,234290040039.0,426903853313.0,opendart,2026-05-18T14:32:08+09:00
20260401,084680,540605,2025,11011,OFS,88727496688.0,-3177099947.0,-18636720380.0,214845170134.0,405276070976.0,opendart,2026-05-18T14:32:08+09:00
20250401,084690,539274,2024,11011,CFS,5357890370159.0,184029822016.0,79932666151.0,1670963848337.0,4418554230618.0,opendart,2026-05-18T14:32:08+09:00
20260401,084690,539274,2025,11011,CFS,5628798766399.0,199828484303.0,-293172577001.0,1306069042672.0,4391788005285.0,opendart,2026-05-18T14:32:08+09:00
20250401,084730,438036,2024,11011,CFS,489135004656.0,26035361129.0,19004215473.0,229927996733.0,412818360442.0,opendart,2026-05-18T14:32:08+09:00
20260401,084730,438036,2025,11011,CFS,536585727369.0,15891936463.0,-21245311030.0,217265378887.0,369868460903.0,opendart,2026-05-18T14:32:08+09:00
20250401,084850,579980,2024,11011,CFS,647909543710.0,2403483743.0,1220916096.0,194383667525.0,595224067892.0,opendart,2026-05-18T14:32:08+09:00
20260401,084850,579980,2025,11011,CFS,603110608556.0,-6996601510.0,-93558890563.0,94576268620.0,489837304987.0,opendart,2026-05-18T14:32:08+09:00
20250401,084870,409672,2024,11011,CFS,178464510529.0,3360351544.0,-701756146.0,62185844392.0,105764284096.0,opendart,2026-05-18T14:32:08+09:00
20260401,084870,409672,2025,11011,CFS,182419159355.0,3149919999.0,1551467446.0,62075149543.0,104296475432.0,opendart,2026-05-18T14:32:08+09:00
20250401,084990,359395,2024,11011,CFS,4973971890.0,-17954754544.0,-15486291754.0,142037666741.0,148889638599.0,opendart,2026-05-18T14:32:08+09:00
20260401,084990,359395,2025,11011,CFS,2598149668.0,-9898072049.0,-460120665.0,141523747195.0,143196902028.0,opendart,2026-05-18T14:32:08+09:00
20250401,085310,172228,2024,11011,CFS,110936560917.0,-4824856791.0,-2244995396.0,183056578852.0,227143694947.0,opendart,2026-05-18T14:32:08+09:00
20260401,085310,172228,2025,11011,CFS,130102265815.0,-647803589.0,-3694204031.0,166249254272.0,230547230245.0,opendart,2026-05-18T14:32:08+09:00
20250401,085620,112332,2024,11011,CFS,53611161885.0,160260090131.0,136114870311.0,2563654662740.0,32493623714996.0,opendart,2026-05-18T14:32:08+09:00
20260401,085620,112332,2025,11011,CFS,59064894451.0,165405099672.0,130776431540.0,2448095130657.0,32920825236135.0,opendart,2026-05-18T14:32:08+09:00
20250401,085660,525679,2024,11011,CFS,1045049021124.0,-59684136456.0,-14550152214.0,718849192072.0,2194378669342.0,opendart,2026-05-18T14:32:08+09:00
20260401,085660,525679,2025,11011,CFS,1268253668584.0,-48774819348.0,-146708498314.0,809248618897.0,2547575322447.0,opendart,2026-05-18T14:32:08+09:00
20250401,085670,493510,2024,11011,CFS,175942140361.0,14641487232.0,16094565582.0,101536606263.0,166282690750.0,opendart,2026-05-18T14:32:08+09:00
20260401,085670,493510,2025,11011,CFS,154135605019.0,9232969756.0,8799101802.0,108408558959.0,164466388543.0,opendart,2026-05-18T14:32:08+09:00
20250401,085810,364254,2024,11011,CFS,1467867897.0,-4022379334.0,-13273909348.0,36849837799.0,44793510448.0,opendart,2026-05-18T14:32:08+09:00
20260401,085810,364254,2025,11011,CFS,53166158309.0,3180937313.0,12798071.0,54010645458.0,74855772755.0,opendart,2026-05-18T14:32:08+09:00
20250401,085910,447928,2024,11011,CFS,54287070069.0,3178608125.0,6236487855.0,75148482982.0,125131926926.0,opendart,2026-05-18T14:32:08+09:00
20260401,085910,447928,2025,11011,CFS,68676858572.0,7780052272.0,6269427108.0,70410753480.0,128511197520.0,opendart,2026-05-18T14:32:08+09:00
20250401,086040,447502,2024,11011,CFS,41341487921.0,-8878598647.0,-12657042300.0,34525463278.0,136191119441.0,opendart,2026-05-18T14:32:08+09:00
20260401,086040,447502,2025,11011,CFS,47016636307.0,-4809780531.0,-1573458618.0,31931310047.0,131606845930.0,opendart,2026-05-18T14:32:08+09:00
20250401,086060,491053,2024,11011,CFS,82959224586.0,3843590214.0,2865233580.0,50972317837.0,71988255076.0,opendart,2026-05-18T14:32:08+09:00
20260401,086060,491053,2025,11011,CFS,90788971774.0,3922055781.0,3788812150.0,54995936095.0,75633719033.0,opendart,2026-05-18T14:32:08+09:00
20250401,086280,360595,2024,11011,CFS,28407374301315.0,1752867442226.0,1099486986046.0,8809364261941.0,16849145438725.0,opendart,2026-05-18T14:32:08+09:00
20260401,086280,360595,2025,11011,CFS,29566409336616.0,2073007545910.0,1734697253045.0,10388453580786.0,18587219950287.0,opendart,2026-05-18T14:32:08+09:00
20250401,086390,540447,2024,11011,CFS,92434193510.0,-23439177500.0,-27270332208.0,116956593525.0,184970621965.0,opendart,2026-05-18T14:32:08+09:00
20260401,086390,540447,2025,11011,CFS,110195025305.0,-21088560085.0,-22441738477.0,93982221768.0,171297105950.0,opendart,2026-05-18T14:32:08+09:00
20250401,086450,114808,2024,11011,CFS,812166073057.0,80419595222.0,62336110046.0,678975888258.0,953164589306.0,opendart,2026-05-18T14:32:08+09:00
20260401,086450,114808,2025,11011,CFS,926883701823.0,96553506173.0,73932783976.0,763738526426.0,1062896288305.0,opendart,2026-05-18T14:32:08+09:00
20250401,086520,536541,2024,11011,CFS,3127853158129.0,-293038698088.0,-295367033134.0,3838462173266.0,8138264562531.0,opendart,2026-05-18T14:32:08+09:00
20260401,086520,536541,2025,11011,CFS,3413021590101.0,213763514884.0,-105539603168.0,4487316128905.0,9778714530496.0,opendart,2026-05-18T14:32:08+09:00
20250401,086670,524786,2024,11011,CFS,132809349767.0,6465786455.0,4045184063.0,123031060872.0,249671398943.0,opendart,2026-05-18T14:32:08+09:00
20260401,086670,524786,2025,11011,CFS,146991337484.0,15313601466.0,18937581864.0,149439184056.0,262640351911.0,opendart,2026-05-18T14:32:08+09:00
20250401,086710,132202,2024,11011,CFS,79372060433.0,10639844772.0,10433403002.0,82819016937.0,154084421819.0,opendart,2026-05-18T14:32:08+09:00
20260401,086710,132202,2025,11011,CFS,80766128193.0,6059554129.0,7316681919.0,89023883504.0,173848768961.0,opendart,2026-05-18T14:32:08+09:00
20250401,086790,547583,2024,11011,CFS,43284000000.0,606134000000.0,3768529000000.0,43576927000000.0,637847513000000.0,opendart,2026-05-18T14:32:08+09:00
20260401,086790,547583,2025,11011,CFS,648222000000.0,189760000000.0,4036638000000.0,45645554000000.0,674590676000000.0,opendart,2026-05-18T14:32:08+09:00
20250401,086820,560982,2024,11011,OFS,12888526978.0,-5069222611.0,-11928380884.0,31257447786.0,67464079629.0,opendart,2026-05-18T14:32:08+09:00
20260401,086820,560982,2025,11011,CFS,15199886701.0,-4340637927.0,273360996.0,32003384947.0,68480637029.0,opendart,2026-05-18T14:32:08+09:00
20250401,086890,526872,2024,11011,OFS,60258326174.0,13401623331.0,14718030803.0,100863326755.0,160230929391.0,opendart,2026-05-18T14:32:08+09:00
20260401,086890,526872,2025,11011,OFS,56672366046.0,1634413733.0,-10678000441.0,114458693183.0,158895640668.0,opendart,2026-05-18T14:32:08+09:00
20250401,086900,580199,2024,11011,CFS,228621969000.0,20348723000.0,16073771000.0,470784826000.0,615162819000.0,opendart,2026-05-18T14:32:08+09:00
20260401,086900,580199,2025,11011,CFS,247290289368.0,17004372389.0,15658989552.0,454285916603.0,581756982355.0,opendart,2026-05-18T14:32:08+09:00
20250401,086960,445841,2024,11011,CFS,165579308474.0,5944329911.0,6120966035.0,149739546973.0,239348943966.0,opendart,2026-05-18T14:32:08+09:00
20260401,086960,445841,2025,11011,CFS,187705770904.0,5813313438.0,6190210178.0,143307893227.0,212101977415.0,opendart,2026-05-18T14:32:08+09:00
20250401,086980,303794,2024,11011,CFS,93117572900.0,24524420126.0,27428352196.0,132196641474.0,154046787722.0,opendart,2026-05-18T14:32:08+09:00
20260401,086980,303794,2025,11011,CFS,62748042504.0,-11651067244.0,-15048131103.0,107450210544.0,132897072384.0,opendart,2026-05-18T14:32:08+09:00
20250401,087010,415868,2024,11011,OFS,3152181439.0,-16527819080.0,-22033671493.0,151708564960.0,168892733798.0,opendart,2026-05-18T14:32:08+09:00
20260401,087010,415868,2025,11011,OFS,5634817675.0,-21257383888.0,-13823782612.0,142008658725.0,178979600822.0,opendart,2026-05-18T14:32:08+09:00
20250401,087260,556615,2024,11011,CFS,40480792130.0,972394952.0,1400703090.0,49033552460.0,79232634935.0,opendart,2026-05-18T14:32:08+09:00
20260401,087260,556615,2025,11011,CFS,34943028825.0,-895803759.0,-565352331.0,49117068037.0,61059027472.0,opendart,2026-05-18T14:32:08+09:00
20250401,087600,495086,2024,11011,OFS,53481912534.0,846348242.0,3473100186.0,87590390086.0,106294255002.0,opendart,2026-05-18T14:32:08+09:00
20260401,087600,495086,2025,11011,OFS,42707711339.0,-5629969304.0,-3298324515.0,84702175180.0,106988345927.0,opendart,2026-05-18T14:32:08+09:00
20250401,088130,489243,2024,11011,CFS,178436625705.0,14730354381.0,-43319011846.0,146971439993.0,436046922150.0,opendart,2026-05-18T14:32:08+09:00
20260401,088130,489243,2025,11011,CFS,582437006389.0,113231146332.0,96296070288.0,241912580154.0,502592778507.0,opendart,2026-05-18T14:32:08+09:00
20250401,088260,544452,2024,11011,CFS,22754387430.0,17606425388.0,5028748467.0,223594998759.0,676886464617.0,opendart,2026-05-18T14:32:08+09:00
20260401,088260,544452,2025,11011,CFS,23218505054.0,18180884436.0,6951214657.0,214927616944.0,669541231979.0,opendart,2026-05-18T14:32:08+09:00
20250401,088280,561723,2024,11011,OFS,16978336210.0,-4539450342.0,-2236556337.0,41942779528.0,56954161119.0,opendart,2026-05-18T14:32:08+09:00
20260401,088280,561723,2025,11011,OFS,18205980616.0,-6660877218.0,-6897645313.0,34926456265.0,52558475767.0,opendart,2026-05-18T14:32:08+09:00
20250401,088290,409140,2024,11011,OFS,52494186671.0,2471726103.0,-21014451658.0,20524768872.0,45321896535.0,opendart,2026-05-18T14:32:08+09:00
20260401,088290,409140,2025,11011,CFS,56577030456.0,1574965924.0,-4097298797.0,9526135050.0,23692001477.0,opendart,2026-05-18T14:32:08+09:00
20250401,088340,407294,2024,11011,CFS,47577265822.0,1966275079.0,2197652437.0,28353431628.0,40940905783.0,opendart,2026-05-18T14:32:08+09:00
20260401,088340,407294,2025,11011,CFS,43754173452.0,-6774588931.0,-6832926692.0,19346779615.0,36710377006.0,opendart,2026-05-18T14:32:08+09:00
20250401,088350,113058,2024,11011,CFS,334703254601.0,907975055763.0,866000982115.0,14278000736715.0,160146430758072.0,opendart,2026-05-18T14:32:08+09:00
20260401,088350,113058,2025,11011,CFS,367182000000.0,1274115000000.0,836319000000.0,16623385000000.0,178534378000000.0,opendart,2026-05-18T14:32:08+09:00
20250401,088390,494476,2024,11011,CFS,56165047988.0,6481262444.0,-23769120704.0,217962394230.0,317853642264.0,opendart,2026-05-18T14:32:08+09:00
20260401,088390,494476,2025,11011,CFS,59112838075.0,6527989280.0,20676131657.0,207947092864.0,324060170859.0,opendart,2026-05-18T14:32:08+09:00
20250401,088790,557933,2024,11011,OFS,44153009434.0,1143805417.0,910094404.0,107941079613.0,134793951029.0,opendart,2026-05-18T14:32:08+09:00
20260401,088790,557933,2025,11011,OFS,47608077683.0,3983320538.0,4106678484.0,111548343484.0,140105635533.0,opendart,2026-05-18T14:32:08+09:00
20250401,088800,556907,2024,11011,CFS,145075504423.0,-31148972707.0,-40754510152.0,95593655060.0,304864715273.0,opendart,2026-05-18T14:32:08+09:00
20260401,088800,556907,2025,11011,CFS,178426016983.0,-22153309869.0,-29114710611.0,70584325421.0,254285934222.0,opendart,2026-05-18T14:32:08+09:00
20250401,088910,228712,2024,11011,CFS,303120132139.0,-4309798679.0,-7834123643.0,211330375706.0,268165422929.0,opendart,2026-05-18T14:32:08+09:00
20260401,088910,228712,2025,11011,CFS,325457698211.0,13151439758.0,28230586523.0,239575129663.0,282187804378.0,opendart,2026-05-18T14:32:08+09:00
20250401,089010,371485,2024,11011,CFS,575221850583.0,37319592034.0,21382477106.0,235017576595.0,641664983835.0,opendart,2026-05-18T14:32:08+09:00
20260401,089010,371485,2025,11011,CFS,637485933185.0,23201053154.0,13464967234.0,262838005656.0,782385054093.0,opendart,2026-05-18T14:32:08+09:00
20250401,089030,535676,2024,11011,CFS,185507171034.0,23411077264.0,-21970453220.0,188303434692.0,506220625653.0,opendart,2026-05-18T14:32:08+09:00
20260401,089030,535676,2025,11011,CFS,159128398402.0,15837572847.0,8996126448.0,212119683580.0,633699354109.0,opendart,2026-05-18T14:32:08+09:00
20250401,089140,416414,2024,11011,CFS,31640413075.0,-1245982417.0,-13004514136.0,136623964919.0,233036978483.0,opendart,2026-05-18T14:32:08+09:00
20260401,089140,416414,2025,11011,CFS,70440930511.0,2281825045.0,-2348922332.0,222512651055.0,340909640792.0,opendart,2026-05-18T14:32:08+09:00
20250401,089150,441447,2024,11011,OFS,11668311681.0,1607430147.0,876166366.0,33815647168.0,53180330601.0,opendart,2026-05-18T14:32:08+09:00
20260401,089150,441447,2025,11011,OFS,23089563975.0,4034569150.0,2770864474.0,35937295251.0,55763435898.0,opendart,2026-05-18T14:32:08+09:00
20250401,089230,519252,2024,11011,CFS,22196259181.0,-7472181005.0,-13247088799.0,30083808764.0,77617082470.0,opendart,2026-05-18T14:32:08+09:00
20260401,089230,519252,2025,11011,CFS,12340921889.0,-8575907256.0,-19904674968.0,55322020897.0,118073459255.0,opendart,2026-05-18T14:32:08+09:00
20250401,089470,357935,2024,11011,CFS,990565997299.0,32675739823.0,15897923103.0,332710058749.0,630989412448.0,opendart,2026-05-18T14:32:08+09:00
20260401,089470,357935,2025,11011,CFS,992661845300.0,49689342099.0,30235610832.0,353413193303.0,661226988172.0,opendart,2026-05-18T14:32:08+09:00
20250401,089590,555874,2024,11011,CFS,1935791972257.0,79912336894.0,21739706476.0,324073130473.0,1998506193261.0,opendart,2026-05-18T14:32:08+09:00
20260401,089590,555874,2025,11011,CFS,1579940872409.0,-111660044639.0,-116400560741.0,275152877297.0,2350990417659.0,opendart,2026-05-18T14:32:08+09:00
20250401,089600,486097,2024,11011,CFS,142552394645.0,19939583620.0,-4639674866.0,239403717473.0,492696450272.0,opendart,2026-05-18T14:32:08+09:00
20260401,089600,486097,2025,11011,CFS,117892709347.0,12318190519.0,6799441526.0,201690323413.0,440265854904.0,opendart,2026-05-18T14:32:08+09:00
20250401,089790,365457,2024,11011,CFS,49505909336.0,637778265.0,4173268666.0,64705698769.0,91154573920.0,opendart,2026-05-18T14:32:08+09:00
20260401,089790,365457,2025,11011,CFS,38378522208.0,-2197169362.0,-389841482.0,64259677321.0,99950240164.0,opendart,2026-05-18T14:32:08+09:00
20250401,089850,592653,2024,11011,CFS,607104912645.0,34097053288.0,25102422549.0,268936544132.0,557262843729.0,opendart,2026-05-18T14:32:08+09:00
20260401,089850,592653,2025,11011,CFS,667887213186.0,21457139332.0,-19417272148.0,262308669468.0,551998844918.0,opendart,2026-05-18T14:32:08+09:00
20250401,089860,545716,2024,11011,CFS,2792395464171.0,284811996731.0,102710507301.0,1468585451804.0,7006616781040.0,opendart,2026-05-18T14:32:08+09:00
20260401,089860,545716,2025,11011,CFS,2918751542343.0,312502750438.0,126714957828.0,1555840866410.0,7348326627803.0,opendart,2026-05-18T14:32:08+09:00
20250401,089890,365934,2024,11011,CFS,69184238320.0,-5608802365.0,-197223585.0,60834124454.0,85940029006.0,opendart,2026-05-18T14:32:08+09:00
20260401,089890,365934,2025,11011,CFS,82379163292.0,17391515095.0,13203597556.0,74018748779.0,92264013118.0,opendart,2026-05-18T14:32:08+09:00
20250401,089970,544577,2024,11011,CFS,70277411560.0,-8599624774.0,-3450671433.0,124300634423.0,165703586111.0,opendart,2026-05-18T14:32:08+09:00
20260401,089970,544577,2025,11011,CFS,144411787537.0,24673087730.0,26131635359.0,177197893574.0,248727741913.0,opendart,2026-05-18T14:32:08+09:00
20250401,089980,181299,2024,11011,CFS,171751657758.0,5849621931.0,6162641428.0,201029299104.0,362238736921.0,opendart,2026-05-18T14:32:08+09:00
20260401,089980,181299,2025,11011,CFS,195987991877.0,6712413242.0,6755147082.0,203319880123.0,380069102840.0,opendart,2026-05-18T14:32:08+09:00
20250401,090080,573579,2024,11011,CFS,588377472367.0,14061353558.0,3833191318.0,46074402187.0,232580292137.0,opendart,2026-05-18T14:32:08+09:00
20260401,090080,573579,2025,11011,CFS,626062341683.0,13342639921.0,15706368362.0,62126438700.0,256001257575.0,opendart,2026-05-18T14:32:08+09:00
20250401,090150,365624,2024,11011,CFS,119318697988.0,7901469034.0,-4120147276.0,40901219279.0,130047144320.0,opendart,2026-05-18T14:32:08+09:00
20260401,090150,365624,2025,11011,CFS,115909884130.0,6875269241.0,8954915856.0,50320064014.0,132122705447.0,opendart,2026-05-18T14:32:08+09:00
20250401,090350,583442,2024,11011,CFS,793847292349.0,43664633269.0,35165884495.0,406837318795.0,667672287993.0,opendart,2026-05-18T14:32:08+09:00
20260401,090350,583442,2025,11011,CFS,771052153523.0,30180700861.0,16461366915.0,415977242652.0,691934047518.0,opendart,2026-05-18T14:32:08+09:00
20250401,090360,536523,2024,11011,CFS,89140364461.0,148546186.0,2217180980.0,91989903584.0,112596177645.0,opendart,2026-05-18T14:32:08+09:00
20260401,090360,536523,2025,11011,CFS,75735139041.0,-5660781243.0,-5200635442.0,86810119833.0,109142421219.0,opendart,2026-05-18T14:32:08+09:00
20250401,090370,442835,2024,11011,CFS,38359458272.0,-3202497656.0,-748786641.0,79454060439.0,133243438025.0,opendart,2026-05-18T14:32:08+09:00
20260401,090370,442835,2025,11011,CFS,81322984405.0,-7242779131.0,-12371397145.0,141818195128.0,249950205951.0,opendart,2026-05-18T14:32:08+09:00
20250401,090410,454937,2024,11011,CFS,146564092289.0,10727288982.0,11212161954.0,125106376737.0,160050320030.0,opendart,2026-05-18T14:32:08+09:00
20260401,090410,454937,2025,11011,CFS,106458504421.0,-103937097.0,1402989472.0,125181784511.0,206019852138.0,opendart,2026-05-18T14:32:08+09:00
20250401,090430,583424,2024,11011,CFS,3885110699186.0,220481343913.0,601641373835.0,5326007889106.0,6783507800768.0,opendart,2026-05-18T14:32:08+09:00
20260401,090430,583424,2025,11011,CFS,4252820221496.0,335826547063.0,247316269750.0,5503457775495.0,6961213309494.0,opendart,2026-05-18T14:32:08+09:00
20250401,090460,447609,2024,11011,CFS,1754441744291.0,87053422982.0,77590055772.0,740898515355.0,1319868751137.0,opendart,2026-05-18T14:32:08+09:00
20260401,090460,447609,2025,11011,CFS,1792660286542.0,53978420775.0,40648029171.0,790820471433.0,1370500771503.0,opendart,2026-05-18T14:32:08+09:00
20250401,090470,493185,2024,11011,CFS,63632960537.0,-5783174958.0,-6173529415.0,163031557537.0,185504546530.0,opendart,2026-05-18T14:32:08+09:00
20260401,090470,493185,2025,11011,CFS,30661005588.0,-23665752868.0,-25386888362.0,135152299166.0,177177604418.0,opendart,2026-05-18T14:32:08+09:00
20250401,090710,540429,2024,11011,CFS,133097920524.0,-4938399556.0,-9391668256.0,212389564046.0,334935432412.0,opendart,2026-05-18T14:32:08+09:00
20260401,090710,540429,2025,11011,CFS,168304789069.0,-17322068508.0,-30079139806.0,203293937110.0,276740783001.0,opendart,2026-05-18T14:32:08+09:00
20250401,090850,656951,2024,11011,CFS,131056281150.0,20243595525.0,11922840467.0,97294368190.0,225344080693.0,opendart,2026-05-18T14:32:08+09:00
20260401,090850,656951,2025,11011,CFS,142648866656.0,24197478889.0,23999448196.0,109277542429.0,241686871087.0,opendart,2026-05-18T14:32:08+09:00
20250401,091090,585219,2024,11011,CFS,141070220015.0,-13992151587.0,-48778121612.0,164224888640.0,274123838165.0,opendart,2026-05-18T14:32:08+09:00
20260401,091090,585219,2025,11011,CFS,74974080122.0,692426188.0,-19701263345.0,47993903910.0,157296058993.0,opendart,2026-05-18T14:32:08+09:00
20250401,091120,541163,2024,11011,CFS,167587926897.0,-30512910121.0,-44733935468.0,206460991702.0,346215167436.0,opendart,2026-05-18T14:32:08+09:00
20260401,091120,541163,2025,11011,CFS,205089718714.0,-19906021812.0,-11926036117.0,196709295272.0,340533598242.0,opendart,2026-05-18T14:32:08+09:00
20250401,091340,580667,2024,11011,CFS,330069974679.0,15224073120.0,15721438581.0,133465394865.0,268425265765.0,opendart,2026-05-18T14:32:08+09:00
20260401,091340,580667,2025,11011,CFS,310237496597.0,15716717292.0,11466747428.0,141010816530.0,254764600039.0,opendart,2026-05-18T14:32:08+09:00
20250401,091440,560122,2024,11011,CFS,17338602355.0,-12946778962.0,-20079359167.0,47833006811.0,129215868817.0,opendart,2026-05-18T14:32:08+09:00
20260401,091440,560122,2025,11011,CFS,13435067440.0,-24598727272.0,-36532793581.0,36579528897.0,120408458403.0,opendart,2026-05-18T14:32:08+09:00
20250401,091580,480783,2024,11011,CFS,251800540845.0,-8221282918.0,639439419.0,154201417526.0,317892195846.0,opendart,2026-05-18T14:32:08+09:00
20260401,091580,480783,2025,11011,CFS,250083513076.0,8654871859.0,2011616880.0,160095655445.0,335766845117.0,opendart,2026-05-18T14:32:08+09:00
20250401,091590,108001,2024,11011,CFS,56667089060.0,-2000605756.0,7580868783.0,167835662011.0,192703998432.0,opendart,2026-05-18T14:32:08+09:00
20260401,091590,108001,2025,11011,CFS,72692437385.0,3750421857.0,11032098286.0,177340037550.0,199988986791.0,opendart,2026-05-18T14:32:08+09:00
20250401,091700,490151,2024,11011,CFS,1486422074868.0,61707407735.0,55900926919.0,555460657504.0,743284395700.0,opendart,2026-05-18T14:32:08+09:00
20260401,091700,490151,2025,11011,CFS,1349528006319.0,44747741189.0,33095158558.0,560252428560.0,775103719248.0,opendart,2026-05-18T14:32:08+09:00
20250401,091810,671376,2024,11011,CFS,1536779555361.0,-12271128596.0,-65878206674.0,82281964755.0,1562449951177.0,opendart,2026-05-18T14:32:08+09:00
20260401,091810,671376,2025,11011,CFS,1798180813715.0,-265467968425.0,-338259764519.0,52028401595.0,1872310061852.0,opendart,2026-05-18T14:32:08+09:00
20250401,091970,542074,2024,11011,CFS,55510197733.0,177820407.0,-3701905727.0,28595107498.0,73006055556.0,opendart,2026-05-18T14:32:08+09:00
20260401,091970,542074,2025,11011,CFS,50111277900.0,-262421464.0,-10206415759.0,21708015388.0,74157987502.0,opendart,2026-05-18T14:32:08+09:00
20250401,092040,545734,2024,11011,CFS,173604673969.0,-7051211028.0,-50882676607.0,123097071618.0,294226893885.0,opendart,2026-05-18T14:32:08+09:00
20260401,092040,545734,2025,11011,CFS,41981406105.0,-17138823540.0,-30365909971.0,95859455162.0,231862994591.0,opendart,2026-05-18T14:32:08+09:00
20250401,092070,569691,2024,11011,OFS,73948566785.0,-1018922570.0,630867371.0,153151060986.0,161916433868.0,opendart,2026-05-18T14:32:08+09:00
20260401,092070,569691,2025,11011,OFS,79133452883.0,-673697018.0,1239345478.0,149412625334.0,160203287509.0,opendart,2026-05-18T14:32:08+09:00
20250401,092130,634728,2024,11011,CFS,45086257229.0,14961144853.0,12913878157.0,48991051065.0,59418357247.0,opendart,2026-05-18T14:32:08+09:00
20260401,092130,634728,2025,11011,CFS,50019110190.0,15580815077.0,12878380445.0,42720107510.0,52707617852.0,opendart,2026-05-18T14:32:08+09:00
20250401,092190,488402,2024,11011,CFS,699232725004.0,3487592223.0,18090606055.0,133929571681.0,795813855619.0,opendart,2026-05-18T14:32:08+09:00
20260401,092190,488402,2025,11011,CFS,763809147116.0,225831786.0,-13622448242.0,169883679260.0,717773205486.0,opendart,2026-05-18T14:32:08+09:00
20250401,092200,112165,2024,11011,CFS,719127919117.0,21831913269.0,16553684627.0,174611421946.0,715046567485.0,opendart,2026-05-18T14:32:08+09:00
20260401,092200,112165,2025,11011,CFS,757310499806.0,18550433161.0,-4771081140.0,179389447001.0,718346475907.0,opendart,2026-05-18T14:32:08+09:00
20250401,092220,589127,2024,11011,CFS,243169932842.0,-13271186259.0,-11002616347.0,349133047090.0,450489555516.0,opendart,2026-05-18T14:32:08+09:00
20260401,092220,589127,2025,11011,CFS,229616634285.0,-21762491386.0,-26570653402.0,325861205471.0,448923235931.0,opendart,2026-05-18T14:32:08+09:00
20250401,092230,587466,2024,11011,CFS,1223942110308.0,51133047274.0,118779477894.0,1550326592151.0,2018154285684.0,opendart,2026-05-18T14:32:08+09:00
20260401,092230,587466,2025,11011,CFS,1163725582000.0,42963988071.0,116716502340.0,1641915205141.0,2176813167529.0,opendart,2026-05-18T14:32:08+09:00
20250401,092300,367455,2024,11011,CFS,206191625380.0,7747628957.0,8344172831.0,106627031967.0,188876725792.0,opendart,2026-05-18T14:32:08+09:00
20260401,092300,367455,2025,11011,CFS,237355479103.0,11038824119.0,7564030213.0,114063496230.0,200536702608.0,opendart,2026-05-18T14:32:08+09:00
20250401,092440,106614,2024,11011,CFS,137860488679.0,2498092901.0,1715138867.0,249284656369.0,263468768678.0,opendart,2026-05-18T14:32:08+09:00
20260401,092440,106614,2025,11011,CFS,131315525932.0,1018157936.0,3113404250.0,249969268041.0,264383143974.0,opendart,2026-05-18T14:32:08+09:00
20250401,092460,528515,2024,11011,CFS,104235725498.0,15962864658.0,13719895024.0,171717862387.0,208282147637.0,opendart,2026-05-18T14:32:08+09:00
20260401,092460,528515,2025,11011,CFS,133476935159.0,22271950993.0,25489380431.0,198690920310.0,241735526920.0,opendart,2026-05-18T14:32:08+09:00
20250401,092600,537337,2024,11011,CFS,89701005500.0,-26691493547.0,-31995418732.0,23166164013.0,99273383375.0,opendart,2026-05-18T14:32:08+09:00
20260401,092600,537337,2025,11011,CFS,102558831015.0,-17487383466.0,2840958181.0,39064063221.0,60587282737.0,opendart,2026-05-18T14:32:08+09:00
20250401,092730,551920,2024,11011,CFS,119013743695.0,24653414365.0,23064751602.0,176884836527.0,192440283038.0,opendart,2026-05-18T14:32:08+09:00
20260401,092730,551920,2025,11011,CFS,132184096288.0,28774569366.0,27822878316.0,195356456479.0,217810766237.0,opendart,2026-05-18T14:32:08+09:00
20250401,092780,117726,2024,11011,CFS,431024695614.0,9697465040.0,8691554665.0,140708797281.0,413955272202.0,opendart,2026-05-18T14:32:08+09:00
20260401,092780,117726,2025,11011,CFS,459333394568.0,16659372931.0,8068727339.0,147210745252.0,463394842463.0,opendart,2026-05-18T14:32:08+09:00
20250401,092790,220613,2024,11011,CFS,552365337649.0,63204878400.0,34685192319.0,464931760501.0,691783323885.0,opendart,2026-05-18T14:32:08+09:00
20260401,092790,220613,2025,11011,CFS,550992457557.0,39942217349.0,36037763214.0,464015833818.0,699321998710.0,opendart,2026-05-18T14:32:08+09:00
20250401,092870,611736,2024,11011,CFS,31611346967.0,-15897333370.0,-1358809270.0,176817320387.0,190783856743.0,opendart,2026-05-18T14:32:08+09:00
20260401,092870,611736,2025,11011,CFS,66026746277.0,80123746.0,8963596191.0,195698704855.0,224506215710.0,opendart,2026-05-18T14:32:08+09:00
20250401,093050,593032,2024,11011,CFS,1956268444555.0,126139587434.0,90603001965.0,1772778738357.0,2914966723645.0,opendart,2026-05-18T14:32:08+09:00
20260401,093050,593032,2025,11011,CFS,1882430252411.0,168111068247.0,117526580469.0,1846793949430.0,3026661178694.0,opendart,2026-05-18T14:32:08+09:00
20250401,093190,478900,2024,11011,CFS,113492418848.0,9424771426.0,13283614504.0,213102661022.0,237271990692.0,opendart,2026-05-18T14:32:08+09:00
20260401,093190,478900,2025,11011,CFS,133467748246.0,15913191944.0,18319924872.0,225216116073.0,271135635797.0,opendart,2026-05-18T14:32:08+09:00
20250401,093230,480950,2024,11011,CFS,252015755334.0,2798430942.0,-11072392876.0,200001372603.0,301066402104.0,opendart,2026-05-18T14:32:08+09:00
20260401,093230,480950,2025,11011,CFS,199475511910.0,-2890890906.0,80211992924.0,366881953610.0,512493859711.0,opendart,2026-05-18T14:32:08+09:00
20250401,093240,441243,2024,11011,CFS,132748313784.0,7008537271.0,6370064033.0,75444014910.0,143183788567.0,opendart,2026-05-18T14:32:08+09:00
20260401,093240,441243,2025,11011,CFS,166650465839.0,6641339216.0,-1295107491.0,89312927042.0,185282892679.0,opendart,2026-05-18T14:32:08+09:00
20250401,093320,603348,2024,11011,CFS,138902594495.0,23732260884.0,18338930422.0,229967390062.0,336792558185.0,opendart,2026-05-18T14:32:08+09:00
20260401,093320,603348,2025,11011,CFS,159244052752.0,23883189589.0,19578691417.0,248000374613.0,337890187127.0,opendart,2026-05-18T14:32:08+09:00
20250401,093370,595191,2024,11011,CFS,437795018982.0,-9575604806.0,-83359194090.0,332747551614.0,826277280544.0,opendart,2026-05-18T14:32:08+09:00
20260401,093370,595191,2025,11011,CFS,471564293544.0,25349847519.0,7028192679.0,389354915544.0,827498687937.0,opendart,2026-05-18T14:32:08+09:00
20250401,093380,155373,2024,11011,CFS,93027835673.0,1149162523.0,-907929584.0,70249498854.0,91015824632.0,opendart,2026-05-18T14:32:08+09:00
20260401,093380,155373,2025,11011,CFS,90273114653.0,728436077.0,775328922.0,70470259397.0,91881616321.0,opendart,2026-05-18T14:32:08+09:00
20250401,093520,596677,2024,11011,CFS,199579464477.0,26887736693.0,20239993651.0,113386210790.0,409214585201.0,opendart,2026-05-18T14:32:08+09:00
20260401,093520,596677,2025,11011,CFS,227242162080.0,29095487131.0,23115557867.0,126121317423.0,235046173943.0,opendart,2026-05-18T14:32:08+09:00
20250401,093640,536888,2024,11011,CFS,11197297460.0,-9877307500.0,-25874747768.0,81657267721.0,146570510759.0,opendart,2026-05-18T14:32:08+09:00
20260401,093640,536888,2025,11011,CFS,9034332926.0,-10212826720.0,-14060062977.0,70432257070.0,105473178974.0,opendart,2026-05-18T14:32:08+09:00
20250401,093920,445799,2024,11011,CFS,229274691662.0,8856367356.0,17636165234.0,219457848437.0,252232034950.0,opendart,2026-05-18T14:32:08+09:00
20260401,093920,445799,2025,11011,CFS,194904120443.0,3433147237.0,5531328093.0,217213875092.0,249863567820.0,opendart,2026-05-18T14:32:08+09:00
20250401,094170,695969,2024,11011,OFS,138261288524.0,17468001192.0,24737920890.0,71278538029.0,98782893020.0,opendart,2026-05-18T14:32:08+09:00
20260401,094170,695969,2025,11011,OFS,127630547202.0,2418553415.0,1021018891.0,69220827676.0,109927218116.0,opendart,2026-05-18T14:32:08+09:00
20250401,094280,414850,2024,11011,CFS,506354423294.0,18749635222.0,11767673978.0,70600164777.0,166325113534.0,opendart,2026-05-18T14:32:08+09:00
20260401,094280,414850,2025,11011,CFS,519013909878.0,18958791370.0,15452778088.0,75110894256.0,195317934340.0,opendart,2026-05-18T14:32:08+09:00
20250401,094360,579971,2024,11011,CFS,27075424194.0,5281327227.0,10009046321.0,75782540733.0,83980124565.0,opendart,2026-05-18T14:32:08+09:00
20260401,094360,579971,2025,11011,CFS,497762647.0,6964476384.0,5922544212.0,84507541967.0,106303672123.0,opendart,2026-05-18T14:32:08+09:00
20250401,094480,587457,2024,11011,CFS,128772392051.0,13220798774.0,557296160.0,112115909471.0,364630597085.0,opendart,2026-05-18T14:32:08+09:00
20260401,094480,587457,2025,11011,CFS,129700193187.0,18393923568.0,8197880274.0,118421301090.0,398965262947.0,opendart,2026-05-18T14:32:08+09:00
20250401,094820,485177,2024,11011,CFS,193088109908.0,10272754233.0,9892674397.0,137120376302.0,270453827629.0,opendart,2026-05-18T14:32:08+09:00
20260401,094820,485177,2025,11011,CFS,251984799104.0,24121399743.0,19553746567.0,151216898408.0,329098066672.0,opendart,2026-05-18T14:32:08+09:00
20250401,094840,599957,2024,11011,CFS,20101969494.0,2463666865.0,15213947469.0,221786624067.0,232865061420.0,opendart,2026-05-18T14:32:08+09:00
20260401,094840,599957,2025,11011,CFS,21223018606.0,3859090083.0,13386976675.0,241764544723.0,250231969152.0,opendart,2026-05-18T14:32:08+09:00
20250401,094850,606770,2024,11011,OFS,476673249.0,1996021746.0,3118589677.0,86292445404.0,153709749202.0,opendart,2026-05-18T14:32:08+09:00
20260401,094850,606770,2025,11011,OFS,830327897.0,9782339403.0,10838435982.0,99111448279.0,170921840435.0,opendart,2026-05-18T14:32:08+09:00
20250401,094860,599106,2024,11011,CFS,35116032831.0,-5843392748.0,-5278152384.0,30364282023.0,44700042971.0,opendart,2026-05-18T14:32:08+09:00
20260401,094860,599106,2025,11011,CFS,31047398409.0,-4614678656.0,-11084432029.0,23693510204.0,39886165002.0,opendart,2026-05-18T14:32:08+09:00
20250401,094940,537832,2024,11011,CFS,34770823435.0,2282906138.0,2006241439.0,38271157901.0,47452317161.0,opendart,2026-05-18T14:32:08+09:00
20260401,094940,537832,2025,11011,CFS,23475613984.0,-1012981315.0,-654437099.0,36974375855.0,45208269381.0,opendart,2026-05-18T14:32:08+09:00
20250401,094970,533508,2024,11011,CFS,164020138293.0,5283739326.0,10589559309.0,175396662305.0,245709917958.0,opendart,2026-05-18T14:32:08+09:00
20260401,094970,533508,2025,11011,CFS,200224698801.0,13141453551.0,15902327664.0,183875615875.0,269999778329.0,opendart,2026-05-18T14:32:08+09:00
20250401,095190,526951,2024,11011,OFS,120753572794.0,2183464844.0,-4573326575.0,92771873467.0,236762069886.0,opendart,2026-05-18T14:32:08+09:00
20260401,095190,526951,2025,11011,OFS,92505989386.0,-4776540963.0,-6941945613.0,108410281400.0,233775888973.0,opendart,2026-05-18T14:32:08+09:00
20250401,095270,526696,2024,11011,CFS,78043596827.0,1852688009.0,-6433306739.0,50786372105.0,86910815427.0,opendart,2026-05-18T14:32:08+09:00
20260401,095270,526696,2025,11011,CFS,80532556275.0,-1641658533.0,1116715320.0,53084735312.0,102940100562.0,opendart,2026-05-18T14:32:08+09:00
20250401,095340,572905,2024,11011,CFS,174480093980.0,44784268057.0,54898977342.0,523141601304.0,582882970486.0,opendart,2026-05-18T14:32:08+09:00
20260401,095340,572905,2025,11011,CFS,220194751972.0,60053887115.0,56343270511.0,537260669443.0,622420256911.0,opendart,2026-05-18T14:32:08+09:00
20250401,095500,526836,2024,11011,CFS,622314535341.0,24860166485.0,25774162524.0,317425399168.0,597640329373.0,opendart,2026-05-18T14:32:08+09:00
20260401,095500,526836,2025,11011,CFS,538532646902.0,20929372893.0,13599233450.0,336895038934.0,658672859041.0,opendart,2026-05-18T14:32:08+09:00
20250401,095570,365387,2024,11011,CFS,1014156314426.0,72790207643.0,21600800986.0,443723178425.0,1717770434389.0,opendart,2026-05-18T14:32:08+09:00
20260401,095570,365387,2025,11011,CFS,1070114469000.0,71548375000.0,28327120000.0,457119800000.0,1778787002000.0,opendart,2026-05-18T14:32:08+09:00
20250401,095610,524421,2024,11011,CFS,240077826420.0,38473734786.0,42653657309.0,330537992260.0,381186883677.0,opendart,2026-05-18T14:32:08+09:00
20260401,095610,524421,2025,11011,CFS,351115732341.0,57838170556.0,56917796576.0,391753766498.0,487468886334.0,opendart,2026-05-18T14:32:08+09:00
20250401,095660,628860,2024,11011,CFS,366812592730.0,32919979176.0,-6953946967.0,518936747128.0,619998368755.0,opendart,2026-05-18T14:32:08+09:00
20260401,095660,628860,2025,11011,CFS,432726157539.0,59980135346.0,45068449570.0,555813321731.0,679342943452.0,opendart,2026-05-18T14:32:08+09:00
20250401,095700,545929,2024,11011,OFS,2932735736.0,-37245760360.0,-63705874579.0,261680674537.0,345041837007.0,opendart,2026-05-18T14:32:08+09:00
20260401,095700,545929,2025,11011,OFS,4573913204.0,-36172268141.0,-27215092606.0,246755395910.0,371266117727.0,opendart,2026-05-18T14:32:08+09:00
20250401,095720,628189,2024,11011,CFS,867180219415.0,9246662221.0,-19867444990.0,302598667969.0,679055394604.0,opendart,2026-05-18T14:32:08+09:00
20260401,095720,628189,2025,11011,CFS,797357375468.0,-10455696547.0,-22681388179.0,259769732809.0,734204960773.0,opendart,2026-05-18T14:32:08+09:00
20250401,095910,585538,2024,11011,CFS,147848120709.0,-14406360350.0,-25420749315.0,84428052996.0,287832745719.0,opendart,2026-05-18T14:32:08+09:00
20260401,095910,585538,2025,11011,CFS,102439706002.0,-18667879172.0,-28693082703.0,66312358968.0,227855411673.0,opendart,2026-05-18T14:32:08+09:00
20250401,096040,480756,2024,11011,CFS,16267907085.0,-5558073915.0,-2295859639.0,96017478221.0,119508305804.0,opendart,2026-05-18T14:32:08+09:00
20260401,096040,480756,2025,11011,CFS,7868175980.0,-6519277790.0,49459562477.0,271965293812.0,345610725450.0,opendart,2026-05-18T14:32:08+09:00
20250401,096240,525882,2024,11011,CFS,228168256909.0,10316847050.0,6561585988.0,40504687596.0,198413596443.0,opendart,2026-05-18T14:32:08+09:00
20260401,096240,525882,2025,11011,CFS,220916898961.0,2244394585.0,4335623590.0,45181104499.0,179341066788.0,opendart,2026-05-18T14:32:08+09:00
20250401,096250,351427,2024,11011,CFS,34920657325.0,1702832524.0,3050746409.0,51354121489.0,57963768348.0,opendart,2026-05-18T14:32:08+09:00
20260401,096250,351427,2025,11011,CFS,34730241834.0,113589771.0,1752786177.0,67709501190.0,74028368551.0,opendart,2026-05-18T14:32:08+09:00
20250401,096350,177870,2024,11011,CFS,61398550420.0,436761175.0,-2710495317.0,32836239020.0,135428546287.0,opendart,2026-05-18T14:32:08+09:00
20260401,096350,177870,2025,11011,CFS,59877251686.0,-143752494.0,-7776073880.0,36002694837.0,141833187052.0,opendart,2026-05-18T14:32:08+09:00
20250401,096530,788773,2024,11011,CFS,414251733221.0,-16479248127.0,-20270094191.0,981476561361.0,1205279005666.0,opendart,2026-05-18T14:32:08+09:00
20260401,096530,788773,2025,11011,CFS,474231586051.0,34549810779.0,48445344295.0,1015815702896.0,1235797418831.0,opendart,2026-05-18T14:32:08+09:00
20250401,096610,516246,2024,11011,CFS,24396934862.0,-2600118807.0,-2833353806.0,12029827864.0,22795374986.0,opendart,2026-05-18T14:32:08+09:00
20260401,096610,516246,2025,11011,CFS,24468236893.0,1770166856.0,1706291277.0,14404780314.0,22168959791.0,opendart,2026-05-18T14:32:08+09:00
20250401,096630,573269,2024,11011,CFS,291899010147.0,4089357066.0,-27143754421.0,53794329119.0,195457767032.0,opendart,2026-05-18T14:32:08+09:00
20260401,096630,573269,2025,11011,CFS,278688408641.0,13274075202.0,35701849592.0,88664441724.0,170621596074.0,opendart,2026-05-18T14:32:08+09:00
20250401,096690,608839,2024,11011,CFS,68591429517.0,-20810247816.0,-45299596818.0,121882083664.0,222298306008.0,opendart,2026-05-18T14:32:08+09:00
20260401,096690,608839,2025,11011,CFS,50603806692.0,-10930076329.0,-18545662682.0,105151832974.0,191626675274.0,opendart,2026-05-18T14:32:08+09:00
20250401,096760,632304,2024,11011,CFS,887710032227.0,146522860164.0,122787792044.0,521394976830.0,1250608664458.0,opendart,2026-05-18T14:32:08+09:00
20260401,096760,632304,2025,11011,CFS,969565285593.0,167899328921.0,115487813990.0,594627233516.0,1231185786714.0,opendart,2026-05-18T14:32:08+09:00
20250401,096770,631518,2024,11011,CFS,74716970174000.0,315488338000.0,-2372482956000.0,39648908994000.0,110530097549000.0,opendart,2026-05-18T14:32:08+09:00
20260401,096770,631518,2025,11011,CFS,80296054243000.0,448683859000.0,-5436441431000.0,36391495746000.0,105608481396000.0,opendart,2026-05-18T14:32:08+09:00
20250401,096870,540571,2024,11011,OFS,10028868219.0,-835658027.0,-269163169.0,15004753664.0,17247100520.0,opendart,2026-05-18T14:32:08+09:00
20260401,096870,540571,2025,11011,OFS,11045810425.0,305927068.0,1241418502.0,20253757741.0,22518375214.0,opendart,2026-05-18T14:32:08+09:00
20250401,097230,633835,2024,11011,CFS,1885962000000.0,7252000000.0,5225000000.0,343397000000.0,2204429000000.0,opendart,2026-05-18T14:32:08+09:00
20260401,097230,633835,2025,11011,CFS,1999705000000.0,67074000000.0,51444000000.0,669588000000.0,2453082000000.0,opendart,2026-05-18T14:32:08+09:00
20250401,097520,564562,2024,11011,CFS,1057058423929.0,44384671816.0,63604930146.0,372224146153.0,574103551032.0,opendart,2026-05-18T14:32:08+09:00
20260401,097520,564562,2025,11011,CFS,1279236953303.0,52015262942.0,51554637396.0,385519174567.0,556394117660.0,opendart,2026-05-18T14:32:08+09:00
20250401,097780,562360,2024,11011,CFS,225110262173.0,-21720206848.0,-20609109574.0,251532534867.0,312210234796.0,opendart,2026-05-18T14:32:08+09:00
20260401,097780,562360,2025,11011,CFS,217426570735.0,1079825912.0,-24908902623.0,216627479328.0,253843277165.0,opendart,2026-05-18T14:32:08+09:00
20250401,097800,536286,2024,11011,OFS,74141469775.0,-23272387288.0,-29995408633.0,66159050654.0,143109816949.0,opendart,2026-05-18T14:32:08+09:00
20260401,097800,536286,2025,11011,OFS,75547662067.0,-14289046752.0,-13690777763.0,62880479225.0,130664662904.0,opendart,2026-05-18T14:32:08+09:00
20250401,097870,367385,2024,11011,CFS,28058111140.0,4257502727.0,4519720639.0,78442296698.0,92027278048.0,opendart,2026-05-18T14:32:08+09:00
20260401,097870,367385,2025,11011,CFS,24387108990.0,3468755895.0,2894458281.0,79305779608.0,90816844252.0,opendart,2026-05-18T14:32:08+09:00
20250401,097950,635134,2024,11011,CFS,29359081823000.0,1553017638000.0,361835555000.0,12242785686000.0,30149997467000.0,opendart,2026-05-18T14:32:08+09:00
20260401,097950,635134,2025,11011,CFS,27342589100000.0,1233604641000.0,-416955408000.0,11551202624000.0,29744790534000.0,opendart,2026-05-18T14:32:08+09:00
20260401,098070,404941,2025,11011,CFS,171902906776.0,38181992502.0,30769090763.0,162428367321.0,229602281586.0,opendart,2026-05-18T14:32:08+09:00
20250401,098120,568188,2024,11011,CFS,69664082922.0,10204007443.0,10680949268.0,65058500062.0,76917403910.0,opendart,2026-05-18T14:32:08+09:00
20260401,098120,568188,2025,11011,CFS,100314289873.0,17744519813.0,16969339636.0,81414966475.0,96886216703.0,opendart,2026-05-18T14:32:08+09:00
20250401,098460,579999,2024,11011,CFS,202538127214.0,3322352718.0,20998990602.0,323168894802.0,377932270492.0,opendart,2026-05-18T14:32:08+09:00
20260401,098460,579999,2025,11011,CFS,232647218656.0,17342338477.0,14756087568.0,335165611050.0,410335212878.0,opendart,2026-05-18T14:32:08+09:00
20250401,098660,612188,2024,11011,CFS,70218195733.0,512098773.0,-996347606.0,27576707405.0,73979103060.0,opendart,2026-05-18T14:32:08+09:00
20260401,098660,612188,2025,11011,CFS,71491064624.0,-1405598807.0,-4795958757.0,22400646551.0,71995272176.0,opendart,2026-05-18T14:32:08+09:00
20250401,099190,550994,2024,11011,CFS,291137903797.0,2657678239.0,-1952791476.0,342981416266.0,590868134115.0,opendart,2026-05-18T14:32:08+09:00
20260401,099190,550994,2025,11011,CFS,315444741611.0,7886581393.0,-6690635026.0,338321041461.0,577662983387.0,opendart,2026-05-18T14:32:08+09:00
20250401,099220,574611,2024,11011,CFS,84360674220.0,-6504940998.0,-28472977351.0,62442792772.0,155594294579.0,opendart,2026-05-18T14:32:08+09:00
20260401,099220,574611,2025,11011,CFS,87454044091.0,464354660.0,-2002458152.0,75360903585.0,153435549991.0,opendart,2026-05-18T14:32:08+09:00
20250401,099320,449254,2024,11011,CFS,171279451654.0,-3072159411.0,6249303506.0,224021721955.0,446984592737.0,opendart,2026-05-18T14:32:08+09:00
20260401,099320,449254,2025,11011,CFS,206916796302.0,10179660644.0,14085784411.0,237002942111.0,411001934412.0,opendart,2026-05-18T14:32:08+09:00
20250401,099390,642897,2024,11011,CFS,26585842652.0,3600013187.0,4551943678.0,50479733877.0,55794955235.0,opendart,2026-05-18T14:32:08+09:00
20260401,099390,642897,2025,11011,CFS,25086446300.0,2110371551.0,4557849663.0,54138121953.0,60140928223.0,opendart,2026-05-18T14:32:08+09:00
20250401,099410,526678,2024,11011,OFS,35715981658.0,4081910540.0,6043898882.0,41834341932.0,60097697605.0,opendart,2026-05-18T14:32:08+09:00
20260401,099410,526678,2025,11011,OFS,41878629483.0,9289358838.0,7949293780.0,49838946052.0,66929971964.0,opendart,2026-05-18T14:32:08+09:00
20250401,099430,636656,2024,11011,CFS,66409594582.0,23667463055.0,17510445184.0,147740198661.0,264298004297.0,opendart,2026-05-18T14:32:08+09:00
20260401,099430,636656,2025,11011,CFS,90896012971.0,15005249608.0,19996273240.0,194979510840.0,285040012969.0,opendart,2026-05-18T14:32:08+09:00
20250401,099440,580056,2024,11011,CFS,201298944290.0,23955100228.0,22133889833.0,129545095388.0,301090392237.0,opendart,2026-05-18T14:32:08+09:00
20260401,099440,580056,2025,11011,CFS,153589636057.0,-16809504557.0,-21494427733.0,97557478313.0,301515657631.0,opendart,2026-05-18T14:32:08+09:00
20250401,099520,627029,2024,11011,CFS,21360983111.0,503079763.0,1199573522.0,26020457464.0,28672300883.0,opendart,2026-05-18T14:32:08+09:00
20260401,099520,627029,2025,11011,CFS,25172528475.0,-3299650687.0,-3300509726.0,22894239855.0,29371778873.0,opendart,2026-05-18T14:32:08+09:00
20250401,099750,490090,2024,11011,CFS,67942814983.0,236082310.0,1207599128.0,34759842787.0,46805991803.0,opendart,2026-05-18T14:32:08+09:00
20260401,099750,490090,2025,11011,CFS,72641489962.0,2210930799.0,2292731362.0,36630661362.0,48723352992.0,opendart,2026-05-18T14:32:08+09:00
20250401,100030,641171,2024,11011,CFS,18889773419.0,1061876158.0,2621873580.0,52349899208.0,61886802851.0,opendart,2026-05-18T14:32:08+09:00
20260401,100030,641171,2025,11011,CFS,18922277464.0,2340366939.0,21388023078.0,69533310943.0,82998287414.0,opendart,2026-05-18T14:32:08+09:00
20250401,100090,480367,2024,11011,CFS,662615726791.0,41797283162.0,16871459149.0,713505699944.0,1421941567198.0,opendart,2026-05-18T14:32:08+09:00
20260401,100090,480367,2025,11011,CFS,965388430763.0,59509493978.0,37510843066.0,814544413186.0,1148241651965.0,opendart,2026-05-18T14:32:08+09:00
20250401,100120,609324,2024,11011,CFS,222898069398.0,22330975608.0,21093961843.0,236797033017.0,322894937480.0,opendart,2026-05-18T14:32:08+09:00
20260401,100120,609324,2025,11011,CFS,239334580000.0,21420223360.0,20911268823.0,248673569961.0,351892269253.0,opendart,2026-05-18T14:32:08+09:00
20250401,100130,415594,2024,11011,CFS,165779489924.0,-5534041323.0,-39766423586.0,187429252894.0,310764184164.0,opendart,2026-05-18T14:32:08+09:00
20260401,100130,415594,2025,11011,CFS,119684884783.0,6944254857.0,-1670905549.0,185639285728.0,256327957251.0,opendart,2026-05-18T14:32:08+09:00
20250401,100220,520887,2024,11011,CFS,246460145921.0,10222169336.0,-2896812793.0,177698972217.0,388227963004.0,opendart,2026-05-18T14:32:08+09:00
20260401,100220,520887,2025,11011,CFS,268775672567.0,21618190019.0,21290435096.0,199759707446.0,399442193970.0,opendart,2026-05-18T14:32:08+09:00
20250401,100250,646732,2024,11011,CFS,286846166692.0,4914347266.0,20894886024.0,441103962844.0,667046949686.0,opendart,2026-05-18T14:32:08+09:00
20260401,100250,646732,2025,11011,CFS,279815907810.0,5784115399.0,22058657412.0,449174396645.0,699432612726.0,opendart,2026-05-18T14:32:08+09:00
20250401,100590,364740,2024,11011,CFS,134308402060.0,-886508422.0,-1505529043.0,98929937049.0,126927884461.0,opendart,2026-05-18T14:32:08+09:00
20260401,100590,364740,2025,11011,CFS,123866036266.0,-734399940.0,-2350058754.0,142125276922.0,176342963244.0,opendart,2026-05-18T14:32:08+09:00
20250401,100660,166528,2024,11011,OFS,42371013550.0,-1293990084.0,395705556.0,65515973819.0,73861719421.0,opendart,2026-05-18T14:32:08+09:00
20260401,100660,166528,2025,11011,CFS,46501236360.0,44269957.0,1204628626.0,67983547512.0,82779614547.0,opendart,2026-05-18T14:32:08+09:00
20250401,100700,362201,2024,11011,CFS,60150954758.0,11376806206.0,12575205365.0,149066155125.0,156848128490.0,opendart,2026-05-18T14:32:08+09:00
20260401,100700,362201,2025,11011,CFS,63656938818.0,12700763051.0,12192825176.0,154401223419.0,163871834274.0,opendart,2026-05-18T14:32:08+09:00
20250401,100790,340096,2024,11011,CFS,233872469347.0,728338.0,-20963666.0,351921676556.0,1060785984401.0,opendart,2026-05-18T14:32:08+09:00
20260401,100790,340096,2025,11011,CFS,239848243971.0,1003312.0,30930410145.0,378332006272.0,1100137937076.0,opendart,2026-05-18T14:32:08+09:00
20250401,100840,648721,2024,11011,CFS,294264258276.0,22239479490.0,34636527846.0,306281786285.0,516608191578.0,opendart,2026-05-18T14:32:08+09:00
20260401,100840,648721,2025,11011,CFS,606119987434.0,111313927765.0,84373067879.0,364744033303.0,589839322838.0,opendart,2026-05-18T14:32:08+09:00
20250401,101000,618410,2024,11011,CFS,24686666088.0,-749482718.0,-5132514994.0,36831384461.0,65818800858.0,opendart,2026-05-18T14:32:08+09:00
20260401,101000,618410,2025,11011,CFS,39447384534.0,-4620553504.0,-7256023518.0,35004404299.0,61193612721.0,opendart,2026-05-18T14:32:08+09:00
20250401,101140,652423,2024,11011,OFS,7041061562.0,-6093214907.0,16122333887.0,159836576011.0,162730128455.0,opendart,2026-05-18T14:32:08+09:00
20260401,101140,652423,2025,11011,OFS,6296747709.0,-4332844227.0,-1418662962.0,157643520598.0,159993398792.0,opendart,2026-05-18T14:32:08+09:00
20250401,101160,580065,2024,11011,CFS,306791365556.0,70304948252.0,65036530638.0,307487406239.0,391796337435.0,opendart,2026-05-18T14:32:08+09:00
20260401,101160,580065,2025,11011,CFS,291764969976.0,58544362713.0,40972466221.0,346601351865.0,429672762944.0,opendart,2026-05-18T14:32:08+09:00
20250401,101170,567222,2024,11011,CFS,71766793137.0,-1599935484.0,-7768036421.0,80441842199.0,92390151125.0,opendart,2026-05-18T14:32:08+09:00
20260401,101170,567222,2025,11011,CFS,57112791211.0,1189151404.0,2394187005.0,82907181971.0,93123568272.0,opendart,2026-05-18T14:32:08+09:00
20250401,101240,520610,2024,11011,OFS,60146725509.0,10214678160.0,9264688423.0,88472909167.0,115788976905.0,opendart,2026-05-18T14:32:08+09:00
20260401,101240,520610,2025,11011,OFS,56519406165.0,10172022142.0,9450565420.0,115503165591.0,141560870539.0,opendart,2026-05-18T14:32:08+09:00
20250401,101330,498001,2024,11011,CFS,1301706118161.0,53329574430.0,36809435555.0,452374050053.0,1094257347637.0,opendart,2026-05-18T14:32:08+09:00
20260401,101330,498001,2025,11011,CFS,1371327433599.0,41798202536.0,21240680356.0,464752868592.0,1083137810538.0,opendart,2026-05-18T14:32:08+09:00
20250401,101360,619640,2024,11011,CFS,104901418831.0,487160660.0,13515181751.0,221648903638.0,405770507399.0,opendart,2026-05-18T14:32:08+09:00
20260401,101360,619640,2025,11011,CFS,141958412396.0,-610261853.0,-8596919787.0,213687331285.0,464749775946.0,opendart,2026-05-18T14:32:08+09:00
20250401,101390,609634,2024,11011,CFS,126074201973.0,-2892743214.0,-24949621166.0,14451169334.0,75717222424.0,opendart,2026-05-18T14:32:08+09:00
20260401,101390,609634,2025,11011,CFS,91765421849.0,-8558874586.0,-9777700267.0,4892288036.0,61795240413.0,opendart,2026-05-18T14:32:08+09:00
20250401,101400,641393,2024,11011,CFS,36311562492.0,-2459667040.0,-2070993839.0,39203819723.0,48477726873.0,opendart,2026-05-18T14:32:08+09:00
20260401,101400,641393,2025,11011,CFS,34368016671.0,-5055270954.0,-1997947609.0,38002613796.0,47560817291.0,opendart,2026-05-18T14:32:08+09:00
20250401,101490,411048,2024,11011,CFS,176013891367.0,29478688017.0,30313647619.0,246847048853.0,297031688485.0,opendart,2026-05-18T14:32:08+09:00
20260401,101490,411048,2025,11011,CFS,243733252593.0,50389752346.0,58092807910.0,304257904926.0,393041682256.0,opendart,2026-05-18T14:32:08+09:00
20250401,101530,428321,2024,11011,CFS,629196328510.0,49071903987.0,31839983214.0,291561980203.0,699833207144.0,opendart,2026-05-18T14:32:08+09:00
20260401,101530,428321,2025,11011,CFS,641386567732.0,42328087980.0,23396241441.0,309587997123.0,710500327091.0,opendart,2026-05-18T14:32:08+09:00
20250401,101670,527491,2024,11011,OFS,8466048297.0,9146041466.0,-17650228458.0,83495464411.0,94025288164.0,opendart,2026-05-18T14:32:08+09:00
20260401,101670,527491,2025,11011,CFS,3368949713.0,-15061982581.0,-34672551082.0,62375819359.0,81924389316.0,opendart,2026-05-18T14:32:08+09:00
20250401,101680,257732,2024,11011,OFS,63700982506.0,2072658584.0,1503205161.0,41758865927.0,72476385281.0,opendart,2026-05-18T14:32:08+09:00
20260401,101680,257732,2025,11011,OFS,30571562943.0,-7526560759.0,-8086513616.0,33974563760.0,71029131353.0,opendart,2026-05-18T14:32:08+09:00
20250401,101730,643656,2024,11011,CFS,74990780976.0,-8094291123.0,-15664849836.0,501381448397.0,597583363474.0,opendart,2026-05-18T14:32:08+09:00
20260401,101730,643656,2025,11011,CFS,148839768687.0,-48745048630.0,-35786907685.0,462511848656.0,565539233879.0,opendart,2026-05-18T14:32:08+09:00
20250401,101930,482426,2024,11011,CFS,92784009378.0,10261098402.0,40023170310.0,259924757563.0,430256705838.0,opendart,2026-05-18T14:32:08+09:00
20260401,101930,482426,2025,11011,CFS,107958290033.0,15534294993.0,25566797700.0,341353786422.0,462070252569.0,opendart,2026-05-18T14:32:08+09:00
20250401,101970,450931,2024,11011,OFS,183248928232.0,31088289307.0,27431646592.0,173167279415.0,260932942747.0,opendart,2026-05-18T14:32:08+09:00
20260401,101970,450931,2025,11011,OFS,100854566106.0,706458866.0,-4313833726.0,184304709683.0,250655257091.0,opendart,2026-05-18T14:32:08+09:00
20250401,102120,591441,2024,11011,CFS,232116611005.0,-5100374191.0,-18094850997.0,154580908154.0,293039972870.0,opendart,2026-05-18T14:32:08+09:00
20260401,102120,591441,2025,11011,CFS,244123643799.0,10148185090.0,1959422969.0,154442539418.0,286055183481.0,opendart,2026-05-18T14:32:08+09:00
20250401,102260,679314,2024,11011,CFS,1066318113144.0,91029915815.0,77980785833.0,596783918115.0,1072894256482.0,opendart,2026-05-18T14:32:08+09:00
20260401,102260,679314,2025,11011,CFS,1211599795389.0,112042532460.0,75556928643.0,641340855678.0,1139025243623.0,opendart,2026-05-18T14:32:08+09:00
20250401,102280,681142,2024,11011,CFS,91989592645.0,-2290327604.0,-10333189914.0,101365597805.0,126894720950.0,opendart,2026-05-18T14:32:08+09:00
20260401,102280,681142,2025,11011,CFS,91612281777.0,-2455358142.0,-5620731566.0,94151114987.0,117162501883.0,opendart,2026-05-18T14:32:08+09:00
20250401,102370,668600,2024,11011,CFS,19457159438.0,-4755565170.0,-7087667686.0,112011666946.0,201120693958.0,opendart,2026-05-18T14:32:08+09:00
20260401,102370,668600,2025,11011,CFS,12286945631.0,-4065280171.0,-6373903180.0,105382145980.0,195157091864.0,opendart,2026-05-18T14:32:08+09:00
20250401,102460,145598,2024,11011,CFS,148299673635.0,79259194.0,4151240203.0,249941078898.0,499993817147.0,opendart,2026-05-18T14:32:08+09:00
20260401,102460,145598,2025,11011,CFS,145928626140.0,-30268572134.0,-29633118376.0,220272877525.0,465099644104.0,opendart,2026-05-18T14:32:08+09:00
20250401,102710,530185,2024,11011,CFS,582433714374.0,59332428655.0,29728683765.0,401394179462.0,723550621048.0,opendart,2026-05-18T14:32:08+09:00
20260401,102710,530185,2025,11011,CFS,670896289801.0,78076791477.0,50306212220.0,450096868246.0,749300530429.0,opendart,2026-05-18T14:32:08+09:00
20250401,102940,525642,2024,11011,CFS,161386743445.0,-22084410295.0,-93085909327.0,149337504175.0,419562620920.0,opendart,2026-05-18T14:32:08+09:00
20260401,102940,525642,2025,11011,CFS,208981597803.0,17572203303.0,24960208709.0,584030482239.0,914412572358.0,opendart,2026-05-18T14:32:08+09:00
20250401,103140,684714,2024,11011,CFS,4554411454633.0,323768893078.0,236045982790.0,2199301948907.0,4096582596724.0,opendart,2026-05-18T14:32:08+09:00
20260401,103140,684714,2025,11011,CFS,5048580386639.0,297427463130.0,147164434318.0,2298131546597.0,4329189509985.0,opendart,2026-05-18T14:32:08+09:00
20250401,103230,137012,2024,11011,OFS,47130238829.0,3455878656.0,4763232740.0,49821274749.0,71297045144.0,opendart,2026-05-18T14:32:08+09:00
20260401,103230,137012,2025,11011,OFS,48804282274.0,900988892.0,3631155594.0,53478456916.0,85277595518.0,opendart,2026-05-18T14:32:08+09:00
20250401,103590,683469,2024,11011,CFS,1577247371000.0,79742010000.0,0.0,500309704000.0,1249038272000.0,opendart,2026-05-18T14:32:08+09:00
20260401,103590,683469,2025,11011,CFS,2044552052000.0,151226606000.0,103889478000.0,588671403000.0,1525996520000.0,opendart,2026-05-18T14:32:08+09:00
20250401,103840,486875,2024,11011,OFS,176260400982.0,453831839.0,-1314926581.0,44135409233.0,151996118653.0,opendart,2026-05-18T14:32:08+09:00
20260401,103840,486875,2025,11011,OFS,183775849010.0,4665621991.0,2245978685.0,46414583410.0,153372644843.0,opendart,2026-05-18T14:32:08+09:00
20250401,104040,442905,2024,11011,OFS,36674681649.0,748520002.0,763563675.0,64781484134.0,89153712111.0,opendart,2026-05-18T14:32:08+09:00
20260401,104040,442905,2025,11011,CFS,28477611667.0,-7925464915.0,2015700512.0,114447710855.0,231175219070.0,opendart,2026-05-18T14:32:08+09:00
20250401,104200,645089,2024,11011,OFS,52070939126.0,357425932.0,-12674134869.0,56597115571.0,76194969967.0,opendart,2026-05-18T14:32:08+09:00
20260401,104200,645089,2025,11011,OFS,44899287200.0,-734987723.0,-6220761280.0,50686615310.0,66807403600.0,opendart,2026-05-18T14:32:08+09:00
20250401,104460,602136,2024,11011,CFS,281019021433.0,24595400255.0,18177438115.0,128220087780.0,320770616137.0,opendart,2026-05-18T14:32:08+09:00
20260401,104460,602136,2025,11011,CFS,396256361230.0,28569091674.0,25381554158.0,149816853694.0,246868549743.0,opendart,2026-05-18T14:32:08+09:00
20250401,104480,693554,2024,11011,OFS,339574686712.0,-1585026335.0,-112075735870.0,1108123360508.0,1486403612128.0,opendart,2026-05-18T14:32:08+09:00
20260401,104480,693554,2025,11011,OFS,345756223802.0,2403179067.0,116509818824.0,1227524315490.0,1475543333684.0,opendart,2026-05-18T14:32:08+09:00
20250401,104540,541437,2024,11011,CFS,93667301171.0,3890853051.0,-1323785129.0,84451939181.0,186272303845.0,opendart,2026-05-18T14:32:08+09:00
20260401,104540,541437,2025,11011,CFS,100428537181.0,9116352215.0,6969212084.0,89164555663.0,171927246497.0,opendart,2026-05-18T14:32:08+09:00
20250401,104620,632845,2024,11011,CFS,131914391956.0,-6546408621.0,-72195340.0,36617171277.0,135143319244.0,opendart,2026-05-18T14:32:08+09:00
20260401,104620,632845,2025,11011,CFS,119704117734.0,2238783517.0,-54441426.0,40250998045.0,125036860192.0,opendart,2026-05-18T14:32:08+09:00
20250401,104700,687711,2024,11011,OFS,600003866825.0,1813549115.0,23450927886.0,810359379879.0,899069317215.0,opendart,2026-05-18T14:32:08+09:00
20260401,104700,687711,2025,11011,OFS,486605490510.0,-38699180493.0,-8922947072.0,770845640468.0,866783355876.0,opendart,2026-05-18T14:32:08+09:00
20250401,104830,623661,2024,11011,CFS,310715204992.0,51919490369.0,31806973762.0,481165744039.0,583295677233.0,opendart,2026-05-18T14:32:08+09:00
20260401,104830,623661,2025,11011,CFS,322467412745.0,56497808201.0,48701056719.0,525483568866.0,637777093802.0,opendart,2026-05-18T14:32:08+09:00
20250401,105330,606664,2024,11011,CFS,78463634109.0,-2285023523.0,3441506852.0,128147463770.0,207622472352.0,opendart,2026-05-18T14:32:08+09:00
20260401,105330,606664,2025,11011,CFS,81058653134.0,-2956124553.0,-5767358399.0,122064725377.0,267117721535.0,opendart,2026-05-18T14:32:08+09:00
20250401,105550,766106,2024,11011,CFS,37297599228.0,-5071599504.0,-18010933694.0,76862215138.0,131561893611.0,opendart,2026-05-18T14:32:08+09:00
20260401,105550,766106,2025,11011,CFS,36390814582.0,-15540147816.0,15697205127.0,128436737300.0,177094222917.0,opendart,2026-05-18T14:32:08+09:00
20250401,105560,688996,2024,11011,CFS,1649761000000.0,11456191000000.0,5028606000000.0,59815181000000.0,757845532000000.0,opendart,2026-05-18T14:32:08+09:00
20260401,105560,688996,2025,11011,CFS,1303373000000.0,12376546000000.0,5840715000000.0,60829989000000.0,797923033000000.0,opendart,2026-05-18T14:32:08+09:00
20250401,105630,728638,2024,11011,CFS,1797795746533.0,142197707885.0,58382382679.0,709665754071.0,1424527346288.0,opendart,2026-05-18T14:32:08+09:00
20260401,105630,728638,2025,11011,CFS,1941776924955.0,83416342796.0,57255205232.0,734724634343.0,1535658846708.0,opendart,2026-05-18T14:32:08+09:00
20250401,105740,533003,2024,11011,CFS,98422315910.0,-188420188.0,2120074674.0,131860480496.0,197697492777.0,opendart,2026-05-18T14:32:08+09:00
20260401,105740,533003,2025,11011,CFS,128751186498.0,11069921406.0,6736447825.0,136447285917.0,226208657831.0,opendart,2026-05-18T14:32:08+09:00
20250401,105760,862312,2024,11011,CFS,77082362573.0,2982842395.0,5402835559.0,73844522020.0,88345764957.0,opendart,2026-05-18T14:32:08+09:00
20260401,105760,862312,2025,11011,CFS,91426124049.0,3383511927.0,3778818411.0,78407352054.0,97722746681.0,opendart,2026-05-18T14:32:08+09:00
20250401,105840,173944,2024,11011,CFS,140726674100.0,16105340148.0,16762748288.0,232322909582.0,276510432217.0,opendart,2026-05-18T14:32:08+09:00
20260401,105840,173944,2025,11011,CFS,150379282702.0,14178215124.0,11050114578.0,241804504854.0,297980322227.0,opendart,2026-05-18T14:32:08+09:00
20250401,106080,542898,2024,11011,CFS,17616731996.0,-4347940682.0,-4391500960.0,34733671554.0,56117197680.0,opendart,2026-05-18T14:32:08+09:00
20260401,106080,542898,2025,11011,CFS,7573737130.0,-9225363953.0,-12560923366.0,30002242804.0,52267787586.0,opendart,2026-05-18T14:32:08+09:00
20250401,106190,409964,2024,11011,OFS,77513117378.0,15557754205.0,13710010333.0,119738277761.0,140090048772.0,opendart,2026-05-18T14:32:08+09:00
20260401,106190,409964,2025,11011,OFS,70183145366.0,12856017087.0,11475138191.0,130671423747.0,143696600479.0,opendart,2026-05-18T14:32:08+09:00
20250401,106240,755739,2024,11011,CFS,57768466076.0,-1735718579.0,-7356164621.0,85628935152.0,148992066367.0,opendart,2026-05-18T14:32:08+09:00
20260401,106240,755739,2025,11011,CFS,42876376647.0,-6412864510.0,-22221958418.0,76998410406.0,130050787211.0,opendart,2026-05-18T14:32:08+09:00
20250401,106520,536329,2024,11011,CFS,3928791980.0,-6832893090.0,-6721060411.0,3736174832.0,21403212700.0,opendart,2026-05-18T14:32:08+09:00
20260401,106520,536329,2025,11011,CFS,3817338332.0,-2673516392.0,-1381711665.0,2339012307.0,19267722628.0,opendart,2026-05-18T14:32:08+09:00
20250401,107590,706715,2024,11011,CFS,476575958592.0,23033364411.0,3992117893.0,297586436531.0,494326942400.0,opendart,2026-05-18T14:32:08+09:00
20260401,107590,706715,2025,11011,CFS,492717916275.0,20345735531.0,4268391028.0,326720763281.0,527900401264.0,opendart,2026-05-18T14:32:08+09:00
20250401,107600,862880,2024,11011,OFS,30336503327.0,-6157119470.0,-10705893796.0,52953900833.0,94043745211.0,opendart,2026-05-18T14:32:08+09:00
20260401,107600,862880,2025,11011,OFS,38390648152.0,-9419303009.0,-18046897848.0,45355405610.0,82728051469.0,opendart,2026-05-18T14:32:08+09:00
20250401,107640,474588,2024,11011,CFS,177258091164.0,9574485247.0,15352159204.0,80416707892.0,166777428220.0,opendart,2026-05-18T14:32:08+09:00
20260401,107640,474588,2025,11011,CFS,175264976657.0,4026137190.0,4885251977.0,100172693231.0,253321966239.0,opendart,2026-05-18T14:32:08+09:00
20250401,108230,531917,2024,11011,CFS,473628901826.0,12489283795.0,32558151256.0,414403569548.0,616469709048.0,opendart,2026-05-18T14:32:08+09:00
20260401,108230,531917,2025,11011,CFS,171001529881.0,-3144513149.0,-20597283924.0,387843484736.0,555604371071.0,opendart,2026-05-18T14:32:08+09:00
20250401,108320,525934,2024,11011,CFS,1865621538499.0,167076803816.0,130509153930.0,1079586526506.0,1499801948860.0,opendart,2026-05-18T14:32:08+09:00
20260401,108320,525934,2025,11011,CFS,1639070665791.0,108856055553.0,82633081344.0,1125606564582.0,1399843476485.0,opendart,2026-05-18T14:32:08+09:00
20250401,108380,111193,2024,11011,CFS,196278875513.0,15686295738.0,19599490585.0,245268750051.0,308605890764.0,opendart,2026-05-18T14:32:08+09:00
20260401,108380,111193,2025,11011,CFS,230094825180.0,27060476082.0,24789386379.0,269199840110.0,321983559541.0,opendart,2026-05-18T14:32:08+09:00
20250401,108490,946030,2024,11011,CFS,30038231053.0,-2973503944.0,-3038577530.0,96006772289.0,100246445003.0,opendart,2026-05-18T14:32:08+09:00
20260401,108490,946030,2025,11011,CFS,38942547006.0,3346038655.0,5303138634.0,314078968337.0,319708080737.0,opendart,2026-05-18T14:32:08+09:00
20250401,108670,759513,2024,11011,CFS,3572036000000.0,97465000000.0,44312000000.0,869875000000.0,2354297000000.0,opendart,2026-05-18T14:32:08+09:00
20260401,108670,759513,2025,11011,CFS,3178689000000.0,13060000000.0,-43867000000.0,834215000000.0,2169997000000.0,opendart,2026-05-18T14:32:08+09:00
20250401,108860,666064,2024,11011,CFS,112454363009.0,799960142.0,-1020940783.0,262912105624.0,312136185719.0,opendart,2026-05-18T14:32:08+09:00
20260401,108860,666064,2025,11011,CFS,114780821863.0,1482121007.0,-4343459641.0,259905431601.0,307100406848.0,opendart,2026-05-18T14:32:08+09:00
20250401,109070,753643,2024,11011,CFS,68846344884.0,3763674211.0,4602667545.0,26846585480.0,36612068110.0,opendart,2026-05-18T14:32:08+09:00
20260401,109070,753643,2025,11011,CFS,85403171510.0,3166117605.0,2039513746.0,28939306499.0,41985605299.0,opendart,2026-05-18T14:32:08+09:00
20250401,109080,660291,2024,11011,OFS,23757537224.0,2705388303.0,4739341728.0,55704589845.0,60221257655.0,opendart,2026-05-18T14:32:08+09:00
20260401,109080,660291,2025,11011,OFS,25727162593.0,4514146425.0,4422657240.0,59182595685.0,65235637894.0,opendart,2026-05-18T14:32:08+09:00
20250401,109610,535481,2024,11011,CFS,561008736665.0,21934910618.0,6321297109.0,195875094118.0,433380564425.0,opendart,2026-05-18T14:32:08+09:00
20260401,109610,535481,2025,11011,CFS,501552720795.0,-6626642816.0,-15865691092.0,246988535638.0,477069152693.0,opendart,2026-05-18T14:32:08+09:00
20250401,109670,492706,2024,11011,CFS,173856858567.0,1254256907.0,195444285.0,55895509638.0,99064093509.0,opendart,2026-05-18T14:32:08+09:00
20260401,109670,492706,2025,11011,CFS,169721832580.0,150744963.0,-1313101682.0,53892462697.0,96013604025.0,opendart,2026-05-18T14:32:08+09:00
20250401,109740,530121,2024,11011,CFS,22640427894.0,-19700154271.0,-11421875330.0,133448708542.0,166375589033.0,opendart,2026-05-18T14:32:08+09:00
20260401,109740,530121,2025,11011,CFS,43179030300.0,-22721923765.0,-19800098307.0,115779936922.0,148678782698.0,opendart,2026-05-18T14:32:08+09:00
20250401,109820,552992,2024,11011,OFS,10018845652.0,-1641652319.0,-3748057576.0,19227336451.0,28458301302.0,opendart,2026-05-18T14:32:08+09:00
20260401,109820,552992,2025,11011,OFS,10643335004.0,-679131166.0,-1834404223.0,17471146528.0,27271330776.0,opendart,2026-05-18T14:32:08+09:00
20250401,109860,118284,2024,11011,CFS,85984630205.0,617915159.0,7247388664.0,154917546149.0,176362214776.0,opendart,2026-05-18T14:32:08+09:00
20260401,109860,118284,2025,11011,CFS,91706521874.0,1432358491.0,5048337819.0,156147052796.0,180888658301.0,opendart,2026-05-18T14:32:08+09:00
20250401,109960,653194,2024,11011,CFS,16399967174.0,966608518.0,-28020302336.0,301855689217.0,334890823632.0,opendart,2026-05-18T14:32:08+09:00
20260401,109960,653194,2025,11011,CFS,9807257584.0,-2286394194.0,-5634301225.0,306569180799.0,320455373600.0,opendart,2026-05-18T14:32:08+09:00
20250401,110020,632793,2024,11011,OFS,19272841086.0,1158262258.0,4346135759.0,17661431638.0,18853293193.0,opendart,2026-05-18T14:32:08+09:00
20260401,110020,632793,2025,11011,OFS,13694344910.0,-342851662.0,-195814037.0,17408128190.0,18509033933.0,opendart,2026-05-18T14:32:08+09:00
20250401,110790,522007,2024,11011,CFS,331280497035.0,12138780100.0,-25139633211.0,358338390482.0,659188506338.0,opendart,2026-05-18T14:32:08+09:00
20260401,110790,522007,2025,11011,CFS,311944979108.0,-4726548434.0,-4627247122.0,423201627658.0,845864908512.0,opendart,2026-05-18T14:32:08+09:00
20250401,110990,576798,2024,11011,CFS,116655392937.0,24089464501.0,28929530740.0,212879673844.0,240859867580.0,opendart,2026-05-18T14:32:08+09:00
20260401,110990,576798,2025,11011,CFS,107910277371.0,23061677929.0,30376073801.0,237157012940.0,266542879464.0,opendart,2026-05-18T14:32:08+09:00
20250401,111110,226316,2024,11011,CFS,463972606649.0,29520188293.0,23167875468.0,177481265441.0,396031860184.0,opendart,2026-05-18T14:32:08+09:00
20260401,111110,226316,2025,11011,CFS,520877825230.0,25021864468.0,11295797806.0,184692905238.0,416500644693.0,opendart,2026-05-18T14:32:08+09:00
20250401,111380,367710,2024,11011,CFS,226691392865.0,21119302102.0,16978674472.0,149297790333.0,292407975377.0,opendart,2026-05-18T14:32:08+09:00
20260401,111380,367710,2025,11011,CFS,244145426389.0,22591344051.0,11013828578.0,152473733417.0,301445840065.0,opendart,2026-05-18T14:32:08+09:00
20250401,111710,245694,2024,11011,OFS,20703099096.0,8010834824.0,10932648469.0,186304469469.0,199918904401.0,opendart,2026-05-18T14:32:08+09:00
20260401,111710,245694,2025,11011,OFS,16771010459.0,4093920849.0,6671954168.0,188892832196.0,202321203420.0,opendart,2026-05-18T14:32:08+09:00
20250401,111770,776820,2024,11011,CFS,3517837283293.0,315580583310.0,294535556555.0,3895653089851.0,5389722907461.0,opendart,2026-05-18T14:32:08+09:00
20260401,111770,776820,2025,11011,CFS,4063584122639.0,514438778298.0,426250682029.0,4105477128835.0,5716939046441.0,opendart,2026-05-18T14:32:08+09:00
20250401,111870,125965,2024,11011,CFS,10196219563.0,-4177362958.0,-30612906017.0,75998525462.0,92414538906.0,opendart,2026-05-18T14:32:08+09:00
20260401,111870,125965,2025,11011,CFS,5031431779.0,-2596397830.0,-18598204777.0,117717720200.0,122170723798.0,opendart,2026-05-18T14:32:08+09:00
20250401,112040,444329,2024,11011,CFS,711871164004.0,7062218897.0,181624881770.0,831897265007.0,1875682729061.0,opendart,2026-05-18T14:32:08+09:00
20260401,112040,444329,2025,11011,CFS,614039504365.0,10678082423.0,-27040443605.0,812655850470.0,1745649917765.0,opendart,2026-05-18T14:32:08+09:00
20250401,112290,619507,2024,11011,OFS,70302947467.0,-8162169511.0,-15989227462.0,44500264484.0,116280164535.0,opendart,2026-05-18T14:32:08+09:00
20260401,112290,619507,2025,11011,OFS,83088557517.0,-1765531974.0,4628490389.0,49153962247.0,173235678020.0,opendart,2026-05-18T14:32:08+09:00
20250401,112610,670340,2024,11011,CFS,3072529196695.0,255481950329.0,143668438531.0,1200264992078.0,3609483010970.0,opendart,2026-05-18T14:32:08+09:00
20260401,112610,670340,2025,11011,CFS,2931648581449.0,320323178301.0,40133098937.0,1201672689517.0,3216594965195.0,opendart,2026-05-18T14:32:08+09:00
20250401,113810,576789,2024,11011,CFS,89539245681.0,5520822419.0,4487275453.0,22177947931.0,59674082371.0,opendart,2026-05-18T14:32:08+09:00
20260401,113810,576789,2025,11011,CFS,80356641062.0,962907701.0,745479801.0,23916934632.0,57875784450.0,opendart,2026-05-18T14:32:08+09:00
20250401,114090,557508,2024,11011,CFS,396390016167.0,38324545939.0,33060332413.0,413545764357.0,616232394204.0,opendart,2026-05-18T14:32:08+09:00
20260401,114090,557508,2025,11011,CFS,422947217924.0,52644453601.0,47072361742.0,441452020522.0,651270456839.0,opendart,2026-05-18T14:32:08+09:00
20250401,114190,100601,2024,11011,CFS,224422425036.0,6771969120.0,-582114193.0,71882484756.0,163883343989.0,opendart,2026-05-18T14:32:08+09:00
20260401,114190,100601,2025,11011,CFS,212251840367.0,-6095759149.0,-8467202799.0,64036952122.0,146635666875.0,opendart,2026-05-18T14:32:08+09:00
20250401,114450,532059,2024,11011,OFS,24860636227.0,376909432.0,1561955365.0,35747597395.0,44971612512.0,opendart,2026-05-18T14:32:08+09:00
20260401,114450,532059,2025,11011,OFS,40339622036.0,204292480.0,110132143.0,38287814733.0,54863691768.0,opendart,2026-05-18T14:32:08+09:00
20250401,114630,663669,2024,11011,CFS,80130453283.0,2320030389.0,6146924277.0,121454077028.0,139097613493.0,opendart,2026-05-18T14:32:08+09:00
20260401,114630,663669,2025,11011,CFS,101825593820.0,7790837571.0,2405204753.0,128409689916.0,156204940245.0,opendart,2026-05-18T14:32:08+09:00
20250401,114810,625942,2024,11011,CFS,157137657251.0,23065681206.0,31072611398.0,182201098517.0,231936910947.0,opendart,2026-05-18T14:32:08+09:00
20260401,114810,625942,2025,11011,CFS,198830230410.0,33316939791.0,28435065679.0,210271082405.0,254358289046.0,opendart,2026-05-18T14:32:08+09:00
20250401,114840,692254,2024,11011,CFS,204880606161.0,33632455532.0,28305516968.0,91557419380.0,122318512016.0,opendart,2026-05-18T14:32:08+09:00
20260401,114840,692254,2025,11011,CFS,224096054183.0,27127744195.0,21836761902.0,104455009349.0,142391571157.0,opendart,2026-05-18T14:32:08+09:00
20250401,115160,787057,2024,11011,CFS,535558902576.0,6200491083.0,-60917152380.0,165419017811.0,662812336140.0,opendart,2026-05-18T14:32:08+09:00
20260401,115160,787057,2025,11011,CFS,394166017109.0,-29217102354.0,-81408692851.0,96128189369.0,491060172734.0,opendart,2026-05-18T14:32:08+09:00
20250401,115180,1042650,2024,11011,CFS,9179834444.0,-27477790640.0,-24996940757.0,52684050748.0,58070561569.0,opendart,2026-05-18T14:32:08+09:00
20260401,115180,1042650,2025,11011,CFS,6982624830.0,-29764167099.0,-31261963979.0,39191678309.0,61994415890.0,opendart,2026-05-18T14:32:08+09:00
20250401,115310,491415,2024,11011,CFS,25181365623.0,7870052036.0,8969671028.0,113542209180.0,123980357874.0,opendart,2026-05-18T14:32:08+09:00
20260401,115310,491415,2025,11011,CFS,28717399585.0,6457328620.0,7038794630.0,94923580195.0,104230978190.0,opendart,2026-05-18T14:32:08+09:00
20250401,115440,664048,2024,11011,CFS,131594866213.0,20066971703.0,20166019303.0,93216897138.0,138035788448.0,opendart,2026-05-18T14:32:08+09:00
20260401,115440,664048,2025,11011,CFS,75505437184.0,1948798815.0,3666403847.0,99934405073.0,134905978481.0,opendart,2026-05-18T14:32:08+09:00
20250401,115450,552859,2024,11011,CFS,54931940888.0,-7624366419.0,-23459940477.0,181868117434.0,219793068613.0,opendart,2026-05-18T14:32:08+09:00
20260401,115450,552859,2025,11011,CFS,69561353835.0,-3534298673.0,-9667885416.0,173863423186.0,228655057738.0,opendart,2026-05-18T14:32:08+09:00
20250401,115480,681249,2024,11011,CFS,40629340409.0,7801018206.0,-3140743654.0,59304149382.0,103568835562.0,opendart,2026-05-18T14:32:08+09:00
20260401,115480,681249,2025,11011,CFS,48222586383.0,10812879962.0,819203805.0,59675001189.0,99662942214.0,opendart,2026-05-18T14:32:08+09:00
20250401,115500,441650,2024,11011,OFS,29539354935.0,1983143623.0,1999174860.0,18878320893.0,23875109727.0,opendart,2026-05-18T14:32:08+09:00
20260401,115500,441650,2025,11011,OFS,24863482484.0,2063210418.0,2527450060.0,19680713875.0,27712392367.0,opendart,2026-05-18T14:32:08+09:00
20250401,115530,660033,2024,11011,CFS,47492786638.0,-36854309.0,-2220448060.0,9684958016.0,50509050942.0,opendart,2026-05-18T14:32:08+09:00
20260401,115530,660033,2025,11011,CFS,53617316563.0,367552929.0,-2458413640.0,6815489124.0,48532145344.0,opendart,2026-05-18T14:32:08+09:00
20250401,115570,405959,2024,11011,CFS,80150853762.0,-157769219.0,4654868188.0,66506351443.0,96403198806.0,opendart,2026-05-18T14:32:08+09:00
20260401,115570,405959,2025,11011,CFS,98655425592.0,6566950723.0,3468219967.0,71235777358.0,99019019951.0,opendart,2026-05-18T14:32:08+09:00
20250401,115610,694942,2024,11011,OFS,12984837232.0,-5213933597.0,-3745630595.0,4844609118.0,14437701265.0,opendart,2026-05-18T14:32:08+09:00
20260401,115610,694942,2025,11011,OFS,13222397763.0,-1987171358.0,-1836792589.0,10634599144.0,13554900717.0,opendart,2026-05-18T14:32:08+09:00
20250401,117580,787376,2024,11011,CFS,995129899139.0,20476271942.0,17261222932.0,328882817126.0,797405774074.0,opendart,2026-05-18T14:32:08+09:00
20260401,117580,787376,2025,11011,OFS,1017938768125.0,30348573111.0,24619870264.0,345719204223.0,791257168433.0,opendart,2026-05-18T14:32:08+09:00
20250401,117670,605124,2024,11011,CFS,85271882741.0,-1414572482.0,-8438473770.0,33547495615.0,52992136434.0,opendart,2026-05-18T14:32:08+09:00
20260401,117670,605124,2025,11011,OFS,82279635343.0,-2043739015.0,-1476107720.0,42319220290.0,59836855590.0,opendart,2026-05-18T14:32:08+09:00
20250401,117730,867098,2024,11011,CFS,60705396702.0,-7001978684.0,-790168243.0,31440440781.0,106972896821.0,opendart,2026-05-18T14:32:08+09:00
20260401,117730,867098,2025,11011,CFS,43812661900.0,-11908451001.0,-43084791733.0,48823821679.0,89361141487.0,opendart,2026-05-18T14:32:08+09:00
20250401,118000,791209,2024,11011,CFS,20208077617.0,1504932937.0,8373425949.0,115674902388.0,156696839751.0,opendart,2026-05-18T14:32:08+09:00
20260401,118000,791209,2025,11011,CFS,32822071206.0,1324766247.0,-211948884.0,120980737559.0,197964574993.0,opendart,2026-05-18T14:32:08+09:00
20250401,118990,876908,2024,11011,CFS,586886443642.0,43610928176.0,19333042903.0,271839307083.0,931818089904.0,opendart,2026-05-18T14:32:08+09:00
20260401,118990,876908,2025,11011,CFS,702273819074.0,41788922750.0,12536367558.0,290266316809.0,924831761070.0,opendart,2026-05-18T14:32:08+09:00
20250401,119500,188797,2024,11011,OFS,65149120698.0,1494959309.0,1567035709.0,50060419673.0,62217989741.0,opendart,2026-05-18T14:32:08+09:00
20260401,119500,188797,2025,11011,OFS,51114697557.0,1939868287.0,2158443277.0,51368820073.0,62159351160.0,opendart,2026-05-18T14:32:08+09:00
20250401,119610,604426,2024,11011,CFS,115840405503.0,5816345895.0,179553685.0,169941962591.0,234398237606.0,opendart,2026-05-18T14:32:08+09:00
20260401,119610,604426,2025,11011,CFS,118440022952.0,19482998615.0,12934148474.0,157028522713.0,244892304198.0,opendart,2026-05-18T14:32:08+09:00
20250401,119650,797364,2024,11011,CFS,340939801353.0,-67819541777.0,-30988257788.0,54861936138.0,250009556459.0,opendart,2026-05-18T14:32:08+09:00
20260401,119650,797364,2025,11011,CFS,192872605567.0,-8864697161.0,-10390140704.0,52025648175.0,202714625280.0,opendart,2026-05-18T14:32:08+09:00
20250401,119830,626011,2024,11011,CFS,61956940814.0,-4867055381.0,20008363581.0,168482117364.0,229635595317.0,opendart,2026-05-18T14:32:08+09:00
20260401,119830,626011,2025,11011,CFS,48517802480.0,-257048957.0,-7002193507.0,171838777042.0,210275113497.0,opendart,2026-05-18T14:32:08+09:00
20250401,119850,626464,2024,11011,CFS,226316215163.0,31703602364.0,38864565846.0,161470908656.0,265231798104.0,opendart,2026-05-18T14:32:08+09:00
20260401,119850,626464,2025,11011,CFS,262633597538.0,49372497571.0,40016826711.0,221486910749.0,370790899923.0,opendart,2026-05-18T14:32:08+09:00
20250401,120030,796994,2024,11011,OFS,50908446396.0,8683453948.0,16275036994.0,157112264514.0,168292925340.0,opendart,2026-05-18T14:32:08+09:00
20260401,120030,796994,2025,11011,OFS,51761856558.0,7786351406.0,9376424189.0,163891234834.0,173665140883.0,opendart,2026-05-18T14:32:08+09:00
20250401,120110,795135,2024,11011,CFS,4843003131269.0,158723468850.0,110628722171.0,3773001643532.0,7248051156066.0,opendart,2026-05-18T14:32:08+09:00
20260401,120110,795135,2025,11011,CFS,4873399491952.0,108896018558.0,51573520480.0,4065013253023.0,7682530168368.0,opendart,2026-05-18T14:32:08+09:00
20250401,120240,250997,2024,11011,OFS,92304424167.0,8480140876.0,9681140947.0,173048494224.0,202155153133.0,opendart,2026-05-18T14:32:08+09:00
20260401,120240,250997,2025,11011,OFS,108081231529.0,11182354393.0,13549080816.0,183636363420.0,210705332687.0,opendart,2026-05-18T14:32:08+09:00
20250401,121440,674498,2024,11011,CFS,386190069709.0,39446585365.0,43639779841.0,746516960678.0,1050262753534.0,opendart,2026-05-18T14:32:08+09:00
20260401,121440,674498,2025,11011,CFS,354319476689.0,28026301927.0,24066257913.0,750103806957.0,1059634191903.0,opendart,2026-05-18T14:32:08+09:00
20250401,121600,439965,2024,11011,CFS,87767284001.0,2987662289.0,-1853023018.0,244175095854.0,442216673054.0,opendart,2026-05-18T14:32:08+09:00
20260401,121600,439965,2025,11011,CFS,111745369751.0,4681087390.0,1634979902.0,247341171951.0,455376186202.0,opendart,2026-05-18T14:32:08+09:00
20250401,121800,693651,2024,11011,CFS,9634816752.0,-11050100359.0,67155376087.0,638210987434.0,740817384176.0,opendart,2026-05-18T14:32:08+09:00
20260401,121800,693651,2025,11011,CFS,10149724188.0,-7216693320.0,8649437293.0,644626607897.0,703109366248.0,opendart,2026-05-18T14:32:08+09:00
20250401,121850,807397,2024,11011,CFS,20734142258.0,-3174240764.0,-2652560855.0,12277500475.0,28735455381.0,opendart,2026-05-18T14:32:08+09:00
20260401,121850,807397,2025,11011,CFS,12650752843.0,-8073868251.0,-11044267248.0,1198116309.0,21854992854.0,opendart,2026-05-18T14:32:08+09:00
20250401,121890,604815,2024,11011,OFS,18063667400.0,-2164578073.0,-1827230154.0,10736913669.0,17695231543.0,opendart,2026-05-18T14:32:08+09:00
20260401,121890,604815,2025,11011,OFS,28793598189.0,1101090892.0,1274391507.0,11975981936.0,20151089281.0,opendart,2026-05-18T14:32:08+09:00
20250401,122310,799539,2024,11011,CFS,106981860603.0,6509094243.0,-2536540303.0,85277562527.0,123444458454.0,opendart,2026-05-18T14:32:08+09:00
20260401,122310,799539,2025,11011,CFS,108042067262.0,-243289025.0,628482519.0,83750694061.0,131228150026.0,opendart,2026-05-18T14:32:08+09:00
20250401,122350,799177,2024,11011,CFS,542109881986.0,5143132074.0,-3195873591.0,173141507270.0,629576441769.0,opendart,2026-05-18T14:32:08+09:00
20260401,122350,799177,2025,11011,CFS,570538736376.0,8276856990.0,-10341658663.0,162484193952.0,663256706885.0,opendart,2026-05-18T14:32:08+09:00
20250401,122450,657987,2024,11011,CFS,403781469771.0,59706015673.0,97517115674.0,443016483902.0,886845254212.0,opendart,2026-05-18T14:32:08+09:00
20260401,122450,657987,2025,11011,CFS,346121725953.0,38392482859.0,25555907008.0,485850432174.0,935923720688.0,opendart,2026-05-18T14:32:08+09:00
20250401,122640,530556,2024,11011,CFS,100095115191.0,11262295552.0,11213793414.0,125800496778.0,204386587125.0,opendart,2026-05-18T14:32:08+09:00
20260401,122640,530556,2025,11011,CFS,87055847267.0,3792979984.0,665677534.0,136013819738.0,226399320290.0,opendart,2026-05-18T14:32:08+09:00
20250401,122690,800145,2024,11011,CFS,2589137132700.0,36521257119.0,11044705938.0,274348121957.0,1582555135682.0,opendart,2026-05-18T14:32:08+09:00
20260401,122690,800145,2025,11011,CFS,2941851720462.0,26809316912.0,-23040075800.0,415482211025.0,2037923964426.0,opendart,2026-05-18T14:32:08+09:00
20250401,122870,613318,2024,11011,CFS,364948984163.0,-20558087283.0,20029618338.0,603250105509.0,734324597111.0,opendart,2026-05-18T14:32:08+09:00
20260401,122870,613318,2025,11011,CFS,545404261988.0,71341515441.0,53744637813.0,650845160180.0,838779404539.0,opendart,2026-05-18T14:32:08+09:00
20250401,122900,360142,2024,11011,CFS,3318335159154.0,44784623263.0,34313587525.0,414701607307.0,1279967962677.0,opendart,2026-05-18T14:32:08+09:00
20260401,122900,360142,2025,11011,CFS,3054422899510.0,20319970689.0,29640768548.0,422053619687.0,1364073064191.0,opendart,2026-05-18T14:32:08+09:00
20250401,122990,759294,2024,11011,CFS,374991657215.0,461169544.0,10998930304.0,361843148990.0,414257036988.0,opendart,2026-05-18T14:32:08+09:00
20260401,122990,759294,2025,11011,CFS,321239179749.0,-36278731959.0,-42131712633.0,294706144811.0,346238781672.0,opendart,2026-05-18T14:32:08+09:00
20250401,123010,615723,2024,11011,CFS,39350756447.0,-6879326731.0,-14598337804.0,30341358941.0,52469350238.0,opendart,2026-05-18T14:32:08+09:00
20260401,123010,615723,2025,11011,CFS,38376486409.0,207964299.0,-3288387344.0,26418953011.0,46285094482.0,opendart,2026-05-18T14:32:08+09:00
20250401,123040,259545,2024,11011,CFS,1777518816112.0,96301047824.0,77350387828.0,679297542090.0,1740985128769.0,opendart,2026-05-18T14:32:08+09:00
20260401,123040,259545,2025,11011,CFS,1740551641926.0,31282863328.0,-74931505717.0,637407280758.0,1696890049682.0,opendart,2026-05-18T14:32:08+09:00
20250401,123330,624998,2024,11011,CFS,49908316638.0,6023625764.0,7562687681.0,22154400823.0,38157269939.0,opendart,2026-05-18T14:32:08+09:00
20260401,123330,624998,2025,11011,CFS,78198461125.0,14973754098.0,18886570777.0,41047610234.0,56533469721.0,opendart,2026-05-18T14:32:08+09:00
20250401,123410,803425,2024,11011,CFS,735908384932.0,37536275662.0,35383601966.0,220473939194.0,466528114707.0,opendart,2026-05-18T14:32:08+09:00
20260401,123410,803425,2025,11011,CFS,785869151550.0,45413955880.0,44329022171.0,267027241036.0,523167416168.0,opendart,2026-05-18T14:32:08+09:00
20250401,123420,815767,2024,11011,CFS,120411951651.0,1053500210.0,24494199009.0,255312199617.0,404213284468.0,opendart,2026-05-18T14:32:08+09:00
20260401,123420,815767,2025,11011,CFS,125264827354.0,10743666754.0,20972196606.0,277045614078.0,316778155367.0,opendart,2026-05-18T14:32:08+09:00
20250401,123570,616290,2024,11011,CFS,36311366788.0,4757884465.0,5912210018.0,98483500746.0,138751054712.0,opendart,2026-05-18T14:32:08+09:00
20260401,123570,616290,2025,11011,CFS,32260399959.0,274223860.0,1850271907.0,99180287482.0,137272776944.0,opendart,2026-05-18T14:32:08+09:00
20250401,123690,823429,2024,11011,CFS,92787843982.0,3713273746.0,4838885610.0,30366415066.0,57902458105.0,opendart,2026-05-18T14:32:08+09:00
20260401,123690,823429,2025,11011,CFS,85031829899.0,527535271.0,1146317620.0,33636605573.0,56362598546.0,opendart,2026-05-18T14:32:08+09:00
20250401,123700,815369,2024,11011,CFS,201912429709.0,14237606905.0,20557488736.0,227310076154.0,285110877176.0,opendart,2026-05-18T14:32:08+09:00
20260401,123700,815369,2025,11011,CFS,201415058405.0,11315146331.0,10709658436.0,240181775768.0,285846523155.0,opendart,2026-05-18T14:32:08+09:00
20250401,123750,821607,2024,11011,CFS,28185286202.0,-5488953443.0,-6348134763.0,20074358034.0,30666544430.0,opendart,2026-05-18T14:32:08+09:00
20260401,123750,821607,2025,11011,CFS,32159264764.0,227286318.0,211835292.0,20286714581.0,29374312261.0,opendart,2026-05-18T14:32:08+09:00
20250401,123840,809429,2024,11011,CFS,16947296982.0,-11684045292.0,-36737800894.0,92320195886.0,127715627774.0,opendart,2026-05-18T14:32:08+09:00
20260401,123840,809429,2025,11011,CFS,48163918636.0,-13377903124.0,-38807779737.0,94085891516.0,118735536277.0,opendart,2026-05-18T14:32:08+09:00
20250401,123860,761952,2024,11011,OFS,182209532699.0,20043218842.0,18899403038.0,72705934324.0,117618251141.0,opendart,2026-05-18T14:32:08+09:00
20260401,123860,761952,2025,11011,OFS,108165267297.0,20152032995.0,2714510369.0,75420444693.0,123451544564.0,opendart,2026-05-18T14:32:08+09:00
20250401,123890,404701,2024,11011,CFS,226447627661.0,959874783.0,37423940096.0,1045754337172.0,1725879725519.0,opendart,2026-05-18T14:32:08+09:00
20260401,123890,404701,2025,11011,CFS,204288412188.0,32619002224.0,49381582687.0,1083326461953.0,1738214602959.0,opendart,2026-05-18T14:32:08+09:00
20250401,124500,620868,2024,11011,CFS,4961847499151.0,58564721273.0,36063285864.0,322487711525.0,945435946398.0,opendart,2026-05-18T14:32:08+09:00
20260401,124500,620868,2025,11011,CFS,8870844790093.0,279925759631.0,198284338685.0,511807880241.0,1599392088824.0,opendart,2026-05-18T14:32:08+09:00
20250401,124560,562245,2024,11011,CFS,1043843729660.0,40823079725.0,31380018892.0,254411368031.0,535202545885.0,opendart,2026-05-18T14:32:08+09:00
20260401,124560,562245,2025,11011,CFS,1117280899434.0,2249987075.0,-5038817772.0,255206681780.0,562194195317.0,opendart,2026-05-18T14:32:08+09:00
20260401,125020,381756,2025,11011,OFS,299118621385.0,6798992249.0,1674560728.0,77844443775.0,121022389643.0,opendart,2026-05-18T14:32:08+09:00
20250401,125210,611912,2024,11011,CFS,128565520649.0,4470894722.0,2120431486.0,70697445626.0,174621954955.0,opendart,2026-05-18T14:32:08+09:00
20260401,125210,611912,2025,11011,CFS,130600692643.0,9383031410.0,5895865277.0,81119853509.0,189711045041.0,opendart,2026-05-18T14:32:08+09:00
20260401,125490,683061,2025,11011,CFS,155882334021.0,10292961804.0,3657713643.0,105550596070.0,193037330869.0,opendart,2026-05-18T14:32:08+09:00
20250401,126340,563518,2024,11011,CFS,59591709951.0,-8067980363.0,-9667529378.0,83923633993.0,176126234804.0,opendart,2026-05-18T14:32:08+09:00
20260401,126340,563518,2025,11011,CFS,82228905359.0,1773717709.0,-6997340810.0,78228674176.0,202256288790.0,opendart,2026-05-18T14:32:08+09:00
20250401,126560,403632,2024,11011,CFS,215815951313.0,6944571843.0,11613715412.0,834474236977.0,913820854281.0,opendart,2026-05-18T14:32:08+09:00
20260401,126560,403632,2025,11011,CFS,264515033000.0,6309224000.0,7155372000.0,824301152000.0,882794310000.0,opendart,2026-05-18T14:32:08+09:00
20250401,126600,599595,2024,11011,CFS,364314391661.0,14010519555.0,15488803501.0,493928278188.0,715243787072.0,opendart,2026-05-18T14:32:08+09:00
20260401,126600,599595,2025,11011,CFS,397885888276.0,17346417585.0,10029811079.0,499667445580.0,781725170717.0,opendart,2026-05-18T14:32:08+09:00
20250401,126640,825223,2024,11011,OFS,321956980467.0,1340851683.0,2636388224.0,106836858564.0,169729019853.0,opendart,2026-05-18T14:32:08+09:00
20260401,126640,825223,2025,11011,OFS,378937475942.0,11781968219.0,10313484744.0,118510671446.0,197908343869.0,opendart,2026-05-18T14:32:08+09:00
20250401,126700,825959,2024,11011,CFS,312011802751.0,30986738252.0,40421626041.0,289689958346.0,365741057390.0,opendart,2026-05-18T14:32:08+09:00
20260401,126700,825959,2025,11011,CFS,171096948608.0,-32554245303.0,-23689603286.0,275409037734.0,317835763904.0,opendart,2026-05-18T14:32:08+09:00
20250401,126720,193328,2024,11011,CFS,316791494897.0,43499599612.0,39354053755.0,518394835899.0,623807791230.0,opendart,2026-05-18T14:32:08+09:00
20260401,126720,193328,2025,11011,CFS,337655195254.0,43079177203.0,48833630627.0,552769631949.0,671764508379.0,opendart,2026-05-18T14:32:08+09:00
20250401,126730,446901,2024,11011,CFS,33371108724.0,2899394604.0,3229561639.0,52798358121.0,62000491221.0,opendart,2026-05-18T14:32:08+09:00
20260401,126730,446901,2025,11011,CFS,38284849477.0,1139330952.0,2849319517.0,55798968897.0,67199484026.0,opendart,2026-05-18T14:32:08+09:00
20250401,126880,442154,2024,11011,CFS,138638063472.0,3642140063.0,91485896501.0,213688715590.0,376558434707.0,opendart,2026-05-18T14:32:08+09:00
20260401,126880,442154,2025,11011,CFS,147293291891.0,3154251457.0,2920964149.0,158563502656.0,250891212218.0,opendart,2026-05-18T14:32:08+09:00
20250401,127120,642541,2024,11011,CFS,15907717174.0,-9111567866.0,-10801688734.0,25029674158.0,54386406588.0,opendart,2026-05-18T14:32:08+09:00
20260401,127120,642541,2025,11011,CFS,19316467820.0,-12486699717.0,-16445157062.0,68592952210.0,123036511340.0,opendart,2026-05-18T14:32:08+09:00
20250401,127710,665676,2024,11011,CFS,77972576476.0,-35165441020.0,-76758413928.0,90900770634.0,370777048797.0,opendart,2026-05-18T14:32:08+09:00
20260401,127710,665676,2025,11011,CFS,73144595774.0,5479447146.0,3108611329.0,92608881308.0,332617164342.0,opendart,2026-05-18T14:32:08+09:00
20250401,127980,527002,2024,11011,CFS,85921268349.0,4514922845.0,4666652027.0,51810027096.0,107758180207.0,opendart,2026-05-18T14:32:08+09:00
20260401,127980,527002,2025,11011,CFS,81789735978.0,-1485021320.0,-3773767740.0,43530510157.0,82236506027.0,opendart,2026-05-18T14:32:08+09:00
20250401,128540,870481,2024,11011,CFS,138529396394.0,19597268599.0,20304775566.0,108847850618.0,191155913448.0,opendart,2026-05-18T14:32:08+09:00
20260401,128540,870481,2025,11011,CFS,151845506167.0,-3158109336.0,-2461825276.0,108181328604.0,166545853600.0,opendart,2026-05-18T14:32:08+09:00
20250401,128660,829380,2024,11011,CFS,254485502212.0,9170810482.0,1054292151.0,72158559109.0,130800225227.0,opendart,2026-05-18T14:32:08+09:00
20260401,128660,829380,2025,11011,CFS,348957303218.0,12226661140.0,8456846673.0,77065891341.0,164420004711.0,opendart,2026-05-18T14:32:08+09:00
20250401,128820,828789,2024,11011,CFS,1476772033939.0,21781127161.0,8412371624.0,620225867698.0,1686365340319.0,opendart,2026-05-18T14:32:08+09:00
20260401,128820,828789,2025,11011,CFS,1565923441453.0,10832731125.0,-61745964943.0,646433963733.0,1739208496541.0,opendart,2026-05-18T14:32:08+09:00
20250401,128940,828497,2024,11011,CFS,1495501575568.0,216186188006.0,140431062099.0,1240751591638.0,2020840493653.0,opendart,2026-05-18T14:32:08+09:00
20260401,128940,828497,2025,11011,CFS,1547531098763.0,257799090185.0,187135533539.0,1422853222734.0,2137597680857.0,opendart,2026-05-18T14:32:08+09:00
20250401,129260,151368,2024,11011,CFS,701171841541.0,23864084101.0,14688310550.0,288919848986.0,470981724710.0,opendart,2026-05-18T14:32:08+09:00
20260401,129260,151368,2025,11011,CFS,708978717129.0,19761450740.0,10488697660.0,296561801504.0,499631924201.0,opendart,2026-05-18T14:32:08+09:00
20250401,129890,1207716,2024,11011,OFS,93368353634.0,4819241502.0,4702254982.0,56617240558.0,97806957509.0,opendart,2026-05-18T14:32:08+09:00
20260401,129890,1207716,2025,11011,CFS,83427579554.0,3176674216.0,6409461559.0,62115790077.0,103765097070.0,opendart,2026-05-18T14:32:08+09:00
20250401,129920,577335,2024,11011,CFS,92831306875.0,-13136615453.0,-12510719210.0,62626270426.0,186595686542.0,opendart,2026-05-18T14:32:08+09:00
20260401,129920,577335,2025,11011,CFS,95216185446.0,-2295340664.0,-6174743090.0,62581779264.0,186030839262.0,opendart,2026-05-18T14:32:08+09:00
20250401,130500,491938,2024,11011,CFS,83724815100.0,7667333768.0,6203519777.0,98496588468.0,192235684629.0,opendart,2026-05-18T14:32:08+09:00
20260401,130500,491938,2025,11011,CFS,87624459425.0,6843565684.0,-3975140764.0,94062081280.0,193694663573.0,opendart,2026-05-18T14:32:08+09:00
20250401,130580,606293,2024,11011,CFS,89663934603.0,15782733685.0,13663423976.0,100921978312.0,124488227682.0,opendart,2026-05-18T14:32:08+09:00
20260401,130580,606293,2025,11011,CFS,91363378272.0,15432002768.0,12922453870.0,115584979662.0,138382561129.0,opendart,2026-05-18T14:32:08+09:00
20250401,130660,194947,2024,11011,CFS,367526889292.0,16143683837.0,11626722115.0,115619790519.0,219980917783.0,opendart,2026-05-18T14:32:08+09:00
20260401,130660,194947,2025,11011,CFS,394548141840.0,6574990617.0,4060067783.0,103060664504.0,204525534707.0,opendart,2026-05-18T14:32:08+09:00
20250401,130740,578538,2024,11011,CFS,80422348875.0,-901735070.0,-306836314.0,93559996243.0,112833101054.0,opendart,2026-05-18T14:32:08+09:00
20260401,130740,578538,2025,11011,CFS,79404293659.0,-3261498580.0,-375261456.0,93036392713.0,123558382927.0,opendart,2026-05-18T14:32:08+09:00
20250401,131030,831428,2024,11011,OFS,81904833952.0,8587803350.0,10308425359.0,143734917507.0,166503392957.0,opendart,2026-05-18T14:32:08+09:00
20260401,131030,831428,2025,11011,OFS,87161378628.0,8875109028.0,11357810363.0,165005598056.0,191056547070.0,opendart,2026-05-18T14:32:08+09:00
20250401,131090,402110,2024,11011,OFS,12075656393.0,3420835998.0,3027423444.0,45897760141.0,48531987014.0,opendart,2026-05-18T14:32:08+09:00
20260401,131090,402110,2025,11011,OFS,13438054169.0,4313922657.0,4698796110.0,49629200916.0,52952662310.0,opendart,2026-05-18T14:32:08+09:00
20250401,131100,814786,2024,11011,OFS,142931436282.0,9698217890.0,2190776813.0,66640639194.0,124449358983.0,opendart,2026-05-18T14:32:08+09:00
20260401,131100,814786,2025,11011,OFS,118299495759.0,3350618177.0,316647665.0,66970956451.0,89123037948.0,opendart,2026-05-18T14:32:08+09:00
20250401,131180,629212,2024,11011,OFS,38212514888.0,2307588314.0,4809933217.0,63085923482.0,71633475979.0,opendart,2026-05-18T14:32:08+09:00
20260401,131180,629212,2025,11011,OFS,32306126087.0,803403514.0,1848358928.0,63822807970.0,68275686347.0,opendart,2026-05-18T14:32:08+09:00
20250401,131220,608316,2024,11011,CFS,71694370061.0,4225309258.0,3925682769.0,52874890920.0,67813733551.0,opendart,2026-05-18T14:32:08+09:00
20260401,131220,608316,2025,11011,CFS,81117767870.0,5530676716.0,4779172574.0,56783249486.0,72225298002.0,opendart,2026-05-18T14:32:08+09:00
20250401,131290,372226,2024,11011,CFS,348053207965.0,39898852512.0,45031658141.0,399699298627.0,519408350485.0,opendart,2026-05-18T14:32:08+09:00
20260401,131290,372226,2025,11011,CFS,428900789083.0,49172057097.0,40043908888.0,464563900422.0,608025581215.0,opendart,2026-05-18T14:32:08+09:00
20250401,131370,838962,2024,11011,CFS,47528312054.0,3678242611.0,3061063628.0,95908197041.0,120486014072.0,opendart,2026-05-18T14:32:08+09:00
20260401,131370,838962,2025,11011,CFS,48845260894.0,2393373710.0,1800272319.0,96579207673.0,109811029962.0,opendart,2026-05-18T14:32:08+09:00
20250401,131400,533924,2024,11011,CFS,81920209500.0,2566102422.0,-8294278981.0,115640404640.0,144037746838.0,opendart,2026-05-18T14:32:08+09:00
20260401,131400,533924,2025,11011,CFS,58957039857.0,-3175789091.0,-21574684330.0,102653297601.0,136382252288.0,opendart,2026-05-18T14:32:08+09:00
20250401,131760,820352,2024,11011,CFS,71020352798.0,1869589872.0,2660987236.0,36255484236.0,79997049618.0,opendart,2026-05-18T14:32:08+09:00
20260401,131760,820352,2025,11011,CFS,46345235298.0,-2931111879.0,-7993346948.0,27270738383.0,80563395827.0,opendart,2026-05-18T14:32:08+09:00
20250401,131970,563545,2024,11011,CFS,373117930000.0,37923282000.0,36781312000.0,437666508000.0,787696560000.0,opendart,2026-05-18T14:32:08+09:00
20260401,131970,563545,2025,11011,OFS,303874072000.0,-940826000.0,1510043000.0,437076674000.0,703775464000.0,opendart,2026-05-18T14:32:08+09:00
20250401,133750,807555,2024,11011,CFS,36491420174.0,2236373524.0,3783322758.0,65778680169.0,87387157493.0,opendart,2026-05-18T14:32:08+09:00
20260401,133750,807555,2025,11011,OFS,34591356901.0,1813813179.0,2789882419.0,66389264980.0,83254214247.0,opendart,2026-05-18T14:32:08+09:00
20250401,133820,661847,2024,11011,CFS,119171936760.0,-19138025747.0,-29497217527.0,33593048106.0,152372838073.0,opendart,2026-05-18T14:32:08+09:00
20260401,133820,661847,2025,11011,CFS,186171163411.0,-1670508010.0,-6106468890.0,51765216392.0,171617473798.0,opendart,2026-05-18T14:32:08+09:00
20250401,134060,788737,2024,11011,OFS,11029385249.0,736571961.0,2388859110.0,23075950255.0,27442646834.0,opendart,2026-05-18T14:32:08+09:00
20260401,134060,788737,2025,11011,OFS,11142499752.0,882887664.0,1231552955.0,23353566171.0,27983690378.0,opendart,2026-05-18T14:32:08+09:00
20250401,134380,855163,2024,11011,OFS,256110289517.0,28634790078.0,26930538437.0,162371006938.0,187152690281.0,opendart,2026-05-18T14:32:08+09:00
20260401,134380,855163,2025,11011,OFS,284512419024.0,29153781514.0,24726310450.0,173551942637.0,195733894029.0,opendart,2026-05-18T14:32:08+09:00
20250401,134580,608699,2024,11011,CFS,23340259807.0,-3726430593.0,-4723548955.0,32471483481.0,38557960524.0,opendart,2026-05-18T14:32:08+09:00
20260401,134580,608699,2025,11011,CFS,48604543452.0,3670011557.0,-2324402052.0,32441984367.0,60367477963.0,opendart,2026-05-18T14:32:08+09:00
20250401,134790,852087,2024,11011,CFS,208408238360.0,-3363725188.0,908215204.0,65514993732.0,98603256829.0,opendart,2026-05-18T14:32:08+09:00
20260401,134790,852087,2025,11011,CFS,195719724417.0,-6682962310.0,-2261162145.0,62707226577.0,97876438949.0,opendart,2026-05-18T14:32:08+09:00
20260401,136150,488244,2025,11011,OFS,29616648801.0,-1750050697.0,-2062052930.0,48234568877.0,64801279723.0,opendart,2026-05-18T14:32:08+09:00
20250401,136410,922304,2024,11011,CFS,57174933309.0,9224205328.0,6128185864.0,66760271892.0,106778573762.0,opendart,2026-05-18T14:32:08+09:00
20260401,136410,922304,2025,11011,CFS,60272993631.0,12001220205.0,8981921131.0,73935530029.0,114921434215.0,opendart,2026-05-18T14:32:08+09:00
20250401,136480,857727,2024,11011,CFS,1285418842000.0,28512657000.0,-12336400000.0,289074614000.0,832786999000.0,opendart,2026-05-18T14:32:08+09:00
20260401,136480,857727,2025,11011,CFS,1439995096000.0,47681001000.0,38738196000.0,325441884000.0,855385855000.0,opendart,2026-05-18T14:32:08+09:00
20260401,136490,855093,2025,11011,CFS,1895741974966.0,179191482600.0,126034540234.0,582066773301.0,1361716299332.0,opendart,2026-05-18T14:32:08+09:00
20250401,136540,868705,2024,11011,CFS,101459073957.0,20357730105.0,19871622345.0,180725651588.0,203862689224.0,opendart,2026-05-18T14:32:08+09:00
20260401,136540,868705,2025,11011,CFS,98597670521.0,21158874065.0,18409531397.0,185190120916.0,209972293944.0,opendart,2026-05-18T14:32:08+09:00
20250401,137080,362122,2024,11011,CFS,40425966058.0,-22108083244.0,-17141317761.0,76445170865.0,173431902910.0,opendart,2026-05-18T14:32:08+09:00
20260401,137080,362122,2025,11011,CFS,54497281414.0,-8838370335.0,39961132181.0,116347588796.0,198749734811.0,opendart,2026-05-18T14:32:08+09:00
20250401,137310,854997,2024,11011,CFS,694573795269.0,-54057345753.0,-98139678410.0,2932280852411.0,3888464488208.0,opendart,2026-05-18T14:32:08+09:00
20260401,137310,854997,2025,11011,CFS,710580825154.0,-80945179807.0,-513388610274.0,2336866065607.0,3242719829223.0,opendart,2026-05-18T14:32:08+09:00
20250401,137400,612294,2024,11011,CFS,1035081261981.0,163228782523.0,142235778910.0,624560599351.0,1620271365673.0,opendart,2026-05-18T14:32:08+09:00
20260401,137400,612294,2025,11011,CFS,744889433349.0,95648148084.0,69517315337.0,698214719151.0,1718145213481.0,opendart,2026-05-18T14:32:08+09:00
20250401,137940,614593,2024,11011,CFS,52034758443.0,-5478121968.0,-6904364358.0,79507092363.0,114704622584.0,opendart,2026-05-18T14:32:08+09:00
20260401,137940,614593,2025,11011,CFS,120063298601.0,-35580611103.0,-41324092865.0,39878734749.0,95362744357.0,opendart,2026-05-18T14:32:08+09:00
20250401,137950,664853,2024,11011,CFS,367319979259.0,10689586342.0,5647002825.0,158526610089.0,331844227831.0,opendart,2026-05-18T14:32:08+09:00
20260401,137950,664853,2025,11011,CFS,367542495747.0,7718301971.0,-5151995359.0,144415569620.0,382337126501.0,opendart,2026-05-18T14:32:08+09:00
20250401,138040,860332,2024,11011,CFS,46574506350960.0,8731605997573.0,2333433638351.0,10930036028008.0,115578247112858.0,opendart,2026-05-18T14:32:08+09:00
20260401,138040,860332,2025,11011,CFS,2109667463510.0,2872733957980.0,2350134643625.0,11261208003790.0,135457983800835.0,opendart,2026-05-18T14:32:08+09:00
20250401,138070,577380,2024,11011,CFS,54625630129.0,1303694811.0,728414046.0,78730659401.0,105860205050.0,opendart,2026-05-18T14:32:08+09:00
20260401,138070,577380,2025,11011,CFS,54436124843.0,-382547242.0,-411628125.0,77650108555.0,103007107959.0,opendart,2026-05-18T14:32:08+09:00
20250401,138080,571483,2024,11011,CFS,32026596164.0,-30358233797.0,-33126633338.0,74098406711.0,136635554073.0,opendart,2026-05-18T14:32:08+09:00
20260401,138080,571483,2025,11011,CFS,57377286181.0,-15998970339.0,-27039209208.0,64276618326.0,119613175533.0,opendart,2026-05-18T14:32:08+09:00
20250401,138360,808068,2024,11011,OFS,21502697892.0,-1171504420.0,4613417343.0,52253539177.0,70707438817.0,opendart,2026-05-18T14:32:08+09:00
20260401,138360,808068,2025,11011,OFS,23371415577.0,581389299.0,6861739914.0,85415672851.0,108848558994.0,opendart,2026-05-18T14:32:08+09:00
20250401,138490,241005,2024,11011,CFS,486210364232.0,39767482517.0,39496730476.0,324172305846.0,412141499962.0,opendart,2026-05-18T14:32:08+09:00
20260401,138490,241005,2025,11011,CFS,468687996616.0,44075053798.0,41585888725.0,358226053312.0,439025205742.0,opendart,2026-05-18T14:32:08+09:00
20250401,138610,767628,2024,11011,OFS,24550141599.0,-4926541320.0,-9326815289.0,32230984229.0,62453644352.0,opendart,2026-05-18T14:32:08+09:00
20260401,138610,767628,2025,11011,OFS,32718793376.0,5025830136.0,4641985404.0,45822995102.0,63002101804.0,opendart,2026-05-18T14:32:08+09:00
20250401,138930,858364,2024,11011,CFS,2977305175956.0,90641776328.0,749976302023.0,11147574546601.0,152470490926534.0,opendart,2026-05-18T14:32:08+09:00
20260401,138930,858364,2025,11011,CFS,2953076854907.0,187315628979.0,836157244944.0,11241835322588.0,161095407271012.0,opendart,2026-05-18T14:32:08+09:00
20250401,139050,656021,2024,11011,CFS,17198332599.0,-9773952551.0,-23412907697.0,20289232644.0,39581621840.0,opendart,2026-05-18T14:32:08+09:00
20260401,139050,656021,2025,11011,CFS,14856214250.0,-2253237749.0,-2541909003.0,17730222876.0,46755795407.0,opendart,2026-05-18T14:32:08+09:00
20250401,139130,878915,2024,11011,CFS,83519631127.0,255108668567.0,201560238160.0,6205753395658.0,94148635110781.0,opendart,2026-05-18T14:32:08+09:00
20260401,139130,878915,2025,11011,CFS,72573000000.0,265247000000.0,457486000000.0,6436768000000.0,98860713000000.0,opendart,2026-05-18T14:32:08+09:00
20250401,139480,872984,2024,11011,CFS,29020896860848.0,47098144142.0,-573430173306.0,13184076424361.0,33930639265588.0,opendart,2026-05-18T14:32:08+09:00
20260401,139480,872984,2025,11011,CFS,28970388263858.0,322541170250.0,246338918347.0,13696908700680.0,33503615741472.0,opendart,2026-05-18T14:32:08+09:00
20250401,139670,535375,2024,11011,CFS,13333948574.0,592222129.0,4396720879.0,21932645831.0,24264680953.0,opendart,2026-05-18T14:32:08+09:00
20260401,139670,535375,2025,11011,CFS,12259444646.0,925499754.0,3414711614.0,25372100847.0,27590181358.0,opendart,2026-05-18T14:32:08+09:00
20250401,139990,486705,2024,11011,CFS,999671752739.0,-42399405216.0,-122034432712.0,118518413413.0,961386247104.0,opendart,2026-05-18T14:32:08+09:00
20260401,139990,486705,2025,11011,CFS,1085603129063.0,-25565892498.0,-41150968578.0,144419171870.0,1005925873272.0,opendart,2026-05-18T14:32:08+09:00
20250401,140070,599285,2024,11011,CFS,251619315953.0,14156543996.0,4853749104.0,192879863183.0,452124576571.0,opendart,2026-05-18T14:32:08+09:00
20260401,140070,599285,2025,11011,CFS,208410779850.0,-11696354740.0,-14604380977.0,179993103337.0,425941273530.0,opendart,2026-05-18T14:32:08+09:00
20250401,140410,808022,2024,11011,CFS,8611620880.0,-14299550646.0,-19476774574.0,46062511803.0,73997678716.0,opendart,2026-05-18T14:32:08+09:00
20260401,140410,808022,2025,11011,CFS,7909500393.0,-16768533041.0,-34928862370.0,17194549713.0,98024514218.0,opendart,2026-05-18T14:32:08+09:00
20250401,140430,1116265,2024,11011,OFS,31672914120.0,1594081524.0,-5088285185.0,33012807316.0,56197338447.0,opendart,2026-05-18T14:32:08+09:00
20260401,140430,1116265,2025,11011,OFS,27901348150.0,-536774819.0,-352139751.0,39040067845.0,63503735462.0,opendart,2026-05-18T14:32:08+09:00
20250401,140520,112721,2024,11011,CFS,402449365609.0,2965845039.0,763448315.0,149468828236.0,262223701831.0,opendart,2026-05-18T14:32:08+09:00
20260401,140520,112721,2025,11011,CFS,398574191699.0,3355298284.0,2856401397.0,149292697908.0,253883692901.0,opendart,2026-05-18T14:32:08+09:00
20250401,140670,858124,2024,11011,CFS,76767812357.0,-3712857408.0,-9078023772.0,26784960628.0,62988614723.0,opendart,2026-05-18T14:32:08+09:00
20260401,140670,858124,2025,11011,CFS,67038479474.0,-3560799616.0,-3985389135.0,58324059929.0,91661824152.0,opendart,2026-05-18T14:32:08+09:00
20250401,140860,244747,2024,11011,CFS,175059849427.0,38529871391.0,42803661818.0,187909793142.0,274315476326.0,opendart,2026-05-18T14:32:08+09:00
20260401,140860,244747,2025,11011,CFS,205613479882.0,42191026195.0,34475725850.0,225119915287.0,349922446098.0,opendart,2026-05-18T14:32:08+09:00
20250401,140910,860730,2024,11011,OFS,4525159331.0,-1201762496.0,-2388397487.0,30276311003.0,82884263423.0,opendart,2026-05-18T14:32:08+09:00
20260401,140910,860730,2025,11011,OFS,2644512847.0,-412168514.0,-3087622345.0,27394296874.0,78718593286.0,opendart,2026-05-18T14:32:08+09:00
20250401,141000,610083,2024,11011,CFS,58034681708.0,6757920055.0,13388578269.0,178206517409.0,204073839633.0,opendart,2026-05-18T14:32:08+09:00
20260401,141000,610083,2025,11011,CFS,65118567077.0,9179576688.0,10423033083.0,180346001638.0,203945193583.0,opendart,2026-05-18T14:32:08+09:00
20250401,141080,842619,2024,11011,CFS,153549216.0,-20913487724.0,7800099578.0,615998105853.0,738382908190.0,opendart,2026-05-18T14:32:08+09:00
20260401,141080,842619,2025,11011,CFS,141553069341.0,-106485862116.0,-91552141111.0,541120311269.0,701814921209.0,opendart,2026-05-18T14:32:08+09:00
20250401,142210,879020,2024,11011,CFS,712288587261.0,36127149169.0,19711058530.0,131938869803.0,311691091332.0,opendart,2026-05-18T14:32:08+09:00
20260401,142210,879020,2025,11011,CFS,768974453691.0,32268544768.0,11833735551.0,145071779111.0,339823769537.0,opendart,2026-05-18T14:32:08+09:00
20250401,142280,513948,2024,11011,CFS,103852287192.0,2334698730.0,3396435104.0,43428750520.0,87974526873.0,opendart,2026-05-18T14:32:08+09:00
20260401,142280,513948,2025,11011,CFS,108413453299.0,2887175599.0,3460965761.0,46365369985.0,90509916706.0,opendart,2026-05-18T14:32:08+09:00
20250401,142760,587925,2024,11011,CFS,15629688138.0,-5539238544.0,-6971507792.0,40507219013.0,62249788735.0,opendart,2026-05-18T14:32:08+09:00
20260401,142760,587925,2025,11011,CFS,11216210534.0,-6531029981.0,-13051156881.0,30565041777.0,42606784656.0,opendart,2026-05-18T14:32:08+09:00
20250401,143160,883980,2024,11011,CFS,313645958610.0,16086789268.0,12869048199.0,340342912869.0,452096338086.0,opendart,2026-05-18T14:32:08+09:00
20260401,143160,883980,2025,11011,CFS,327595925715.0,21242195723.0,23299533331.0,349947755552.0,464962173336.0,opendart,2026-05-18T14:32:08+09:00
20250401,143210,119140,2024,11011,CFS,764435874065.0,-46478985686.0,-122127043669.0,169940573688.0,885079753443.0,opendart,2026-05-18T14:32:08+09:00
20260401,143210,119140,2025,11011,CFS,784750861389.0,-38736724081.0,-88758298313.0,93409379586.0,771746516023.0,opendart,2026-05-18T14:32:08+09:00
20250401,143240,857480,2024,11011,CFS,718057278.0,21263889573.0,12347760825.0,179972964499.0,209662465553.0,opendart,2026-05-18T14:32:08+09:00
20260401,143240,857480,2025,11011,CFS,121236114602.0,16775417170.0,91770600476.0,267009699270.0,326698027589.0,opendart,2026-05-18T14:32:08+09:00
20250401,143540,569646,2024,11011,CFS,59066008257.0,-4973701551.0,-3943467235.0,24759391285.0,68473955097.0,opendart,2026-05-18T14:32:08+09:00
20260401,143540,569646,2025,11011,CFS,80504197379.0,5907340652.0,5557387299.0,30149263610.0,68544202671.0,opendart,2026-05-18T14:32:08+09:00
20250401,144510,1010642,2024,11011,CFS,174451440266.0,-19998722925.0,-75737034732.0,462365736297.0,578349164004.0,opendart,2026-05-18T14:32:08+09:00
20260401,144510,1010642,2025,11011,CFS,165523143709.0,-13793530893.0,-273526855344.0,190381417327.0,303690382971.0,opendart,2026-05-18T14:32:08+09:00
20250401,144960,521390,2024,11011,CFS,519836396500.0,26128372234.0,22288000030.0,379609987265.0,941823497922.0,opendart,2026-05-18T14:32:08+09:00
20260401,144960,521390,2025,11011,CFS,577990393724.0,28669170685.0,7603885204.0,430472802193.0,991116951474.0,opendart,2026-05-18T14:32:08+09:00
20250401,145020,888347,2024,11011,CFS,373046885998.0,166229170618.0,143134582847.0,840812000743.0,939439325841.0,opendart,2026-05-18T14:32:08+09:00
20260401,145020,888347,2025,11011,CFS,425109983561.0,200851332915.0,146974291500.0,980161908525.0,1076837920124.0,opendart,2026-05-18T14:32:08+09:00
20250401,145170,305941,2024,11011,CFS,546244869159.0,17574240012.0,-16973328241.0,154232023266.0,393902962846.0,opendart,2026-05-18T14:32:08+09:00
20260401,145170,305941,2025,11011,CFS,602167956744.0,13339654120.0,5081682077.0,153664391585.0,407190917066.0,opendart,2026-05-18T14:32:08+09:00
20250401,145210,453488,2024,11011,CFS,62573691835.0,-2548257698.0,-7071610590.0,46931014819.0,104165712520.0,opendart,2026-05-18T14:32:08+09:00
20260401,145210,453488,2025,11011,CFS,80189664538.0,-570058827.0,-8878696598.0,44132939565.0,117455797571.0,opendart,2026-05-18T14:32:08+09:00
20250401,145270,861076,2024,11011,CFS,12087791146.0,7917272243.0,5265475559.0,103513903208.0,205048917905.0,opendart,2026-05-18T14:32:08+09:00
20260401,145270,861076,2025,11011,CFS,15083145031.0,10622570321.0,6507348762.0,106199635523.0,215780635690.0,opendart,2026-05-18T14:32:08+09:00
20250401,145720,526599,2024,11011,CFS,407807117931.0,98497363463.0,72410153919.0,553505557383.0,894428873103.0,opendart,2026-05-18T14:32:08+09:00
20260401,145720,526599,2025,11011,CFS,346451532721.0,64110852662.0,16327597542.0,561205669760.0,932790285701.0,opendart,2026-05-18T14:32:08+09:00
20250401,145990,896285,2024,11011,CFS,2671821461625.0,133523122893.0,136441364604.0,1947681281235.0,3319926499915.0,opendart,2026-05-18T14:32:08+09:00
20260401,145990,896285,2025,11011,CFS,2562499706149.0,111724649074.0,-302363245003.0,1785046333932.0,3625448840653.0,opendart,2026-05-18T14:32:08+09:00
20250401,146060,495633,2024,11011,CFS,78165912234.0,5156599591.0,2607315803.0,49854262646.0,93687378277.0,opendart,2026-05-18T14:32:08+09:00
20260401,146060,495633,2025,11011,CFS,79251351612.0,5080233690.0,3673875784.0,56089983169.0,113530516741.0,opendart,2026-05-18T14:32:08+09:00
20250401,146320,1301623,2024,11011,CFS,77373628222.0,-2062469600.0,-2269893948.0,73201826510.0,161817096152.0,opendart,2026-05-18T14:32:08+09:00
20260401,146320,1301623,2025,11011,CFS,87583804218.0,3927466183.0,1150567650.0,78791339204.0,177508739179.0,opendart,2026-05-18T14:32:08+09:00
20250401,147760,654175,2024,11011,OFS,24393115333.0,-13100490473.0,-14229761878.0,30934647285.0,60021374575.0,opendart,2026-05-18T14:32:08+09:00
20260401,147760,654175,2025,11011,OFS,25287736817.0,-20395564718.0,-22477252523.0,8865142227.0,53456916573.0,opendart,2026-05-18T14:32:08+09:00
20250401,147830,899556,2024,11011,OFS,29328250520.0,4088736219.0,6241819049.0,78576791648.0,84420867944.0,opendart,2026-05-18T14:32:08+09:00
20260401,147830,899556,2025,11011,OFS,37923882483.0,10572575305.0,11488403993.0,86234799841.0,96049264525.0,opendart,2026-05-18T14:32:08+09:00
20250401,148150,913689,2024,11011,CFS,320333197014.0,31495713182.0,20566814423.0,206706237246.0,344987582774.0,opendart,2026-05-18T14:32:08+09:00
20260401,148150,913689,2025,11011,CFS,277917111183.0,1762505924.0,47801871717.0,234692102545.0,346450278522.0,opendart,2026-05-18T14:32:08+09:00
20250401,148250,915508,2024,11011,CFS,14303142292.0,-2688295942.0,-1718611578.0,35646551192.0,45814422781.0,opendart,2026-05-18T14:32:08+09:00
20260401,148250,915508,2025,11011,CFS,18651545847.0,-3434269185.0,-3864498895.0,39407996361.0,63377015827.0,opendart,2026-05-18T14:32:08+09:00
20250401,148780,980043,2024,11011,CFS,17300348332.0,-812380727.0,-600674794.0,11829723461.0,15747802228.0,opendart,2026-05-18T14:32:08+09:00
20260401,148780,980043,2025,11011,CFS,17014562225.0,-1068043276.0,-759183538.0,11217025013.0,15145892135.0,opendart,2026-05-18T14:32:08+09:00
20250401,148930,885906,2024,11011,CFS,32321393845.0,423595579.0,2606689959.0,61363778564.0,71828076850.0,opendart,2026-05-18T14:32:08+09:00
20260401,148930,885906,2025,11011,CFS,30085095751.0,-3167778087.0,3446508255.0,64741421174.0,75519376109.0,opendart,2026-05-18T14:32:08+09:00
20250401,149950,442048,2024,11011,OFS,84545739299.0,5797381978.0,8896383643.0,145205339840.0,154668851604.0,opendart,2026-05-18T14:32:08+09:00
20260401,149950,442048,2025,11011,OFS,80944405170.0,6148093789.0,6918864452.0,152012858334.0,163284575024.0,opendart,2026-05-18T14:32:08+09:00
20250401,149980,977641,2024,11011,CFS,31628770815.0,-4757481207.0,-5485708426.0,69838505413.0,80014600573.0,opendart,2026-05-18T14:32:08+09:00
20260401,149980,977641,2025,11011,CFS,32086031399.0,4102222097.0,3144099627.0,63531190633.0,71242246309.0,opendart,2026-05-18T14:32:08+09:00
20250401,150840,661157,2024,11011,CFS,10383299544.0,-1464355229.0,-6968880452.0,5717966013.0,10487948972.0,opendart,2026-05-18T14:32:08+09:00
20260401,150840,661157,2025,11011,CFS,9820151665.0,-1101604988.0,-1379272678.0,3997765683.0,7620101368.0,opendart,2026-05-18T14:32:08+09:00
20250401,150900,638487,2024,11011,CFS,46103328375.0,3900271332.0,4613363673.0,36655903275.0,50192542234.0,opendart,2026-05-18T14:32:08+09:00
20260401,150900,638487,2025,11011,CFS,46676052578.0,2535965884.0,2720521326.0,38072391484.0,48813630242.0,opendart,2026-05-18T14:32:08+09:00
20250401,151860,366137,2024,11011,CFS,7284861546790.0,226534824514.0,214231564334.0,2958917418442.0,6213358821304.0,opendart,2026-05-18T14:32:08+09:00
20260401,151860,366137,2025,11011,CFS,7577196875286.0,191256023803.0,183703254415.0,3119830699761.0,6224016845900.0,opendart,2026-05-18T14:32:08+09:00
20250401,151910,653103,2024,11011,CFS,60038744104.0,2084335821.0,-51900.0,27802537801.0,68539796269.0,opendart,2026-05-18T14:32:08+09:00
20260401,151910,653103,2025,11011,CFS,58450252150.0,2103609672.0,-257183.0,22421186200.0,56698245635.0,opendart,2026-05-18T14:32:08+09:00
20250401,153460,842585,2024,11011,OFS,17200064065.0,385146720.0,1285339884.0,32637620429.0,35996305563.0,opendart,2026-05-18T14:32:08+09:00
20260401,153460,842585,2025,11011,OFS,19189105647.0,2612476125.0,2519056847.0,36110486644.0,40942961660.0,opendart,2026-05-18T14:32:08+09:00
20250401,153490,815095,2024,11011,CFS,146852886071.0,6867545117.0,5514526389.0,89852474485.0,120556131864.0,opendart,2026-05-18T14:32:08+09:00
20260401,153490,815095,2025,11011,CFS,121210836014.0,286520518.0,-1391425848.0,91415991912.0,122006821491.0,opendart,2026-05-18T14:32:08+09:00
20250401,153710,971726,2024,11011,OFS,19636227402.0,-2451780486.0,-2356570952.0,27335443686.0,43318838518.0,opendart,2026-05-18T14:32:08+09:00
20260401,153710,971726,2025,11011,OFS,22344530941.0,-2414037437.0,-2499218512.0,25400412495.0,40769326788.0,opendart,2026-05-18T14:32:08+09:00
20250401,154030,867478,2024,11011,CFS,24593549936.0,-1124665061.0,-633568402.0,22719591551.0,41075803079.0,opendart,2026-05-18T14:32:08+09:00
20260401,154030,867478,2025,11011,CFS,3516111982.0,-988696610.0,-1366381026.0,24101291401.0,41500037930.0,opendart,2026-05-18T14:32:08+09:00
20250401,154040,624518,2024,11011,OFS,35436409241.0,1995265453.0,-19319601010.0,39062526464.0,83553041687.0,opendart,2026-05-18T14:32:08+09:00
20260401,154040,624518,2025,11011,OFS,31399403970.0,1712414431.0,12165878788.0,52582262086.0,82300080932.0,opendart,2026-05-18T14:32:08+09:00
20250401,155650,870861,2024,11011,CFS,167730074166.0,6896735854.0,6698784153.0,124011266083.0,172151519524.0,opendart,2026-05-18T14:32:08+09:00
20260401,155650,870861,2025,11011,CFS,172777352555.0,4574071584.0,1112866985.0,124049373661.0,179445590286.0,opendart,2026-05-18T14:32:08+09:00
20250401,155660,110608,2024,11011,CFS,299809123352.0,15340514051.0,14512806208.0,234202276765.0,363394228331.0,opendart,2026-05-18T14:32:08+09:00
20260401,155660,110608,2025,11011,CFS,302389824368.0,19291739606.0,14868234173.0,247342985794.0,391592277418.0,opendart,2026-05-18T14:32:08+09:00
20250401,156100,918222,2024,11011,CFS,36092216494.0,3077760407.0,9151483241.0,36032999943.0,83061020207.0,opendart,2026-05-18T14:32:08+09:00
20260401,156100,918222,2025,11011,CFS,38920486823.0,715115654.0,-16791936621.0,38634658286.0,83482864772.0,opendart,2026-05-18T14:32:08+09:00
20250401,158430,595182,2024,11011,CFS,65423627200.0,14436928478.0,11038402513.0,89930680663.0,138945851809.0,opendart,2026-05-18T14:32:08+09:00
20260401,158430,595182,2025,11011,CFS,67603200088.0,10357738081.0,2182773210.0,104446140360.0,145538963528.0,opendart,2026-05-18T14:32:08+09:00
20250401,159010,561732,2024,11011,CFS,83609960696.0,-1863944824.0,-2367405915.0,54665432366.0,138247317749.0,opendart,2026-05-18T14:32:08+09:00
20260401,159010,561732,2025,11011,CFS,67924197059.0,-7014701152.0,-9937488884.0,46385411610.0,118463666486.0,opendart,2026-05-18T14:32:08+09:00
20250401,159580,563837,2024,11011,CFS,66894426050.0,1526092598.0,500048293.0,80798908142.0,90053400129.0,opendart,2026-05-18T14:32:08+09:00
20260401,159580,563837,2025,11011,CFS,70954645139.0,2515500922.0,3450005048.0,83357527171.0,91750177305.0,opendart,2026-05-18T14:32:08+09:00
20250401,159910,896753,2024,11011,CFS,14522098832.0,-6346179965.0,-6109718959.0,12912141631.0,23862078574.0,opendart,2026-05-18T14:32:08+09:00
20260401,159910,896753,2025,11011,CFS,9924758012.0,-3938193208.0,-5676066324.0,19702522309.0,36772737960.0,opendart,2026-05-18T14:32:08+09:00
20250401,160190,650771,2024,11011,CFS,75886180614.0,-369253550.0,-1092879556.0,68373885015.0,120185301263.0,opendart,2026-05-18T14:32:08+09:00
20260401,160190,650771,2025,11011,CFS,73543971242.0,-8908556551.0,-7101548368.0,106929208584.0,166522218018.0,opendart,2026-05-18T14:32:08+09:00
20250401,160550,974927,2024,11011,CFS,113244615452.0,-18957171701.0,-24072120042.0,121121419411.0,259877391121.0,opendart,2026-05-18T14:32:08+09:00
20260401,160550,974927,2025,11011,CFS,142653217026.0,2654398845.0,523557121.0,122753920798.0,239554621692.0,opendart,2026-05-18T14:32:08+09:00
20250401,160980,659161,2024,11011,CFS,165058416302.0,23405364176.0,15412505405.0,173668408972.0,227402140471.0,opendart,2026-05-18T14:32:08+09:00
20260401,160980,659161,2025,11011,CFS,164404533950.0,23345730078.0,14939385633.0,194222604268.0,224003645356.0,opendart,2026-05-18T14:32:08+09:00
20250401,161000,936787,2024,11011,CFS,1642244565944.0,15459352752.0,8528451385.0,740953976171.0,1356432222259.0,opendart,2026-05-18T14:32:08+09:00
20260401,161000,936787,2025,11011,CFS,1452334759000.0,-10193301000.0,-4932144000.0,716362404000.0,1394265312000.0,opendart,2026-05-18T14:32:08+09:00
20250401,161390,937324,2024,11011,CFS,9411947926996.0,1762260288101.0,1131097818215.0,11194852809819.0,15849744509888.0,opendart,2026-05-18T14:32:08+09:00
20260401,161390,937324,2025,11011,CFS,21202299462815.0,1841075890332.0,971594538868.0,14201979362795.0,26647188444916.0,opendart,2026-05-18T14:32:08+09:00
20250401,161580,938721,2024,11011,CFS,410893768511.0,13796035047.0,28841292819.0,199484190326.0,382748068787.0,opendart,2026-05-18T14:32:08+09:00
20260401,161580,938721,2025,11011,CFS,103440867014.0,-34892060535.0,-26429550668.0,191655444897.0,383483112083.0,opendart,2026-05-18T14:32:08+09:00
20250401,161890,939331,2024,11011,CFS,2452063980463.0,193850424348.0,125324615188.0,1505731966547.0,3126693019808.0,opendart,2026-05-18T14:32:08+09:00
20260401,161890,939331,2025,11011,CFS,2722419169325.0,239594740448.0,168220449431.0,1667349364857.0,3457768462781.0,opendart,2026-05-18T14:32:08+09:00
20250401,162300,958664,2024,11011,CFS,386554918254.0,10467207712.0,6510677498.0,81088075825.0,229702813949.0,opendart,2026-05-18T14:32:08+09:00
20260401,162300,958664,2025,11011,CFS,352171696187.0,3047366796.0,1335862834.0,85084073449.0,200339797835.0,opendart,2026-05-18T14:32:08+09:00
20250401,163280,1663116,2024,11011,OFS,24499902644.0,1871004711.0,1976091478.0,64006308597.0,82434947088.0,opendart,2026-05-18T14:32:08+09:00
20260401,163280,1663116,2025,11011,OFS,28075652732.0,3088719631.0,2800297219.0,68875247902.0,111357455381.0,opendart,2026-05-18T14:32:08+09:00
20250401,163560,939687,2024,11011,CFS,336983162562.0,9586743700.0,9926280408.0,228872644738.0,354076507146.0,opendart,2026-05-18T14:32:08+09:00
20260401,163560,939687,2025,11011,CFS,364602809366.0,18564940328.0,9786999345.0,239009226949.0,355346619626.0,opendart,2026-05-18T14:32:08+09:00
20250401,163730,1142075,2024,11011,CFS,71606479579.0,-470406299.0,941049477.0,47995248186.0,63466464318.0,opendart,2026-05-18T14:32:08+09:00
20260401,163730,1142075,2025,11011,CFS,91606730992.0,1467839859.0,332651904.0,47667516958.0,67557730152.0,opendart,2026-05-18T14:32:08+09:00
20250401,166090,660750,2024,11011,CFS,251646191336.0,43411736320.0,31756594796.0,353781902893.0,573884327709.0,opendart,2026-05-18T14:32:08+09:00
20260401,166090,660750,2025,11011,CFS,273481969679.0,50081056398.0,38375641020.0,463680286012.0,685606173112.0,opendart,2026-05-18T14:32:08+09:00
20250401,166480,989664,2024,11011,CFS,28762459937.0,-22019245376.0,-26252412534.0,48593356064.0,117457187209.0,opendart,2026-05-18T14:32:08+09:00
20260401,166480,989664,2025,11011,CFS,20158947968.0,-21222616625.0,-26833142831.0,55173429203.0,112371324323.0,opendart,2026-05-18T14:32:08+09:00
20250401,168330,923792,2024,11011,CFS,22263243100.0,-3768292469.0,-4076722514.0,26866264421.0,33337564389.0,opendart,2026-05-18T14:32:08+09:00
20260401,168330,923792,2025,11011,CFS,22226566086.0,-3294850349.0,-3619828561.0,23246435860.0,35828584285.0,opendart,2026-05-18T14:32:08+09:00
20250401,168360,957373,2024,11011,CFS,57004658240.0,-3622897641.0,-1911050584.0,28041378121.0,71687225066.0,opendart,2026-05-18T14:32:08+09:00
20260401,168360,957373,2025,11011,CFS,69861835068.0,3183933744.0,-3788182673.0,25628466193.0,106660548694.0,opendart,2026-05-18T14:32:08+09:00
20250401,169330,877174,2024,11011,CFS,53710500356.0,1675104422.0,1891994600.0,30367060529.0,49329307367.0,opendart,2026-05-18T14:32:08+09:00
20260401,169330,877174,2025,11011,CFS,56161085757.0,-1257743396.0,-1064077182.0,28047605126.0,46537087170.0,opendart,2026-05-18T14:32:08+09:00
20250401,170030,164502,2024,11011,CFS,326887589851.0,10879629207.0,12881683635.0,152758061105.0,223283544230.0,opendart,2026-05-18T14:32:08+09:00
20260401,170030,164502,2025,11011,CFS,367911083613.0,12311914178.0,11845401245.0,161956557293.0,259352541331.0,opendart,2026-05-18T14:32:08+09:00
20250401,170790,492353,2024,11011,CFS,58295777255.0,2592014379.0,5398126882.0,82805356522.0,93771942946.0,opendart,2026-05-18T14:32:08+09:00
20260401,170790,492353,2025,11011,CFS,65634922825.0,5402528991.0,7518493045.0,84767876421.0,99832815219.0,opendart,2026-05-18T14:32:08+09:00
20250401,170900,956930,2024,11011,CFS,697869071451.0,-25002030853.0,-23234979865.0,708807698387.0,1391734505157.0,opendart,2026-05-18T14:32:08+09:00
20260401,170900,956930,2025,11011,CFS,808780057197.0,623189224.0,-37611298405.0,671648550347.0,1412046030981.0,opendart,2026-05-18T14:32:08+09:00
20250401,170920,866062,2024,11011,CFS,276973239785.0,24184336150.0,14429041663.0,187273670433.0,325722744968.0,opendart,2026-05-18T14:32:08+09:00
20260401,170920,866062,2025,11011,CFS,310384726014.0,29629435023.0,18189648458.0,223739109169.0,383387868522.0,opendart,2026-05-18T14:32:08+09:00
20250401,171010,654272,2024,11011,CFS,44501337692.0,-1652887365.0,-2556801309.0,47994453035.0,104412607248.0,opendart,2026-05-18T14:32:08+09:00
20260401,171010,654272,2025,11011,CFS,42682293992.0,-954464956.0,-8366143548.0,39722844084.0,102310587744.0,opendart,2026-05-18T14:32:08+09:00
20250401,171090,327819,2024,11011,CFS,112925047956.0,7906583113.0,-28070043302.0,46420975111.0,302897469887.0,opendart,2026-05-18T14:32:08+09:00
20260401,171090,327819,2025,11011,CFS,515761033577.0,111525548096.0,96523950618.0,143805770416.0,365622084365.0,opendart,2026-05-18T14:32:08+09:00
20250401,171120,317104,2024,11011,CFS,141812364396.0,9376303589.0,8823614912.0,131589916258.0,152947866801.0,opendart,2026-05-18T14:32:08+09:00
20260401,171120,317104,2025,11011,CFS,130272114072.0,11372279646.0,8496027160.0,138937996950.0,167114092836.0,opendart,2026-05-18T14:32:08+09:00
20250401,172670,493325,2024,11011,CFS,36667038178.0,-12207682757.0,-9243440543.0,102335546592.0,217658863148.0,opendart,2026-05-18T14:32:08+09:00
20260401,172670,493325,2025,11011,CFS,48358194953.0,-7394799659.0,-8866390769.0,93469155823.0,205375473006.0,opendart,2026-05-18T14:32:08+09:00
20250401,173130,867849,2024,11011,CFS,192885362327.0,10651501416.0,9646943701.0,54678187355.0,138071038763.0,opendart,2026-05-18T14:32:08+09:00
20260401,173130,867849,2025,11011,CFS,233294461420.0,14044634082.0,12014819475.0,64897251625.0,149069140402.0,opendart,2026-05-18T14:32:08+09:00
20250401,173940,925295,2024,11011,CFS,86224155388.0,-4181824362.0,-6652959786.0,30815021182.0,118380430317.0,opendart,2026-05-18T14:32:08+09:00
20260401,173940,925295,2025,11011,CFS,102369210132.0,-613888084.0,-11814272838.0,19519805910.0,110174345027.0,opendart,2026-05-18T14:32:08+09:00
20250401,174880,659684,2024,11011,CFS,74708617228.0,5452448276.0,4705153683.0,72174203044.0,87507637655.0,opendart,2026-05-18T14:32:08+09:00
20260401,174880,659684,2025,11011,CFS,70732338406.0,2251190483.0,4778971659.0,74801988113.0,89195649847.0,opendart,2026-05-18T14:32:08+09:00
20250401,174900,991191,2024,11011,OFS,2339823669.0,-15588944512.0,-16301551979.0,29405991612.0,48182887935.0,opendart,2026-05-18T14:32:08+09:00
20260401,174900,991191,2025,11011,OFS,4714084167.0,-17635733976.0,-17906959742.0,60438725297.0,70746511792.0,opendart,2026-05-18T14:32:08+09:00
20250401,175140,861997,2024,11011,CFS,42683052327.0,-6588215168.0,-16180130887.0,43240937356.0,62046343451.0,opendart,2026-05-18T14:32:08+09:00
20260401,175140,861997,2025,11011,CFS,55491024215.0,-11628884044.0,-18404800514.0,41251282260.0,61931148269.0,opendart,2026-05-18T14:32:08+09:00
20250401,175250,554352,2024,11011,CFS,69207253527.0,-17182238507.0,24731710.0,60732142035.0,132883280956.0,opendart,2026-05-18T14:32:08+09:00
20260401,175250,554352,2025,11011,CFS,83384563119.0,-11957366539.0,-34515264515.0,24457118167.0,90499633547.0,opendart,2026-05-18T14:32:08+09:00
20250401,175330,980122,2024,11011,CFS,1975972000000.0,-133970000000.0,692991000000.0,5724805000000.0,66721914000000.0,opendart,2026-05-18T14:32:08+09:00
20260401,175330,980122,2025,11011,CFS,2044932000000.0,-113926000000.0,730040000000.0,6175172000000.0,73123844000000.0,opendart,2026-05-18T14:32:08+09:00
20250401,176750,867034,2024,11011,CFS,35600990962.0,5075928847.0,7993746573.0,43009559883.0,65168342519.0,opendart,2026-05-18T14:32:08+09:00
20260401,176750,867034,2025,11011,CFS,38572364091.0,7443287746.0,6479757905.0,49239976454.0,77676184457.0,opendart,2026-05-18T14:32:08+09:00
20250401,177350,813389,2024,11011,CFS,25708184138.0,-11718044847.0,-10503849246.0,21538065758.0,51320863538.0,opendart,2026-05-18T14:32:08+09:00
20260401,177350,813389,2025,11011,CFS,16571060267.0,-2612648469.0,17679322544.0,41305544152.0,58362007088.0,opendart,2026-05-18T14:32:08+09:00
20250401,177830,429694,2024,11011,CFS,132825071817.0,8125864374.0,7033298379.0,79643422660.0,165908944651.0,opendart,2026-05-18T14:32:08+09:00
20260401,177830,429694,2025,11011,CFS,132540413436.0,2569302163.0,-4184118253.0,73070949582.0,150651302969.0,opendart,2026-05-18T14:32:08+09:00
20250401,177900,870065,2024,11011,OFS,18114302063.0,1749439298.0,8561586080.0,49349891560.0,72608970415.0,opendart,2026-05-18T14:32:08+09:00
20260401,177900,870065,2025,11011,OFS,14494595306.0,-2686355904.0,-3607181939.0,47197174990.0,68418917492.0,opendart,2026-05-18T14:32:08+09:00
20250401,178320,838005,2024,11011,CFS,1213752801436.0,108700662517.0,83921126833.0,875584263726.0,2103214252543.0,opendart,2026-05-18T14:32:08+09:00
20260401,178320,838005,2025,11011,CFS,1066330738953.0,1145784823.0,-102420702080.0,737770483785.0,2306446623339.0,opendart,2026-05-18T14:32:08+09:00
20250401,178780,923826,2024,11011,CFS,45531803646.0,4686796075.0,7481543328.0,33445815007.0,46173092871.0,opendart,2026-05-18T14:32:08+09:00
20260401,178780,923826,2025,11011,CFS,33906273181.0,2037248444.0,5285241292.0,41920149953.0,48287463621.0,opendart,2026-05-18T14:32:08+09:00
20250401,178920,767460,2024,11011,OFS,251295439548.0,34931839001.0,23377040126.0,337909543920.0,527526386235.0,opendart,2026-05-18T14:32:08+09:00
20260401,178920,767460,2025,11011,OFS,263421091422.0,43038925899.0,30385165747.0,355154473586.0,464759120865.0,opendart,2026-05-18T14:32:08+09:00
20250401,179290,531829,2024,11011,OFS,53753172637.0,17576351038.0,18289106385.0,108832540986.0,118527983570.0,opendart,2026-05-18T14:32:08+09:00
20260401,179290,531829,2025,11011,CFS,67151796290.0,20674090246.0,0.0,125932489267.0,141838109092.0,opendart,2026-05-18T14:32:08+09:00
20250401,179530,1022902,2024,11011,CFS,11136245199.0,-4117316777.0,-8986981644.0,2975017910.0,23074331955.0,opendart,2026-05-18T14:32:08+09:00
20260401,179530,1022902,2025,11011,CFS,12897074444.0,-3500860014.0,-3328584528.0,13539795951.0,48407432103.0,opendart,2026-05-18T14:32:08+09:00
20250401,179900,961774,2024,11011,CFS,18560210791.0,-32244174319.0,-22739003198.0,74552206980.0,160639757471.0,opendart,2026-05-18T14:32:08+09:00
20260401,179900,961774,2025,11011,CFS,19972205414.0,-48310857293.0,-37389766928.0,65449545040.0,214289991906.0,opendart,2026-05-18T14:32:08+09:00
20250401,180400,995993,2024,11011,CFS,33946577478.0,-21596592945.0,-51483903348.0,16354398554.0,72358732227.0,opendart,2026-05-18T14:32:08+09:00
20260401,180400,995993,2025,11011,CFS,29356591144.0,-24317408362.0,-29584637999.0,95764720254.0,154874154081.0,opendart,2026-05-18T14:32:08+09:00
20250401,180640,983040,2024,11011,CFS,292157342000.0,49192742000.0,512176366000.0,3313160945000.0,4207157981000.0,opendart,2026-05-18T14:32:08+09:00
20260401,180640,983040,2025,11011,CFS,298362106000.0,-7523512000.0,159181702000.0,3424127992000.0,4140658602000.0,opendart,2026-05-18T14:32:08+09:00
20250401,181710,983271,2024,11011,CFS,2456107865377.0,-32619646834.0,-192599078282.0,1765363195971.0,3193036597819.0,opendart,2026-05-18T14:32:08+09:00
20260401,181710,983271,2025,11011,CFS,2516233825224.0,132434145572.0,51909280522.0,1770817089443.0,3851415641250.0,opendart,2026-05-18T14:32:08+09:00
20250401,182360,985686,2024,11011,CFS,218283220461.0,16568348309.0,16605800279.0,158222325619.0,269962749592.0,opendart,2026-05-18T14:32:08+09:00
20260401,182360,985686,2025,11011,CFS,87228103184.0,-7261994709.0,-5858853002.0,160910368481.0,258263677790.0,opendart,2026-05-18T14:32:08+09:00
20250401,182400,977650,2024,11011,CFS,8800038505.0,-4064593226.0,-36941622703.0,-25005220750.0,22878781256.0,opendart,2026-05-18T14:32:08+09:00
20260401,182400,977650,2025,11011,CFS,7862515138.0,-2532433603.0,-7342481280.0,7095135946.0,14294115172.0,opendart,2026-05-18T14:32:08+09:00
20250401,183190,990165,2024,11011,CFS,1110338447000.0,140751172000.0,80073382000.0,1106421810000.0,2195403207000.0,opendart,2026-05-18T14:32:08+09:00
20260401,183190,990165,2025,11011,CFS,1022789744000.0,77134472000.0,16434140000.0,1101128388000.0,2177954305000.0,opendart,2026-05-18T14:32:08+09:00
20250401,183300,997812,2024,11011,CFS,507138644286.0,112461653836.0,87845843289.0,375718062479.0,800342522976.0,opendart,2026-05-18T14:32:08+09:00
20260401,183300,997812,2025,11011,CFS,604110117086.0,110992280574.0,77237204024.0,369806052244.0,1030236890259.0,opendart,2026-05-18T14:32:08+09:00
20250401,183490,606886,2024,11011,CFS,77377688864.0,-13193969766.0,-22087607114.0,161482820540.0,181743940859.0,opendart,2026-05-18T14:32:08+09:00
20260401,183490,606886,2025,11011,CFS,67750824736.0,-14336714154.0,-18092352977.0,138767174199.0,148592462348.0,opendart,2026-05-18T14:32:08+09:00
20250401,184230,988364,2024,11011,CFS,42923546759.0,-4106882203.0,-9938302906.0,50181252648.0,103611572099.0,opendart,2026-05-18T14:32:08+09:00
20260401,184230,988364,2025,11011,CFS,61635674499.0,14823977696.0,16993688445.0,52975686623.0,151995348743.0,opendart,2026-05-18T14:32:08+09:00
20250401,185490,945457,2024,11011,CFS,3355764039.0,-13253741738.0,-12896280264.0,50834578908.0,65305811618.0,opendart,2026-05-18T14:32:08+09:00
20260401,185490,945457,2025,11011,CFS,3566784886.0,-9850606922.0,-19076813380.0,54252380829.0,68051360344.0,opendart,2026-05-18T14:32:08+09:00
20250401,185750,992871,2024,11011,CFS,1586430795630.0,99461546115.0,111441725001.0,896377939244.0,1458764796383.0,opendart,2026-05-18T14:32:08+09:00
20260401,185750,992871,2025,11011,CFS,1692403987134.0,80567677778.0,77826740534.0,1006355957106.0,1800298497462.0,opendart,2026-05-18T14:32:08+09:00
20250401,186230,602279,2024,11011,CFS,87683082859.0,2486072224.0,256264567.0,46218737381.0,101351798638.0,opendart,2026-05-18T14:32:08+09:00
20260401,186230,602279,2025,11011,CFS,105715000362.0,-952225545.0,-13031925780.0,37440292849.0,96819469017.0,opendart,2026-05-18T14:32:08+09:00
20250401,187220,675594,2024,11011,CFS,111938559193.0,-5709365531.0,2910683363.0,112378827371.0,245362954715.0,opendart,2026-05-18T14:32:08+09:00
20260401,187220,675594,2025,11011,CFS,125834435797.0,-597391475.0,-770839823.0,116460470506.0,262821311125.0,opendart,2026-05-18T14:32:08+09:00
20250401,187270,925189,2024,11011,CFS,51968813986.0,6962992748.0,7531753374.0,66983130028.0,97223460337.0,opendart,2026-05-18T14:32:08+09:00
20260401,187270,925189,2025,11011,CFS,53433430757.0,4799876921.0,2903722333.0,70887704174.0,95056986537.0,opendart,2026-05-18T14:32:08+09:00
20250401,187420,983916,2024,11011,CFS,35429798360.0,-1876477095.0,-17932729839.0,28221292788.0,146261606578.0,opendart,2026-05-18T14:32:08+09:00
20260401,187420,983916,2025,11011,CFS,43370322639.0,1205667836.0,22897764050.0,54747368252.0,135828589557.0,opendart,2026-05-18T14:32:08+09:00
20250401,187660,1409022,2024,11011,CFS,9744986676.0,-15932446161.0,-20260475756.0,6628509224.0,28526620627.0,opendart,2026-05-18T14:32:08+09:00
20260401,187660,1409022,2025,11011,OFS,9273012798.0,-7376237084.0,-14829730974.0,21526941924.0,32792161625.0,opendart,2026-05-18T14:32:08+09:00
20250401,187790,994994,2024,11011,CFS,88600534688.0,1657604767.0,29809092237.0,30712428760.0,86329058759.0,opendart,2026-05-18T14:32:08+09:00
20260401,187790,994994,2025,11011,CFS,85676337440.0,5526387704.0,4852287056.0,39884465530.0,94244235799.0,opendart,2026-05-18T14:32:08+09:00
20250401,187870,624509,2024,11011,CFS,47160162301.0,4222154950.0,7799616270.0,143741011759.0,203868138548.0,opendart,2026-05-18T14:32:08+09:00
20260401,187870,624509,2025,11011,CFS,84082993642.0,17333848510.0,16924050945.0,161033111360.0,218237487028.0,opendart,2026-05-18T14:32:08+09:00
20250401,188040,1157846,2024,11011,CFS,73346275464.0,5240027576.0,4111903472.0,28672060688.0,48005599156.0,opendart,2026-05-18T14:32:08+09:00
20260401,188040,1157846,2025,11011,CFS,70879747598.0,830046239.0,-1403409696.0,40466481148.0,57284115425.0,opendart,2026-05-18T14:32:08+09:00
20250401,188260,1305869,2024,11011,OFS,15427879108.0,-5874575015.0,-6555499869.0,8239730995.0,14685636692.0,opendart,2026-05-18T14:32:08+09:00
20260401,188260,1305869,2025,11011,OFS,15354255261.0,-4374487146.0,-5820380451.0,2476696588.0,10111820866.0,opendart,2026-05-18T14:32:08+09:00
20250401,189300,664181,2024,11011,CFS,257769448883.0,-19443692778.0,-3011577414.0,264642289439.0,440693069678.0,opendart,2026-05-18T14:32:08+09:00
20260401,189300,664181,2025,11011,CFS,319628351040.0,11953671226.0,7463933868.0,266272018404.0,496458172495.0,opendart,2026-05-18T14:32:08+09:00
20250401,189330,991298,2024,11011,CFS,9093357973.0,-5284958770.0,-5186782443.0,9599640362.0,13395642956.0,opendart,2026-05-18T14:32:08+09:00
20260401,189330,991298,2025,11011,CFS,10272320511.0,-3225075448.0,-3119267462.0,25126707120.0,29442037933.0,opendart,2026-05-18T14:32:08+09:00
20250401,189690,939942,2024,11011,CFS,31301738037.0,4518043682.0,4719316033.0,74132096332.0,78408882717.0,opendart,2026-05-18T14:32:08+09:00
20260401,189690,939942,2025,11011,CFS,32888839235.0,4399159063.0,4545416888.0,75173355253.0,80709425652.0,opendart,2026-05-18T14:32:08+09:00
20250401,189860,869272,2024,11011,OFS,63335667930.0,612300391.0,1083310880.0,31475500021.0,63436822351.0,opendart,2026-05-18T14:32:08+09:00
20260401,189860,869272,2025,11011,OFS,68106757182.0,-8800092301.0,6938627021.0,38400077930.0,68881898419.0,opendart,2026-05-18T14:32:08+09:00
20250401,189980,916516,2024,11011,CFS,102624064718.0,10742388621.0,5197334782.0,97122319579.0,221083288201.0,opendart,2026-05-18T14:32:08+09:00
20260401,189980,916516,2025,11011,CFS,99378439543.0,8532024436.0,7986681935.0,100057262078.0,225773290519.0,opendart,2026-05-18T14:32:08+09:00
20250401,190510,819374,2024,11011,CFS,450363058954.0,20949015522.0,26116091403.0,166878423810.0,264384745022.0,opendart,2026-05-18T14:32:08+09:00
20260401,190510,819374,2025,11011,CFS,459879687266.0,28185264560.0,25114747653.0,171713874677.0,257388437426.0,opendart,2026-05-18T14:32:08+09:00
20250401,190650,304915,2024,11011,OFS,217257677789.0,421337370.0,5807380067.0,93016376971.0,297406732494.0,opendart,2026-05-18T14:32:08+09:00
20260401,190650,304915,2025,11011,OFS,268468292390.0,3973934403.0,7731258329.0,97520053886.0,403660403693.0,opendart,2026-05-18T14:32:08+09:00
20250401,191410,843900,2024,11011,CFS,37542868390.0,-475747723.0,-538643672.0,24996477487.0,63862695171.0,opendart,2026-05-18T14:32:08+09:00
20260401,191410,843900,2025,11011,CFS,44835017787.0,-1507136782.0,1616460236.0,23744310403.0,56008781596.0,opendart,2026-05-18T14:32:08+09:00
20250401,191420,926522,2024,11011,CFS,6759059331.0,-2230301029.0,3316180150.0,49688436018.0,52515371130.0,opendart,2026-05-18T14:32:08+09:00
20260401,191420,926522,2025,11011,CFS,5940717263.0,-4424453340.0,-7020567700.0,50327707914.0,78160932166.0,opendart,2026-05-18T14:32:08+09:00
20250401,192080,1010110,2024,11011,CFS,633474235686.0,248734053740.0,243320737026.0,1556373404033.0,1646281734989.0,opendart,2026-05-18T14:32:08+09:00
20260401,192080,1010110,2025,11011,CFS,719897452508.0,232134020348.0,179810727076.0,1652363475394.0,1847861880558.0,opendart,2026-05-18T14:32:08+09:00
20250401,192250,1003040,2024,11011,CFS,51866277274.0,1305701592.0,434449529.0,115471431811.0,191441904913.0,opendart,2026-05-18T14:32:08+09:00
20260401,192250,1003040,2025,11011,CFS,48394106475.0,2895367155.0,2163155381.0,121456775368.0,196844452737.0,opendart,2026-05-18T14:32:08+09:00
20250401,192390,910840,2024,11011,CFS,112165957180.0,11032093461.0,7773737996.0,77088683756.0,141481800420.0,opendart,2026-05-18T14:32:08+09:00
20260401,192390,910840,2025,11011,CFS,75147762488.0,-3934799771.0,-6689547573.0,72493561002.0,152864432326.0,opendart,2026-05-18T14:32:08+09:00
20250401,192400,132354,2024,11011,CFS,833802336627.0,103233744707.0,137040731991.0,1196406069177.0,1369865450719.0,opendart,2026-05-18T14:32:08+09:00
20260401,192400,132354,2025,11011,CFS,920929380976.0,114008891071.0,145218616701.0,1321297412199.0,1592547535050.0,opendart,2026-05-18T14:32:08+09:00
20250401,192410,623184,2024,11011,CFS,13020313027.0,-6492169032.0,-17191706196.0,35446506701.0,73362629068.0,opendart,2026-05-18T14:32:08+09:00
20260401,192410,623184,2025,11011,CFS,16693992539.0,-1847887145.0,-78254516527.0,9319595592.0,80834690581.0,opendart,2026-05-18T14:32:08+09:00
20250401,192440,917861,2024,11011,CFS,465294035302.0,21749189256.0,27895303691.0,518075282774.0,569003003621.0,opendart,2026-05-18T14:32:08+09:00
20260401,192440,917861,2025,11011,CFS,463698273567.0,33213220412.0,29009144198.0,530316908333.0,574067736090.0,opendart,2026-05-18T14:32:08+09:00
20250401,192650,415646,2024,11011,CFS,1172680840825.0,23554274189.0,12740382307.0,515162575458.0,908140585192.0,opendart,2026-05-18T14:32:08+09:00
20260401,192650,415646,2025,11011,CFS,1230621374284.0,31373220604.0,13246702211.0,484177875244.0,863145953162.0,opendart,2026-05-18T14:32:08+09:00
20250401,192820,1009789,2024,11011,CFS,2166089636742.0,175395279105.0,88417411666.0,508810486465.0,1933713489313.0,opendart,2026-05-18T14:32:08+09:00
20260401,192820,1009789,2025,11011,CFS,2398757972848.0,195791661624.0,131076173228.0,612343808452.0,2125418400005.0,opendart,2026-05-18T14:32:08+09:00
20250401,193250,1035678,2024,11011,CFS,14078981236.0,-6060223537.0,-17647528048.0,62288984299.0,72031186315.0,opendart,2026-05-18T14:32:08+09:00
20260401,193250,1035678,2025,11011,CFS,10455279389.0,-7209846700.0,-2983890606.0,59831054948.0,71845993900.0,opendart,2026-05-18T14:32:08+09:00
20250401,194370,332927,2024,11011,CFS,1117499247162.0,121255985576.0,102198915853.0,507407204600.0,1830513946593.0,opendart,2026-05-18T14:32:08+09:00
20260401,194370,332927,2025,11011,CFS,1288232609221.0,140512479061.0,85754295315.0,527493607564.0,1808974753696.0,opendart,2026-05-18T14:32:08+09:00
20250401,194480,1008762,2024,11011,CFS,817637961.0,27185096721.0,28271330928.0,154148055027.0,260367520968.0,opendart,2026-05-18T14:32:08+09:00
20260401,194480,1008762,2025,11011,CFS,295578347074.0,6350198195.0,10804699019.0,169453650588.0,302727136909.0,opendart,2026-05-18T14:32:08+09:00
20250401,194700,811372,2024,11011,CFS,297725280736.0,23189361844.0,23838295004.0,220263068035.0,289610395748.0,opendart,2026-05-18T14:32:08+09:00
20260401,194700,811372,2025,11011,CFS,404259788627.0,43050063787.0,35962353325.0,254639696988.0,359554560151.0,opendart,2026-05-18T14:32:08+09:00
20250401,195500,770312,2024,11011,OFS,107702390835.0,3844717913.0,2994006581.0,77386444251.0,122624889990.0,opendart,2026-05-18T14:32:08+09:00
20260401,195500,770312,2025,11011,OFS,106758230980.0,2485633089.0,2168562491.0,79531026176.0,122674217656.0,opendart,2026-05-18T14:32:08+09:00
20250401,195870,1032413,2024,11011,CFS,602993604010.0,56869813937.0,58697149418.0,556276567172.0,794194183895.0,opendart,2026-05-18T14:32:08+09:00
20260401,195870,1032413,2025,11011,CFS,653396882375.0,46491092436.0,23820804171.0,564369713446.0,880631376376.0,opendart,2026-05-18T14:32:08+09:00
20250401,195940,1012066,2024,11011,OFS,897141915178.0,88224439067.0,61580192966.0,1251377196361.0,1889575171545.0,opendart,2026-05-18T14:32:08+09:00
20260401,195940,1012066,2025,11011,OFS,1063151055391.0,110876599063.0,75699812628.0,1328398567183.0,2096931315991.0,opendart,2026-05-18T14:32:08+09:00
20250401,195990,620558,2024,11011,CFS,31663085394.0,-10206548561.0,-15629483396.0,108011934963.0,141262933199.0,opendart,2026-05-18T14:32:08+09:00
20260401,195990,620558,2025,11011,CFS,31922791800.0,-9281936003.0,-48919928977.0,54028843073.0,74776905733.0,opendart,2026-05-18T14:32:08+09:00
20250401,196170,989619,2024,11011,CFS,102854620800.0,25403990856.0,60690355931.0,274091061091.0,409011974213.0,opendart,2026-05-18T14:32:08+09:00
20260401,196170,989619,2025,11011,CFS,215858918957.0,106900077097.0,145172981930.0,454442940148.0,698742517170.0,opendart,2026-05-18T14:32:08+09:00
20250401,196300,808086,2024,11011,OFS,6229007020.0,-5439522485.0,-6793360308.0,5381363924.0,16518196875.0,opendart,2026-05-18T14:32:08+09:00
20260401,196300,808086,2025,11011,OFS,4961730622.0,-7320194555.0,-642465594.0,25734059307.0,53807855717.0,opendart,2026-05-18T14:32:08+09:00
20250401,196450,1031502,2024,11011,CFS,267335829059.0,-9539985493.0,-18728785831.0,64661547308.0,143197294902.0,opendart,2026-05-18T14:32:08+09:00
20260401,196450,1031502,2025,11011,CFS,258196765549.0,5272336211.0,2714886428.0,64819840534.0,128523498223.0,opendart,2026-05-18T14:32:08+09:00
20250401,196490,660121,2024,11011,CFS,43289271846.0,-22564569836.0,-63786526859.0,-7029251778.0,58471901617.0,opendart,2026-05-18T14:32:08+09:00
20260401,196490,660121,2025,11011,CFS,33322099931.0,-6461214449.0,-8651483041.0,-10796120771.0,38920061959.0,opendart,2026-05-18T14:32:08+09:00
20250401,196700,864338,2024,11011,CFS,34072812927.0,3088648379.0,1196158338.0,37157895516.0,70900246047.0,opendart,2026-05-18T14:32:08+09:00
20260401,196700,864338,2025,11011,CFS,43174599020.0,5549636981.0,4104554464.0,40355873751.0,73193836539.0,opendart,2026-05-18T14:32:08+09:00
20250401,197140,681373,2024,11011,OFS,32013726035.0,-1597169407.0,1151353479.0,57526644401.0,74492167404.0,opendart,2026-05-18T14:32:08+09:00
20260401,197140,681373,2025,11011,OFS,66632227178.0,-2530392638.0,-528568955.0,56507427435.0,75880001736.0,opendart,2026-05-18T14:32:08+09:00
20250401,198080,876643,2024,11011,CFS,314860003676.0,19953699021.0,19077047786.0,115905879188.0,222069530944.0,opendart,2026-05-18T14:32:08+09:00
20260401,198080,876643,2025,11011,CFS,295201227543.0,24273352321.0,19466979034.0,131606937510.0,221276788854.0,opendart,2026-05-18T14:32:08+09:00
20250401,198440,1032583,2024,11011,OFS,47382972250.0,5550285074.0,-7709972494.0,134277570439.0,439892185086.0,opendart,2026-05-18T14:32:08+09:00
20260401,198440,1032583,2025,11011,OFS,71843117330.0,7401631346.0,655571383.0,134446739782.0,427945566506.0,opendart,2026-05-18T14:32:08+09:00
20250401,198940,156600,2024,11011,CFS,250764376647.0,-8658539877.0,-7281976159.0,48460899255.0,210383780493.0,opendart,2026-05-18T14:32:08+09:00
20260401,198940,156600,2025,11011,CFS,259464652455.0,1333662111.0,-2741692510.0,46503852835.0,213313634975.0,opendart,2026-05-18T14:32:08+09:00
20250401,199430,672603,2024,11011,CFS,18532994075.0,-7721588338.0,-7856108837.0,28180406744.0,46530712451.0,opendart,2026-05-18T14:32:08+09:00
20260401,199430,672603,2025,11011,CFS,15913249035.0,-7538380433.0,-8464302681.0,22883784535.0,46944966861.0,opendart,2026-05-18T14:32:08+09:00
20250401,199480,1138595,2024,11011,CFS,50200792001.0,-14933898549.0,-14229718280.0,18913586715.0,51929551835.0,opendart,2026-05-18T14:32:08+09:00
20260401,199480,1138595,2025,11011,CFS,63448191187.0,-4381350455.0,-2763085639.0,17941800217.0,47281984982.0,opendart,2026-05-18T14:32:08+09:00
20250401,199550,1161432,2024,11011,CFS,33037915734.0,-196045064.0,-783254818.0,30461354342.0,45349724810.0,opendart,2026-05-18T14:32:08+09:00
20260401,199550,1161432,2025,11011,CFS,25695436108.0,-12044971203.0,-10743980996.0,22181523899.0,36551429474.0,opendart,2026-05-18T14:32:08+09:00
20250401,199730,1110058,2024,11011,OFS,23833208627.0,-5116782778.0,-3976026669.0,27568287705.0,41121041337.0,opendart,2026-05-18T14:32:08+09:00
20260401,199730,1110058,2025,11011,OFS,23148010709.0,-6276773124.0,-9131042236.0,16491498669.0,34960860304.0,opendart,2026-05-18T14:32:08+09:00
20250401,199800,547510,2024,11011,CFS,890961033.0,-21798459510.0,6231842138.0,58435847293.0,75478506407.0,opendart,2026-05-18T14:32:08+09:00
20260401,199800,547510,2025,11011,CFS,1306445108.0,-23294295129.0,-36764280220.0,55851491937.0,61654915231.0,opendart,2026-05-18T14:32:08+09:00
20250401,199820,148470,2024,11011,CFS,186286728174.0,8902836267.0,10418526999.0,154462791189.0,219304254189.0,opendart,2026-05-18T14:32:08+09:00
20260401,199820,148470,2025,11011,CFS,196035438223.0,11761673281.0,6696588664.0,158537026556.0,226556731052.0,opendart,2026-05-18T14:32:08+09:00
20250401,200130,1032404,2024,11011,CFS,615642004817.0,24623244501.0,17205046710.0,395266206758.0,690868553834.0,opendart,2026-05-18T14:32:08+09:00
20260401,200130,1032404,2025,11011,CFS,574884892325.0,26645965589.0,-22639015475.0,355476297522.0,649687295014.0,opendart,2026-05-18T14:32:08+09:00
20250401,200230,608802,2024,11011,CFS,37865282088.0,-70548303.0,-26499982350.0,83134901856.0,153588079745.0,opendart,2026-05-18T14:32:08+09:00
20260401,200230,608802,2025,11011,CFS,43161795161.0,718589452.0,-11431375552.0,108818117361.0,156668061672.0,opendart,2026-05-18T14:32:08+09:00
20250401,200350,990819,2024,11011,CFS,27306791627.0,-7321436149.0,-14954557399.0,54151852976.0,59269511420.0,opendart,2026-05-18T14:32:08+09:00
20260401,200350,990819,2025,11011,CFS,14618399763.0,-3007373300.0,-4698188664.0,49534896432.0,51828672206.0,opendart,2026-05-18T14:32:08+09:00
20250401,200470,667425,2024,11011,OFS,86722560746.0,-21532802006.0,-50716914625.0,55236215989.0,162487960652.0,opendart,2026-05-18T14:32:08+09:00
20260401,200470,667425,2025,11011,OFS,110999185614.0,5267413072.0,5226139451.0,70190938252.0,181859657148.0,opendart,2026-05-18T14:32:08+09:00
20250401,200670,614478,2024,11011,OFS,161872958430.0,43141324184.0,39259414554.0,228532466992.0,249751926759.0,opendart,2026-05-18T14:32:08+09:00
20260401,200670,614478,2025,11011,OFS,170052787103.0,42329364682.0,51785617215.0,299588034329.0,323638814179.0,opendart,2026-05-18T14:32:08+09:00
20250401,200710,657002,2024,11011,CFS,106545463919.0,-16953519212.0,-15176761422.0,131634014077.0,244893383816.0,opendart,2026-05-18T14:32:08+09:00
20260401,200710,657002,2025,11011,CFS,164511629858.0,2852844756.0,3578357069.0,135907375708.0,293465147035.0,opendart,2026-05-18T14:32:08+09:00
20250401,200780,256043,2024,11011,CFS,74814338700.0,1499910278.0,-3316347968.0,76010380831.0,176312918381.0,opendart,2026-05-18T14:32:08+09:00
20260401,200780,256043,2025,11011,CFS,75799976796.0,1996621516.0,-3142932405.0,72501955411.0,176801274862.0,opendart,2026-05-18T14:32:08+09:00
20250401,200880,1036446,2024,11011,CFS,4041529108352.0,154404448469.0,154317070456.0,1161501151039.0,2953841527430.0,opendart,2026-05-18T14:32:08+09:00
20260401,200880,1036446,2025,11011,CFS,4505249722750.0,161799822068.0,61100274095.0,1232860355517.0,3205041446005.0,opendart,2026-05-18T14:32:08+09:00
20250401,201490,965813,2024,11011,CFS,94315651595.0,11811385928.0,4033470209.0,239814560952.0,291047403499.0,opendart,2026-05-18T14:32:08+09:00
20260401,201490,965813,2025,11011,CFS,120923979226.0,12612285137.0,3694782345.0,242151323534.0,264876174199.0,opendart,2026-05-18T14:32:08+09:00
20250401,203400,977377,2024,11011,CFS,759683815.0,-34065757010.0,-43381471015.0,28130267229.0,63782309171.0,opendart,2026-05-18T14:32:08+09:00
20260401,203400,977377,2025,11011,CFS,880135981.0,-19372142403.0,-29063465701.0,68362172547.0,80571852989.0,opendart,2026-05-18T14:32:08+09:00
20250401,203450,408266,2024,11011,CFS,56745519416.0,2842274156.0,4948747893.0,41981218783.0,70921949384.0,opendart,2026-05-18T14:32:08+09:00
20260401,203450,408266,2025,11011,CFS,51324033067.0,1020779717.0,2010982691.0,41492608191.0,62567805997.0,opendart,2026-05-18T14:32:08+09:00
20250401,203650,1038693,2024,11011,CFS,268839122078.0,25645563681.0,12074733764.0,147742892486.0,536634884685.0,opendart,2026-05-18T14:32:08+09:00
20260401,203650,1038693,2025,11011,CFS,318850687156.0,22485342269.0,7391870568.0,149933736062.0,571181917000.0,opendart,2026-05-18T14:32:08+09:00
20250401,203690,1036367,2024,11011,CFS,33225106279.0,-6201847455.0,-9426236921.0,25943462251.0,61048069198.0,opendart,2026-05-18T14:32:08+09:00
20260401,203690,1036367,2025,11011,CFS,16078959889.0,-7436680390.0,-11795421530.0,25961950741.0,42453485974.0,opendart,2026-05-18T14:32:08+09:00
20250401,204020,671978,2024,11011,CFS,194740127235.0,12310141430.0,9689498818.0,81191885667.0,102868220061.0,opendart,2026-05-18T14:32:08+09:00
20260401,204020,671978,2025,11011,CFS,201717579283.0,7852792954.0,4689154942.0,83447448139.0,142254331667.0,opendart,2026-05-18T14:32:08+09:00
20250401,204210,1035289,2024,11011,CFS,9460786448.0,-3750657750.0,-18505100902.0,34704922731.0,73562845924.0,opendart,2026-05-18T14:32:08+09:00
20260401,204210,1035289,2025,11011,CFS,9569619112.0,-2008815043.0,-3920340393.0,30784582338.0,63038139647.0,opendart,2026-05-18T14:32:08+09:00
20250401,204270,447575,2024,11011,CFS,273239103365.0,-46091032142.0,-33401167330.0,337126919326.0,639696606074.0,opendart,2026-05-18T14:32:08+09:00
20260401,204270,447575,2025,11011,CFS,185653161156.0,-77996088398.0,-91580550779.0,247710098976.0,548175586463.0,opendart,2026-05-18T14:32:08+09:00
20250401,204320,1042775,2024,11011,CFS,8848181871751.0,358760766831.0,158249191839.0,2672754766186.0,7052043027166.0,opendart,2026-05-18T14:32:08+09:00
20260401,204320,1042775,2025,11011,CFS,9454812581023.0,357120974882.0,122802266761.0,2875816804068.0,7136602919112.0,opendart,2026-05-18T14:32:08+09:00
20250401,204610,609661,2024,11011,CFS,59318163123.0,10523307297.0,12625359113.0,103921495244.0,122590882888.0,opendart,2026-05-18T14:32:08+09:00
20260401,204610,609661,2025,11011,CFS,69512001616.0,17013526336.0,20562096960.0,110492369515.0,124759686828.0,opendart,2026-05-18T14:32:08+09:00
20250401,204620,1042711,2024,11011,CFS,129729725356.0,21771465088.0,6250343641.0,128371067905.0,174537046596.0,opendart,2026-05-18T14:32:08+09:00
20260401,204620,1042711,2025,11011,CFS,154056520360.0,28985101394.0,35450404143.0,139865918165.0,184069135881.0,opendart,2026-05-18T14:32:08+09:00
20250401,204630,1046203,2024,11011,CFS,7126651825.0,-7003453500.0,-10634676320.0,42743120760.0,87169549240.0,opendart,2026-05-18T14:32:08+09:00
20260401,204630,1046203,2025,11011,CFS,12973995794.0,-4740034684.0,-15059256032.0,27792253890.0,79649870540.0,opendart,2026-05-18T14:32:08+09:00
20250401,204840,1042359,2024,11011,CFS,26047952258.0,-1767871568.0,-2337462825.0,19667919316.0,42440327756.0,opendart,2026-05-18T14:32:08+09:00
20260401,204840,1042359,2025,11011,CFS,35267864179.0,268476227.0,12489192.0,19918857122.0,48814208610.0,opendart,2026-05-18T14:32:08+09:00
20250401,205100,1042085,2024,11011,CFS,61237482059.0,8833525477.0,10767697123.0,131827578408.0,147383500951.0,opendart,2026-05-18T14:32:08+09:00
20260401,205100,1042085,2025,11011,CFS,47763052042.0,3651507130.0,8685692423.0,140994601099.0,159002989270.0,opendart,2026-05-18T14:32:08+09:00
20250401,205470,1042979,2024,11011,CFS,25413315020.0,-10558581287.0,-35565926982.0,249103577877.0,331916050387.0,opendart,2026-05-18T14:32:08+09:00
20260401,205470,1042979,2025,11011,CFS,30113048982.0,-10553041476.0,-21730084468.0,235375972881.0,327031186367.0,opendart,2026-05-18T14:32:08+09:00
20250401,205500,1042429,2024,11011,CFS,7551040419.0,-8937199488.0,-8217215347.0,25845114675.0,33801389808.0,opendart,2026-05-18T14:32:08+09:00
20260401,205500,1042429,2025,11011,CFS,36722406111.0,1392536492.0,-3325720690.0,30098074615.0,73997083543.0,opendart,2026-05-18T14:32:08+09:00
20250401,206400,1043853,2024,11011,CFS,25295387824.0,-9704012940.0,-3592597930.0,95260737568.0,104745553211.0,opendart,2026-05-18T14:32:08+09:00
20260401,206400,1043853,2025,11011,CFS,4774718589.0,-5361474305.0,-24026574843.0,71852595478.0,78940240228.0,opendart,2026-05-18T14:32:08+09:00
20250401,206560,1021949,2024,11011,CFS,53688139351.0,-8895513452.0,-10736203823.0,48888931152.0,103565610601.0,opendart,2026-05-18T14:32:08+09:00
20260401,206560,1021949,2025,11011,CFS,55416993715.0,-6505871065.0,-6793621017.0,43316755645.0,110955446744.0,opendart,2026-05-18T14:32:08+09:00
20250401,206640,1046708,2024,11011,CFS,138160173429.0,26150858416.0,27220056540.0,223052758611.0,254674448283.0,opendart,2026-05-18T14:32:08+09:00
20260401,206640,1046708,2025,11011,CFS,162093303707.0,28940373359.0,23879556722.0,244177648002.0,281633435473.0,opendart,2026-05-18T14:32:08+09:00
20250401,206650,927558,2024,11011,OFS,96035297831.0,34321335803.0,18991722463.0,132032511461.0,202084808067.0,opendart,2026-05-18T14:32:08+09:00
20260401,206650,927558,2025,11011,OFS,149195024704.0,60663218448.0,41264003840.0,175356724098.0,240225281667.0,opendart,2026-05-18T14:32:08+09:00
20250401,207760,1047840,2024,11011,CFS,70341804726.0,-13552961926.0,-16743234375.0,58693479737.0,94852623352.0,opendart,2026-05-18T14:32:08+09:00
20260401,207760,1047840,2025,11011,CFS,67463445141.0,-2457410069.0,-18558584565.0,40409084890.0,66711853974.0,opendart,2026-05-18T14:32:08+09:00
20250401,207940,877059,2024,11011,CFS,4547322176421.0,1320052380133.0,1083315885986.0,10904676062018.0,17336296349511.0,opendart,2026-05-18T14:32:08+09:00
20260401,207940,877059,2025,11011,CFS,4556971695180.0,2069221266630.0,1784352060593.0,7451110647985.0,11060741976837.0,opendart,2026-05-18T14:32:08+09:00
20250401,208140,1047415,2024,11011,CFS,181956736442.0,14696194346.0,11795334186.0,134157768612.0,219626260254.0,opendart,2026-05-18T14:32:08+09:00
20260401,208140,1047415,2025,11011,CFS,160876384094.0,6751825397.0,6073965603.0,131581024573.0,215038440754.0,opendart,2026-05-18T14:32:08+09:00
20250401,208340,972293,2024,11011,CFS,3885545309.0,-7713071487.0,-6689654973.0,45925263577.0,54289151259.0,opendart,2026-05-18T14:32:08+09:00
20260401,208340,972293,2025,11011,CFS,9211305859.0,-10022611932.0,-5107959488.0,41560660385.0,72684882348.0,opendart,2026-05-18T14:32:08+09:00
20250401,208350,1047169,2024,11011,CFS,34122987523.0,1377556243.0,-1724343672.0,63649128676.0,85103437682.0,opendart,2026-05-18T14:32:08+09:00
20260401,208350,1047169,2025,11011,CFS,38927841312.0,2483169475.0,883843404.0,66381540620.0,87935331147.0,opendart,2026-05-18T14:32:08+09:00
20250401,208370,1047451,2024,11011,CFS,31702268070.0,3273928848.0,3151898805.0,63800621523.0,70223345563.0,opendart,2026-05-18T14:32:08+09:00
20260401,208370,1047451,2025,11011,CFS,30824695858.0,-161563032.0,3889027539.0,71125172624.0,78988210572.0,opendart,2026-05-18T14:32:08+09:00
20250401,208640,1049422,2024,11011,CFS,13975932832.0,-10168798530.0,-6887905081.0,22642022134.0,25094379023.0,opendart,2026-05-18T14:32:08+09:00
20260401,208640,1049422,2025,11011,CFS,6018579018.0,-7875912076.0,-9267354506.0,12926581648.0,14244997556.0,opendart,2026-05-18T14:32:08+09:00
20250401,208710,1047707,2024,11011,CFS,135706326881.0,-3415404843.0,-9610856320.0,53849624313.0,98898606681.0,opendart,2026-05-18T14:32:08+09:00
20260401,208710,1047707,2025,11011,CFS,128735265761.0,-45904604.0,-6360335882.0,47575057513.0,92708867424.0,opendart,2026-05-18T14:32:08+09:00
20250401,208860,1084364,2024,11011,OFS,11214636407.0,1789120145.0,3249177349.0,52184972888.0,59117377880.0,opendart,2026-05-18T14:32:08+09:00
20260401,208860,1084364,2025,11011,CFS,113733785377.0,2762848941.0,-6737113012.0,55598948423.0,112813039360.0,opendart,2026-05-18T14:32:08+09:00
20250401,209640,1023211,2024,11011,CFS,48533636570.0,-1266842685.0,394384071.0,78181301428.0,115726215848.0,opendart,2026-05-18T14:32:08+09:00
20260401,209640,1023211,2025,11011,CFS,46072766900.0,-3472858128.0,-3101243499.0,74489801386.0,123519529020.0,opendart,2026-05-18T14:32:08+09:00
20250401,210120,550082,2024,11011,OFS,9623601724.0,-5117290669.0,-7020090687.0,17165417106.0,40037534807.0,opendart,2026-05-18T14:32:08+09:00
20260401,210120,550082,2025,11011,OFS,3998663846.0,-1476911151.0,-8655993513.0,10004424164.0,35778267593.0,opendart,2026-05-18T14:32:08+09:00
20250401,210540,1059605,2024,11011,CFS,384584916210.0,25528660515.0,21927550477.0,293430635027.0,353395292441.0,opendart,2026-05-18T14:32:08+09:00
20260401,210540,1059605,2025,11011,CFS,382750873929.0,30429405841.0,25143819961.0,312542006683.0,375864370743.0,opendart,2026-05-18T14:32:08+09:00
20250401,210980,508344,2024,11011,CFS,870876606195.0,53670053560.0,44195042809.0,570030647132.0,1462224549572.0,opendart,2026-05-18T14:32:08+09:00
20260401,210980,508344,2025,11011,CFS,445824154145.0,37794681126.0,5402840328.0,578660183114.0,1586560899347.0,opendart,2026-05-18T14:32:08+09:00
20250401,211050,1013694,2024,11011,CFS,832258694000.0,86266641000.0,62026401000.0,147260448000.0,707431519000.0,opendart,2026-05-18T14:32:08+09:00
20260401,211050,1013694,2025,11011,CFS,1021768500000.0,94843958000.0,70953247000.0,214409548000.0,1001382010000.0,opendart,2026-05-18T14:32:08+09:00
20250401,211270,874803,2024,11011,OFS,58631773787.0,7300333201.0,10428439996.0,105220711236.0,135157457133.0,opendart,2026-05-18T14:32:08+09:00
20260401,211270,874803,2025,11011,OFS,47812373057.0,-4301222143.0,-2769859560.0,103864391012.0,126277188188.0,opendart,2026-05-18T14:32:08+09:00
20250401,212560,876865,2024,11011,OFS,218567206244.0,12640985758.0,17716275891.0,124078771644.0,217010317623.0,opendart,2026-05-18T14:32:08+09:00
20260401,212560,876865,2025,11011,OFS,232116353603.0,13666239562.0,14882921078.0,137559404708.0,224367055315.0,opendart,2026-05-18T14:32:08+09:00
20250401,212710,1208751,2024,11011,CFS,41086620121.0,637671808.0,558002264.0,8921065626.0,53057609986.0,opendart,2026-05-18T14:32:08+09:00
20260401,212710,1208751,2025,11011,CFS,32220867462.0,-5840989125.0,-4529475166.0,20549344192.0,61384239329.0,opendart,2026-05-18T14:32:08+09:00
20250401,213420,1061558,2024,11011,CFS,212252223722.0,52471548274.0,45760807753.0,399005359184.0,452311743362.0,opendart,2026-05-18T14:32:08+09:00
20260401,213420,1061558,2025,11011,CFS,344309797191.0,60742428308.0,53957306202.0,470459612961.0,714152331754.0,opendart,2026-05-18T14:32:08+09:00
20250401,213500,1060744,2024,11011,CFS,2215792424792.0,21991294920.0,-30395626661.0,687286304949.0,2016850557370.0,opendart,2026-05-18T14:32:08+09:00
20260401,213500,1060744,2025,11011,CFS,2290040442405.0,49932105257.0,3889085144.0,697642267848.0,1993741068936.0,opendart,2026-05-18T14:32:08+09:00
20250401,214150,1061327,2024,11011,CFS,242938965374.0,122442594301.0,97543753801.0,452643914758.0,608378808831.0,opendart,2026-05-18T14:32:08+09:00
20260401,214150,1061327,2025,11011,CFS,336819637856.0,170600874067.0,131970250448.0,551674456160.0,704649920208.0,opendart,2026-05-18T14:32:08+09:00
20250401,214180,1013311,2024,11011,CFS,319471899585.0,48856036252.0,34774243429.0,329720255396.0,692154515142.0,opendart,2026-05-18T14:32:08+09:00
20260401,214180,1013311,2025,11011,CFS,375822702346.0,50180560938.0,36792940394.0,359509411699.0,799310040167.0,opendart,2026-05-18T14:32:08+09:00
20250401,214260,1058101,2024,11011,CFS,27215365204.0,-3463000040.0,-5799509037.0,31631778237.0,76094755053.0,opendart,2026-05-18T14:32:08+09:00
20260401,214260,1058101,2025,11011,CFS,30987892335.0,-3033552891.0,-4741726030.0,30713793370.0,75077917566.0,opendart,2026-05-18T14:32:08+09:00
20250401,214270,1061497,2024,11011,CFS,265643193873.0,831520855.0,-60942952307.0,96097527325.0,325555790230.0,opendart,2026-05-18T14:32:08+09:00
20260401,214270,1061497,2025,11011,CFS,272289535445.0,30518488142.0,-15863077578.0,94111097121.0,379267320824.0,opendart,2026-05-18T14:32:08+09:00
20250401,214320,565154,2024,11011,CFS,2120578469848.0,155663117200.0,116121811100.0,1031880296378.0,2714582224859.0,opendart,2026-05-18T14:32:08+09:00
20260401,214320,565154,2025,11011,CFS,2146040997442.0,162799995269.0,108971717082.0,1093334133590.0,2781638255062.0,opendart,2026-05-18T14:32:08+09:00
20250401,214330,105606,2024,11011,CFS,444874773913.0,11887771514.0,-14939787368.0,305088945177.0,433457378286.0,opendart,2026-05-18T14:32:08+09:00
20260401,214330,105606,2025,11011,CFS,385404440556.0,6247101974.0,-23265095225.0,280743169642.0,400154254079.0,opendart,2026-05-18T14:32:08+09:00
20250401,214370,549891,2024,11011,CFS,82585947786.0,34249787129.0,32313654383.0,222977779434.0,240696868067.0,opendart,2026-05-18T14:32:08+09:00
20260401,214370,549891,2025,11011,CFS,72807992793.0,20399783833.0,20098549915.0,212474770623.0,231273422155.0,opendart,2026-05-18T14:32:08+09:00
20250401,214390,101664,2024,11011,OFS,238556125924.0,10453728086.0,4639325809.0,146154021841.0,283886655960.0,opendart,2026-05-18T14:32:08+09:00
20260401,214390,101664,2025,11011,OFS,264104056811.0,3518577342.0,182293090.0,145737670605.0,319537836305.0,opendart,2026-05-18T14:32:08+09:00
20250401,214420,816544,2024,11011,CFS,176995852869.0,12102080331.0,16588488900.0,116840358853.0,210769726620.0,opendart,2026-05-18T14:32:08+09:00
20260401,214420,816544,2025,11011,CFS,220273588910.0,14364820223.0,11404870523.0,125143415794.0,226602913355.0,opendart,2026-05-18T14:32:08+09:00
20250401,214430,612489,2024,11011,OFS,120701833274.0,14759928402.0,14967379485.0,105685894097.0,146830987113.0,opendart,2026-05-18T14:32:08+09:00
20260401,214430,612489,2025,11011,OFS,124275749815.0,16458043794.0,18783320910.0,139728568887.0,189547523513.0,opendart,2026-05-18T14:32:08+09:00
20250401,214450,970453,2024,11011,CFS,350115068641.0,126050757121.0,88943035620.0,569440798163.0,855700916352.0,opendart,2026-05-18T14:32:08+09:00
20260401,214450,970453,2025,11011,CFS,536289118812.0,214395758571.0,168255434874.0,723877585619.0,1043888016418.0,opendart,2026-05-18T14:32:08+09:00
20250401,214610,1049167,2024,11011,CFS,4640103575.0,-19234571811.0,-29335369421.0,25885177108.0,54466556163.0,opendart,2026-05-18T14:32:08+09:00
20260401,214610,1049167,2025,11011,OFS,10884865055.0,-9935154074.0,-24099001800.0,15942458267.0,25363452677.0,opendart,2026-05-18T14:32:08+09:00
20250401,214680,1062867,2024,11011,CFS,97559283895.0,-12105281060.0,-19290835020.0,72801278974.0,179346285736.0,opendart,2026-05-18T14:32:08+09:00
20260401,214680,1062867,2025,11011,CFS,116304065586.0,-13893567667.0,-24029449944.0,76765000755.0,201879013671.0,opendart,2026-05-18T14:32:08+09:00
20250401,214870,820389,2024,11011,CFS,6294683245.0,-6311183178.0,-4533142674.0,-18520870182.0,12525520634.0,opendart,2026-05-18T14:32:08+09:00
20250401,215000,1067516,2024,11011,CFS,619981380425.0,95827273929.0,42042966091.0,446700744744.0,665498884426.0,opendart,2026-05-18T14:32:08+09:00
20260401,215000,1067516,2025,11011,CFS,483261063779.0,68070895156.0,12862007732.0,438933561300.0,617553142943.0,opendart,2026-05-18T14:32:08+09:00
20250401,215090,1063884,2024,11011,OFS,21756567908.0,3032802358.0,10984714023.0,40966956407.0,48133197619.0,opendart,2026-05-18T14:32:08+09:00
20260401,215090,1063884,2025,11011,CFS,26761166493.0,1324012697.0,3103273766.0,52178273921.0,60029463229.0,opendart,2026-05-18T14:32:08+09:00
20250401,215100,1063990,2024,11011,CFS,13494458497.0,-1535515970.0,-106796442.0,31049632648.0,33401057469.0,opendart,2026-05-18T14:32:08+09:00
20260401,215100,1063990,2025,11011,CFS,13362404287.0,-1959290758.0,-1352049472.0,29807802411.0,31911288271.0,opendart,2026-05-18T14:32:08+09:00
20250401,215200,1074862,2024,11011,CFS,942249234214.0,123624491071.0,50154643118.0,466740892004.0,878342477244.0,opendart,2026-05-18T14:32:08+09:00
20260401,215200,1074862,2025,11011,CFS,884944540620.0,121019655273.0,92935243694.0,520580075368.0,896212661192.0,opendart,2026-05-18T14:32:08+09:00
20250401,215360,1077577,2024,11011,CFS,510572103789.0,14962515848.0,13294680103.0,111941804730.0,324535494520.0,opendart,2026-05-18T14:32:08+09:00
20260401,215360,1077577,2025,11011,CFS,532037735923.0,18673812723.0,14210042480.0,123376072478.0,342192018412.0,opendart,2026-05-18T14:32:08+09:00
20250401,215380,1065013,2024,11011,OFS,43199732726.0,1784598077.0,225298687.0,29372956885.0,94699062089.0,opendart,2026-05-18T14:32:08+09:00
20260401,215380,1065013,2025,11011,OFS,37587048396.0,-3904140658.0,-5546594984.0,23377942347.0,86795099511.0,opendart,2026-05-18T14:32:08+09:00
20250401,215480,1064069,2024,11011,CFS,44675878367.0,1170962524.0,-575786787.0,32843005338.0,42674007986.0,opendart,2026-05-18T14:32:08+09:00
20260401,215480,1064069,2025,11011,CFS,39699702190.0,4064386.0,-1248032193.0,31810432838.0,37543038093.0,opendart,2026-05-18T14:32:08+09:00
20250401,215600,919966,2024,11011,CFS,3926654280.0,-26768169823.0,-26525745518.0,131817269896.0,149015779476.0,opendart,2026-05-18T14:32:08+09:00
20260401,215600,919966,2025,11011,CFS,9225416503.0,-25587648216.0,-24189964056.0,110121958153.0,116812366621.0,opendart,2026-05-18T14:32:08+09:00
20250401,215790,1065679,2024,11011,CFS,41174829794.0,-27453545813.0,-39431644912.0,44405960645.0,46852992695.0,opendart,2026-05-18T14:32:08+09:00
20260401,215790,1065679,2025,11011,CFS,43686995895.0,-9189011471.0,-11122636619.0,34177979279.0,65158147611.0,opendart,2026-05-18T14:32:08+09:00
20250401,216050,819073,2024,11011,CFS,48816848300.0,10029764213.0,9732538554.0,120023471243.0,283724089626.0,opendart,2026-05-18T14:32:08+09:00
20260401,216050,819073,2025,11011,CFS,50489819501.0,11511543082.0,11986480201.0,129997941332.0,294740116405.0,opendart,2026-05-18T14:32:08+09:00
20250401,216080,1222867,2024,11011,CFS,68520182954.0,4110925721.0,-2605426220.0,71427922822.0,222716913359.0,opendart,2026-05-18T14:32:08+09:00
20260401,216080,1222867,2025,11011,CFS,76902884066.0,3819154313.0,-7440739548.0,65002307140.0,209135993481.0,opendart,2026-05-18T14:32:08+09:00
20250401,217190,666204,2024,11011,CFS,68738086291.0,6541441909.0,6120856735.0,49863404872.0,86382041318.0,opendart,2026-05-18T14:32:08+09:00
20260401,217190,666204,2025,11011,CFS,56757244825.0,1029264332.0,947262337.0,,,opendart,2026-05-18T14:32:08+09:00
20250401,217270,1067808,2024,11011,CFS,121600718535.0,9605576935.0,4752343681.0,370414959421.0,407453681824.0,opendart,2026-05-18T14:32:08+09:00
20260401,217270,1067808,2025,11011,CFS,122530715081.0,2492318946.0,-40603966106.0,315950778039.0,359324163055.0,opendart,2026-05-18T14:32:08+09:00
20250401,217330,1046391,2024,11011,CFS,10910643036.0,-10665601019.0,-17116101889.0,48942969389.0,72478061994.0,opendart,2026-05-18T14:32:08+09:00
20260401,217330,1046391,2025,11011,CFS,26054851084.0,-8163323622.0,-12339826935.0,35992833603.0,62240155860.0,opendart,2026-05-18T14:32:08+09:00
20250401,217480,1099667,2024,11011,CFS,34471256404.0,-9237953365.0,-14761589278.0,29796961150.0,60687568267.0,opendart,2026-05-18T14:32:08+09:00
20260401,217480,1099667,2025,11011,CFS,30069469569.0,-6324592211.0,-7490121078.0,29903311467.0,48001780862.0,opendart,2026-05-18T14:32:08+09:00
20250401,217500,1068348,2024,11011,CFS,37480561135.0,2044102591.0,4197081329.0,59359965615.0,77577166568.0,opendart,2026-05-18T14:32:08+09:00
20260401,217500,1068348,2025,11011,CFS,27069629521.0,-5172521330.0,-5080779930.0,53447773981.0,65439293550.0,opendart,2026-05-18T14:32:08+09:00
20260401,217590,949161,2025,11011,CFS,340884970260.0,6428935433.0,-585324958.0,110834489648.0,237113294850.0,opendart,2026-05-18T14:32:08+09:00
20250401,217620,1068658,2024,11011,OFS,35162638377.0,-6747268765.0,-7349547519.0,-5906342665.0,28639975717.0,opendart,2026-05-18T14:32:08+09:00
20250401,217730,1025644,2024,11011,OFS,7745823635.0,-14842348178.0,-7989963571.0,43182021406.0,55986114034.0,opendart,2026-05-18T14:32:08+09:00
20260401,217730,1025644,2025,11011,CFS,3572463936.0,-17668125114.0,-10467365815.0,69060334821.0,81493316993.0,opendart,2026-05-18T14:32:08+09:00
20250401,217820,1020843,2024,11011,CFS,294707929332.0,-48747677799.0,-63680547712.0,79469360623.0,479895671145.0,opendart,2026-05-18T14:32:08+09:00
20260401,217820,1020843,2025,11011,CFS,390690915662.0,1397938282.0,914994019.0,102420064389.0,316302513296.0,opendart,2026-05-18T14:32:08+09:00
20250401,218150,1071944,2024,11011,CFS,62453269047.0,183738401.0,-419728670.0,45671928034.0,63909287180.0,opendart,2026-05-18T14:32:08+09:00
20260401,218150,1071944,2025,11011,CFS,67554559835.0,-1442979294.0,-2989604139.0,42752818381.0,58963721591.0,opendart,2026-05-18T14:32:08+09:00
20250401,218410,1078178,2024,11011,CFS,114875963020.0,1529788265.0,19698779772.0,357960809650.0,482949216872.0,opendart,2026-05-18T14:32:08+09:00
20260401,218410,1078178,2025,11011,CFS,185803786324.0,30889493523.0,35505822915.0,396459689603.0,546184500788.0,opendart,2026-05-18T14:32:08+09:00
20250401,219130,617314,2024,11011,OFS,61822374891.0,-1917120511.0,274948716.0,52961621182.0,77109605399.0,opendart,2026-05-18T14:32:08+09:00
20260401,219130,617314,2025,11011,OFS,80678580109.0,7219453124.0,5271825225.0,58255502349.0,90254501542.0,opendart,2026-05-18T14:32:08+09:00
20250401,219420,1109955,2024,11011,CFS,13103612792.0,-79622763.0,-670234853.0,45004307047.0,49039236064.0,opendart,2026-05-18T14:32:08+09:00
20260401,219420,1109955,2025,11011,CFS,16975060498.0,1218849843.0,2837637177.0,47955243760.0,52675476049.0,opendart,2026-05-18T14:32:08+09:00
20250401,219550,1089378,2024,11011,OFS,37382987970.0,-49609839.0,-59121080022.0,10017002892.0,30071771936.0,opendart,2026-05-18T14:32:08+09:00
20260401,219550,1089378,2025,11011,CFS,44903125580.0,-489699688.0,-13721981070.0,10119205180.0,29944164009.0,opendart,2026-05-18T14:32:08+09:00
20250401,219750,1031229,2024,11011,OFS,30135373919.0,987995029.0,-160679488.0,28235065071.0,42648207422.0,opendart,2026-05-18T14:32:08+09:00
20260401,219750,1031229,2025,11011,OFS,32030669908.0,-2851743340.0,-3931723558.0,24303341513.0,44244918539.0,opendart,2026-05-18T14:32:08+09:00
20250401,220100,1053540,2024,11011,CFS,17293266226.0,-9467489583.0,-9425301200.0,54516963988.0,74421441480.0,opendart,2026-05-18T14:32:08+09:00
20260401,220100,1053540,2025,11011,CFS,18670511678.0,-7752938320.0,43435726.0,54831166996.0,74530577453.0,opendart,2026-05-18T14:32:08+09:00
20250401,220180,793155,2024,11011,CFS,28374934326.0,-1990002220.0,597764468.0,68580078119.0,83808041846.0,opendart,2026-05-18T14:32:08+09:00
20260401,220180,793155,2025,11011,CFS,31443569900.0,-481396412.0,641990801.0,78286573728.0,90160038997.0,opendart,2026-05-18T14:32:08+09:00
20250401,220260,1089350,2024,11011,OFS,50308795651.0,3787073763.0,5143575625.0,66656747640.0,125696323085.0,opendart,2026-05-18T14:32:08+09:00
20260401,220260,1089350,2025,11011,OFS,56809696904.0,1048331370.0,-11841396874.0,54725039362.0,124211924370.0,opendart,2026-05-18T14:32:08+09:00
20250401,221800,1026616,2024,11011,OFS,25040388758.0,-3126636515.0,-2840499099.0,34427465466.0,44982871348.0,opendart,2026-05-18T14:32:08+09:00
20260401,221800,1026616,2025,11011,OFS,25593121755.0,-2357982614.0,-1642048771.0,42302215887.0,52510815327.0,opendart,2026-05-18T14:32:08+09:00
20250401,221840,688358,2024,11011,CFS,86545570784.0,-2233544512.0,-9082713921.0,40195442189.0,113780919807.0,opendart,2026-05-18T14:32:08+09:00
20260401,221840,688358,2025,11011,CFS,84621119162.0,4601007049.0,2358001754.0,45064314215.0,116731303663.0,opendart,2026-05-18T14:32:08+09:00
20250401,221980,370918,2024,11011,CFS,62416153464.0,7468869804.0,5386914490.0,100896412058.0,131933824881.0,opendart,2026-05-18T14:32:08+09:00
20260401,221980,370918,2025,11011,CFS,62897420640.0,6968496197.0,3505025588.0,102574828140.0,128056414328.0,opendart,2026-05-18T14:32:08+09:00
20250401,222040,656289,2024,11011,CFS,317985309667.0,9904529646.0,-5448374694.0,62002278315.0,317245824064.0,opendart,2026-05-18T14:32:08+09:00
20260401,222040,656289,2025,11011,CFS,287479069571.0,4002712982.0,-15078947845.0,48842379358.0,282958913247.0,opendart,2026-05-18T14:32:08+09:00
20250401,222080,1090471,2024,11011,CFS,508540762515.0,59345580400.0,56177600698.0,478739602530.0,733820121618.0,opendart,2026-05-18T14:32:08+09:00
20260401,222080,1090471,2025,11011,CFS,407181174584.0,33510401320.0,28731605551.0,507689682230.0,660203408842.0,opendart,2026-05-18T14:32:08+09:00
20250401,222110,962922,2024,11011,OFS,14672686810.0,1020165959.0,943686868.0,24908713346.0,30544682369.0,opendart,2026-05-18T14:32:08+09:00
20260401,222110,962922,2025,11011,OFS,13416632780.0,1506235749.0,2050626610.0,29924129056.0,32700285210.0,opendart,2026-05-18T14:32:08+09:00
20250401,222160,1037542,2024,11011,CFS,8293471882.0,-3205373321.0,-3032458683.0,20591397758.0,22345945004.0,opendart,2026-05-18T14:32:08+09:00
20260401,222160,1037542,2025,11011,CFS,3647598567.0,-14635342414.0,-15716936622.0,4488669254.0,6213216901.0,opendart,2026-05-18T14:32:08+09:00
20250401,222420,1091054,2024,11011,OFS,31548983520.0,954775109.0,-2525300979.0,34566952642.0,87337781247.0,opendart,2026-05-18T14:32:08+09:00
20260401,222420,1091054,2025,11011,OFS,35638307740.0,3169827293.0,1348808906.0,37041355357.0,80807849763.0,opendart,2026-05-18T14:32:08+09:00
20250401,222800,1095722,2024,11011,CFS,1231421381070.0,-46969220820.0,-31044704373.0,448475401000.0,1443279296879.0,opendart,2026-05-18T14:32:08+09:00
20260401,222800,1095722,2025,11011,CFS,1410559919451.0,11868602919.0,-164580357473.0,576366152429.0,1620329743829.0,opendart,2026-05-18T14:32:08+09:00
20250401,222810,1091382,2024,11011,CFS,55155664182.0,-8893191605.0,-26894275816.0,2710806757.0,35563577909.0,opendart,2026-05-18T14:32:08+09:00
20260401,222810,1091382,2025,11011,CFS,12072117094.0,-5587148199.0,-8592771310.0,-2392071528.0,19772571986.0,opendart,2026-05-18T14:32:08+09:00
20250401,222980,579139,2024,11011,CFS,88832089424.0,571296895.0,-351697655.0,38205175034.0,81317586081.0,opendart,2026-05-18T14:32:08+09:00
20260401,222980,579139,2025,11011,CFS,96309714203.0,-1104575559.0,-1277620959.0,37166087351.0,83165714018.0,opendart,2026-05-18T14:32:08+09:00
20250401,223250,916826,2024,11011,CFS,58653219588.0,5057419117.0,5412966126.0,76555187296.0,118538334937.0,opendart,2026-05-18T14:32:08+09:00
20260401,223250,916826,2025,11011,CFS,66631382584.0,5237820169.0,7508007182.0,85796852557.0,161841316234.0,opendart,2026-05-18T14:32:08+09:00
20250401,223310,1075126,2024,11011,CFS,21744455014.0,-3220882649.0,-10367381699.0,21117877477.0,35281055388.0,opendart,2026-05-18T14:32:08+09:00
20260401,223310,1075126,2025,11011,CFS,18896124016.0,-7477162029.0,-31524469694.0,17264605310.0,69196205413.0,opendart,2026-05-18T14:32:08+09:00
20250401,224060,530413,2024,11011,CFS,33516116341.0,-3707153690.0,-7820775245.0,26060471030.0,94050804397.0,opendart,2026-05-18T14:32:08+09:00
20260401,224060,530413,2025,11011,CFS,25266240903.0,-830924048.0,-15723843138.0,10751874697.0,72309703321.0,opendart,2026-05-18T14:32:08+09:00
20250401,224110,1099861,2024,11011,CFS,104182493058.0,7869909361.0,19676978755.0,98593618162.0,147689380996.0,opendart,2026-05-18T14:32:08+09:00
20260401,224110,1099861,2025,11011,OFS,64276763286.0,6170645077.0,684538859.0,69533305940.0,95296083263.0,opendart,2026-05-18T14:32:08+09:00
20250401,225190,992543,2024,11011,CFS,32015353229.0,-3226899816.0,-1452921703.0,27859628765.0,43376763929.0,opendart,2026-05-18T14:32:08+09:00
20260401,225190,992543,2025,11011,CFS,21406322851.0,-16851147157.0,-18585289310.0,33266848088.0,45265711594.0,opendart,2026-05-18T14:32:08+09:00
20250401,225220,1062177,2024,11011,CFS,7135737397.0,-9163973133.0,-7208794822.0,80396845336.0,106452770644.0,opendart,2026-05-18T14:32:08+09:00
20260401,225220,1062177,2025,11011,CFS,9404347334.0,-8641919728.0,-12589592571.0,67878596436.0,93786805001.0,opendart,2026-05-18T14:32:08+09:00
20250401,225430,1095704,2024,11011,OFS,14474795637.0,-2569066609.0,-4573316063.0,32615111338.0,48973234559.0,opendart,2026-05-18T14:32:08+09:00
20260401,225430,1095704,2025,11011,OFS,15989987109.0,-2922979774.0,-3968100959.0,28266397321.0,46393264312.0,opendart,2026-05-18T14:32:08+09:00
20250401,225530,568461,2024,11011,CFS,63877146203.0,8863028851.0,5238946053.0,99733465686.0,179145646984.0,opendart,2026-05-18T14:32:08+09:00
20260401,225530,568461,2025,11011,CFS,38493462752.0,-4871625215.0,-2492104615.0,91943542228.0,175263808874.0,opendart,2026-05-18T14:32:08+09:00
20250401,225570,1096341,2024,11011,CFS,256071097561.0,38733545039.0,31444036124.0,312706441653.0,487204948999.0,opendart,2026-05-18T14:32:08+09:00
20260401,225570,1096341,2025,11011,CFS,179316825078.0,-60239594834.0,-61819864786.0,254873786323.0,404480249030.0,opendart,2026-05-18T14:32:08+09:00
20250401,225590,1101041,2024,11011,CFS,104601417270.0,1656397588.0,1114459374.0,74886242961.0,100670190472.0,opendart,2026-05-18T14:32:08+09:00
20260401,225590,1101041,2025,11011,CFS,106300788661.0,8362910740.0,2684042787.0,77806985724.0,103901301286.0,opendart,2026-05-18T14:32:08+09:00
20250401,226320,911955,2024,11011,CFS,142430717571.0,17884231708.0,29732576714.0,487448466268.0,516038762059.0,opendart,2026-05-18T14:32:08+09:00
20260401,226320,911955,2025,11011,CFS,153387097887.0,19214878133.0,32603463204.0,506293295610.0,535717320063.0,opendart,2026-05-18T14:32:08+09:00
20250401,226330,1344336,2024,11011,CFS,120887133.0,-14269530180.0,-7213184096.0,24943253107.0,43714974994.0,opendart,2026-05-18T14:32:08+09:00
20260401,226330,1344336,2025,11011,CFS,3429231736.0,-10764609170.0,-17378023885.0,31779056306.0,46534749599.0,opendart,2026-05-18T14:32:08+09:00
20250401,226340,1098792,2024,11011,CFS,68713049924.0,1722488557.0,-9379026994.0,52813789441.0,82610317955.0,opendart,2026-05-18T14:32:08+09:00
20260401,226340,1098792,2025,11011,CFS,46013164919.0,-8329529377.0,-15890992024.0,36079740409.0,56337524230.0,opendart,2026-05-18T14:32:08+09:00
20250401,226360,1097906,2024,11011,CFS,32876571007.0,-1056382303.0,-22532591761.0,102255587018.0,136462577694.0,opendart,2026-05-18T14:32:08+09:00
20260401,226360,1097906,2025,11011,CFS,17154989856.0,-8603088638.0,-47669558582.0,70728759019.0,107481729041.0,opendart,2026-05-18T14:32:08+09:00
20250401,226400,1082348,2024,11011,CFS,34234509043.0,6885710035.0,5649607026.0,59324467784.0,89920353491.0,opendart,2026-05-18T14:32:08+09:00
20260401,226400,1082348,2025,11011,CFS,45393099435.0,8863962789.0,7498732160.0,67577172704.0,100428294354.0,opendart,2026-05-18T14:32:08+09:00
20250401,226440,1101722,2024,11011,CFS,6828191337.0,-3759249862.0,-7634954054.0,6061480121.0,24200008853.0,opendart,2026-05-18T14:32:08+09:00
20260401,226440,1101722,2025,11011,OFS,25405268539.0,2226109520.0,531414329.0,6546619200.0,12549796937.0,opendart,2026-05-18T14:32:08+09:00
20250401,226590,1022142,2024,11011,OFS,48305247339.0,4976243658.0,3190068169.0,26285702635.0,35218580533.0,opendart,2026-05-18T14:32:08+09:00
20260401,226590,1022142,2025,11011,CFS,96491049515.0,11542472268.0,10677826023.0,47928405877.0,96808497770.0,opendart,2026-05-18T14:32:08+09:00
20250401,226950,1113718,2024,11011,CFS,5677151911.0,-30918594163.0,-40658699598.0,18472649178.0,71249226328.0,opendart,2026-05-18T14:32:08+09:00
20260401,226950,1113718,2025,11011,CFS,14666854279.0,-29972430134.0,-15742651455.0,150078672129.0,195365962787.0,opendart,2026-05-18T14:32:08+09:00
20250401,227100,1207761,2024,11011,CFS,66930266971.0,-34505881239.0,-32197043608.0,4564201971.0,48933783141.0,opendart,2026-05-18T14:32:08+09:00
20250401,227610,1080687,2024,11011,CFS,34685968494.0,-3367749311.0,-6894851566.0,21340463689.0,53240994881.0,opendart,2026-05-18T14:32:08+09:00
20260401,227610,1080687,2025,11011,CFS,42385393255.0,-1810505836.0,-3637735412.0,18374829934.0,57848657221.0,opendart,2026-05-18T14:32:08+09:00
20250401,227840,1108099,2024,11011,CFS,215603853858.0,19505312560.0,42303205820.0,304435935145.0,376109428033.0,opendart,2026-05-18T14:32:08+09:00
20260401,227840,1108099,2025,11011,CFS,250225826000.0,21370156000.0,36164330000.0,327912562000.0,407840840000.0,opendart,2026-05-18T14:32:08+09:00
20250401,227950,1105621,2024,11011,CFS,13614360273.0,-3521641514.0,-25257893808.0,86567527434.0,93602514029.0,opendart,2026-05-18T14:32:08+09:00
20260401,227950,1105621,2025,11011,CFS,28763646487.0,9439321153.0,18963126197.0,127709935824.0,149005304099.0,opendart,2026-05-18T14:32:08+09:00
20250401,228340,993931,2024,11011,OFS,56562644985.0,-4415778041.0,-5272778481.0,122795161178.0,128446118144.0,opendart,2026-05-18T14:32:08+09:00
20260401,228340,993931,2025,11011,OFS,55925560654.0,-4747883002.0,-7267277851.0,115534508913.0,121542283130.0,opendart,2026-05-18T14:32:08+09:00
20250401,228670,828761,2024,11011,CFS,79842593595.0,-44253559054.0,-63327050976.0,74418634726.0,204215176234.0,opendart,2026-05-18T14:32:08+09:00
20260401,228670,828761,2025,11011,CFS,111322950252.0,-9787646631.0,467155984.0,74795464934.0,192240432312.0,opendart,2026-05-18T14:32:08+09:00
20250401,228760,1108248,2024,11011,CFS,2362308212.0,-15313390631.0,-10390393104.0,124319609160.0,130675426981.0,opendart,2026-05-18T14:32:08+09:00
20260401,228760,1108248,2025,11011,CFS,3760069687.0,-11297824846.0,-9125040074.0,115309590904.0,120761654080.0,opendart,2026-05-18T14:32:08+09:00
20250401,228850,899459,2024,11011,CFS,125563733952.0,6631405390.0,7749176261.0,244668362161.0,269215854738.0,opendart,2026-05-18T14:32:08+09:00
20260401,228850,899459,2025,11011,CFS,114722998848.0,-3950343370.0,-5321323098.0,237365638750.0,261215994854.0,opendart,2026-05-18T14:32:08+09:00
20250401,229000,1051472,2024,11011,OFS,5133768897.0,-8529370119.0,-4147842273.0,14896659415.0,30044054132.0,opendart,2026-05-18T14:32:08+09:00
20260401,229000,1051472,2025,11011,OFS,7548219535.0,-6567914795.0,-7386196311.0,16368985990.0,32107494024.0,opendart,2026-05-18T14:32:08+09:00
20250401,229640,1093007,2024,11011,CFS,868966083143.0,44768330622.0,35346547804.0,196973509173.0,488677147541.0,opendart,2026-05-18T14:32:08+09:00
20260401,229640,1093007,2025,11011,CFS,960056115154.0,66778106845.0,48475789714.0,225768642125.0,491338506590.0,opendart,2026-05-18T14:32:08+09:00
20250401,230240,1108442,2024,11011,CFS,157094151451.0,-20237323354.0,-18485166525.0,158813332783.0,271084802354.0,opendart,2026-05-18T14:32:08+09:00
20260401,230240,1108442,2025,11011,CFS,141982727703.0,-1582194663.0,-49269972.0,158571880168.0,280656523386.0,opendart,2026-05-18T14:32:08+09:00
20250401,230360,1029394,2024,11011,CFS,357201038603.0,46967630959.0,36235474007.0,282475384729.0,403794144019.0,opendart,2026-05-18T14:32:08+09:00
20260401,230360,1029394,2025,11011,CFS,448812711590.0,45446622735.0,17687233782.0,265995310317.0,420946238182.0,opendart,2026-05-18T14:32:08+09:00
20250401,230980,1110076,2024,11011,CFS,7245956200.0,-6502081186.0,-8320547012.0,6616907233.0,40274974034.0,opendart,2026-05-18T14:32:08+09:00
20260401,230980,1110076,2025,11011,CFS,9707685673.0,-307654352.0,-1110230049.0,2051989791.0,31281167927.0,opendart,2026-05-18T14:32:08+09:00
20250401,232140,1109539,2024,11011,CFS,211241210832.0,10599506307.0,12926037556.0,418212295510.0,576855440421.0,opendart,2026-05-18T14:32:08+09:00
20260401,232140,1109539,2025,11011,CFS,272629978227.0,16989848287.0,28984367217.0,476196299410.0,607188961441.0,opendart,2026-05-18T14:32:08+09:00
20250401,232680,911229,2024,11011,CFS,49240287501.0,2485670495.0,5231474815.0,32332094946.0,61404943125.0,opendart,2026-05-18T14:32:08+09:00
20260401,232680,911229,2025,11011,CFS,53842351768.0,3949991226.0,3691284355.0,35744236363.0,66916034813.0,opendart,2026-05-18T14:32:08+09:00
20250401,232830,1113499,2024,11011,CFS,104423115134.0,-1569770960.0,-2515762751.0,11127870768.0,146246219892.0,opendart,2026-05-18T14:32:08+09:00
20260401,232830,1113499,2025,11011,CFS,269551291750.0,-302711455.0,-4594086807.0,26006165423.0,203148172712.0,opendart,2026-05-18T14:32:08+09:00
20260401,234030,874168,2025,11011,CFS,154563595625.0,2512181957.0,1770374325.0,36545999573.0,63725753621.0,opendart,2026-05-18T14:32:08+09:00
20250401,234080,225706,2024,11011,CFS,222478095665.0,35857988755.0,43987530998.0,200444748408.0,325323614449.0,opendart,2026-05-18T14:32:08+09:00
20260401,234080,225706,2025,11011,CFS,257829408646.0,33244199432.0,28605864009.0,220578062722.0,318205789712.0,opendart,2026-05-18T14:32:08+09:00
20250401,234100,617998,2024,11011,CFS,204644289190.0,1153387563.0,13824022504.0,329802618193.0,402949120526.0,opendart,2026-05-18T14:32:08+09:00
20260401,234100,617998,2025,11011,CFS,242634611034.0,3350311645.0,2969287782.0,382742011272.0,455535894278.0,opendart,2026-05-18T14:32:08+09:00
20250401,234300,1014055,2024,11011,CFS,189044828063.0,11312230078.0,5966862224.0,98462042879.0,189395819777.0,opendart,2026-05-18T14:32:08+09:00
20260401,234300,1014055,2025,11011,CFS,168238551225.0,8956631429.0,4946488369.0,102238654167.0,172855230596.0,opendart,2026-05-18T14:32:08+09:00
20250401,234340,763701,2024,11011,CFS,159308044324.0,13293369221.0,8974108141.0,151361613126.0,451570431552.0,opendart,2026-05-18T14:32:08+09:00
20260401,234340,763701,2025,11011,CFS,187435598839.0,15577801607.0,8824797927.0,179149221033.0,531282713389.0,opendart,2026-05-18T14:32:08+09:00
20250401,234690,1135057,2024,11011,CFS,133804572383.0,12963520153.0,7069229846.0,104952958736.0,161526536890.0,opendart,2026-05-18T14:32:08+09:00
20260401,234690,1135057,2025,11011,CFS,164680042293.0,17294018774.0,10010782635.0,112703404746.0,222249644479.0,opendart,2026-05-18T14:32:08+09:00
20250401,234920,1020524,2024,11011,OFS,12070713092.0,-4893935821.0,-6766744924.0,24580450414.0,54643848779.0,opendart,2026-05-18T14:32:08+09:00
20260401,234920,1020524,2025,11011,OFS,8229529017.0,-3655835248.0,-5372796926.0,19207653488.0,49719311897.0,opendart,2026-05-18T14:32:08+09:00
20250401,235980,1336373,2024,11011,CFS,0.0,-21815962051.0,-20140350644.0,57743233567.0,60785298595.0,opendart,2026-05-18T14:32:08+09:00
20260401,235980,1336373,2025,11011,CFS,3898477868.0,-14018507792.0,-12810783521.0,45981935074.0,48663157624.0,opendart,2026-05-18T14:32:08+09:00
20250401,236200,1124653,2024,11011,CFS,108231735860.0,23285437816.0,32487210763.0,236656973706.0,260128506748.0,opendart,2026-05-18T14:32:08+09:00
20260401,236200,1124653,2025,11011,CFS,137302003098.0,32744704137.0,32376990226.0,271121494696.0,299911238615.0,opendart,2026-05-18T14:32:08+09:00
20250401,236810,1051065,2024,11011,CFS,16947617.0,-3341111242.0,-6606622743.0,25335950860.0,69246630370.0,opendart,2026-05-18T14:32:08+09:00
20260401,236810,1051065,2025,11011,CFS,5152107093.0,-6500747571.0,-4536651613.0,20796509651.0,35757066678.0,opendart,2026-05-18T14:32:08+09:00
20250401,237690,871833,2024,11011,CFS,273751342840.0,27692533192.0,32463839888.0,502991186991.0,721875709831.0,opendart,2026-05-18T14:32:08+09:00
20260401,237690,871833,2025,11011,CFS,331681282447.0,54932543750.0,54561944733.0,593003682348.0,782566948564.0,opendart,2026-05-18T14:32:08+09:00
20250401,237750,525864,2024,11011,OFS,34734455092.0,1792227100.0,2236513913.0,67899413844.0,97287389508.0,opendart,2026-05-18T14:32:08+09:00
20260401,237750,525864,2025,11011,OFS,27609157326.0,20016706.0,-17916681992.0,43790280392.0,82282204233.0,opendart,2026-05-18T14:32:08+09:00
20250401,237820,862853,2024,11011,OFS,38614111514.0,4001982311.0,4300661190.0,85708884420.0,134692731941.0,opendart,2026-05-18T14:32:08+09:00
20260401,237820,862853,2025,11011,CFS,40227143049.0,6224756280.0,5872618681.0,91009360316.0,145390355507.0,opendart,2026-05-18T14:32:08+09:00
20250401,237880,957735,2024,11011,CFS,351365821349.0,24602690232.0,27155971328.0,233892856254.0,295426371283.0,opendart,2026-05-18T14:32:08+09:00
20260401,237880,957735,2025,11011,CFS,328903470798.0,16435917068.0,13222646363.0,240875374419.0,299252972651.0,opendart,2026-05-18T14:32:08+09:00
20250401,238090,942131,2024,11011,CFS,52450485422.0,1950936711.0,-31061269193.0,90250499149.0,105877525166.0,opendart,2026-05-18T14:32:08+09:00
20260401,238090,942131,2025,11011,CFS,50413982329.0,4813971171.0,5247273837.0,95452893902.0,108626217861.0,opendart,2026-05-18T14:32:08+09:00
20250401,238120,1073678,2024,11011,CFS,15777579149.0,2779561522.0,4128033777.0,35494356134.0,44275016240.0,opendart,2026-05-18T14:32:08+09:00
20260401,238120,1073678,2025,11011,CFS,16015916140.0,2442895493.0,2911419463.0,37161351742.0,57794757767.0,opendart,2026-05-18T14:32:08+09:00
20250401,238200,1109070,2024,11011,CFS,12350094585.0,-4491557478.0,-5395286546.0,46685550044.0,61212430973.0,opendart,2026-05-18T14:32:08+09:00
20260401,238200,1109070,2025,11011,CFS,19678962044.0,1403074063.0,-192738194.0,45929764827.0,61302323713.0,opendart,2026-05-18T14:32:08+09:00
20250401,238490,556712,2024,11011,CFS,23732550.0,168690245.0,2710625998.0,70686925656.0,86681039490.0,opendart,2026-05-18T14:32:08+09:00
20260401,238490,556712,2025,11011,OFS,597688685.0,-7530927546.0,-12520976720.0,58161987983.0,89181987012.0,opendart,2026-05-18T14:32:08+09:00
20250401,239340,1128622,2024,11011,CFS,16398804579.0,-4805446020.0,-4991837142.0,21366688523.0,36848581638.0,opendart,2026-05-18T14:32:08+09:00
20260401,239340,1128622,2025,11011,CFS,15584000821.0,-5578288845.0,-6368724671.0,15107786154.0,33484813523.0,opendart,2026-05-18T14:32:08+09:00
20250401,239610,1011438,2024,11011,CFS,17664168768.0,-9859262203.0,-7966187665.0,94626654116.0,97778172911.0,opendart,2026-05-18T14:32:08+09:00
20260401,239610,1011438,2025,11011,CFS,16705710069.0,-11051574087.0,-11949100121.0,82770166755.0,85044689179.0,opendart,2026-05-18T14:32:08+09:00
20250401,239890,1112889,2024,11011,OFS,33592601051.0,2535571208.0,3386842164.0,52265913016.0,71332578086.0,opendart,2026-05-18T14:32:08+09:00
20260401,239890,1112889,2025,11011,OFS,1212358439.0,2194119359.0,2870442435.0,55596139735.0,67213925448.0,opendart,2026-05-18T14:32:08+09:00
20250401,240550,1073261,2024,11011,CFS,105113645139.0,15045956736.0,3127066174.0,80704495044.0,150351285544.0,opendart,2026-05-18T14:32:08+09:00
20260401,240550,1073261,2025,11011,CFS,113536899863.0,17005218832.0,11442051299.0,125316443386.0,186529397919.0,opendart,2026-05-18T14:32:08+09:00
20250401,240600,1085026,2024,11011,CFS,31123708985.0,-3933638158.0,-3174332133.0,45209968702.0,64718271624.0,opendart,2026-05-18T14:32:08+09:00
20260401,240600,1085026,2025,11011,CFS,28679627649.0,-7784281141.0,-7765171210.0,38390795351.0,59265808340.0,opendart,2026-05-18T14:32:08+09:00
20250401,240810,1135941,2024,11011,CFS,748176487524.0,10641636214.0,20748346848.0,887460172581.0,1124147065791.0,opendart,2026-05-18T14:32:08+09:00
20260401,240810,1135941,2025,11011,CFS,909795691103.0,73814129967.0,84028556164.0,970015555952.0,1164636219440.0,opendart,2026-05-18T14:32:08+09:00
20250401,241520,1109715,2024,11011,CFS,38626549523.0,14954394099.0,10572893292.0,114276128958.0,157814363533.0,opendart,2026-05-18T14:32:08+09:00
20260401,241520,1109715,2025,11011,CFS,45138188422.0,22339147639.0,17770710715.0,130204845801.0,177757938756.0,opendart,2026-05-18T14:32:08+09:00
20250401,241560,1032486,2024,11011,CFS,6269305000.0,638867000.0,413029000.0,4690139000.0,8169804000.0,opendart,2026-05-18T14:32:08+09:00
20260401,241560,1032486,2025,11011,CFS,6181806000.0,482437000.0,282899000.0,5011583000.0,8558454000.0,opendart,2026-05-18T14:32:08+09:00
20250401,241590,1128613,2024,11011,CFS,1609616611391.0,82566443170.0,34359170263.0,563749531320.0,1537604343788.0,opendart,2026-05-18T14:32:08+09:00
20260401,241590,1128613,2025,11011,CFS,1564379181881.0,35691758682.0,-27121361108.0,471303528899.0,1321440810164.0,opendart,2026-05-18T14:32:08+09:00
20250401,241690,531865,2024,11011,CFS,105133809332.0,8116951945.0,10631178845.0,139377141598.0,231054729210.0,opendart,2026-05-18T14:32:08+09:00
20260401,241690,531865,2025,11011,CFS,107159702000.0,2054515000.0,-3216997000.0,137325889000.0,239757829000.0,opendart,2026-05-18T14:32:08+09:00
20250401,241710,763473,2024,11011,CFS,524328644684.0,60362466466.0,53687894761.0,307639274077.0,517949507835.0,opendart,2026-05-18T14:32:08+09:00
20260401,241710,763473,2025,11011,CFS,640929072776.0,83536907225.0,57838465093.0,336235391317.0,631824856424.0,opendart,2026-05-18T14:32:08+09:00
20250401,241770,652007,2024,11011,CFS,62858211721.0,4118204096.0,5515402196.0,192481453545.0,207583315092.0,opendart,2026-05-18T14:32:08+09:00
20260401,241770,652007,2025,11011,CFS,94613747133.0,15360214876.0,12613877874.0,205450522470.0,225650454777.0,opendart,2026-05-18T14:32:08+09:00
20250401,241790,1113754,2024,11011,CFS,193531706663.0,5924767490.0,8737451309.0,115264648667.0,161130623437.0,opendart,2026-05-18T14:32:08+09:00
20260401,241790,1113754,2025,11011,CFS,168040555596.0,8997572785.0,4261418654.0,115899925727.0,168074903539.0,opendart,2026-05-18T14:32:08+09:00
20250401,241820,1051092,2024,11011,CFS,1246175928.0,-27109072636.0,-52844416494.0,7116364807.0,21576690696.0,opendart,2026-05-18T14:32:08+09:00
20250401,241840,975290,2024,11011,CFS,14791645212.0,-3504831535.0,-4819025611.0,56462733672.0,71711472045.0,opendart,2026-05-18T14:32:08+09:00
20260401,241840,975290,2025,11011,CFS,11789684319.0,-7278241684.0,-7113797933.0,48066469237.0,56077465573.0,opendart,2026-05-18T14:32:08+09:00
20250401,242040,1136348,2024,11011,CFS,91419341397.0,-2227398114.0,-5501873983.0,40012191968.0,97079212236.0,opendart,2026-05-18T14:32:08+09:00
20260401,242040,1136348,2025,11011,CFS,102273238233.0,2251203375.0,-1878681541.0,46222626341.0,101356439305.0,opendart,2026-05-18T14:32:08+09:00
20250401,243070,1159853,2024,11011,CFS,590231059719.0,39695088137.0,29073427336.0,350594854563.0,606285225935.0,opendart,2026-05-18T14:32:08+09:00
20260401,243070,1159853,2025,11011,CFS,620768254716.0,45599954135.0,42243845620.0,414861334813.0,680281789538.0,opendart,2026-05-18T14:32:08+09:00
20250401,243840,807379,2024,11011,CFS,432831192104.0,13173121143.0,21959254523.0,358403579067.0,875737888728.0,opendart,2026-05-18T14:32:08+09:00
20260401,243840,807379,2025,11011,CFS,408233544783.0,5927334473.0,-5812630397.0,353910956455.0,875934873108.0,opendart,2026-05-18T14:32:08+09:00
20250401,244460,1070149,2024,11011,OFS,756033925.0,-10119335666.0,-5316547955.0,11857420414.0,26279773302.0,opendart,2026-05-18T14:32:08+09:00
20260401,244460,1070149,2025,11011,OFS,816018331.0,-7390044360.0,-15382086627.0,1699682376.0,17299057552.0,opendart,2026-05-18T14:32:08+09:00
20250401,244920,684802,2024,11011,CFS,515785555014.0,31550650101.0,10111438833.0,243773453584.0,479276186298.0,opendart,2026-05-18T14:32:08+09:00
20260401,244920,684802,2025,11011,CFS,682466555853.0,29314448307.0,24681001455.0,261194028680.0,515335671522.0,opendart,2026-05-18T14:32:08+09:00
20250401,245620,1182550,2024,11011,CFS,30941997176.0,-12631473944.0,-95240818631.0,-44270001534.0,86084352797.0,opendart,2026-05-18T14:32:08+09:00
20260401,245620,1182550,2025,11011,CFS,7886099045.0,-1596857542.0,28242487129.0,-22525441423.0,44013439206.0,opendart,2026-05-18T14:32:08+09:00
20250401,246250,1112700,2024,11011,OFS,8371294818.0,287619944.0,335625660.0,12513139320.0,16358558536.0,opendart,2026-05-18T14:32:08+09:00
20260401,246250,1112700,2025,11011,OFS,3983968955.0,-4105399044.0,-4903848305.0,7635025960.0,11228717869.0,opendart,2026-05-18T14:32:08+09:00
20250401,246690,778235,2024,11011,CFS,17597059268.0,272388529.0,-2421387065.0,87211026207.0,95646416362.0,opendart,2026-05-18T14:32:08+09:00
20260401,246690,778235,2025,11011,CFS,19617531648.0,180045991.0,7001554457.0,98364184868.0,125172966419.0,opendart,2026-05-18T14:32:08+09:00
20250401,246710,1109937,2024,11011,CFS,4873728487.0,-13298894071.0,-7678779262.0,24211060303.0,98453015543.0,opendart,2026-05-18T14:32:08+09:00
20260401,246710,1109937,2025,11011,CFS,26967256198.0,-9050786277.0,-34944025173.0,23077865927.0,92713948686.0,opendart,2026-05-18T14:32:08+09:00
20250401,246720,1157235,2024,11011,OFS,3354706693.0,-4018724616.0,-3863796752.0,4147828147.0,8559800000.0,opendart,2026-05-18T14:32:08+09:00
20260401,246720,1157235,2025,11011,OFS,2594819140.0,-2589698780.0,-3303456542.0,9224398586.0,15490896648.0,opendart,2026-05-18T14:32:08+09:00
20250401,246960,1110182,2024,11011,CFS,4737116055.0,-3660680722.0,-3730136086.0,15517324182.0,24057424718.0,opendart,2026-05-18T14:32:08+09:00
20260401,246960,1110182,2025,11011,CFS,22010565275.0,-3397893668.0,-4119586925.0,23498354073.0,79924144585.0,opendart,2026-05-18T14:32:08+09:00
20250401,247540,1160363,2024,11011,CFS,2766837750152.0,-34109364109.0,-58508991346.0,1977019769174.0,4323660098124.0,opendart,2026-05-18T14:32:08+09:00
20260401,247540,1160363,2025,11011,CFS,2531576384113.0,143309899725.0,91587534892.0,2016007934583.0,4882022445703.0,opendart,2026-05-18T14:32:08+09:00
20250401,247660,660459,2024,11011,OFS,4649686964.0,-8858163812.0,-8843135335.0,19230884353.0,31274360108.0,opendart,2026-05-18T14:32:08+09:00
20260401,247660,660459,2025,11011,OFS,5289045322.0,-1993106002.0,-2196865900.0,18072292738.0,22566957876.0,opendart,2026-05-18T14:32:08+09:00
20250401,248070,1159233,2024,11011,CFS,1594442254779.0,69087394974.0,37687785051.0,434353083187.0,982730815617.0,opendart,2026-05-18T14:32:08+09:00
20260401,248070,1159233,2025,11011,CFS,1700246425329.0,46500186977.0,14186712359.0,562770784623.0,1276520893602.0,opendart,2026-05-18T14:32:08+09:00
20250401,248170,1167056,2024,11011,CFS,404881504598.0,6460516653.0,10061851983.0,245983538983.0,369927923047.0,opendart,2026-05-18T14:32:08+09:00
20260401,248170,1167056,2025,11011,CFS,408926546791.0,24475787476.0,19946477839.0,265097846986.0,380321140921.0,opendart,2026-05-18T14:32:08+09:00
20250401,249420,1168383,2024,11011,CFS,614940882569.0,13118781240.0,-12401686791.0,159057600668.0,589042895205.0,opendart,2026-05-18T14:32:08+09:00
20260401,249420,1168383,2025,11011,CFS,566933738499.0,19476874942.0,23697717396.0,239513589413.0,573030653651.0,opendart,2026-05-18T14:32:08+09:00
20250401,250000,1124680,2024,11011,CFS,91394354884.0,12803289403.0,9493061912.0,93152883708.0,169173321420.0,opendart,2026-05-18T14:32:08+09:00
20260401,250000,1124680,2025,11011,CFS,102296135358.0,9147418119.0,230165154.0,88959346570.0,226093811829.0,opendart,2026-05-18T14:32:08+09:00
20250401,250060,1165155,2024,11011,OFS,5026430528.0,-2393806350.0,9221357607.0,35078917575.0,50143203362.0,opendart,2026-05-18T14:32:08+09:00
20260401,250060,1165155,2025,11011,OFS,5097704071.0,-2935210411.0,-1052600280.0,33600316353.0,39941573110.0,opendart,2026-05-18T14:32:08+09:00
20250401,250930,1166109,2024,11011,CFS,43613399679.0,-3239922015.0,-5968714963.0,16290238085.0,53321526341.0,opendart,2026-05-18T14:32:08+09:00
20260401,250930,1166109,2025,11011,CFS,37875754485.0,-813445364.0,-755547757.0,15351619448.0,51086423348.0,opendart,2026-05-18T14:32:08+09:00
20250401,251120,1160974,2024,11011,OFS,16066431824.0,4852581238.0,4500920347.0,63131418006.0,67315667322.0,opendart,2026-05-18T14:32:08+09:00
20260401,251120,1160974,2025,11011,OFS,19179051492.0,6252759756.0,6666197113.0,69797615119.0,73449600502.0,opendart,2026-05-18T14:32:08+09:00
20250401,251270,904672,2024,11011,CFS,2663783169910.0,215627215188.0,3216188118.0,5473860209795.0,8177066253496.0,opendart,2026-05-18T14:32:08+09:00
20260401,251270,904672,2025,11011,CFS,2835074411896.0,352478352483.0,230818642770.0,5492482877191.0,8093652130179.0,opendart,2026-05-18T14:32:08+09:00
20250401,251370,602172,2024,11011,CFS,137230743419.0,3594293042.0,-2333704898.0,196584642530.0,350566674410.0,opendart,2026-05-18T14:32:08+09:00
20260401,251370,602172,2025,11011,CFS,144603566752.0,12924655576.0,1469225205.0,218251429614.0,373640252264.0,opendart,2026-05-18T14:32:08+09:00
20250401,251630,1027794,2024,11011,CFS,72731874427.0,-4360100575.0,-7311116646.0,139767466933.0,198247841034.0,opendart,2026-05-18T14:32:08+09:00
20260401,251630,1027794,2025,11011,CFS,49002332510.0,-12829010735.0,-14860827000.0,126474019382.0,205440024059.0,opendart,2026-05-18T14:32:08+09:00
20250401,251970,761059,2024,11011,CFS,337483151664.0,48396996504.0,38325501439.0,320629065568.0,407576726035.0,opendart,2026-05-18T14:32:08+09:00
20260401,251970,761059,2025,11011,CFS,371960508790.0,56514634531.0,5615404435.0,355332818092.0,455308284703.0,opendart,2026-05-18T14:32:08+09:00
20250401,252500,1169267,2024,11011,OFS,43868375036.0,2740861244.0,3309566519.0,41301720750.0,45522000575.0,opendart,2026-05-18T14:32:08+09:00
20260401,252500,1169267,2025,11011,OFS,37645110414.0,626800433.0,1174746970.0,40397012720.0,44782500983.0,opendart,2026-05-18T14:32:08+09:00
20250401,252990,1199727,2024,11011,OFS,53315552043.0,5200613544.0,3318152499.0,143987757154.0,222167595027.0,opendart,2026-05-18T14:32:08+09:00
20260401,252990,1199727,2025,11011,OFS,77985021913.0,14666259843.0,15062962124.0,166531612176.0,253730108291.0,opendart,2026-05-18T14:32:08+09:00
20250401,253450,1168684,2024,11011,CFS,550080744350.0,36393818100.0,33488155067.0,739624004353.0,925506475223.0,opendart,2026-05-18T14:32:08+09:00
20260401,253450,1168684,2025,11011,CFS,530685384145.0,30359009641.0,10319624051.0,800250817230.0,1034472891355.0,opendart,2026-05-18T14:32:08+09:00
20250401,253590,1170865,2024,11011,CFS,105237088617.0,16466717035.0,19215187089.0,115895048429.0,141904875097.0,opendart,2026-05-18T14:32:08+09:00
20260401,253590,1170865,2025,11011,CFS,63936752061.0,4055388266.0,5342193959.0,119203555288.0,155056271081.0,opendart,2026-05-18T14:32:08+09:00
20250401,253840,1063954,2024,11011,CFS,10097082997.0,-22021742938.0,-15370010711.0,97295411802.0,107640984472.0,opendart,2026-05-18T14:32:08+09:00
20260401,253840,1063954,2025,11011,CFS,9416857906.0,-18820144482.0,-23492165269.0,76544321616.0,98213579408.0,opendart,2026-05-18T14:32:08+09:00
20250401,254120,1174038,2024,11011,CFS,37612263527.0,1205824137.0,1195982566.0,28757686508.0,39292063204.0,opendart,2026-05-18T14:32:08+09:00
20260401,254120,1174038,2025,11011,CFS,27895397844.0,-3919944239.0,-4116708029.0,24730238529.0,37974064512.0,opendart,2026-05-18T14:32:08+09:00
20250401,254490,299844,2024,11011,OFS,487630862852.0,10234073750.0,6048978942.0,85879275201.0,133306338548.0,opendart,2026-05-18T14:32:08+09:00
20260401,254490,299844,2025,11011,OFS,635582299292.0,19075676565.0,14128668035.0,110232497229.0,187717849204.0,opendart,2026-05-18T14:32:08+09:00
20250401,255220,963976,2024,11011,CFS,118940081051.0,-6068240269.0,-36241673706.0,86774282733.0,232832735266.0,opendart,2026-05-18T14:32:08+09:00
20260401,255220,963976,2025,11011,CFS,102246199563.0,752259599.0,-2454050880.0,102177350973.0,224392841651.0,opendart,2026-05-18T14:32:08+09:00
20250401,255440,875307,2024,11011,CFS,28632024490.0,-9659263709.0,-10539637663.0,137355569495.0,175172179748.0,opendart,2026-05-18T14:32:08+09:00
20260401,255440,875307,2025,11011,CFS,34763681766.0,-6464736287.0,-5509591896.0,133380862875.0,171668213803.0,opendart,2026-05-18T14:32:08+09:00
20250401,256150,1069736,2024,11011,OFS,68243493085.0,3495586060.0,3620845956.0,56769464758.0,62926107825.0,opendart,2026-05-18T14:32:08+09:00
20260401,256150,1069736,2025,11011,OFS,69443700454.0,2816572692.0,2729846992.0,57888574336.0,64460471351.0,opendart,2026-05-18T14:32:08+09:00
20250401,256630,1179608,2024,11011,CFS,31012488636.0,-1307393171.0,1354156605.0,72400589327.0,97877982494.0,opendart,2026-05-18T14:32:08+09:00
20260401,256630,1179608,2025,11011,CFS,35964832400.0,832014951.0,-5923156168.0,66720667601.0,92101826448.0,opendart,2026-05-18T14:32:08+09:00
20250401,256840,1179617,2024,11011,CFS,89229997633.0,10705760232.0,13264766446.0,236490269805.0,267074348028.0,opendart,2026-05-18T14:32:08+09:00
20260401,256840,1179617,2025,11011,CFS,95899224534.0,1630469768.0,2046628725.0,239536067195.0,277985647693.0,opendart,2026-05-18T14:32:08+09:00
20250401,256940,1037214,2024,11011,CFS,127583228842.0,6216644621.0,1611724006.0,63220950323.0,165210653627.0,opendart,2026-05-18T14:32:08+09:00
20260401,256940,1037214,2025,11011,CFS,170146866389.0,1574636068.0,-10382616490.0,81502555462.0,233917145815.0,opendart,2026-05-18T14:32:08+09:00
20250401,257370,1144569,2024,11011,OFS,26217506855.0,1180029330.0,1441030335.0,28147222667.0,56670110391.0,opendart,2026-05-18T14:32:08+09:00
20260401,257370,1144569,2025,11011,OFS,11082330000.0,-2124801207.0,-7330579133.0,21518623374.0,52886257303.0,opendart,2026-05-18T14:32:08+09:00
20250401,257720,982023,2024,11011,CFS,691522368911.0,137575012281.0,120738196347.0,261587951523.0,457759144111.0,opendart,2026-05-18T14:32:08+09:00
20260401,257720,982023,2025,11011,CFS,1116287364104.0,205361951857.0,168584659656.0,457429945643.0,709448340772.0,opendart,2026-05-18T14:32:08+09:00
20250401,258610,961507,2024,11011,CFS,97331264354.0,2774801050.0,2240683324.0,47556066571.0,90050932024.0,opendart,2026-05-18T14:32:08+09:00
20260401,258610,961507,2025,11011,CFS,81698394490.0,-813473054.0,-2747929354.0,45524288713.0,79874351233.0,opendart,2026-05-18T14:32:08+09:00
20250401,258790,1182408,2024,11011,CFS,16887234056.0,-1831061034.0,33017149.0,11650825883.0,39320246754.0,opendart,2026-05-18T14:32:08+09:00
20260401,258790,1182408,2025,11011,CFS,25721722546.0,2981626076.0,3690266539.0,15422578821.0,42147382277.0,opendart,2026-05-18T14:32:08+09:00
20250401,258830,959229,2024,11011,CFS,18952234158.0,-472212733.0,-65092046065.0,21590167663.0,51743575311.0,opendart,2026-05-18T14:32:08+09:00
20260401,258830,959229,2025,11011,CFS,18535097964.0,2264502775.0,-25447650.0,22636699220.0,59805897360.0,opendart,2026-05-18T14:32:08+09:00
20250401,259630,833064,2024,11011,CFS,128744388506.0,10091396762.0,10981876260.0,84599173965.0,292834853561.0,opendart,2026-05-18T14:32:08+09:00
20260401,259630,833064,2025,11011,CFS,184211329846.0,24565260931.0,20634057074.0,101975636869.0,241385473368.0,opendart,2026-05-18T14:32:08+09:00
20250401,259960,760971,2024,11011,CFS,2709774106588.0,1182487684188.0,1302592653712.0,6829131602227.0,7919463568015.0,opendart,2026-05-18T14:32:08+09:00
20260401,259960,760971,2025,11011,CFS,3326553694966.0,1054380980188.0,733703643561.0,7184144206229.0,9433648042482.0,opendart,2026-05-18T14:32:08+09:00
20250401,260660,447007,2024,11011,OFS,190435818369.0,-5159033074.0,-5358050733.0,79679418062.0,172363118330.0,opendart,2026-05-18T14:32:08+09:00
20260401,260660,447007,2025,11011,OFS,201203501691.0,989238752.0,-605347880.0,78203226347.0,171843891934.0,opendart,2026-05-18T14:32:08+09:00
20250401,260930,1144028,2024,11011,CFS,83598956255.0,134939173.0,-3746380469.0,156518215203.0,191179251474.0,opendart,2026-05-18T14:32:08+09:00
20260401,260930,1144028,2025,11011,CFS,89230284535.0,-5666299231.0,-7326955831.0,146347679475.0,256828624855.0,opendart,2026-05-18T14:32:08+09:00
20250401,260970,560849,2024,11011,OFS,116139400246.0,20115808777.0,17031008635.0,68055114699.0,93010694958.0,opendart,2026-05-18T14:32:08+09:00
20260401,260970,560849,2025,11011,OFS,150937281130.0,23006354812.0,20607893261.0,86239562634.0,108902343086.0,opendart,2026-05-18T14:32:08+09:00
20250401,261200,1187494,2024,11011,CFS,114283327326.0,-446195829.0,2271211975.0,57930431474.0,214246983989.0,opendart,2026-05-18T14:32:08+09:00
20260401,261200,1187494,2025,11011,CFS,114245201119.0,-10413973139.0,-16472552238.0,45793085409.0,209108219675.0,opendart,2026-05-18T14:32:08+09:00
20260401,261520,1211889,2025,11011,OFS,21250116427.0,-6798876860.0,-4807683600.0,48927876186.0,67455823286.0,opendart,2026-05-18T14:32:08+09:00
20250401,261780,1141599,2024,11011,OFS,370658340.0,-7696424811.0,-10138367704.0,27722306690.0,47248002105.0,opendart,2026-05-18T14:32:08+09:00
20260401,261780,1141599,2025,11011,OFS,158616000.0,-14271049992.0,-16044489542.0,11859049755.0,29781550830.0,opendart,2026-05-18T14:32:08+09:00
20250401,262260,604268,2024,11011,CFS,200156427991.0,3361263638.0,2756715526.0,73062732650.0,414652801132.0,opendart,2026-05-18T14:32:08+09:00
20260401,262260,604268,2025,11011,CFS,147079619081.0,-5834695693.0,-10753173019.0,61311020172.0,327516705769.0,opendart,2026-05-18T14:32:08+09:00
20250401,262840,1146822,2024,11011,CFS,40638997617.0,3418781244.0,4285153975.0,54508843186.0,62604753930.0,opendart,2026-05-18T14:32:08+09:00
20260401,262840,1146822,2025,11011,CFS,43564251822.0,4275151300.0,5961473289.0,59938707489.0,112404731055.0,opendart,2026-05-18T14:32:08+09:00
20250401,263020,892526,2024,11011,CFS,112541798310.0,8469647590.0,7439683686.0,76627415270.0,107006446131.0,opendart,2026-05-18T14:32:08+09:00
20260401,263020,892526,2025,11011,CFS,142586770560.0,12227468175.0,8651450191.0,81093613543.0,110773634147.0,opendart,2026-05-18T14:32:08+09:00
20250401,263050,1110678,2024,11011,CFS,9526610583.0,-26508412156.0,-29498584759.0,42465058141.0,66511116467.0,opendart,2026-05-18T14:32:08+09:00
20260401,263050,1110678,2025,11011,CFS,10294911483.0,-18918617361.0,-25791369617.0,15786887305.0,41197062388.0,opendart,2026-05-18T14:32:08+09:00
20250401,263600,571298,2024,11011,CFS,160950428993.0,-991839128.0,-404636029.0,105384988284.0,209526099156.0,opendart,2026-05-18T14:32:08+09:00
20260401,263600,571298,2025,11011,CFS,176946596890.0,1578114079.0,6494166800.0,109229155480.0,236036434496.0,opendart,2026-05-18T14:32:08+09:00
20250401,263690,966168,2024,11011,CFS,104005797536.0,8850376907.0,10147180810.0,86645972621.0,122001516136.0,opendart,2026-05-18T14:32:08+09:00
20260401,263690,966168,2025,11011,CFS,102746224632.0,9025067950.0,6779174100.0,92112395885.0,121965831481.0,opendart,2026-05-18T14:32:08+09:00
20250401,263700,1187148,2024,11011,CFS,451904440.0,-4462290019.0,-19669705817.0,54977853938.0,143256735699.0,opendart,2026-05-18T14:32:08+09:00
20260401,263700,1187148,2025,11011,CFS,25961126123.0,-2876942728.0,19511556173.0,74631215926.0,107430676919.0,opendart,2026-05-18T14:32:08+09:00
20250401,263720,1186404,2024,11011,CFS,83514767448.0,10278991964.0,10796993994.0,88096738098.0,115265240226.0,opendart,2026-05-18T14:32:08+09:00
20260401,263720,1186404,2025,11011,CFS,85471656697.0,17336284379.0,7983639019.0,95662210913.0,117432951843.0,opendart,2026-05-18T14:32:08+09:00
20250401,263750,1152470,2024,11011,CFS,342384719856.0,-12292682628.0,60343569967.0,805974577846.0,1142821061456.0,opendart,2026-05-18T14:32:08+09:00
20260401,263750,1152470,2025,11011,CFS,365564943738.0,-14807541404.0,-8414919237.0,799102814399.0,1149099301311.0,opendart,2026-05-18T14:32:08+09:00
20250401,263770,1196313,2024,11011,OFS,74779707939.0,6901545787.0,5518410150.0,81877813922.0,90986326582.0,opendart,2026-05-18T14:32:08+09:00
20260401,263770,1196313,2025,11011,OFS,57966763324.0,2332295667.0,2444180763.0,82782430849.0,87664528577.0,opendart,2026-05-18T14:32:08+09:00
20250401,263800,877819,2024,11011,OFS,110082857620.0,58404986.0,235638157.0,34017774839.0,71920576079.0,opendart,2026-05-18T14:32:08+09:00
20260401,263800,877819,2025,11011,OFS,103815906948.0,1217275135.0,1047352268.0,35210451269.0,68414533174.0,opendart,2026-05-18T14:32:08+09:00
20250401,263810,760999,2024,11011,CFS,124971626613.0,2128294838.0,2405392791.0,46676934755.0,86233413346.0,opendart,2026-05-18T14:32:08+09:00
20260401,263810,760999,2025,11011,CFS,129139555836.0,2562993642.0,1733999762.0,52782381508.0,86674880962.0,opendart,2026-05-18T14:32:08+09:00
20250401,263860,962223,2024,11011,CFS,49605420747.0,9839923500.0,10908526190.0,56786413084.0,69299301439.0,opendart,2026-05-18T14:32:08+09:00
20260401,263860,962223,2025,11011,CFS,48381253076.0,7007064713.0,7496920564.0,62211095881.0,80399685754.0,opendart,2026-05-18T14:32:08+09:00
20250401,263920,1185566,2024,11011,CFS,47228709530.0,4946737259.0,3400596889.0,44028272684.0,62023836828.0,opendart,2026-05-18T14:32:08+09:00
20260401,263920,1185566,2025,11011,CFS,52307212214.0,2482783901.0,1571021628.0,45513233667.0,61798161465.0,opendart,2026-05-18T14:32:08+09:00
20250401,264450,1203376,2024,11011,CFS,103793319517.0,12370912733.0,21280049204.0,176682622183.0,202677873136.0,opendart,2026-05-18T14:32:08+09:00
20260401,264450,1203376,2025,11011,CFS,116437998535.0,23104437271.0,24053039545.0,195837144120.0,223476287308.0,opendart,2026-05-18T14:32:08+09:00
20250401,264660,605328,2024,11011,CFS,151187855593.0,12940400218.0,6884277418.0,120689884613.0,189197867530.0,opendart,2026-05-18T14:32:08+09:00
20260401,264660,605328,2025,11011,CFS,196194330780.0,24742314123.0,19531732026.0,143157312541.0,197506673607.0,opendart,2026-05-18T14:32:08+09:00
20250401,264850,1199189,2024,11011,CFS,71557511999.0,5854698315.0,4985906330.0,52014625017.0,65369112640.0,opendart,2026-05-18T14:32:08+09:00
20260401,264850,1199189,2025,11011,CFS,69574700188.0,3886441610.0,4241117790.0,53925506216.0,66549307241.0,opendart,2026-05-18T14:32:08+09:00
20250401,264900,1205329,2024,11011,OFS,438102375193.0,21046933550.0,16776470234.0,215153059751.0,350878102877.0,opendart,2026-05-18T14:32:08+09:00
20260401,264900,1205329,2025,11011,OFS,444838419779.0,15265165837.0,12326322962.0,227522957559.0,354970413163.0,opendart,2026-05-18T14:32:08+09:00
20250401,265520,1203808,2024,11011,CFS,516698011486.0,47190207802.0,51784131503.0,336527332589.0,599773343103.0,opendart,2026-05-18T14:32:08+09:00
20260401,265520,1203808,2025,11011,CFS,460144858180.0,33328136683.0,23784739380.0,367562254108.0,680939799732.0,opendart,2026-05-18T14:32:08+09:00
20250401,265560,659976,2024,11011,CFS,94827257434.0,15387822768.0,14023169268.0,74360416307.0,107071735945.0,opendart,2026-05-18T14:32:08+09:00
20260401,265560,659976,2025,11011,CFS,108613630588.0,18042145824.0,19041489175.0,92721058189.0,118435399289.0,opendart,2026-05-18T14:32:08+09:00
20250401,265740,1217829,2024,11011,OFS,40225556510.0,-7088436609.0,-5240296962.0,55231481859.0,73630630326.0,opendart,2026-05-18T14:32:08+09:00
20260401,265740,1217829,2025,11011,OFS,71621774017.0,12518073298.0,10060020246.0,65376576994.0,92053691375.0,opendart,2026-05-18T14:32:08+09:00
20250401,267250,1205709,2024,11011,CFS,67765626088000.0,2983162778000.0,1930179481000.0,26385102145000.0,73866670219000.0,opendart,2026-05-18T14:32:08+09:00
20260401,267250,1205709,2025,11011,CFS,71259438270000.0,6099636253000.0,3675482625000.0,30335091114000.0,78685890494000.0,opendart,2026-05-18T14:32:08+09:00
20250401,267260,1205851,2024,11011,CFS,3322349007529.0,668970713547.0,498409535389.0,1507517124598.0,3795545096460.0,opendart,2026-05-18T14:32:08+09:00
20260401,267260,1205851,2025,11011,CFS,4079497658529.0,995313437790.0,731816191305.0,2032934924019.0,4769815393358.0,opendart,2026-05-18T14:32:08+09:00
20250401,267270,1205842,2024,11011,CFS,3438062302000.0,190421614000.0,85966730000.0,1793830435000.0,3324625332000.0,opendart,2026-05-18T14:32:08+09:00
20260401,267270,1205842,2025,11011,CFS,3776524012000.0,170883006000.0,87034895000.0,1930295930000.0,3602695392000.0,opendart,2026-05-18T14:32:08+09:00
20250401,267290,1208885,2024,11011,CFS,1791907870026.0,26974142734.0,28639111770.0,445870668227.0,947683277099.0,opendart,2026-05-18T14:32:08+09:00
20260401,267290,1208885,2025,11011,CFS,1759465296335.0,33045868447.0,32847389103.0,475211144972.0,928832980978.0,opendart,2026-05-18T14:32:08+09:00
20250401,267320,1208849,2024,11011,CFS,197219777077.0,4629401862.0,-5364453229.0,84065961838.0,186009369448.0,opendart,2026-05-18T14:32:08+09:00
20260401,267320,1208849,2025,11011,CFS,82368729078.0,-8923627485.0,-17422714499.0,101514693521.0,178483494012.0,opendart,2026-05-18T14:32:08+09:00
20250401,267790,1182240,2024,11011,CFS,64445966180.0,9080346867.0,4994600052.0,43962800995.0,75267118508.0,opendart,2026-05-18T14:32:08+09:00
20260401,267790,1182240,2025,11011,CFS,59192865808.0,6645431683.0,4309611535.0,46955194234.0,80992727341.0,opendart,2026-05-18T14:32:08+09:00
20250401,267850,458234,2024,11011,OFS,194024077326.0,9225853941.0,11767097137.0,168733144633.0,219937922050.0,opendart,2026-05-18T14:32:08+09:00
20260401,267850,458234,2025,11011,OFS,194059284908.0,12128135452.0,12634364125.0,174278779355.0,216289740318.0,opendart,2026-05-18T14:32:08+09:00
20250401,267980,1234507,2024,11011,CFS,1811435717578.0,70336217738.0,45537723486.0,575240941477.0,1026284198804.0,opendart,2026-05-18T14:32:08+09:00
20260401,267980,1234507,2025,11011,CFS,1843539281196.0,60028565008.0,56243523857.0,631105921929.0,1065939700183.0,opendart,2026-05-18T14:32:08+09:00
20250401,268280,1234297,2024,11011,CFS,509267220489.0,58767118333.0,54566854188.0,406341856929.0,512101745784.0,opendart,2026-05-18T14:32:08+09:00
20260401,268280,1234297,2025,11011,CFS,532122514140.0,65482438995.0,61302751052.0,448498102489.0,549237107801.0,opendart,2026-05-18T14:32:08+09:00
20250401,269620,1188378,2024,11011,CFS,12863193552.0,-1840730986.0,-9370898283.0,-17093542623.0,22499351116.0,opendart,2026-05-18T14:32:08+09:00
20260401,269620,1188378,2025,11011,CFS,11033617511.0,-2569907083.0,-5121272297.0,-23157671568.0,19660847175.0,opendart,2026-05-18T14:32:08+09:00
20250401,270520,1228515,2024,11011,CFS,18377623948.0,-12752142085.0,-19166805801.0,80922383360.0,206414660772.0,opendart,2026-05-18T14:32:08+09:00
20260401,270520,1228515,2025,11011,CFS,16895496082.0,-11156699603.0,-23431066466.0,95184341639.0,160058822816.0,opendart,2026-05-18T14:32:08+09:00
20250401,270660,1201590,2024,11011,CFS,29750850517.0,-2235066216.0,312131480.0,66887383990.0,117726647505.0,opendart,2026-05-18T14:32:08+09:00
20260401,270660,1201590,2025,11011,CFS,34356667933.0,-3197042632.0,-12746196444.0,62830596750.0,110290571800.0,opendart,2026-05-18T14:32:08+09:00
20250401,270870,1214248,2024,11011,CFS,121972837610.0,4932707984.0,4695777391.0,107742964205.0,138757568396.0,opendart,2026-05-18T14:32:08+09:00
20260401,270870,1214248,2025,11011,CFS,101087982676.0,-2268458829.0,-2562602978.0,105103580763.0,136682989095.0,opendart,2026-05-18T14:32:08+09:00
20250401,271560,1238169,2024,11011,CFS,3104338576129.0,543587778241.0,533229552422.0,3574045867619.0,4308449797008.0,opendart,2026-05-18T14:32:08+09:00
20260401,271560,1238169,2025,11011,CFS,3332442536373.0,558258027192.0,390597563174.0,3912207101349.0,4598663246300.0,opendart,2026-05-18T14:32:08+09:00
20250401,271830,1146220,2024,11011,CFS,44355751694.0,-3727301358.0,-89694487.0,66807095100.0,87797491686.0,opendart,2026-05-18T14:32:08+09:00
20260401,271830,1146220,2025,11011,CFS,38741691594.0,-4126917694.0,-5409425476.0,61534271408.0,87568611449.0,opendart,2026-05-18T14:32:08+09:00
20250401,271940,972503,2024,11011,OFS,79297672959.0,-9515638086.0,1816544405.0,317471681211.0,344277767089.0,opendart,2026-05-18T14:32:08+09:00
20260401,271940,972503,2025,11011,CFS,81586396146.0,-11204466312.0,-1999171539.0,315093073673.0,347965356897.0,opendart,2026-05-18T14:32:08+09:00
20250401,271980,1236897,2024,11011,CFS,704542027302.0,-18927242331.0,-30142523087.0,219316846488.0,525699687066.0,opendart,2026-05-18T14:32:08+09:00
20260401,271980,1236897,2025,11011,CFS,567244440283.0,20695142654.0,32001412552.0,251025237385.0,510574727006.0,opendart,2026-05-18T14:32:08+09:00
20250401,272110,769158,2024,11011,CFS,62216559100.0,14148842880.0,10770256588.0,71141683707.0,156768549237.0,opendart,2026-05-18T14:32:08+09:00
20260401,272110,769158,2025,11011,CFS,84444745007.0,22242526961.0,25559651677.0,97192301239.0,230504256719.0,opendart,2026-05-18T14:32:08+09:00
20250401,272210,339391,2024,11011,CFS,2803686058274.0,219345297682.0,445378843124.0,2416416895456.0,5724010115718.0,opendart,2026-05-18T14:32:08+09:00
20260401,272210,339391,2025,11011,CFS,3664150568020.0,119898725355.0,209145275418.0,5000999101579.0,10327265554498.0,opendart,2026-05-18T14:32:08+09:00
20250401,272290,1237540,2024,11011,CFS,422809289354.0,86804439404.0,70056709988.0,468531612904.0,825970502291.0,opendart,2026-05-18T14:32:08+09:00
20260401,272290,1237540,2025,11011,CFS,439633940622.0,81921389355.0,55945968405.0,522325372644.0,1087951647205.0,opendart,2026-05-18T14:32:08+09:00
20250401,272450,653024,2024,11011,OFS,1461262722147.0,163113835297.0,95712668498.0,231252257412.0,1227138208863.0,opendart,2026-05-18T14:32:08+09:00
20260401,272450,653024,2025,11011,OFS,1381080693148.0,-19157673281.0,-9755171166.0,224435967985.0,1174174394774.0,opendart,2026-05-18T14:32:08+09:00
20250401,272550,1060814,2024,11011,CFS,448111536488.0,33757315714.0,20440262011.0,379587063292.0,667277219833.0,opendart,2026-05-18T14:32:08+09:00
20260401,272550,1060814,2025,11011,CFS,420217993585.0,24646788762.0,17657382516.0,386078179824.0,649275550491.0,opendart,2026-05-18T14:32:08+09:00
20250401,273060,1236532,2024,11011,CFS,30787809743.0,2305243307.0,2129498624.0,47697384478.0,181909424688.0,opendart,2026-05-18T14:32:08+09:00
20260401,273060,1236532,2025,11011,CFS,45521333566.0,7575499963.0,1861695079.0,49914239292.0,189729510295.0,opendart,2026-05-18T14:32:08+09:00
20250401,273640,1215618,2024,11011,OFS,30912078450.0,4315265949.0,4877591478.0,55157005021.0,58732101247.0,opendart,2026-05-18T14:32:08+09:00
20260401,273640,1215618,2025,11011,OFS,29109108272.0,1743145251.0,3172504831.0,57066471350.0,60029266476.0,opendart,2026-05-18T14:32:08+09:00
20250401,274090,1158553,2024,11011,CFS,86153888057.0,-5352275654.0,-7709067658.0,183318684777.0,253063585746.0,opendart,2026-05-18T14:32:08+09:00
20260401,274090,1158553,2025,11011,CFS,76394211868.0,-9230768983.0,-15474539697.0,160350558795.0,232802780468.0,opendart,2026-05-18T14:32:08+09:00
20250401,274400,965318,2024,11011,OFS,9336213422.0,-4813302769.0,-6580891711.0,21959050703.0,47919811913.0,opendart,2026-05-18T14:32:08+09:00
20260401,274400,965318,2025,11011,OFS,14252194849.0,-1989301905.0,-2091130515.0,30165183234.0,57481436612.0,opendart,2026-05-18T14:32:08+09:00
20250401,275630,1250374,2024,11011,CFS,11608134979.0,-312162423.0,-254265150.0,26712234853.0,30883052612.0,opendart,2026-05-18T14:32:08+09:00
20260401,275630,1250374,2025,11011,CFS,13049423998.0,320820566.0,-1664471190.0,24666464588.0,28781563281.0,opendart,2026-05-18T14:32:08+09:00
20250401,276040,1290248,2024,11011,CFS,26072777.0,-7461334251.0,-6646092840.0,17386382650.0,19537046087.0,opendart,2026-05-18T14:32:08+09:00
20260401,276040,1290248,2025,11011,CFS,286895079.0,-12232805445.0,-21856275545.0,13200556815.0,20582534179.0,opendart,2026-05-18T14:32:08+09:00
20250401,276730,1230255,2024,11011,CFS,18276403018.0,-4827147631.0,-20945446528.0,8298781016.0,33090377300.0,opendart,2026-05-18T14:32:08+09:00
20260401,276730,1230255,2025,11011,CFS,13893332928.0,-4900577215.0,-11513655522.0,15979664433.0,60417880567.0,opendart,2026-05-18T14:32:08+09:00
20250401,277070,616962,2024,11011,CFS,9094055307.0,4209661938.0,3360735403.0,59210971083.0,69980790186.0,opendart,2026-05-18T14:32:08+09:00
20260401,277070,616962,2025,11011,CFS,7432097638.0,3602841246.0,2988899431.0,60209731444.0,65832015076.0,opendart,2026-05-18T14:32:08+09:00
20250401,277410,1243161,2024,11011,CFS,32484223840.0,813707507.0,885653783.0,65607066952.0,101751409522.0,opendart,2026-05-18T14:32:08+09:00
20260401,277410,1243161,2025,11011,CFS,35804215193.0,2306043998.0,637112217.0,65566290738.0,114121833052.0,opendart,2026-05-18T14:32:08+09:00
20250401,277810,1261644,2024,11011,CFS,19346780087.0,-2978979764.0,0.0,132751303410.0,139881005679.0,opendart,2026-05-18T14:32:08+09:00
20260401,277810,1261644,2025,11011,CFS,34123110054.0,-2480266118.0,0.0,133830651193.0,143305317623.0,opendart,2026-05-18T14:32:08+09:00
20250401,277880,1139035,2024,11011,CFS,271986540655.0,15629831816.0,29340169510.0,125388685329.0,366093197831.0,opendart,2026-05-18T14:32:08+09:00
20260401,277880,1139035,2025,11011,CFS,264652706977.0,8245032951.0,3865215742.0,125950419202.0,302937881134.0,opendart,2026-05-18T14:32:08+09:00
20250401,278280,897752,2024,11011,CFS,144912632914.0,-22751764756.0,-32319407781.0,414905026173.0,1007851053797.0,opendart,2026-05-18T14:32:08+09:00
20260401,278280,897752,2025,11011,CFS,133849589627.0,3710962944.0,-60014543541.0,467388735135.0,849544747385.0,opendart,2026-05-18T14:32:08+09:00
20250401,278470,1190568,2024,11011,CFS,722753862301.0,122705544449.0,107590435967.0,323524073990.0,565143563187.0,opendart,2026-05-18T14:32:08+09:00
20260401,278470,1190568,2025,11011,CFS,1527344973381.0,365520628934.0,289654813287.0,445799810314.0,771737546894.0,opendart,2026-05-18T14:32:08+09:00
20250401,278650,1189438,2024,11011,CFS,58168784882.0,-12965447083.0,-9692630823.0,116813821085.0,168328821153.0,opendart,2026-05-18T14:32:08+09:00
20260401,278650,1189438,2025,11011,CFS,74050095463.0,-8616559710.0,-20255126405.0,100937113380.0,155575364146.0,opendart,2026-05-18T14:32:08+09:00
20250401,279570,1203312,2024,11011,OFS,481540000000.0,19580000000.0,128053000000.0,1995845000000.0,31183399000000.0,opendart,2026-05-18T14:32:08+09:00
20260401,279570,1203312,2025,11011,OFS,444170000000.0,31837000000.0,112609000000.0,2171766000000.0,31864288000000.0,opendart,2026-05-18T14:32:08+09:00
20250401,279600,1190124,2024,11011,OFS,12016631514.0,-4674361271.0,-4177465637.0,18021966832.0,38056376659.0,opendart,2026-05-18T14:32:08+09:00
20260401,279600,1190124,2025,11011,OFS,22781312554.0,-2231871542.0,-2715026078.0,15756404630.0,39941542181.0,opendart,2026-05-18T14:32:08+09:00
20250401,280360,1258507,2024,11011,CFS,4044252365474.0,157101345659.0,81980260404.0,2226381930534.0,4341728167516.0,opendart,2026-05-18T14:32:08+09:00
20260401,280360,1258507,2025,11011,CFS,4215952626184.0,109519157887.0,71390131647.0,2286729525823.0,4574000252553.0,opendart,2026-05-18T14:32:08+09:00
20250401,281740,1255652,2024,11011,CFS,138725778383.0,22166082728.0,21020540344.0,131371346090.0,351334173536.0,opendart,2026-05-18T14:32:08+09:00
20260401,281740,1255652,2025,11011,CFS,141233860094.0,13271105491.0,7803024872.0,135845342443.0,355838236186.0,opendart,2026-05-18T14:32:08+09:00
20250401,281820,1261893,2024,11011,OFS,385433971366.0,49783492468.0,52685900043.0,481848727958.0,549141198730.0,opendart,2026-05-18T14:32:08+09:00
20260401,281820,1261893,2025,11011,CFS,382856574357.0,59965538593.0,53392149112.0,530239452127.0,600479162239.0,opendart,2026-05-18T14:32:08+09:00
20250401,282330,1263022,2024,11011,CFS,8698757469111.0,251641247239.0,195217876198.0,1184132956540.0,3402590175982.0,opendart,2026-05-18T14:32:08+09:00
20260401,282330,1263022,2025,11011,CFS,9061216107616.0,253947326677.0,195263084525.0,1313057157689.0,3556166960339.0,opendart,2026-05-18T14:32:08+09:00
20250401,282720,872656,2024,11011,CFS,243169597848.0,-17128386918.0,-11161711577.0,93988482167.0,161592905482.0,opendart,2026-05-18T14:32:08+09:00
20260401,282720,872656,2025,11011,CFS,264778674601.0,427286876.0,18131770.0,95649815454.0,184321988873.0,opendart,2026-05-18T14:32:08+09:00
20250401,282880,1211232,2024,11011,CFS,244389953265.0,3602921129.0,11001399923.0,280861843935.0,438385883721.0,opendart,2026-05-18T14:32:08+09:00
20260401,282880,1211232,2025,11011,CFS,154701003144.0,-25447396955.0,-17618390526.0,256094670733.0,428236310837.0,opendart,2026-05-18T14:32:08+09:00
20250401,284620,1263527,2024,11011,CFS,590366156.0,-12327872668.0,-12190154740.0,5873845423.0,10741788152.0,opendart,2026-05-18T14:32:08+09:00
20260401,284620,1263527,2025,11011,CFS,1171631910.0,-6438933559.0,-7784641682.0,4603006458.0,6617374960.0,opendart,2026-05-18T14:32:08+09:00
20250401,284740,1267684,2024,11011,CFS,1057208774499.0,164815752780.0,136132676403.0,1046680861205.0,1381577133923.0,opendart,2026-05-18T14:32:08+09:00
20260401,284740,1267684,2025,11011,CFS,1121342626136.0,169362970577.0,134319541308.0,1266323716076.0,1580152868881.0,opendart,2026-05-18T14:32:08+09:00
20250401,285130,1267170,2024,11011,CFS,1736778902011.0,-45175568334.0,-4364733944.0,3032966230466.0,5367048627339.0,opendart,2026-05-18T14:32:08+09:00
20260401,285130,1267170,2025,11011,CFS,2365164441719.0,-207363696.0,27297323639.0,3140439052968.0,6087624380520.0,opendart,2026-05-18T14:32:08+09:00
20250401,285490,1259232,2024,11011,CFS,65812403810.0,12611340935.0,17235476854.0,170928685995.0,183390239460.0,opendart,2026-05-18T14:32:08+09:00
20260401,285490,1259232,2025,11011,CFS,55589851496.0,6700053223.0,17707839132.0,163286585102.0,173989291355.0,opendart,2026-05-18T14:32:08+09:00
20250401,285800,816933,2024,11011,CFS,34220821292.0,-2939269233.0,-3547795949.0,41406959870.0,67920501927.0,opendart,2026-05-18T14:32:08+09:00
20260401,285800,816933,2025,11011,CFS,32423321754.0,-2655980713.0,-3195591259.0,38311368611.0,70158709400.0,opendart,2026-05-18T14:32:08+09:00
20250401,286750,1136001,2024,11011,CFS,5278777668.0,-3439815714.0,238348937.0,16345270555.0,28082033901.0,opendart,2026-05-18T14:32:08+09:00
20260401,286750,1136001,2025,11011,CFS,5976639350.0,-6580662725.0,-5563397400.0,27420315152.0,44973138429.0,opendart,2026-05-18T14:32:08+09:00
20250401,286940,1262032,2024,11011,CFS,1180372382864.0,25724113399.0,7230555074.0,449815903322.0,950573044038.0,opendart,2026-05-18T14:32:08+09:00
20260401,286940,1262032,2025,11011,CFS,1169825277118.0,31393431992.0,4077498549.0,451798102397.0,922026345115.0,opendart,2026-05-18T14:32:08+09:00
20250401,287840,1374443,2024,11011,OFS,2905033092.0,-9790200602.0,-9912846871.0,7521499774.0,23711335094.0,opendart,2026-05-18T14:32:08+09:00
20260401,287840,1374443,2025,11011,OFS,2299122477.0,-10300409988.0,-10603468806.0,24749293457.0,41253688514.0,opendart,2026-05-18T14:32:08+09:00
20250401,288330,1227039,2024,11011,CFS,12156947.0,-19008362312.0,-19932969236.0,27564663503.0,33492251613.0,opendart,2026-05-18T14:32:08+09:00
20260401,288330,1227039,2025,11011,CFS,1174989650.0,-15153803090.0,-32239564842.0,43789604699.0,70830847354.0,opendart,2026-05-18T14:32:08+09:00
20250401,288620,1257872,2024,11011,CFS,33666472002.0,-4136970012.0,-1231878289.0,67800484596.0,121994396863.0,opendart,2026-05-18T14:32:08+09:00
20260401,288620,1257872,2025,11011,CFS,15786204867.0,-15012748021.0,-21805283045.0,45845226519.0,91044143269.0,opendart,2026-05-18T14:32:08+09:00
20250401,288980,1423837,2024,11011,CFS,34374696997.0,-1329920446.0,-4086615860.0,38170085874.0,90228615127.0,opendart,2026-05-18T14:32:08+09:00
20260401,288980,1423837,2025,11011,CFS,23169923506.0,-5933151354.0,-19734538355.0,19369615950.0,78216530515.0,opendart,2026-05-18T14:32:08+09:00
20250401,289010,983934,2024,11011,CFS,107627285871.0,-1939876034.0,-6212111382.0,38736622061.0,77331787493.0,opendart,2026-05-18T14:32:08+09:00
20260401,289010,983934,2025,11011,OFS,91587213109.0,1401677361.0,-1057960650.0,42567459598.0,66971694074.0,opendart,2026-05-18T14:32:08+09:00
20250401,289080,599151,2024,11011,CFS,29749069076.0,108332409.0,4285227080.0,74627319614.0,94644733007.0,opendart,2026-05-18T14:32:08+09:00
20260401,289080,599151,2025,11011,CFS,21073110564.0,644809933.0,-5232241230.0,70742138567.0,92776064638.0,opendart,2026-05-18T14:32:08+09:00
20250401,289220,1264438,2024,11011,CFS,50088415919.0,-17292787337.0,-28283670436.0,70086887373.0,91693857460.0,opendart,2026-05-18T14:32:08+09:00
20260401,289220,1264438,2025,11011,CFS,36726021382.0,-18997198393.0,-17591107936.0,53562664153.0,69971423176.0,opendart,2026-05-18T14:32:08+09:00
20250401,289930,1270749,2024,11011,OFS,29395539959.0,-4858390502.0,-5534774677.0,33624259710.0,67023863233.0,opendart,2026-05-18T14:32:08+09:00
20260401,289930,1270749,2025,11011,OFS,40706149797.0,627434552.0,1796345040.0,51216488478.0,110354012068.0,opendart,2026-05-18T14:32:08+09:00
20250401,290090,1217014,2024,11011,CFS,29281443941.0,601607786.0,1626157240.0,66171745117.0,72317532361.0,opendart,2026-05-18T14:32:08+09:00
20260401,290090,1217014,2025,11011,CFS,21040468279.0,-4083362675.0,-3100819229.0,62807488523.0,69281155564.0,opendart,2026-05-18T14:32:08+09:00
20250401,290120,1182578,2024,11011,CFS,270395042990.0,16539456188.0,2299311736.0,97322626662.0,276498592273.0,opendart,2026-05-18T14:32:08+09:00
20260401,290120,1182578,2025,11011,CFS,355590427771.0,21921482734.0,13578696108.0,110824788397.0,313972572649.0,opendart,2026-05-18T14:32:08+09:00
20250401,290270,1251577,2024,11011,CFS,36892798614.0,3153709902.0,3727953129.0,45620187517.0,53025559365.0,opendart,2026-05-18T14:32:08+09:00
20260401,290270,1251577,2025,11011,CFS,37730120046.0,4802475204.0,5768891620.0,51029662017.0,58489761165.0,opendart,2026-05-18T14:32:08+09:00
20250401,290380,384948,2024,11011,OFS,33938514136.0,2233637646.0,-8107716099.0,75980581290.0,94071159461.0,opendart,2026-05-18T14:32:08+09:00
20260401,290380,384948,2025,11011,OFS,33680578831.0,2827907878.0,983483177.0,77043598559.0,95180100530.0,opendart,2026-05-18T14:32:08+09:00
20250401,290520,961570,2024,11011,CFS,10597641707.0,-4096312646.0,-564074247.0,57372884990.0,68571194145.0,opendart,2026-05-18T14:32:08+09:00
20260401,290520,961570,2025,11011,CFS,31923243012.0,1807614008.0,1809258031.0,59255922747.0,62602404059.0,opendart,2026-05-18T14:32:08+09:00
20250401,290550,1137903,2024,11011,CFS,403349872283.0,23085704326.0,26872478520.0,181756239964.0,285758564764.0,opendart,2026-05-18T14:32:08+09:00
20260401,290550,1137903,2025,11011,CFS,425776296391.0,21573699533.0,23172035965.0,202811862926.0,319676364759.0,opendart,2026-05-18T14:32:08+09:00
20250401,290560,1130849,2024,11011,OFS,11825525641.0,2381138061.0,2510384972.0,22495933613.0,25307015334.0,opendart,2026-05-18T14:32:08+09:00
20260401,290560,1130849,2025,11011,OFS,13997153284.0,3631464763.0,3341175730.0,26259462159.0,33843085554.0,opendart,2026-05-18T14:32:08+09:00
20250401,290650,1181515,2024,11011,CFS,72093323401.0,2542071249.0,140965124092.0,294725607694.0,475601177449.0,opendart,2026-05-18T14:32:08+09:00
20260401,290650,1181515,2025,11011,CFS,85476414998.0,4415713583.0,-138246706187.0,208533437343.0,456637114149.0,opendart,2026-05-18T14:32:08+09:00
20250401,290660,1246034,2024,11011,CFS,21111727666.0,-2412192624.0,-1467299019.0,38254128198.0,72358178170.0,opendart,2026-05-18T14:32:08+09:00
20260401,290660,1246034,2025,11011,CFS,16052919041.0,-2902477230.0,-12304887873.0,53177608215.0,77791245730.0,opendart,2026-05-18T14:32:08+09:00
20250401,290670,1259418,2024,11011,CFS,28393852143.0,-9797081300.0,-15756810425.0,52801268379.0,82075738955.0,opendart,2026-05-18T14:32:08+09:00
20260401,290670,1259418,2025,11011,CFS,26147290618.0,-10443217543.0,-35500569163.0,17975697812.0,47498260722.0,opendart,2026-05-18T14:32:08+09:00
20250401,290690,605522,2024,11011,OFS,50689386299.0,-6618788188.0,-40974320492.0,78334746345.0,117301524875.0,opendart,2026-05-18T14:32:08+09:00
20260401,290690,605522,2025,11011,OFS,38268314998.0,-6717469974.0,-7715428231.0,90894632515.0,141589003075.0,opendart,2026-05-18T14:32:08+09:00
20250401,290720,1259311,2024,11011,CFS,124128545790.0,-17426139506.0,-45472723233.0,2155995924.0,108082177660.0,opendart,2026-05-18T14:32:08+09:00
20260401,290720,1259311,2025,11011,CFS,86805706183.0,-8152920653.0,2030815890.0,35026768109.0,86485313101.0,opendart,2026-05-18T14:32:08+09:00
20250401,290740,1141942,2024,11011,CFS,203084124613.0,2416736264.0,1485089888.0,69079314214.0,113717820282.0,opendart,2026-05-18T14:32:08+09:00
20260401,290740,1141942,2025,11011,CFS,244938933154.0,6578777793.0,7316690550.0,73179375583.0,123668697714.0,opendart,2026-05-18T14:32:08+09:00
20250401,291230,1276901,2024,11011,CFS,5243143947.0,-4146171578.0,-847119070.0,32703308836.0,52234516817.0,opendart,2026-05-18T14:32:08+09:00
20260401,291230,1276901,2025,11011,CFS,43194377.0,-3047747525.0,-3835962954.0,28866072406.0,47404932422.0,opendart,2026-05-18T14:32:08+09:00
20250401,291650,1265251,2024,11011,OFS,1082811701.0,-7051549394.0,-8702303134.0,25436323691.0,31980971854.0,opendart,2026-05-18T14:32:08+09:00
20260401,291650,1265251,2025,11011,OFS,3504924224.0,-7800955574.0,-8621566462.0,28230771052.0,41105534039.0,opendart,2026-05-18T14:32:08+09:00
20250401,291810,1524507,2024,11011,OFS,10643069877.0,-1528381677.0,66654935.0,20897908394.0,22982233873.0,opendart,2026-05-18T14:32:08+09:00
20260401,291810,1524507,2025,11011,OFS,5771786570.0,-3232574054.0,-3763065368.0,17186561636.0,20313883967.0,opendart,2026-05-18T14:32:08+09:00
20250401,293480,248974,2024,11011,OFS,225339838199.0,25154206032.0,21250044508.0,309176120601.0,382010680680.0,opendart,2026-05-18T14:32:08+09:00
20260401,293480,248974,2025,11011,OFS,239503892657.0,25815826289.0,8778007699.0,313408799150.0,418140743513.0,opendart,2026-05-18T14:32:08+09:00
20250401,293490,1137383,2024,11011,CFS,627227484059.0,19148863191.0,-128088854882.0,1478357269717.0,3173239057351.0,opendart,2026-05-18T14:32:08+09:00
20260401,293490,1137383,2025,11011,CFS,465018566528.0,-39590701112.0,-143084637075.0,1197974368242.0,2676774444103.0,opendart,2026-05-18T14:32:08+09:00
20250401,293580,651017,2024,11011,CFS,31417158257.0,43912059.0,7930927666.0,100579291819.0,151106013762.0,opendart,2026-05-18T14:32:08+09:00
20260401,293580,651017,2025,11011,CFS,29156196744.0,137099281.0,5783322145.0,104483777400.0,169591414227.0,opendart,2026-05-18T14:32:08+09:00
20250401,293780,1251595,2024,11011,CFS,3360980197.0,-18854397789.0,-29377949531.0,54197060574.0,77433613582.0,opendart,2026-05-18T14:32:08+09:00
20260401,293780,1251595,2025,11011,CFS,3697914750.0,-15843070615.0,-16346165951.0,47184636625.0,60026991317.0,opendart,2026-05-18T14:32:08+09:00
20250401,293940,1276594,2024,11011,CFS,58306126000.0,33777395713.0,4652415132.0,540088453313.0,2158801775445.0,opendart,2026-05-18T14:32:08+09:00
20260401,293940,1276594,2025,11011,CFS,82852115221.0,51085925770.0,11311947161.0,813938485823.0,3144917104161.0,opendart,2026-05-18T14:32:08+09:00
20250401,294090,1274310,2024,11011,CFS,5030925027.0,-61009582100.0,-64725973069.0,5457201163.0,57592868626.0,opendart,2026-05-18T14:32:08+09:00
20260401,294090,1274310,2025,11011,CFS,3669588357.0,-22237706207.0,-42385040356.0,-143972708570.0,36375819048.0,opendart,2026-05-18T14:32:08+09:00
20250401,294140,1011395,2024,11011,OFS,7288230562.0,-6283333118.0,-4684326075.0,12251661595.0,20073174804.0,opendart,2026-05-18T14:32:08+09:00
20260401,294140,1011395,2025,11011,CFS,7456806685.0,-7144548463.0,-12098901003.0,9091778381.0,25588308770.0,opendart,2026-05-18T14:32:08+09:00
20250401,294570,1311055,2024,11011,OFS,73038223164.0,16588584400.0,15776286387.0,146807135040.0,262925195158.0,opendart,2026-05-18T14:32:08+09:00
20260401,294570,1311055,2025,11011,OFS,69459535152.0,18859505780.0,21485218882.0,170511989739.0,313529196521.0,opendart,2026-05-18T14:32:08+09:00
20250401,294630,867973,2024,11011,OFS,1405653733.0,-4466955298.0,-3943049036.0,7857811178.0,12052682439.0,opendart,2026-05-18T14:32:08+09:00
20260401,294630,867973,2025,11011,OFS,3386486863.0,-3857862253.0,-3975023682.0,9740700074.0,16595675557.0,opendart,2026-05-18T14:32:08+09:00
20250401,294870,1310269,2024,11011,CFS,4256233201783.0,184636983859.0,155717171971.0,3114585393894.0,7461863865856.0,opendart,2026-05-18T14:32:08+09:00
20260401,294870,1310269,2025,11011,CFS,4147006988796.0,248613789437.0,158148718419.0,3212755613173.0,7599100705541.0,opendart,2026-05-18T14:32:08+09:00
20250401,295310,1011368,2024,11011,OFS,45140439641.0,-6789016613.0,-8388199445.0,66111681371.0,119613500109.0,opendart,2026-05-18T14:32:08+09:00
20260401,295310,1011368,2025,11011,OFS,66531544743.0,5837442731.0,12611331800.0,90113520125.0,173276147468.0,opendart,2026-05-18T14:32:08+09:00
20250401,296640,1341630,2024,11011,CFS,23706726437.0,2396374785.0,3071755261.0,32759317309.0,46961501655.0,opendart,2026-05-18T14:32:08+09:00
20260401,296640,1341630,2025,11011,CFS,22932750118.0,921645948.0,2584444014.0,34158925461.0,40551287444.0,opendart,2026-05-18T14:32:08+09:00
20250401,297090,765462,2024,11011,CFS,105410424602.0,2109689073.0,2508225870.0,93841372625.0,148035414928.0,opendart,2026-05-18T14:32:08+09:00
20260401,297090,765462,2025,11011,CFS,126148072662.0,11086289238.0,11232972223.0,100970594640.0,154563902434.0,opendart,2026-05-18T14:32:08+09:00
20250401,297570,1309795,2024,11011,OFS,30947059461.0,4807349942.0,-403446745.0,40374430233.0,59863502862.0,opendart,2026-05-18T14:32:08+09:00
20260401,297570,1309795,2025,11011,CFS,42912841922.0,6538943174.0,4469199556.0,54720091790.0,112469562455.0,opendart,2026-05-18T14:32:08+09:00
20250401,297890,523936,2024,11011,CFS,131531306583.0,19341641385.0,-20755207602.0,220931632802.0,293326677896.0,opendart,2026-05-18T14:32:08+09:00
20260401,297890,523936,2025,11011,CFS,62848643582.0,4396138891.0,26472222548.0,247318978972.0,308900006194.0,opendart,2026-05-18T14:32:08+09:00
20250401,298000,1316236,2024,11011,CFS,2838188216213.0,-170490593038.0,-325724192131.0,-67992669067.0,3272029757634.0,opendart,2026-05-18T14:32:08+09:00
20260401,298000,1316236,2025,11011,CFS,2340718244068.0,-160500285509.0,326028405105.0,633071470889.0,2594091115287.0,opendart,2026-05-18T14:32:08+09:00
20250401,298020,1316227,2024,11011,CFS,7776065076844.0,270728036762.0,183832311123.0,1819937560940.0,4724182664945.0,opendart,2026-05-18T14:32:08+09:00
20260401,298020,1316227,2025,11011,CFS,7694843720869.0,251502878527.0,38195733782.0,1956911565949.0,5739089251365.0,opendart,2026-05-18T14:32:08+09:00
20250401,298040,1316245,2024,11011,CFS,4894979612220.0,362479487133.0,222929444192.0,2055618494514.0,6218812921202.0,opendart,2026-05-18T14:32:08+09:00
20260401,298040,1316245,2025,11011,CFS,5968511616609.0,746968417289.0,502837667965.0,2489720957283.0,7227883006296.0,opendart,2026-05-18T14:32:08+09:00
20250401,298050,1316254,2024,11011,CFS,3311227813004.0,219722228984.0,78182591757.0,1157339482999.0,3820765107830.0,opendart,2026-05-18T14:32:08+09:00
20260401,298050,1316254,2025,11011,CFS,3283044948859.0,157433130038.0,15653332610.0,826502232236.0,3903414776514.0,opendart,2026-05-18T14:32:08+09:00
20250401,298060,1110474,2024,11011,OFS,824800629.0,-11307752652.0,-12377068011.0,14178820686.0,23169708260.0,opendart,2026-05-18T14:32:08+09:00
20260401,298060,1110474,2025,11011,CFS,23839029791.0,-4528614085.0,202502788.0,36070339118.0,51993772289.0,opendart,2026-05-18T14:32:08+09:00
20250401,298380,1256864,2024,11011,CFS,33403030159.0,-59377417080.0,-55529347885.0,167279783243.0,231975702513.0,opendart,2026-05-18T14:32:08+09:00
20260401,298380,1256864,2025,11011,CFS,79349848373.0,-40389935899.0,-37877499346.0,156697416161.0,280934191003.0,opendart,2026-05-18T14:32:08+09:00
20250401,298540,1214743,2024,11011,CFS,516897055775.0,30093846387.0,18991375049.0,399624489570.0,698314575870.0,opendart,2026-05-18T14:32:08+09:00
20260401,298540,1214743,2025,11011,CFS,477521854058.0,6968044892.0,1024799100.0,392722233598.0,675904004288.0,opendart,2026-05-18T14:32:08+09:00
20250401,298690,651901,2024,11011,OFS,1006762846981.0,146280451432.0,2418255496.0,139102615031.0,1417585685197.0,opendart,2026-05-18T14:32:08+09:00
20260401,298690,651901,2025,11011,OFS,832585465461.0,-4520948126.0,-22082809092.0,161199313412.0,1452410539672.0,opendart,2026-05-18T14:32:08+09:00
20250401,298830,1012640,2024,11011,CFS,201695335.0,7890549456.0,10077676634.0,106086743006.0,162364676093.0,opendart,2026-05-18T14:32:08+09:00
20260401,298830,1012640,2025,11011,CFS,207477305.0,12600109809.0,9632341328.0,121927253390.0,179033617164.0,opendart,2026-05-18T14:32:08+09:00
20250401,299030,601191,2024,11011,CFS,94219106206.0,-26397485068.0,-15510537886.0,97928221707.0,240047609865.0,opendart,2026-05-18T14:32:08+09:00
20260401,299030,601191,2025,11011,CFS,93832555999.0,-39810418.0,-5804996468.0,100598962406.0,263293478189.0,opendart,2026-05-18T14:32:08+09:00
20250401,299170,1318261,2024,11011,CFS,40411341295.0,3850124651.0,1240603071.0,45737242581.0,85398580898.0,opendart,2026-05-18T14:32:08+09:00
20260401,299170,1318261,2025,11011,CFS,51706061278.0,3915666692.0,-3494309836.0,62665664020.0,86862735461.0,opendart,2026-05-18T14:32:08+09:00
20250401,299660,1235296,2024,11011,OFS,4165091858.0,-11980498848.0,-12259048237.0,51203097973.0,76086463597.0,opendart,2026-05-18T14:32:08+09:00
20260401,299660,1235296,2025,11011,OFS,8841828282.0,-11343055983.0,-12069197070.0,74206585788.0,110869307903.0,opendart,2026-05-18T14:32:08+09:00
20250401,299900,1276327,2024,11011,CFS,80432665935.0,-11816014440.0,-60298960409.0,173594845994.0,293502455885.0,opendart,2026-05-18T14:32:08+09:00
20260401,299900,1276327,2025,11011,CFS,101995172098.0,-9556606628.0,-41781737653.0,132230481358.0,242562329443.0,opendart,2026-05-18T14:32:08+09:00
20250401,300080,1237434,2024,11011,CFS,20300590454.0,-396344850.0,809330984.0,11017615321.0,16537997958.0,opendart,2026-05-18T14:32:08+09:00
20260401,300080,1237434,2025,11011,CFS,35979641976.0,6153818311.0,6448160859.0,17210478656.0,24575168335.0,opendart,2026-05-18T14:32:08+09:00
20250401,300120,1251489,2024,11011,CFS,220225561052.0,-16249271324.0,-13936042786.0,45600288551.0,157599270309.0,opendart,2026-05-18T14:32:08+09:00
20260401,300120,1251489,2025,11011,CFS,223808325905.0,-16192262465.0,-20435617608.0,43999916233.0,196166594881.0,opendart,2026-05-18T14:32:08+09:00
20250401,300720,1319808,2024,11011,CFS,1741671258107.0,271389512685.0,199016257703.0,1838819908315.0,2988334569492.0,opendart,2026-05-18T14:32:08+09:00
20260401,300720,1319808,2025,11011,CFS,1423859619115.0,132739217663.0,81141916163.0,1868385838037.0,3034061166095.0,opendart,2026-05-18T14:32:08+09:00
20250401,301300,403793,2024,11011,CFS,26341324113.0,-5992179894.0,-9329826026.0,59972519103.0,88681121141.0,opendart,2026-05-18T14:32:08+09:00
20260401,301300,403793,2025,11011,CFS,19009260214.0,-3755320826.0,-18427937888.0,43486606622.0,65434273977.0,opendart,2026-05-18T14:32:08+09:00
20250401,302430,1258710,2024,11011,CFS,52996048556.0,-7228086313.0,-1466571087.0,63757426697.0,77631713189.0,opendart,2026-05-18T14:32:08+09:00
20260401,302430,1258710,2025,11011,CFS,38567691701.0,-5703408531.0,-4296143015.0,59546013642.0,77002948664.0,opendart,2026-05-18T14:32:08+09:00
20250401,302440,1319899,2024,11011,CFS,267545049154.0,-138431298006.0,-50117070464.0,2022452177574.0,2843596036892.0,opendart,2026-05-18T14:32:08+09:00
20260401,302440,1319899,2025,11011,CFS,651368342533.0,-123501682766.0,-56173210192.0,2037454202719.0,2955743509068.0,opendart,2026-05-18T14:32:08+09:00
20250401,302550,1275665,2024,11011,CFS,25554051153.0,1121187641.0,7380754458.0,40270228483.0,59062954350.0,opendart,2026-05-18T14:32:08+09:00
20260401,302550,1275665,2025,11011,CFS,24504879379.0,725837577.0,-35468721.0,39464187401.0,53909494092.0,opendart,2026-05-18T14:32:08+09:00
20250401,303030,1318933,2024,11011,OFS,54075603095.0,282028983.0,652960855.0,16939159315.0,27628810259.0,opendart,2026-05-18T14:32:08+09:00
20260401,303030,1318933,2025,11011,OFS,36380023074.0,-8552839558.0,-9577834521.0,8942428417.0,21943879670.0,opendart,2026-05-18T14:32:08+09:00
20250401,303360,1267958,2024,11011,OFS,10514547438.0,1501866324.0,2442123882.0,26207201144.0,27858469856.0,opendart,2026-05-18T14:32:08+09:00
20260401,303360,1267958,2025,11011,OFS,15120258908.0,3721214679.0,4471384227.0,30698312884.0,33032667674.0,opendart,2026-05-18T14:32:08+09:00
20250401,303530,1264872,2024,11011,CFS,86775972174.0,-1933924977.0,-1543172808.0,37259493101.0,63382545511.0,opendart,2026-05-18T14:32:08+09:00
20260401,303530,1264872,2025,11011,CFS,70744057088.0,-2896673174.0,-3016864876.0,34559354256.0,69535469493.0,opendart,2026-05-18T14:32:08+09:00
20250401,303810,1233465,2024,11011,OFS,131816122285.0,11916090535.0,2244730442.0,105224367242.0,191657729787.0,opendart,2026-05-18T14:32:08+09:00
20260401,303810,1233465,2025,11011,OFS,130343747512.0,13045359378.0,8658257416.0,131365571744.0,217626925229.0,opendart,2026-05-18T14:32:08+09:00
20250401,304100,1050738,2024,11011,CFS,45944417924.0,-6631928392.0,-5858192125.0,72670846244.0,93236129312.0,opendart,2026-05-18T14:32:08+09:00
20260401,304100,1050738,2025,11011,CFS,41635622271.0,-8042487449.0,-11998353376.0,73761225397.0,106498868491.0,opendart,2026-05-18T14:32:08+09:00
20250401,304360,1258020,2024,11011,CFS,13734027409.0,-5445268665.0,-5820879143.0,18311414439.0,44600754766.0,opendart,2026-05-18T14:32:08+09:00
20260401,304360,1258020,2025,11011,CFS,16547626709.0,-8343993607.0,1062902848.0,16725364626.0,41218860975.0,opendart,2026-05-18T14:32:08+09:00
20250401,304840,1118281,2024,11011,CFS,3731509686.0,-11501274843.0,-1259501841.0,7620626223.0,27074569272.0,opendart,2026-05-18T14:32:08+09:00
20260401,304840,1118281,2025,11011,CFS,2850535918.0,-8377380014.0,-16938501622.0,28618063792.0,44571639934.0,opendart,2026-05-18T14:32:08+09:00
20250401,305090,1267967,2024,11011,OFS,11533272625.0,279883032.0,449552348.0,29135753467.0,54208801197.0,opendart,2026-05-18T14:32:08+09:00
20260401,305090,1267967,2025,11011,OFS,12842770689.0,-9171245064.0,-13145531680.0,28953499933.0,65200642119.0,opendart,2026-05-18T14:32:08+09:00
20250401,306040,1222432,2024,11011,CFS,181794949391.0,-3238016403.0,-4078226125.0,130435840260.0,222157000869.0,opendart,2026-05-18T14:32:08+09:00
20260401,306040,1222432,2025,11011,CFS,163414115546.0,-15862622237.0,-10701104859.0,119096022936.0,215495019815.0,opendart,2026-05-18T14:32:08+09:00
20250401,306200,1325979,2024,11011,CFS,1809432963576.0,202908673849.0,137062259161.0,1112556559045.0,1823848054024.0,opendart,2026-05-18T14:32:08+09:00
20260401,306200,1325979,2025,11011,CFS,1484796736010.0,49601484490.0,29999162195.0,1122055270502.0,1828293597693.0,opendart,2026-05-18T14:32:08+09:00
20250401,306620,1325429,2024,11011,CFS,104451927574.0,3625807851.0,260684931.0,59489235196.0,142540468630.0,opendart,2026-05-18T14:32:08+09:00
20260401,306620,1325429,2025,11011,CFS,75810672480.0,1631644343.0,-3648033893.0,43071496236.0,143518774423.0,opendart,2026-05-18T14:32:08+09:00
20250401,307180,1326279,2024,11011,CFS,83497969579.0,5037681434.0,898911128.0,17769612991.0,138230374218.0,opendart,2026-05-18T14:32:08+09:00
20260401,307180,1326279,2025,11011,CFS,102864055822.0,-8501873229.0,-10831408385.0,23188542465.0,154697625359.0,opendart,2026-05-18T14:32:08+09:00
20250401,307280,1326224,2024,11011,CFS,30439668570.0,6406557277.0,5338692987.0,37267525192.0,41269318159.0,opendart,2026-05-18T14:32:08+09:00
20260401,307280,1326224,2025,11011,CFS,35244285942.0,7926377772.0,6459097224.0,42623539953.0,47625399900.0,opendart,2026-05-18T14:32:08+09:00
20250401,307750,1329957,2024,11011,CFS,136467647880.0,368251990.0,537666232.0,97499291613.0,212272813499.0,opendart,2026-05-18T14:32:08+09:00
20260401,307750,1329957,2025,11011,CFS,131039398700.0,-2575730706.0,-4820309643.0,95872367221.0,179207011973.0,opendart,2026-05-18T14:32:08+09:00
20250401,307870,1326792,2024,11011,CFS,25098141983.0,-2645179181.0,-6925800390.0,34082123517.0,56705860011.0,opendart,2026-05-18T14:32:08+09:00
20260401,307870,1326792,2025,11011,CFS,14624545174.0,-6746466061.0,-12215821766.0,31436385992.0,45587526620.0,opendart,2026-05-18T14:32:08+09:00
20250401,307930,598198,2024,11011,OFS,15072826895.0,27717238.0,2090601512.0,74576665529.0,77364427939.0,opendart,2026-05-18T14:32:08+09:00
20260401,307930,598198,2025,11011,OFS,21602359333.0,29889605.0,7240771662.0,81997801035.0,87490232023.0,opendart,2026-05-18T14:32:08+09:00
20250401,307950,362441,2024,11011,CFS,3713617277000.0,224434118000.0,175182500000.0,1730526263000.0,3349516801000.0,opendart,2026-05-18T14:32:08+09:00
20260401,307950,362441,2025,11011,CFS,4252067261000.0,255302187000.0,186789322000.0,1874718905000.0,3605190886000.0,opendart,2026-05-18T14:32:08+09:00
20250401,308080,1335790,2024,11011,CFS,278946254.0,-15330478633.0,-14055502834.0,58025759633.0,67346375109.0,opendart,2026-05-18T14:32:08+09:00
20260401,308080,1335790,2025,11011,OFS,22674300.0,-17108466056.0,-16322420297.0,43720241870.0,54275047508.0,opendart,2026-05-18T14:32:08+09:00
20250401,308100,1181807,2024,11011,CFS,39800326696.0,-9386447776.0,-16325109674.0,40424273974.0,89137808523.0,opendart,2026-05-18T14:32:08+09:00
20260401,308100,1181807,2025,11011,CFS,37683290800.0,-8084930328.0,-34488988153.0,58824522266.0,97127827614.0,opendart,2026-05-18T14:32:08+09:00
20250401,308170,450010,2024,11011,CFS,432271164941.0,3919580993.0,-16607105965.0,71551051571.0,296260020201.0,opendart,2026-05-18T14:32:08+09:00
20260401,308170,450010,2025,11011,CFS,461459309070.0,5813747117.0,-3232065564.0,87198225886.0,334481552565.0,opendart,2026-05-18T14:32:08+09:00
20250401,308430,1275489,2024,11011,OFS,2289802980.0,-7136638558.0,-7266102152.0,29575125706.0,34407912250.0,opendart,2026-05-18T14:32:08+09:00
20260401,308430,1275489,2025,11011,OFS,1945073476.0,-8244608272.0,-7573629082.0,22786578557.0,35194689378.0,opendart,2026-05-18T14:32:08+09:00
20260401,309710,914341,2025,11011,CFS,61966968775.0,-1850846474.0,-14330238735.0,65278353552.0,181019209024.0,opendart,2026-05-18T14:32:08+09:00
20250401,309930,1335453,2024,11011,CFS,47269217005.0,-2388988078.0,1039766022.0,29449271860.0,52757585531.0,opendart,2026-05-18T14:32:08+09:00
20260401,309930,1335453,2025,11011,CFS,45980848660.0,-8769178492.0,-20723097978.0,18690920737.0,54954305162.0,opendart,2026-05-18T14:32:08+09:00
20250401,309960,231901,2024,11011,CFS,30257378187.0,10852356019.0,8577972938.0,119034309285.0,129653934395.0,opendart,2026-05-18T14:32:08+09:00
20260401,309960,231901,2025,11011,CFS,26415002944.0,9665347388.0,12433318960.0,126962988014.0,135722128514.0,opendart,2026-05-18T14:32:08+09:00
20250401,310200,1335578,2024,11011,CFS,130975963475.0,25139081598.0,18029079938.0,123840833000.0,255587888312.0,opendart,2026-05-18T14:32:08+09:00
20260401,310200,1335578,2025,11011,CFS,150299705151.0,22683638558.0,14044673132.0,128151638595.0,271345115964.0,opendart,2026-05-18T14:32:08+09:00
20250401,310210,1327746,2024,11011,CFS,0.0,-36339049690.0,-32613098090.0,66412537872.0,73658644252.0,opendart,2026-05-18T14:32:08+09:00
20260401,310210,1327746,2025,11011,CFS,7512306000.0,-54384535976.0,-42706333585.0,103795095825.0,171234323350.0,opendart,2026-05-18T14:32:08+09:00
20250401,310870,1336443,2024,11011,CFS,100112472400.0,4903606294.0,631129010.0,50733716670.0,103287672656.0,opendart,2026-05-18T14:32:08+09:00
20260401,310870,1336443,2025,11011,CFS,111038786425.0,5122983201.0,3674732731.0,53992464157.0,131518383260.0,opendart,2026-05-18T14:32:08+09:00
20250401,311320,668965,2024,11011,CFS,44777284388.0,5313625339.0,3100128402.0,56142155665.0,70134942797.0,opendart,2026-05-18T14:32:08+09:00
20260401,311320,668965,2025,11011,CFS,54623538260.0,4429142245.0,4785026218.0,61986513195.0,76804567328.0,opendart,2026-05-18T14:32:08+09:00
20250401,311390,1219155,2024,11011,CFS,40313599873.0,-690734776.0,930237096.0,143021367673.0,178338004403.0,opendart,2026-05-18T14:32:08+09:00
20260401,311390,1219155,2025,11011,CFS,81943689101.0,5408789313.0,5173058511.0,146330521389.0,181836812241.0,opendart,2026-05-18T14:32:08+09:00
20250401,311690,1071041,2024,11011,CFS,3466535834.0,-34241072033.0,-32837724111.0,77756531694.0,99609756405.0,opendart,2026-05-18T14:32:08+09:00
20260401,311690,1071041,2025,11011,CFS,3692528456.0,-24785824846.0,-24004990285.0,53639266970.0,72337467194.0,opendart,2026-05-18T14:32:08+09:00
20250401,312610,1223219,2024,11011,OFS,15744037340.0,-6475847079.0,-5612828409.0,57325191040.0,71248598554.0,opendart,2026-05-18T14:32:08+09:00
20260401,312610,1223219,2025,11011,OFS,13707979371.0,-9520851758.0,-10260326956.0,47064864084.0,67396282298.0,opendart,2026-05-18T14:32:08+09:00
20250401,313760,863038,2024,11011,CFS,8174064954.0,-4018128300.0,-13005989810.0,20057438112.0,42232494716.0,opendart,2026-05-18T14:32:08+09:00
20260401,313760,863038,2025,11011,CFS,7481352962.0,-4871999423.0,-8396482687.0,21351104831.0,52647471881.0,opendart,2026-05-18T14:32:08+09:00
20250401,314130,1276026,2024,11011,CFS,27744683042.0,-24198703745.0,-26849543035.0,99064606739.0,147334797386.0,opendart,2026-05-18T14:32:08+09:00
20260401,314130,1276026,2025,11011,CFS,24586847088.0,-29234414724.0,-7686643893.0,114576784379.0,145008358600.0,opendart,2026-05-18T14:32:08+09:00
20250401,314140,1182259,2024,11011,OFS,123966689440.0,-693640784.0,-907124572.0,102303102155.0,159499406338.0,opendart,2026-05-18T14:32:08+09:00
20260401,314140,1182259,2025,11011,OFS,136218902142.0,5086682831.0,4682267278.0,107197789834.0,156255718323.0,opendart,2026-05-18T14:32:08+09:00
20250401,314930,1117413,2024,11011,OFS,5271365360.0,-1729805073.0,10770170.0,43199550537.0,44347229318.0,opendart,2026-05-18T14:32:08+09:00
20260401,314930,1117413,2025,11011,CFS,7027675925.0,652257064.0,851593719.0,44069204325.0,44939881971.0,opendart,2026-05-18T14:32:08+09:00
20250401,315640,1344831,2024,11011,OFS,10847380732.0,-10095677184.0,-9077685388.0,19041473121.0,31973977062.0,opendart,2026-05-18T14:32:08+09:00
20260401,315640,1344831,2025,11011,OFS,7471991050.0,-10557394860.0,-10747895228.0,28478883938.0,40453607728.0,opendart,2026-05-18T14:32:08+09:00
20250401,316140,1350869,2024,11011,CFS,8886336000000.0,-2718656000000.0,3171469000000.0,35895269000000.0,525753320000000.0,opendart,2026-05-18T14:32:08+09:00
20260401,316140,1350869,2025,11011,CFS,103871000000.0,1042497000000.0,3227508000000.0,37859248000000.0,601457286000000.0,opendart,2026-05-18T14:32:08+09:00
20250401,317120,1327092,2024,11011,CFS,7713262716.0,-5419034462.0,-6733850580.0,19554595672.0,43084569798.0,opendart,2026-05-18T14:32:08+09:00
20260401,317120,1327092,2025,11011,CFS,7467703331.0,-6051812572.0,-7772020734.0,21311835054.0,43451613307.0,opendart,2026-05-18T14:32:08+09:00
20250401,317240,1353024,2024,11011,CFS,30757976221.0,381335985.0,-4994806205.0,25527420417.0,58938458605.0,opendart,2026-05-18T14:32:08+09:00
20260401,317240,1353024,2025,11011,CFS,26033520171.0,25672167.0,-2008590829.0,29025933485.0,55827863065.0,opendart,2026-05-18T14:32:08+09:00
20250401,317330,1021666,2024,11011,CFS,99694431512.0,-30219465064.0,-72579149118.0,205743613594.0,662991271479.0,opendart,2026-05-18T14:32:08+09:00
20260401,317330,1021666,2025,11011,CFS,112078954483.0,-43026410473.0,-105550462258.0,106475636736.0,646705781509.0,opendart,2026-05-18T14:32:08+09:00
20250401,317400,367844,2024,11011,CFS,1578173429989.0,2376244362.0,6643969410.0,666115579509.0,1305235716477.0,opendart,2026-05-18T14:32:08+09:00
20260401,317400,367844,2025,11011,CFS,1387596056216.0,12505665943.0,37119411185.0,696004064996.0,1189917477862.0,opendart,2026-05-18T14:32:08+09:00
20260401,317450,179489,2025,11011,CFS,287254358952.0,92498324556.0,81435216634.0,794378106390.0,841674647202.0,opendart,2026-05-18T14:32:08+09:00
20250401,317530,1267222,2024,11011,CFS,5677574243.0,-3610777923.0,-4895289645.0,12062624773.0,18341922592.0,opendart,2026-05-18T14:32:08+09:00
20260401,317530,1267222,2025,11011,CFS,5683497607.0,-3555910328.0,-6321233881.0,21262279994.0,28151686504.0,opendart,2026-05-18T14:32:08+09:00
20250401,317690,1311286,2024,11011,CFS,2497118525.0,-16148156516.0,-20168600441.0,6530650499.0,26826503019.0,opendart,2026-05-18T14:32:08+09:00
20260401,317690,1311286,2025,11011,CFS,3688305345.0,-15555988855.0,-19460421098.0,40005489818.0,52672471071.0,opendart,2026-05-18T14:32:08+09:00
20250401,317770,1231786,2024,11011,CFS,14747157399.0,-3247811080.0,-3363941919.0,58553196018.0,96991821774.0,opendart,2026-05-18T14:32:08+09:00
20260401,317770,1231786,2025,11011,CFS,21486557890.0,-1407428509.0,-20430158922.0,89881399548.0,121402345356.0,opendart,2026-05-18T14:32:08+09:00
20250401,317830,624749,2024,11011,CFS,71042045308.0,-2798232547.0,-2195097029.0,66428307411.0,98571729878.0,opendart,2026-05-18T14:32:08+09:00
20260401,317830,624749,2025,11011,CFS,61613225016.0,-764490123.0,-5290272362.0,64895060949.0,98935815057.0,opendart,2026-05-18T14:32:08+09:00
20250401,317850,450995,2024,11011,CFS,41319031078.0,116803828.0,131919431.0,46459470438.0,61505769423.0,opendart,2026-05-18T14:32:08+09:00
20260401,317850,450995,2025,11011,CFS,40730717139.0,1910158830.0,1893744903.0,48126743303.0,64807212163.0,opendart,2026-05-18T14:32:08+09:00
20250401,317870,964595,2024,11011,CFS,14224121375.0,-2108771552.0,-2115801848.0,45552083927.0,64889629522.0,opendart,2026-05-18T14:32:08+09:00
20260401,317870,964595,2025,11011,CFS,14278768705.0,-6221608041.0,-11251943706.0,35620910970.0,82344657741.0,opendart,2026-05-18T14:32:08+09:00
20250401,318000,876166,2024,11011,CFS,24915425602.0,3157229271.0,3766347397.0,44912890189.0,51639314685.0,opendart,2026-05-18T14:32:08+09:00
20260401,318000,876166,2025,11011,CFS,23920820499.0,2325929701.0,2591807582.0,46926877304.0,52349209943.0,opendart,2026-05-18T14:32:08+09:00
20250401,318010,986898,2024,11011,CFS,16724977154.0,-258082234.0,1583124504.0,64624250914.0,67139949260.0,opendart,2026-05-18T14:32:08+09:00
20260401,318010,986898,2025,11011,CFS,12728245936.0,-673132038.0,2902453242.0,66547332653.0,68502067956.0,opendart,2026-05-18T14:32:08+09:00
20250401,318020,962393,2024,11011,CFS,77295579606.0,-1407880306.0,1588577978.0,49503300407.0,81902275903.0,opendart,2026-05-18T14:32:08+09:00
20260401,318020,962393,2025,11011,CFS,87204429934.0,3006771217.0,2853185386.0,51876228905.0,95018561122.0,opendart,2026-05-18T14:32:08+09:00
20260401,318060,1565054,2025,11011,CFS,20532799353.0,-11053753180.0,-11669860403.0,21051694632.0,39696157690.0,opendart,2026-05-18T14:32:08+09:00
20250401,318160,1288410,2024,11011,CFS,28418645601.0,4036756741.0,4378731243.0,46411684485.0,52904836215.0,opendart,2026-05-18T14:32:08+09:00
20260401,318160,1288410,2025,11011,CFS,51066196366.0,9317112607.0,8695012384.0,59003003695.0,88457532275.0,opendart,2026-05-18T14:32:08+09:00
20250401,318410,1153105,2024,11011,CFS,60662023995.0,5729097034.0,3763975247.0,76796619525.0,90308123866.0,opendart,2026-05-18T14:32:08+09:00
20260401,318410,1153105,2025,11011,CFS,51648442504.0,6192519840.0,5461632264.0,80014045016.0,92152436773.0,opendart,2026-05-18T14:32:08+09:00
20250401,319400,1358463,2024,11011,CFS,341383043004.0,24571079650.0,26917423749.0,172142776675.0,298865266015.0,opendart,2026-05-18T14:32:08+09:00
20260401,319400,1358463,2025,11011,CFS,393940640251.0,18212543309.0,11293835158.0,160303427587.0,283436434561.0,opendart,2026-05-18T14:32:08+09:00
20250401,319660,1365825,2024,11011,CFS,398050977575.0,83924423263.0,79128216285.0,471716805682.0,569356264734.0,opendart,2026-05-18T14:32:08+09:00
20260401,319660,1365825,2025,11011,CFS,457213151918.0,88494057075.0,78545663379.0,539036262184.0,645998217783.0,opendart,2026-05-18T14:32:08+09:00
20250401,320000,1359815,2024,11011,OFS,9453392037.0,-4397605316.0,-20849809108.0,37529726599.0,51423661144.0,opendart,2026-05-18T14:32:08+09:00
20260401,320000,1359815,2025,11011,CFS,11462850473.0,-5048215532.0,-21923567730.0,45602364372.0,130189938220.0,opendart,2026-05-18T14:32:08+09:00
20250401,321260,1359736,2024,11011,CFS,36028044979.0,1177001330.0,5601382311.0,40525546121.0,46147129946.0,opendart,2026-05-18T14:32:08+09:00
20260401,321260,1359736,2025,11011,CFS,31533846355.0,2771555590.0,3916817486.0,42926368267.0,48173604707.0,opendart,2026-05-18T14:32:08+09:00
20250401,321370,1593668,2024,11011,CFS,15601876294.0,-15785555200.0,-17836483829.0,19174026284.0,42714557584.0,opendart,2026-05-18T14:32:08+09:00
20260401,321370,1593668,2025,11011,CFS,19015844360.0,-11557754187.0,-15196657061.0,13028038000.0,36548693167.0,opendart,2026-05-18T14:32:08+09:00
20250401,321550,1335930,2024,11011,CFS,11687313676.0,-18699185300.0,-23546456712.0,50759701043.0,107298482316.0,opendart,2026-05-18T14:32:08+09:00
20260401,321550,1335930,2025,11011,CFS,12288796652.0,-16146558840.0,-18786557806.0,37743732808.0,98553656644.0,opendart,2026-05-18T14:32:08+09:00
20250401,321820,1116502,2024,11011,CFS,21265284097.0,-3148114885.0,-7814275067.0,23289400124.0,52591911168.0,opendart,2026-05-18T14:32:08+09:00
20260401,321820,1116502,2025,11011,CFS,46650140282.0,-3958696884.0,1120755257.0,39618840235.0,71642914566.0,opendart,2026-05-18T14:32:08+09:00
20250401,322000,1199550,2024,11011,CFS,422371216357.0,3502725251.0,114228449.0,369683769362.0,453774373436.0,opendart,2026-05-18T14:32:08+09:00
20260401,322000,1199550,2025,11011,CFS,492659873672.0,41222890455.0,41676678809.0,417784216586.0,530430417283.0,opendart,2026-05-18T14:32:08+09:00
20250401,322180,1309388,2024,11011,CFS,57466908663.0,-7912345095.0,-2023029686.0,38389333622.0,83544430008.0,opendart,2026-05-18T14:32:08+09:00
20260401,322180,1309388,2025,11011,CFS,58940727170.0,-4293305447.0,-11408430827.0,70187707474.0,111502555151.0,opendart,2026-05-18T14:32:08+09:00
20250401,322310,1016479,2024,11011,CFS,61412173565.0,6083234932.0,5906649297.0,68177499303.0,94406434193.0,opendart,2026-05-18T14:32:08+09:00
20260401,322310,1016479,2025,11011,CFS,52136517687.0,-8371350347.0,-6421102751.0,63465259312.0,92165560588.0,opendart,2026-05-18T14:32:08+09:00
20250401,322510,1153293,2024,11011,CFS,1427510483.0,-12731677700.0,-13447974784.0,49315966460.0,74593068999.0,opendart,2026-05-18T14:32:08+09:00
20260401,322510,1153293,2025,11011,CFS,3339486486.0,-13202037178.0,-13606311614.0,41362862353.0,74430726861.0,opendart,2026-05-18T14:32:08+09:00
20250401,322780,1364297,2024,11011,CFS,41832380954.0,-29362271394.0,-25120238593.0,32173332516.0,86670908071.0,opendart,2026-05-18T14:32:08+09:00
20260401,322780,1364297,2025,11011,CFS,32900432613.0,-7093848478.0,-13595975484.0,25437882479.0,66932726997.0,opendart,2026-05-18T14:32:08+09:00
20250401,323280,1366000,2024,11011,CFS,59212420040.0,6037657086.0,5968175094.0,40982352292.0,79613977957.0,opendart,2026-05-18T14:32:08+09:00
20260401,323280,1366000,2025,11011,CFS,37859245040.0,-2506348104.0,-2537179508.0,128084777866.0,172536488872.0,opendart,2026-05-18T14:32:08+09:00
20250401,323350,1344363,2024,11011,OFS,18702143953.0,1279144925.0,-4142393753.0,15316367358.0,28019420026.0,opendart,2026-05-18T14:32:08+09:00
20260401,323350,1344363,2025,11011,OFS,26936831479.0,4029710027.0,3478603269.0,18819964051.0,32356797792.0,opendart,2026-05-18T14:32:08+09:00
20250401,323410,1133217,2024,11011,OFS,2945621000000.0,4373000000.0,440065000000.0,6540131000000.0,62805282000000.0,opendart,2026-05-18T14:32:08+09:00
20260401,323410,1133217,2025,11011,OFS,3086291000000.0,9637000000.0,480280000000.0,6749866000000.0,76409775000000.0,opendart,2026-05-18T14:32:08+09:00
20250401,323990,1335851,2024,11011,OFS,1898934365.0,-15037699414.0,-10623545781.0,71994122333.0,76944022178.0,opendart,2026-05-18T14:32:08+09:00
20260401,323990,1335851,2025,11011,OFS,7056291555.0,-15498287282.0,-13340022552.0,61131364216.0,66903409666.0,opendart,2026-05-18T14:32:08+09:00
20250401,326030,878696,2024,11011,CFS,547596283214.0,96339659521.0,226973435375.0,573984249312.0,1036810779623.0,opendart,2026-05-18T14:32:08+09:00
20260401,326030,878696,2025,11011,CFS,706740960308.0,203938471064.0,253253847619.0,826269525829.0,1198308575535.0,opendart,2026-05-18T14:32:08+09:00
20250401,327260,1343665,2024,11011,CFS,44496976185.0,-1452952139.0,-7582837040.0,69846676823.0,113531552619.0,opendart,2026-05-18T14:32:08+09:00
20260401,327260,1343665,2025,11011,CFS,64084381231.0,7370290585.0,10377085538.0,86388933147.0,128192539098.0,opendart,2026-05-18T14:32:08+09:00
20250401,328130,1397620,2024,11011,CFS,54179663335.0,-67672567880.0,-82420863344.0,164861091170.0,435040757949.0,opendart,2026-05-18T14:32:08+09:00
20260401,328130,1397620,2025,11011,CFS,83129295404.0,-83103910311.0,-47389679756.0,137432900269.0,369911697195.0,opendart,2026-05-18T14:32:08+09:00
20250401,328380,1390399,2024,11011,CFS,57869530985.0,-1709290119.0,-5676108.0,22987863027.0,36569895941.0,opendart,2026-05-18T14:32:08+09:00
20260401,328380,1390399,2025,11011,CFS,63674240726.0,566164265.0,838852725.0,23358075810.0,38446772283.0,opendart,2026-05-18T14:32:08+09:00
20250401,329180,1390344,2024,11011,CFS,14486453544000.0,705223483000.0,621509420000.0,5704448501000.0,19390946750000.0,opendart,2026-05-18T14:32:08+09:00
20260401,329180,1390344,2025,11011,CFS,17580633257000.0,2037510103000.0,1415484565000.0,9341620098000.0,26163044535000.0,opendart,2026-05-18T14:32:08+09:00
20250401,330350,765851,2024,11011,OFS,102721786936.0,5660615233.0,4784739820.0,93116677064.0,134687438718.0,opendart,2026-05-18T14:32:08+09:00
20260401,330350,765851,2025,11011,OFS,106444236309.0,5662694062.0,4967130859.0,98006569443.0,136644571623.0,opendart,2026-05-18T14:32:08+09:00
20250401,330590,1363818,2024,11011,OFS,65629118705.0,42006230943.0,10613567528.0,1169497783225.0,2623648647194.0,opendart,2026-05-18T14:32:08+09:00
20260401,330590,1363818,2025,11011,OFS,70879702538.0,46254900872.0,19627460882.0,1139498580374.0,2594407041849.0,opendart,2026-05-18T14:32:08+09:00
20250401,330730,1305249,2024,11011,OFS,14175207477.0,3373889240.0,2298290131.0,85889350235.0,93042247641.0,opendart,2026-05-18T14:32:08+09:00
20260401,330730,1305249,2025,11011,OFS,25549170407.0,13461156317.0,11111516329.0,93848611323.0,102820526748.0,opendart,2026-05-18T14:32:08+09:00
20250401,330860,1368354,2024,11011,OFS,119261518573.0,-2633901614.0,-28685138144.0,165381268341.0,312241391001.0,opendart,2026-05-18T14:32:08+09:00
20260401,330860,1368354,2025,11011,OFS,114089898549.0,4755777221.0,3416216656.0,168645360153.0,291571947914.0,opendart,2026-05-18T14:32:08+09:00
20250401,331380,1393721,2024,11011,OFS,58183819225.0,-5088308912.0,-11016006047.0,16482968776.0,48617107100.0,opendart,2026-05-18T14:32:08+09:00
20260401,331380,1393721,2025,11011,OFS,45308322646.0,-10202525900.0,-10262167430.0,21145508087.0,46665341279.0,opendart,2026-05-18T14:32:08+09:00
20250401,331520,1398151,2024,11011,CFS,35589253012.0,-194541468.0,1714323656.0,30453817952.0,45466335416.0,opendart,2026-05-18T14:32:08+09:00
20260401,331520,1398151,2025,11011,CFS,37833534051.0,2878432232.0,1810463179.0,32393854061.0,56394234998.0,opendart,2026-05-18T14:32:08+09:00
20260401,331740,1649620,2025,11011,CFS,25479479430.0,-13519713490.0,-12522926447.0,30575894170.0,69080004177.0,opendart,2026-05-18T14:32:08+09:00
20250401,331920,1114586,2024,11011,CFS,6718995008.0,-1903132941.0,12266469564.0,27184171717.0,29413958613.0,opendart,2026-05-18T14:32:08+09:00
20260401,331920,1114586,2025,11011,CFS,5767635388.0,-3324045675.0,-4036458382.0,23018340463.0,24410576650.0,opendart,2026-05-18T14:32:08+09:00
20250401,332290,1394669,2024,11011,CFS,99022099930.0,3670848605.0,3032630134.0,26191560973.0,78743060575.0,opendart,2026-05-18T14:32:08+09:00
20260401,332290,1394669,2025,11011,CFS,104182653188.0,4118169007.0,1025564321.0,34728041326.0,84952926772.0,opendart,2026-05-18T14:32:08+09:00
20250401,332370,1213586,2024,11011,CFS,46525695543.0,11083090078.0,11515159250.0,62551704524.0,68271886730.0,opendart,2026-05-18T14:32:08+09:00
20260401,332370,1213586,2025,11011,CFS,49083311500.0,10876410311.0,10315001841.0,69264710631.0,74404303598.0,opendart,2026-05-18T14:32:08+09:00
20250401,332570,1015160,2024,11011,CFS,122129660010.0,10771020985.0,-7717133288.0,90075397803.0,164600371302.0,opendart,2026-05-18T14:32:08+09:00
20260401,332570,1015160,2025,11011,CFS,125476577087.0,3908628660.0,16391787281.0,133326752449.0,231884645633.0,opendart,2026-05-18T14:32:08+09:00
20250401,333050,1407158,2024,11011,OFS,27965604534.0,2031229331.0,2362382862.0,21211697477.0,30358015651.0,opendart,2026-05-18T14:32:08+09:00
20260401,333050,1407158,2025,11011,OFS,29954275384.0,1968728750.0,2148339960.0,23044012165.0,31743084589.0,opendart,2026-05-18T14:32:08+09:00
20250401,333430,1396676,2024,11011,CFS,51793219831.0,6913731124.0,6518274761.0,76713974541.0,115543389151.0,opendart,2026-05-18T14:32:08+09:00
20260401,333430,1396676,2025,11011,CFS,50673752132.0,10863172422.0,13685746628.0,90872349012.0,129139810179.0,opendart,2026-05-18T14:32:08+09:00
20250401,333620,1310773,2024,11011,CFS,62899277479.0,10451267534.0,9984931301.0,63838367427.0,98187901999.0,opendart,2026-05-18T14:32:08+09:00
20260401,333620,1310773,2025,11011,CFS,48836076321.0,-6107499104.0,-6837709811.0,51324209874.0,84907822358.0,opendart,2026-05-18T14:32:08+09:00
20250401,334890,1394377,2024,11011,CFS,10408477081.0,635636152.0,-16256710.0,410025953539.0,520480441607.0,opendart,2026-05-18T14:32:08+09:00
20260401,334890,1394377,2025,11011,CFS,21788441864.0,16624984118.0,12408253638.0,379920077350.0,578175336503.0,opendart,2026-05-18T14:32:08+09:00
20250401,334970,1258428,2024,11011,OFS,2169042470.0,-33429985102.0,-29373786049.0,71682122396.0,289414061372.0,opendart,2026-05-18T14:32:08+09:00
20260401,334970,1258428,2025,11011,OFS,12533271503.0,-33681640342.0,-27469488627.0,135203347279.0,270286306632.0,opendart,2026-05-18T14:32:08+09:00
20250401,335810,1137295,2024,11011,CFS,19134127922.0,-5366154453.0,-7305106423.0,25697646208.0,52039023615.0,opendart,2026-05-18T14:32:08+09:00
20260401,335810,1137295,2025,11011,CFS,19925825433.0,-5381489055.0,-10022814571.0,32766713543.0,53074290379.0,opendart,2026-05-18T14:32:08+09:00
20250401,335870,1405585,2024,11011,OFS,46494380735.0,1890337522.0,1197282588.0,31147759155.0,48359456449.0,opendart,2026-05-18T14:32:08+09:00
20260401,335870,1405585,2025,11011,OFS,41955687748.0,-2795720442.0,-1770678999.0,31529062488.0,54467186714.0,opendart,2026-05-18T14:32:08+09:00
20250401,335890,1406618,2024,11011,OFS,58193098799.0,36061882438.0,32640829627.0,88816576909.0,98056373990.0,opendart,2026-05-18T14:32:08+09:00
20260401,335890,1406618,2025,11011,OFS,60142394560.0,28611402766.0,23834422491.0,111496140600.0,124560079432.0,opendart,2026-05-18T14:32:08+09:00
20250401,336060,1408999,2024,11011,CFS,56364920891.0,1677639649.0,3260196717.0,39286851222.0,54503009839.0,opendart,2026-05-18T14:32:08+09:00
20260401,336060,1408999,2025,11011,CFS,70202813590.0,1991577750.0,2743505908.0,42843959251.0,56875652191.0,opendart,2026-05-18T14:32:08+09:00
20250401,336260,1412725,2024,11011,CFS,411783710408.0,-1729039707.0,-10474726734.0,498895839831.0,1179654638065.0,opendart,2026-05-18T14:32:08+09:00
20260401,336260,1412725,2025,11011,CFS,454794706613.0,-105673394536.0,-132804248876.0,367480446236.0,1198423425943.0,opendart,2026-05-18T14:32:08+09:00
20250401,336370,1412822,2024,11011,CFS,570949198601.0,-54418745322.0,-42689618619.0,1091463651219.0,2079395108546.0,opendart,2026-05-18T14:32:08+09:00
20260401,336370,1412822,2025,11011,CFS,616083220023.0,-73336006541.0,-138394465215.0,945628850900.0,2160516819035.0,opendart,2026-05-18T14:32:08+09:00
20250401,336570,1407909,2024,11011,CFS,115254599426.0,34789598806.0,29113410144.0,126797086244.0,177904003003.0,opendart,2026-05-18T14:32:08+09:00
20260401,336570,1407909,2025,11011,CFS,156838102870.0,51685459840.0,35220975207.0,157375878761.0,217246511788.0,opendart,2026-05-18T14:32:08+09:00
20250401,336680,814582,2024,11011,CFS,519654712241.0,26040170887.0,19887697794.0,184161404756.0,452487709443.0,opendart,2026-05-18T14:32:08+09:00
20260401,336680,814582,2025,11011,CFS,550111118017.0,8900559497.0,6070558012.0,193918916462.0,557067806637.0,opendart,2026-05-18T14:32:08+09:00
20250401,337930,1391103,2024,11011,CFS,271593945688.0,24899176900.0,20928643611.0,114464385959.0,172659615299.0,opendart,2026-05-18T14:32:08+09:00
20260401,337930,1391103,2025,11011,CFS,274097320763.0,17348590571.0,12235117889.0,119590281938.0,175385386691.0,opendart,2026-05-18T14:32:08+09:00
20250401,338100,1391033,2024,11011,OFS,14633144964.0,7020004168.0,7050298232.0,110636533985.0,112623172402.0,opendart,2026-05-18T14:32:08+09:00
20260401,338100,1391033,2025,11011,OFS,3979315609.0,-200510886.0,144337097.0,109529815298.0,109825676516.0,opendart,2026-05-18T14:32:08+09:00
20250401,338220,1344202,2024,11011,CFS,25869420408.0,-12450008523.0,-13018446504.0,30693774743.0,50182429726.0,opendart,2026-05-18T14:32:08+09:00
20260401,338220,1344202,2025,11011,CFS,34847834702.0,-4933322116.0,-5779512013.0,36114528575.0,50389442104.0,opendart,2026-05-18T14:32:08+09:00
20250401,338840,1226234,2024,11011,OFS,5762795738.0,-8446978249.0,-6441689679.0,18355782226.0,21727189412.0,opendart,2026-05-18T14:32:08+09:00
20260401,338840,1226234,2025,11011,OFS,2912981882.0,-9269185096.0,-42024660504.0,26597338248.0,55797789129.0,opendart,2026-05-18T14:32:08+09:00
20250401,339770,453284,2024,11011,CFS,480810378812.0,15437454339.0,833040786.0,178545057707.0,342865917617.0,opendart,2026-05-18T14:32:08+09:00
20260401,339770,453284,2025,11011,CFS,517353492006.0,35038002910.0,17221254343.0,188630140930.0,377506755277.0,opendart,2026-05-18T14:32:08+09:00
20250401,339950,1414422,2024,11011,CFS,107068569330.0,16490034787.0,12181911721.0,52586768891.0,97940371844.0,opendart,2026-05-18T14:32:08+09:00
20260401,339950,1414422,2025,11011,CFS,119488397139.0,19067499968.0,20117300717.0,70920566994.0,120830204275.0,opendart,2026-05-18T14:32:08+09:00
20250401,340360,1416642,2024,11011,OFS,65921266384.0,-1651019238.0,-5638514587.0,11171165486.0,28088527264.0,opendart,2026-05-18T14:32:08+09:00
20260401,340360,1416642,2025,11011,CFS,63202011258.0,-1900705989.0,-5010451268.0,15160825696.0,40687717639.0,opendart,2026-05-18T14:32:08+09:00
20250401,340440,1416572,2024,11011,OFS,55419229158.0,3081847064.0,2324506208.0,33988406075.0,47656169712.0,opendart,2026-05-18T14:32:08+09:00
20260401,340440,1416572,2025,11011,OFS,47989768658.0,913686463.0,1868813082.0,35951365241.0,51258562395.0,opendart,2026-05-18T14:32:08+09:00
20260401,340450,1432598,2025,11011,OFS,31533860089.0,1235615079.0,4044351288.0,78272618103.0,84626788548.0,opendart,2026-05-18T14:32:08+09:00
20250401,340570,608440,2024,11011,CFS,174891676241.0,56957338526.0,46407511867.0,171436202690.0,197075174356.0,opendart,2026-05-18T14:32:08+09:00
20260401,340570,608440,2025,11011,CFS,164157781834.0,46350773186.0,38074883027.0,201160254767.0,217077493689.0,opendart,2026-05-18T14:32:08+09:00
20250401,340810,1315042,2024,11011,CFS,14447002396.0,-10440188251.0,-10660375208.0,10095629742.0,29164887906.0,opendart,2026-05-18T14:32:08+09:00
20260401,340810,1315042,2025,11011,CFS,13970253305.0,-11271052457.0,-15336171320.0,15392811496.0,35175122811.0,opendart,2026-05-18T14:32:08+09:00
20250401,340930,1368637,2024,11011,CFS,59689568831.0,-16722746774.0,-28707577238.0,41372702804.0,168762499779.0,opendart,2026-05-18T14:32:08+09:00
20260401,340930,1368637,2025,11011,CFS,60014953095.0,-2713122013.0,-24841310025.0,50198254103.0,175737293292.0,opendart,2026-05-18T14:32:08+09:00
20260401,342870,1428948,2025,11011,CFS,103261149773.0,8169760168.0,-3329565770.0,42944155404.0,78123579023.0,opendart,2026-05-18T14:32:08+09:00
20250401,344820,1428203,2024,11011,CFS,1903321455409.0,57180712038.0,36953125966.0,1488941202070.0,2494298894368.0,opendart,2026-05-18T14:32:08+09:00
20260401,344820,1428203,2025,11011,CFS,1900606191952.0,-75207086786.0,-83642899298.0,1379175278139.0,2313583865629.0,opendart,2026-05-18T14:32:08+09:00
20250401,344860,1419135,2024,11011,OFS,8944601685.0,630490839.0,945155159.0,16612719504.0,17545442330.0,opendart,2026-05-18T14:32:08+09:00
20260401,344860,1419135,2025,11011,OFS,8213447247.0,4492321.0,287876652.0,14089780819.0,15028602394.0,opendart,2026-05-18T14:32:08+09:00
20250401,347000,1023318,2024,11011,CFS,35862109477.0,2718008245.0,2529398796.0,42534289163.0,67017008333.0,opendart,2026-05-18T14:32:08+09:00
20260401,347000,1023318,2025,11011,CFS,36725295188.0,2504690284.0,4715209101.0,57785865835.0,71324160320.0,opendart,2026-05-18T14:32:08+09:00
20250401,347700,1336762,2024,11011,CFS,2557761611.0,-6372865544.0,-17001454365.0,31251297396.0,44641348927.0,opendart,2026-05-18T14:32:08+09:00
20260401,347700,1336762,2025,11011,CFS,95638566409.0,9052274666.0,170261025.0,63634142976.0,95356892120.0,opendart,2026-05-18T14:32:08+09:00
20250401,347740,1290381,2024,11011,CFS,17846810010.0,2582128221.0,5700830958.0,76855781105.0,82039524848.0,opendart,2026-05-18T14:32:08+09:00
20260401,347740,1290381,2025,11011,CFS,22783129250.0,3940175380.0,4603567132.0,80482365597.0,86524354987.0,opendart,2026-05-18T14:32:08+09:00
20250401,347770,1405390,2024,11011,CFS,60716608625.0,-4871584740.0,-6685345440.0,52646018560.0,80654047535.0,opendart,2026-05-18T14:32:08+09:00
20260401,347770,1405390,2025,11011,CFS,63383012048.0,-6113556216.0,-8327087064.0,45386353614.0,80907326307.0,opendart,2026-05-18T14:32:08+09:00
20250401,347850,1376715,2024,11011,CFS,11436756608.0,-25016868135.0,-29483232915.0,69569189929.0,97499966012.0,opendart,2026-05-18T14:32:08+09:00
20260401,347850,1376715,2025,11011,CFS,4297604947.0,-33992611604.0,-23979675414.0,78979166016.0,97539472152.0,opendart,2026-05-18T14:32:08+09:00
20250401,347860,1405451,2024,11011,CFS,132021751.0,-10431928553.0,-9948029690.0,7074682430.0,17756212645.0,opendart,2026-05-18T14:32:08+09:00
20260401,347860,1405451,2025,11011,CFS,400797070.0,-10249280632.0,-2535514739.0,22159326869.0,35970436296.0,opendart,2026-05-18T14:32:08+09:00
20250401,347890,670766,2024,11011,OFS,36793434766.0,5639583621.0,6391715059.0,73041434047.0,78067987113.0,opendart,2026-05-18T14:32:08+09:00
20260401,347890,670766,2025,11011,CFS,62254825120.0,-5826030134.0,-2841134911.0,121868289790.0,195729169133.0,opendart,2026-05-18T14:32:08+09:00
20250401,348030,1210190,2024,11011,CFS,56000833353.0,-9307921050.0,-11916549520.0,58346558447.0,63319751411.0,opendart,2026-05-18T14:32:08+09:00
20260401,348030,1210190,2025,11011,OFS,39684702560.0,-8922905730.0,-11353105771.0,48680603616.0,52123313199.0,opendart,2026-05-18T14:32:08+09:00
20250401,348080,1357765,2024,11011,OFS,373796810.0,-19719416068.0,-26266861490.0,20476536398.0,46645883579.0,opendart,2026-05-18T14:32:08+09:00
20260401,348080,1357765,2025,11011,OFS,2456943982.0,-10334975249.0,-29672988846.0,44258664629.0,54730742035.0,opendart,2026-05-18T14:32:08+09:00
20250401,348150,1399071,2024,11011,CFS,68358643666.0,-6905195709.0,-4616840729.0,55477113362.0,102095527727.0,opendart,2026-05-18T14:32:08+09:00
20260401,348150,1399071,2025,11011,CFS,69291602991.0,-9651442284.0,-6971875295.0,49268471249.0,91256973066.0,opendart,2026-05-18T14:32:08+09:00
20250401,348210,1080252,2024,11011,CFS,113719875873.0,46974727733.0,38427640891.0,157640068434.0,189816880876.0,opendart,2026-05-18T14:32:08+09:00
20260401,348210,1080252,2025,11011,CFS,66914327141.0,-1160803724.0,-2645744570.0,150139123771.0,222879250398.0,opendart,2026-05-18T14:32:08+09:00
20250401,348340,1336461,2024,11011,CFS,25269404825.0,-19015005988.0,-16754713008.0,10869158059.0,95229546881.0,opendart,2026-05-18T14:32:08+09:00
20260401,348340,1336461,2025,11011,CFS,18954203205.0,-14856577614.0,-21991151206.0,13894569938.0,91375484748.0,opendart,2026-05-18T14:32:08+09:00
20250401,348350,925587,2024,11011,CFS,43615814810.0,965958231.0,7068116236.0,120093146739.0,139800509989.0,opendart,2026-05-18T14:32:08+09:00
20260401,348350,925587,2025,11011,CFS,57807030055.0,5128627476.0,6444751123.0,126497263951.0,155095406174.0,opendart,2026-05-18T14:32:08+09:00
20250401,348370,1011526,2024,11011,CFS,365708579550.0,-50403019697.0,-558294328262.0,484842224968.0,1159847136746.0,opendart,2026-05-18T14:32:08+09:00
20260401,348370,1011526,2025,11011,CFS,312794042228.0,-78386657935.0,-70567058674.0,481025051729.0,1107549178461.0,opendart,2026-05-18T14:32:08+09:00
20250401,348950,1415892,2024,11011,CFS,62571210627.0,30990940704.0,20675620124.0,805963091996.0,2146506925558.0,opendart,2026-05-18T14:32:08+09:00
20260401,348950,1415892,2025,11011,CFS,72166270260.0,54542329728.0,16214401254.0,1188833577590.0,2750731027539.0,opendart,2026-05-18T14:32:08+09:00
20250401,350520,1436628,2024,11011,CFS,20635384697.0,12986988878.0,9285179114.0,314275627877.0,401388501650.0,opendart,2026-05-18T14:32:08+09:00
20260401,350520,1436628,2025,11011,CFS,16512932058.0,14317961314.0,11953832363.0,318627257285.0,415408500610.0,opendart,2026-05-18T14:32:08+09:00
20250401,351320,1440153,2024,11011,CFS,8568180572.0,-8402343029.0,-9354907649.0,20410008437.0,53134749708.0,opendart,2026-05-18T14:32:08+09:00
20260401,351320,1440153,2025,11011,CFS,13012868322.0,-9464402135.0,-14237494956.0,21280333572.0,58258802617.0,opendart,2026-05-18T14:32:08+09:00
20250401,351330,1135640,2024,11011,CFS,68450229130.0,-4543528819.0,-7020949893.0,40813163177.0,68176967986.0,opendart,2026-05-18T14:32:08+09:00
20260401,351330,1135640,2025,11011,CFS,78986196809.0,-7182250667.0,-8907834071.0,34613158898.0,77574313721.0,opendart,2026-05-18T14:32:08+09:00
20250401,351870,909835,2024,11011,CFS,58777951391.0,3547196022.0,-314516197.0,50673974807.0,156108599723.0,opendart,2026-05-18T14:32:08+09:00
20260401,351870,909835,2025,11011,CFS,66474697200.0,4435474598.0,2521483697.0,58495308229.0,170418246751.0,opendart,2026-05-18T14:32:08+09:00
20250401,352090,1226270,2024,11011,CFS,66914685956.0,12423879987.0,14354097123.0,89652019610.0,124713302333.0,opendart,2026-05-18T14:32:08+09:00
20260401,352090,1226270,2025,11011,CFS,69679394350.0,11939381803.0,10208406747.0,93820586823.0,132909139186.0,opendart,2026-05-18T14:32:08+09:00
20250401,352480,1226410,2024,11011,CFS,282883855707.0,28962985598.0,32443841008.0,205795073562.0,295080551524.0,opendart,2026-05-18T14:32:08+09:00
20260401,352480,1226410,2025,11011,CFS,288477800460.0,22170749656.0,14286675994.0,354424638722.0,437835367957.0,opendart,2026-05-18T14:32:08+09:00
20250401,352700,875237,2024,11011,CFS,72986615933.0,1401980012.0,1959677876.0,161525588973.0,170100062814.0,opendart,2026-05-18T14:32:08+09:00
20260401,352700,875237,2025,11011,CFS,67177456978.0,-5751223811.0,-7837911458.0,150089804392.0,161504559526.0,opendart,2026-05-18T14:32:08+09:00
20250401,352770,1201970,2024,11011,CFS,8501826471.0,-28709445847.0,-47055129922.0,5478090348.0,53557666917.0,opendart,2026-05-18T14:32:08+09:00
20260401,352770,1201970,2025,11011,CFS,2007745450.0,-7760021046.0,-11771244916.0,-6223696999.0,18402094385.0,opendart,2026-05-18T14:32:08+09:00
20250401,352820,1204056,2024,11011,CFS,2255648536000.0,184045287000.0,-3431847000.0,3513778658000.0,5479186860000.0,opendart,2026-05-18T14:32:08+09:00
20260401,352820,1204056,2025,11011,CFS,2649870246000.0,49318276000.0,-254385318000.0,3551456465000.0,5485474443000.0,opendart,2026-05-18T14:32:08+09:00
20250401,352910,494546,2024,11011,CFS,14420899025.0,-2694159066.0,-1666051579.0,35183056439.0,39819285885.0,opendart,2026-05-18T14:32:08+09:00
20260401,352910,494546,2025,11011,CFS,33534744897.0,-3724419135.0,-2985516028.0,35624642914.0,50400998846.0,opendart,2026-05-18T14:32:08+09:00
20250401,352940,367871,2024,11011,OFS,35654027534.0,1405316756.0,645613755.0,41371723706.0,67771221943.0,opendart,2026-05-18T14:32:08+09:00
20260401,352940,367871,2025,11011,OFS,33952962076.0,917421524.0,1007310092.0,42357709457.0,69142058330.0,opendart,2026-05-18T14:32:08+09:00
20250401,353190,1453670,2024,11011,CFS,98165792130.0,1049712404.0,1672646525.0,45281667882.0,89024487865.0,opendart,2026-05-18T14:32:08+09:00
20260401,353190,1453670,2025,11011,CFS,99011416963.0,1874979920.0,958228561.0,46296118510.0,98991319915.0,opendart,2026-05-18T14:32:08+09:00
20250401,353200,1478712,2024,11011,CFS,892135903752.0,11259489061.0,23762727122.0,875513939249.0,1088723750887.0,opendart,2026-05-18T14:32:08+09:00
20260401,353200,1478712,2025,11011,CFS,1065294559811.0,49061483387.0,47605327690.0,897305160164.0,1178006544303.0,opendart,2026-05-18T14:32:08+09:00
20250401,353590,1084294,2024,11011,CFS,57230837930.0,-3302832794.0,-5489424648.0,23615188925.0,56650180100.0,opendart,2026-05-18T14:32:08+09:00
20260401,353590,1084294,2025,11011,CFS,59111769968.0,752107883.0,-5187786171.0,18595099659.0,54807514677.0,opendart,2026-05-18T14:32:08+09:00
20250401,353810,1480568,2024,11011,CFS,384330911334.0,32391234291.0,19903567657.0,88798863055.0,360011557801.0,opendart,2026-05-18T14:32:08+09:00
20260401,353810,1480568,2025,11011,CFS,476938919229.0,44989797479.0,29271545749.0,113555174512.0,327472714215.0,opendart,2026-05-18T14:32:08+09:00
20250401,354200,1397903,2024,11011,CFS,5690860231.0,-16075215174.0,-13942247606.0,17708890071.0,32949992449.0,opendart,2026-05-18T14:32:08+09:00
20260401,354200,1397903,2025,11011,CFS,21239519701.0,-8276064402.0,-6757443421.0,22592485379.0,72337772001.0,opendart,2026-05-18T14:32:08+09:00
20250401,354320,229030,2024,11011,CFS,156864765066.0,-2742893790.0,-2388378630.0,151988948463.0,339378101499.0,opendart,2026-05-18T14:32:08+09:00
20260401,354320,229030,2025,11011,CFS,187825356603.0,6220742324.0,-6127157078.0,161153439152.0,342757154564.0,opendart,2026-05-18T14:32:08+09:00
20250401,355150,1476219,2024,11011,OFS,14213293474.0,-1894839910.0,-1794814861.0,22567682926.0,39955086415.0,opendart,2026-05-18T14:32:08+09:00
20260401,355150,1476219,2025,11011,OFS,15220234978.0,184343617.0,-562518801.0,22303728608.0,56005309519.0,opendart,2026-05-18T14:32:08+09:00
20250401,355390,1514005,2024,11011,CFS,12013503460.0,-11726095494.0,-9165480224.0,10315666121.0,32865570003.0,opendart,2026-05-18T14:32:08+09:00
20260401,355390,1514005,2025,11011,CFS,10484246161.0,-13366222293.0,-21696897013.0,16813586131.0,40631651686.0,opendart,2026-05-18T14:32:08+09:00
20250401,355690,1444380,2024,11011,CFS,20439957292.0,-2611209633.0,-2245308301.0,12129396549.0,38999558175.0,opendart,2026-05-18T14:32:08+09:00
20260401,355690,1444380,2025,11011,CFS,70426120972.0,-6541146635.0,-8464069912.0,14125127280.0,72862440037.0,opendart,2026-05-18T14:32:08+09:00
20250401,356680,1372782,2024,11011,OFS,43216125927.0,3485043041.0,3998882575.0,44405475994.0,67088112253.0,opendart,2026-05-18T14:32:08+09:00
20260401,356680,1372782,2025,11011,OFS,48135693935.0,3753096506.0,3874151374.0,48279627368.0,68335898274.0,opendart,2026-05-18T14:32:08+09:00
20250401,356860,920379,2024,11011,CFS,180001314818.0,3357967990.0,3597437006.0,112098737098.0,188404742988.0,opendart,2026-05-18T14:32:08+09:00
20260401,356860,920379,2025,11011,CFS,258497722389.0,25962618716.0,18952806811.0,126043259710.0,246296090246.0,opendart,2026-05-18T14:32:08+09:00
20250401,356890,1293953,2024,11011,CFS,47855112752.0,11331960375.0,12459821420.0,49064059412.0,56330195131.0,opendart,2026-05-18T14:32:08+09:00
20260401,356890,1293953,2025,11011,CFS,33726070959.0,414314485.0,-1269215199.0,47563213726.0,52460568366.0,opendart,2026-05-18T14:32:08+09:00
20250401,357120,1430475,2024,11011,OFS,48494556591.0,35648009165.0,23754780543.0,501625191771.0,1279218586238.0,opendart,2026-05-18T14:32:08+09:00
20260401,357120,1430475,2025,11011,OFS,38554129732.0,24157963679.0,6673467256.0,480457433054.0,1288123321802.0,opendart,2026-05-18T14:32:08+09:00
20250401,357230,1068737,2024,11011,CFS,242830801884.0,7992532690.0,6431058456.0,183470392062.0,248112378127.0,opendart,2026-05-18T14:32:08+09:00
20260401,357230,1068737,2025,11011,CFS,258188615006.0,13546055668.0,9009362462.0,192195512789.0,257095039561.0,opendart,2026-05-18T14:32:08+09:00
20250401,357250,1437292,2024,11011,OFS,6884641520.0,4012458888.0,1534555756.0,100818100836.0,302492164214.0,opendart,2026-05-18T14:32:08+09:00
20260401,357250,1437292,2025,11011,OFS,6921621130.0,4089015610.0,260834285.0,96094016698.0,300998552895.0,opendart,2026-05-18T14:32:08+09:00
20250401,357430,1442966,2024,11011,CFS,4344097477.0,1699923445.0,1474073916.0,108623240416.0,160414844184.0,opendart,2026-05-18T14:32:08+09:00
20260401,357430,1442966,2025,11011,CFS,4128904816.0,2763887761.0,1987729608.0,101444915078.0,154875276975.0,opendart,2026-05-18T14:32:08+09:00
20250401,357550,921916,2024,11011,CFS,13816434795.0,2019072935.0,4335629586.0,39838347809.0,49219176168.0,opendart,2026-05-18T14:32:08+09:00
20260401,357550,921916,2025,11011,CFS,17546662983.0,3897552749.0,3798225099.0,44060007829.0,54278121176.0,opendart,2026-05-18T14:32:08+09:00
20250401,357580,1012987,2024,11011,OFS,134155017976.0,7163114384.0,1739247152.0,41408363051.0,123796497707.0,opendart,2026-05-18T14:32:08+09:00
20260401,357580,1012987,2025,11011,CFS,122140313384.0,5321549322.0,497100618.0,43248138728.0,137129203630.0,opendart,2026-05-18T14:32:08+09:00
20250401,357780,1489648,2024,11011,CFS,863356156458.0,167948756594.0,119611878137.0,1037335849194.0,1168214133834.0,opendart,2026-05-18T14:32:08+09:00
20260401,357780,1489648,2025,11011,CFS,923381966875.0,133642405522.0,83989215352.0,1111575813364.0,1446750282671.0,opendart,2026-05-18T14:32:08+09:00
20250401,357880,1381984,2024,11011,CFS,621903169.0,-12065103096.0,-24789096345.0,11413848104.0,30766757127.0,opendart,2026-05-18T14:32:08+09:00
20260401,357880,1381984,2025,11011,CFS,351697232.0,-4391455139.0,-15069950433.0,13241668735.0,38472152332.0,opendart,2026-05-18T14:32:08+09:00
20250401,358570,1351080,2024,11011,OFS,38742230.0,-48259851257.0,-58784457014.0,29050834656.0,45771447417.0,opendart,2026-05-18T14:32:08+09:00
20260401,358570,1351080,2025,11011,OFS,499407949.0,-40654989301.0,-35134798183.0,116493928388.0,127456383512.0,opendart,2026-05-18T14:32:08+09:00
20250401,359090,1487446,2024,11011,CFS,59688657389.0,3630240161.0,3358854699.0,47093920787.0,85602229971.0,opendart,2026-05-18T14:32:08+09:00
20260401,359090,1487446,2025,11011,CFS,64982070922.0,1384561417.0,1021146941.0,47877058853.0,84686909217.0,opendart,2026-05-18T14:32:08+09:00
20250401,360070,1360875,2024,11011,OFS,106078637083.0,-7210322259.0,-8155155442.0,141198932460.0,207449925803.0,opendart,2026-05-18T14:32:08+09:00
20260401,360070,1360875,2025,11011,OFS,23130641417.0,-35202548419.0,-30695078622.0,109300410495.0,187522517134.0,opendart,2026-05-18T14:32:08+09:00
20250401,360350,1493793,2024,11011,CFS,14730380482.0,-236359800.0,663871219.0,23108115539.0,28222977358.0,opendart,2026-05-18T14:32:08+09:00
20260401,360350,1493793,2025,11011,CFS,13390488732.0,-1528531452.0,-870827920.0,18356852512.0,23140165226.0,opendart,2026-05-18T14:32:08+09:00
20250401,361390,1014718,2024,11011,OFS,56830559488.0,-2170629177.0,-3088385160.0,34312840042.0,87289516128.0,opendart,2026-05-18T14:32:08+09:00
20260401,361390,1014718,2025,11011,OFS,59631313389.0,-2085761459.0,-2120342406.0,51776513097.0,87633193752.0,opendart,2026-05-18T14:32:08+09:00
20250401,361570,1303029,2024,11011,CFS,62519905445.0,-12208367924.0,-11494490662.0,70096262266.0,164140277468.0,opendart,2026-05-18T14:32:08+09:00
20260401,361570,1303029,2025,11011,CFS,46476881443.0,169191031.0,-3822576836.0,67535169672.0,181624822255.0,opendart,2026-05-18T14:32:08+09:00
20250401,361610,1386916,2024,11011,CFS,217864619000.0,-290994179000.0,-246615236000.0,2324557015000.0,4150138152000.0,opendart,2026-05-18T14:32:08+09:00
20260401,361610,1386916,2025,11011,CFS,261874278000.0,-246364302000.0,-211417928000.0,2601445266000.0,4391860994000.0,opendart,2026-05-18T14:32:08+09:00
20250401,361670,405506,2024,11011,OFS,12393769268.0,-3121113350.0,-3361612360.0,20032968626.0,23215623072.0,opendart,2026-05-18T14:32:08+09:00
20260401,361670,405506,2025,11011,CFS,10975623854.0,-1698464868.0,-1129629785.0,18978068667.0,21830678385.0,opendart,2026-05-18T14:32:08+09:00
20250401,362320,1534577,2024,11011,CFS,234266029253.0,6868476257.0,3269615509.0,86418403565.0,188385577490.0,opendart,2026-05-18T14:32:08+09:00
20260401,362320,1534577,2025,11011,CFS,217385486725.0,5369440350.0,3075568993.0,117162446576.0,207356255867.0,opendart,2026-05-18T14:32:08+09:00
20250401,362990,1492688,2024,11011,CFS,18120044631.0,1857644158.0,873348373.0,33601913347.0,49539171257.0,opendart,2026-05-18T14:32:08+09:00
20260401,362990,1492688,2025,11011,CFS,20018320351.0,-1161063123.0,-409061155.0,33133027699.0,48728518076.0,opendart,2026-05-18T14:32:08+09:00
20250401,363250,1437858,2024,11011,CFS,1207760282.0,-10115923491.0,-9528705018.0,21881212184.0,29902064808.0,opendart,2026-05-18T14:32:08+09:00
20260401,363250,1437858,2025,11011,CFS,381356664.0,-9690374140.0,-14669081849.0,7747362799.0,14395506156.0,opendart,2026-05-18T14:32:08+09:00
20250401,363260,1493535,2024,11011,CFS,37232287419.0,315014042.0,-1713863917.0,46234968076.0,116219348715.0,opendart,2026-05-18T14:32:08+09:00
20260401,363260,1493535,2025,11011,CFS,44359105328.0,4506603704.0,3096401239.0,48974301989.0,126014861489.0,opendart,2026-05-18T14:32:08+09:00
20250401,363280,1497869,2024,11011,CFS,79373438538.0,-80909104822.0,-118062200023.0,1004255716553.0,1801419186444.0,opendart,2026-05-18T14:32:08+09:00
20260401,363280,1497869,2025,11011,CFS,79226563940.0,-34563786772.0,-92787066718.0,984545129359.0,1740232363987.0,opendart,2026-05-18T14:32:08+09:00
20260401,364950,1307593,2025,11011,CFS,86949654104.0,2819131422.0,-1073545380.0,56245031341.0,83207949869.0,opendart,2026-05-18T14:32:08+09:00
20250401,365270,1397772,2024,11011,OFS,1632550301.0,-12634687980.0,-14886473150.0,29953335494.0,59288367246.0,opendart,2026-05-18T14:32:08+09:00
20260401,365270,1397772,2025,11011,OFS,7101468.0,-16503369291.0,-18112835664.0,37088924813.0,53210296406.0,opendart,2026-05-18T14:32:08+09:00
20250401,365330,1135084,2024,11011,OFS,116983649755.0,8104394275.0,6090690225.0,50091423607.0,80005657504.0,opendart,2026-05-18T14:32:08+09:00
20260401,365330,1135084,2025,11011,CFS,97366909837.0,-2674919975.0,-2097980072.0,95895022709.0,121386509997.0,opendart,2026-05-18T14:32:08+09:00
20250401,365340,1274329,2024,11011,CFS,136215012576.0,-71393158346.0,-112494302423.0,224810634527.0,679499733787.0,opendart,2026-05-18T14:32:08+09:00
20260401,365340,1274329,2025,11011,CFS,194629131476.0,-54533608529.0,-80546204052.0,154134331511.0,720705308067.0,opendart,2026-05-18T14:32:08+09:00
20250401,365550,1437186,2024,11011,CFS,56876297402.0,26551539946.0,3600540919.0,1084660805870.0,2525183126010.0,opendart,2026-05-18T14:32:08+09:00
20260401,365550,1437186,2025,11011,CFS,59557601618.0,25859163408.0,-3436388048.0,1165201595965.0,2835773540304.0,opendart,2026-05-18T14:32:08+09:00
20250401,365590,1505186,2024,11011,OFS,5889970051.0,-9120516576.0,-9436778843.0,7521586351.0,18365000788.0,opendart,2026-05-18T14:32:08+09:00
20260401,365590,1505186,2025,11011,OFS,1766991674.0,-11733752112.0,-14801817193.0,2235802722.0,12560942983.0,opendart,2026-05-18T14:32:08+09:00
20250401,365900,1354740,2024,11011,CFS,44137058067.0,-4741646531.0,-6139294908.0,33546416912.0,81412051773.0,opendart,2026-05-18T14:32:08+09:00
20260401,365900,1354740,2025,11011,CFS,46898526887.0,-1482808613.0,-3202718056.0,36882248186.0,82579699240.0,opendart,2026-05-18T14:32:08+09:00
20250401,366030,1307335,2024,11011,CFS,49860402968.0,8102118530.0,7678245446.0,76945893598.0,83478150885.0,opendart,2026-05-18T14:32:08+09:00
20260401,366030,1307335,2025,11011,CFS,45044252491.0,6804511850.0,7404352773.0,82353674660.0,88287822148.0,opendart,2026-05-18T14:32:08+09:00
20250401,367000,1454341,2024,11011,OFS,29798214574.0,-6974514700.0,-5640421095.0,36883515385.0,51504283322.0,opendart,2026-05-18T14:32:08+09:00
20260401,367000,1454341,2025,11011,CFS,38854699341.0,-4398781277.0,-4291576944.0,32656103806.0,56681937313.0,opendart,2026-05-18T14:32:08+09:00
20250401,368600,1302853,2024,11011,CFS,64567994093.0,-3229834130.0,-12840924349.0,43457750557.0,110139977759.0,opendart,2026-05-18T14:32:08+09:00
20260401,368600,1302853,2025,11011,CFS,46852015447.0,-14492170343.0,-24703783684.0,26725280890.0,95000307242.0,opendart,2026-05-18T14:32:08+09:00
20250401,368770,1513440,2024,11011,CFS,32943669332.0,7206689949.0,7152320255.0,38610358857.0,49861488962.0,opendart,2026-05-18T14:32:08+09:00
20260401,368770,1513440,2025,11011,CFS,43472321309.0,10117199890.0,9309096266.0,45791713105.0,60717374739.0,opendart,2026-05-18T14:32:08+09:00
20250401,368970,1491607,2024,11011,CFS,30309336262.0,-58743717.0,2654475562.0,48124139377.0,71080326137.0,opendart,2026-05-18T14:32:08+09:00
20260401,368970,1491607,2025,11011,CFS,25387451457.0,-1275994252.0,-3277521436.0,43581728077.0,65669212452.0,opendart,2026-05-18T14:32:08+09:00
20250401,369370,1508855,2024,11011,CFS,725671075.0,-6620604948.0,-8028412938.0,31493146550.0,53512255891.0,opendart,2026-05-18T14:32:08+09:00
20260401,369370,1508855,2025,11011,CFS,30205067026.0,-9049022194.0,-13445998991.0,18097697751.0,40629357955.0,opendart,2026-05-18T14:32:08+09:00
20250401,370090,1357446,2024,11011,OFS,25341103329.0,-3750655671.0,62568815.0,47270392777.0,50631960494.0,opendart,2026-05-18T14:32:08+09:00
20260401,370090,1357446,2025,11011,OFS,12143538944.0,-7162779864.0,-6153662668.0,41159537109.0,44552841709.0,opendart,2026-05-18T14:32:08+09:00
20250401,371950,417167,2024,11011,CFS,49263385713.0,-18248147075.0,-30132497557.0,27495746856.0,96349143591.0,opendart,2026-05-18T14:32:08+09:00
20260401,371950,417167,2025,11011,CFS,32363366118.0,-19933760853.0,-23583226913.0,12331131763.0,80333957792.0,opendart,2026-05-18T14:32:08+09:00
20250401,372170,925374,2024,11011,CFS,271333263956.0,31914052767.0,37093652993.0,197254438003.0,300875268992.0,opendart,2026-05-18T14:32:08+09:00
20260401,372170,925374,2025,11011,CFS,100175134197.0,-31641839337.0,-19159761921.0,177248917010.0,267401786179.0,opendart,2026-05-18T14:32:08+09:00
20250401,372320,1492651,2024,11011,CFS,0.0,-36624042261.0,-38239224341.0,29454229700.0,72021277015.0,opendart,2026-05-18T14:32:08+09:00
20260401,372320,1492651,2025,11011,CFS,0.0,-36289500534.0,-46305174806.0,5025125717.0,109720314339.0,opendart,2026-05-18T14:32:08+09:00
20250401,372800,1429840,2024,11011,CFS,79578130695.0,166552167.0,1241357761.0,18158521651.0,59376339643.0,opendart,2026-05-18T14:32:08+09:00
20260401,372800,1429840,2025,11011,CFS,78053779536.0,-5394921537.0,-10341416439.0,8411496974.0,33557937354.0,opendart,2026-05-18T14:32:08+09:00
20250401,372910,534598,2024,11011,CFS,104776425927.0,7488962506.0,7335829952.0,135376667975.0,198508016060.0,opendart,2026-05-18T14:32:08+09:00
20260401,372910,534598,2025,11011,CFS,92088469654.0,-727292956.0,-7665648499.0,127798893568.0,203628184111.0,opendart,2026-05-18T14:32:08+09:00
20250401,373110,1492217,2024,11011,CFS,1934344104.0,-9329894204.0,-9543173496.0,9121059292.0,16889657996.0,opendart,2026-05-18T14:32:08+09:00
20260401,373110,1492217,2025,11011,CFS,1948989102.0,-10851766656.0,-10927088630.0,7138095144.0,15721418187.0,opendart,2026-05-18T14:32:08+09:00
20250401,373160,1455492,2024,11011,CFS,127680095673.0,-286759540.0,-1611173207.0,23665561742.0,61003962878.0,opendart,2026-05-18T14:32:08+09:00
20260401,373160,1455492,2025,11011,CFS,123860403525.0,4571578722.0,4739762970.0,45351035800.0,81773786419.0,opendart,2026-05-18T14:32:08+09:00
20250401,373170,1497142,2024,11011,OFS,29636481104.0,-1069721190.0,-142685510.0,22142769100.0,30519884290.0,opendart,2026-05-18T14:32:08+09:00
20260401,373170,1497142,2025,11011,OFS,25620442016.0,885921750.0,1630786561.0,23724140978.0,32263416232.0,opendart,2026-05-18T14:32:08+09:00
20250401,373200,1514698,2024,11011,OFS,10426581859.0,-3890823088.0,-2111265607.0,10547147216.0,25270744134.0,opendart,2026-05-18T14:32:08+09:00
20260401,373200,1514698,2025,11011,CFS,10076623856.0,-5155503426.0,-2289404338.0,20694488391.0,57254583469.0,opendart,2026-05-18T14:32:08+09:00
20250401,373220,1515323,2024,11011,CFS,25619585000000.0,575387000000.0,338602000000.0,30966543000000.0,60306791000000.0,opendart,2026-05-18T14:32:08+09:00
20260401,373220,1515323,2025,11011,CFS,23671759000000.0,1346120000000.0,80803000000.0,29321676000000.0,67147953000000.0,opendart,2026-05-18T14:32:08+09:00
20250401,375500,1524093,2024,11011,CFS,8318442435057.0,270944859542.0,229223745163.0,4845710111118.0,9712402219987.0,opendart,2026-05-18T14:32:08+09:00
20260401,375500,1524093,2025,11011,CFS,7402425126660.0,386953267819.0,370189019489.0,5244091831162.0,9669288095980.0,opendart,2026-05-18T14:32:08+09:00
20250401,376180,604028,2024,11011,OFS,32144304576.0,2836750613.0,7127387800.0,43085368568.0,78092647171.0,opendart,2026-05-18T14:32:08+09:00
20260401,376180,604028,2025,11011,OFS,30872569046.0,-704156204.0,-1096511847.0,39915440005.0,59689042915.0,opendart,2026-05-18T14:32:08+09:00
20250401,376270,1480708,2024,11011,OFS,15067336854.0,-7681695087.0,-7646091801.0,26117958965.0,36861731903.0,opendart,2026-05-18T14:32:08+09:00
20260401,376270,1480708,2025,11011,CFS,12979352490.0,-15583461635.0,-23723674019.0,5214854634.0,51834280448.0,opendart,2026-05-18T14:32:08+09:00
20250401,376290,575106,2024,11011,CFS,284171371287.0,11493672748.0,13568095066.0,117443932305.0,140401611312.0,opendart,2026-05-18T14:32:08+09:00
20260401,376290,575106,2025,11011,CFS,216513076154.0,5419934689.0,1363685620.0,114403704563.0,128940675376.0,opendart,2026-05-18T14:32:08+09:00
20250401,376300,1456011,2024,11011,CFS,74863520691.0,25413420152.0,24388267514.0,196030992294.0,220326632678.0,opendart,2026-05-18T14:32:08+09:00
20260401,376300,1456011,2025,11011,CFS,83834878201.0,31391662643.0,18630172425.0,209891312346.0,243035308819.0,opendart,2026-05-18T14:32:08+09:00
20250401,376900,1335143,2024,11011,CFS,13111237720.0,-5572021185.0,-7689957765.0,-77118754123.0,11328804685.0,opendart,2026-05-18T14:32:08+09:00
20260401,376900,1335143,2025,11011,CFS,26247011691.0,452884781.0,-2804744123.0,11554105326.0,55028692350.0,opendart,2026-05-18T14:32:08+09:00
20250401,376930,1494118,2024,11011,CFS,1601464029.0,-22794691591.0,-22469262527.0,20168109991.0,37808678101.0,opendart,2026-05-18T14:32:08+09:00
20260401,376930,1494118,2025,11011,CFS,5121885655.0,-20079383873.0,-19954848715.0,25681978677.0,39224540809.0,opendart,2026-05-18T14:32:08+09:00
20250401,376980,1441611,2024,11011,CFS,36742962222.0,-817999396.0,-1233996648.0,36494506299.0,50188361098.0,opendart,2026-05-18T14:32:08+09:00
20260401,376980,1441611,2025,11011,CFS,38173738651.0,1019795155.0,1281578575.0,38500740062.0,61513658104.0,opendart,2026-05-18T14:32:08+09:00
20250401,377030,1409095,2024,11011,CFS,37171526391.0,-18544920256.0,-26971985622.0,14258749626.0,28542791872.0,opendart,2026-05-18T14:32:08+09:00
20260401,377030,1409095,2025,11011,CFS,27214600481.0,-10858591301.0,-96351376049.0,10611557318.0,107159259826.0,opendart,2026-05-18T14:32:08+09:00
20250401,377190,1475609,2024,11011,CFS,28524359.0,10361527713.0,3113228663.0,297966193373.0,852959307008.0,opendart,2026-05-18T14:32:08+09:00
20260401,377190,1475609,2025,11011,CFS,237669626.0,15013132094.0,2987478401.0,363056337768.0,1042258622243.0,opendart,2026-05-18T14:32:08+09:00
20250401,377220,1217865,2024,11011,CFS,67181877862.0,-24269892229.0,-26230402561.0,49102111080.0,81176145780.0,opendart,2026-05-18T14:32:08+09:00
20260401,377220,1217865,2025,11011,CFS,72162174415.0,-18602744879.0,-23203117254.0,26138883813.0,65244955356.0,opendart,2026-05-18T14:32:08+09:00
20250401,377300,1244601,2024,11011,CFS,766235159395.0,-57486477377.0,-21537569693.0,1910808471743.0,4414712217433.0,opendart,2026-05-18T14:32:08+09:00
20260401,377300,1244601,2025,11011,CFS,958371073361.0,50366676830.0,55690896351.0,1950906550511.0,5339580904646.0,opendart,2026-05-18T14:32:08+09:00
20250401,377330,1140837,2024,11011,CFS,36504092010.0,-4022176656.0,-3478498187.0,52072234108.0,66576852341.0,opendart,2026-05-18T14:32:08+09:00
20260401,377330,1140837,2025,11011,CFS,13243690331.0,-18630431650.0,-15608822000.0,41071732966.0,59996523487.0,opendart,2026-05-18T14:32:08+09:00
20250401,377450,1210066,2024,11011,OFS,12086272.0,20505136523.0,20618412036.0,170437824190.0,181635656499.0,opendart,2026-05-18T14:32:08+09:00
20260401,377450,1210066,2025,11011,OFS,61572418310.0,18941412133.0,9061737893.0,222982835417.0,234854008473.0,opendart,2026-05-18T14:32:08+09:00
20250401,377460,1175499,2024,11011,CFS,116304050890.0,-926704867.0,-49441664828.0,19541787680.0,197220447909.0,opendart,2026-05-18T14:32:08+09:00
20260401,377460,1175499,2025,11011,OFS,91649492825.0,-1913576661.0,7164841209.0,56797272218.0,155785137396.0,opendart,2026-05-18T14:32:08+09:00
20250401,377480,1297898,2024,11011,CFS,7773951858.0,-7118425314.0,-8679568878.0,13239152383.0,49652596262.0,opendart,2026-05-18T14:32:08+09:00
20260401,377480,1297898,2025,11011,CFS,9786361142.0,-6375714178.0,-7660349196.0,26095408701.0,54291541530.0,opendart,2026-05-18T14:32:08+09:00
20250401,377740,622787,2024,11011,CFS,102780333919.0,12215167998.0,55261403734.0,1635773099144.0,1697157256602.0,opendart,2026-05-18T14:32:08+09:00
20260401,377740,622787,2025,11011,CFS,118323544203.0,16705690020.0,-87497889504.0,1511246700932.0,1555892006169.0,opendart,2026-05-18T14:32:08+09:00
20250401,378340,1488320,2024,11011,CFS,285399723340.0,14201565297.0,13366407761.0,142949132978.0,212054889767.0,opendart,2026-05-18T14:32:08+09:00
20260401,378340,1488320,2025,11011,CFS,33194030028.0,-22174111983.0,-15848684203.0,126665346691.0,211681385365.0,opendart,2026-05-18T14:32:08+09:00
20250401,378800,1387164,2024,11011,CFS,17704497.0,-15141502559.0,-14902980481.0,16000177854.0,19283684826.0,opendart,2026-05-18T14:32:08+09:00
20260401,378800,1387164,2025,11011,CFS,227804629.0,-15839057550.0,-15527830197.0,24744911284.0,27875189599.0,opendart,2026-05-18T14:32:08+09:00
20250401,378850,1532603,2024,11011,CFS,707130551871.0,31346348764.0,32423078526.0,150475860464.0,469867845903.0,opendart,2026-05-18T14:32:08+09:00
20260401,378850,1532603,2025,11011,CFS,714559988805.0,27082334913.0,18233697739.0,166895100708.0,479995395397.0,opendart,2026-05-18T14:32:08+09:00
20250401,380540,1506990,2024,11011,CFS,23301941369.0,-6522964024.0,-6716121568.0,14645162343.0,30397108406.0,opendart,2026-05-18T14:32:08+09:00
20260401,380540,1506990,2025,11011,CFS,21511958068.0,-5927180737.0,-22552689259.0,22914021078.0,69148905404.0,opendart,2026-05-18T14:32:08+09:00
20260401,380550,1782004,2025,11011,CFS,2615085161.0,-16549206057.0,-22389140151.0,19452250106.0,26884456527.0,opendart,2026-05-18T14:32:08+09:00
20250401,381620,1293485,2024,11011,OFS,63469561784.0,4305827720.0,6045541164.0,57234879991.0,80476235061.0,opendart,2026-05-18T14:32:08+09:00
20260401,381620,1293485,2025,11011,CFS,22665261675.0,-12312906714.0,-7324139547.0,48410434390.0,73116924408.0,opendart,2026-05-18T14:32:08+09:00
20250401,381970,1323032,2024,11011,OFS,2301530094719.0,68109299938.0,43965329854.0,225787538542.0,524847598138.0,opendart,2026-05-18T14:32:08+09:00
20260401,381970,1323032,2025,11011,OFS,2438838573193.0,75973592094.0,50886254374.0,223938501452.0,534570098866.0,opendart,2026-05-18T14:32:08+09:00
20250401,382150,1423916,2024,11011,CFS,1072199504.0,-6964796050.0,-6483143556.0,20456925689.0,22547979053.0,opendart,2026-05-18T14:32:08+09:00
20260401,382150,1423916,2025,11011,CFS,370460589.0,-8828143742.0,-8928714245.0,13372292787.0,28957264115.0,opendart,2026-05-18T14:32:08+09:00
20250401,382480,1311310,2024,11011,CFS,37765720123.0,3042896512.0,6161704848.0,99990135625.0,130115400896.0,opendart,2026-05-18T14:32:08+09:00
20260401,382480,1311310,2025,11011,CFS,36219713807.0,1123640164.0,949955735.0,97135145636.0,129587017256.0,opendart,2026-05-18T14:32:08+09:00
20250401,382800,958327,2024,11011,CFS,70763128588.0,11648559355.0,12514385768.0,111375401554.0,135086453187.0,opendart,2026-05-18T14:32:08+09:00
20260401,382800,958327,2025,11011,CFS,91919436496.0,7756388256.0,6316131877.0,117821237974.0,139485581860.0,opendart,2026-05-18T14:32:08+09:00
20250401,382840,1459212,2024,11011,CFS,149851159615.0,12429006864.0,3739132676.0,119195867997.0,246392416681.0,opendart,2026-05-18T14:32:08+09:00
20260401,382840,1459212,2025,11011,CFS,149100259243.0,6978485543.0,-13147391994.0,105850631620.0,173929159460.0,opendart,2026-05-18T14:32:08+09:00
20250401,382900,1435489,2024,11011,CFS,36194682101.0,2411135122.0,625090515.0,165852406487.0,312418925631.0,opendart,2026-05-18T14:32:08+09:00
20260401,382900,1435489,2025,11011,CFS,43361093941.0,857853132.0,1182079796.0,162693257592.0,352360772024.0,opendart,2026-05-18T14:32:08+09:00
20250401,383220,1568413,2024,11011,CFS,1896009590086.0,450737459737.0,355959818501.0,1577298222080.0,2285904738684.0,opendart,2026-05-18T14:32:08+09:00
20260401,383220,1568413,2025,11011,CFS,1933995926896.0,468574150329.0,400686468976.0,1878678882040.0,2651445897849.0,opendart,2026-05-18T14:32:08+09:00
20250401,383310,1566248,2024,11011,CFS,234500459609.0,24226100708.0,21548434961.0,296274226160.0,466652782080.0,opendart,2026-05-18T14:32:08+09:00
20260401,383310,1566248,2025,11011,CFS,141057118027.0,11709586777.0,13220969592.0,304707967175.0,458920378557.0,opendart,2026-05-18T14:32:08+09:00
20250401,383800,1562589,2024,11011,CFS,40673000000.0,156017000000.0,160279000000.0,1869328000000.0,1905018000000.0,opendart,2026-05-18T14:32:08+09:00
20260401,383800,1562589,2025,11011,CFS,41293000000.0,133398000000.0,135595000000.0,2000182000000.0,2357932000000.0,opendart,2026-05-18T14:32:08+09:00
20250401,383930,1437432,2024,11011,OFS,35970935118.0,-11295168421.0,-1999170026.0,28667402813.0,81085698640.0,opendart,2026-05-18T14:32:08+09:00
20260401,383930,1437432,2025,11011,OFS,47747299019.0,-5741675672.0,-2777074106.0,25090209727.0,90376879221.0,opendart,2026-05-18T14:32:08+09:00
20250401,384470,1512575,2024,11011,CFS,27041477.0,-13779081599.0,-14137902346.0,3664069400.0,24664846746.0,opendart,2026-05-18T14:32:08+09:00
20260401,384470,1512575,2025,11011,CFS,78111555.0,-13444847755.0,-14496260923.0,18172083684.0,40792632929.0,opendart,2026-05-18T14:32:08+09:00
20250401,387570,1455410,2024,11011,CFS,9960360985.0,-29192239.0,-24152328.0,20784222124.0,26898440044.0,opendart,2026-05-18T14:32:08+09:00
20260401,387570,1455410,2025,11011,CFS,9522704304.0,-2580325297.0,-1877915520.0,19003394878.0,25521054978.0,opendart,2026-05-18T14:32:08+09:00
20250401,388050,1462605,2024,11011,CFS,55423270415.0,3670357141.0,4211239677.0,36695004882.0,64087221342.0,opendart,2026-05-18T14:32:08+09:00
20260401,388050,1462605,2025,11011,CFS,77377777992.0,8807016633.0,5554279670.0,42133751966.0,89876159965.0,opendart,2026-05-18T14:32:08+09:00
20260401,388210,1529982,2025,11011,CFS,160555762764.0,51781944189.0,-21503509753.0,182406699247.0,275447075073.0,opendart,2026-05-18T14:32:08+09:00
20250401,388610,1221752,2024,11011,OFS,16804533739.0,1704603240.0,-5947017541.0,10900109969.0,20055239779.0,opendart,2026-05-18T14:32:08+09:00
20260401,388610,1221752,2025,11011,OFS,17714780998.0,386262084.0,555427828.0,23798575731.0,33833189088.0,opendart,2026-05-18T14:32:08+09:00
20250401,388720,1152586,2024,11011,OFS,35168850105.0,395024451.0,-9052537864.0,95028248429.0,117411457218.0,opendart,2026-05-18T14:32:08+09:00
20260401,388720,1152586,2025,11011,OFS,930086505.0,-12620478623.0,-24670222541.0,89703743459.0,108220768704.0,opendart,2026-05-18T14:32:08+09:00
20250401,388790,1569102,2024,11011,OFS,13136686476.0,-5342449928.0,-3751389653.0,20849462987.0,28093515775.0,opendart,2026-05-18T14:32:08+09:00
20260401,388790,1569102,2025,11011,OFS,17688068719.0,582005067.0,260782772.0,21642294936.0,28681322068.0,opendart,2026-05-18T14:32:08+09:00
20250401,388870,1495180,2024,11011,CFS,809976644.0,-12601090336.0,-10560177402.0,18613510107.0,19628332286.0,opendart,2026-05-18T14:32:08+09:00
20260401,388870,1495180,2025,11011,CFS,661906273.0,-11507092762.0,-10756653748.0,13925701441.0,29868258308.0,opendart,2026-05-18T14:32:08+09:00
20250401,389020,1365038,2024,11011,OFS,22170389666.0,365458864.0,1983496824.0,42518238760.0,78440340806.0,opendart,2026-05-18T14:32:08+09:00
20260401,389020,1365038,2025,11011,OFS,10643506120.0,-7064553629.0,-6844416409.0,35673822351.0,76999420852.0,opendart,2026-05-18T14:32:08+09:00
20250401,389030,1494154,2024,11011,CFS,6455439519.0,-12259520415.0,-12273288856.0,22237105916.0,33089010698.0,opendart,2026-05-18T14:32:08+09:00
20260401,389030,1494154,2025,11011,CFS,10483373195.0,-11671177578.0,-17373136628.0,9101612449.0,39349106619.0,opendart,2026-05-18T14:32:08+09:00
20250401,389140,1513699,2024,11011,CFS,705675617.0,-13890623243.0,-12295790748.0,30511070120.0,59001944111.0,opendart,2026-05-18T14:32:08+09:00
20260401,389140,1513699,2025,11011,CFS,505440132.0,-7396321550.0,-10958570907.0,40187645583.0,75780348550.0,opendart,2026-05-18T14:32:08+09:00
20250401,389260,1150515,2024,11011,CFS,67761578359.0,9705106323.0,7790210227.0,128742443077.0,369924041346.0,opendart,2026-05-18T14:32:08+09:00
20260401,389260,1150515,2025,11011,CFS,130971472403.0,16798712496.0,14143966250.0,164653849372.0,381763739175.0,opendart,2026-05-18T14:32:08+09:00
20250401,389470,1516456,2024,11011,OFS,1782929379.0,-18963665933.0,-16996522887.0,32564948597.0,72253325951.0,opendart,2026-05-18T14:32:08+09:00
20260401,389470,1516456,2025,11011,CFS,2938787928.0,-28381032099.0,-15910623106.0,80850671389.0,110641375467.0,opendart,2026-05-18T14:32:08+09:00
20250401,389500,567897,2024,11011,OFS,5465590414.0,-6892852081.0,-896843463.0,12143347088.0,28895548697.0,opendart,2026-05-18T14:32:08+09:00
20260401,389500,567897,2025,11011,OFS,7198979874.0,-6862597018.0,-9453542517.0,12504151834.0,32233141630.0,opendart,2026-05-18T14:32:08+09:00
20250401,389650,1385050,2024,11011,OFS,9542630855.0,-3574731246.0,2859558464.0,45191393967.0,58844401306.0,opendart,2026-05-18T14:32:08+09:00
20260401,389650,1385050,2025,11011,OFS,16476802680.0,-719540988.0,-311083507.0,48106974536.0,59265165446.0,opendart,2026-05-18T14:32:08+09:00
20250401,389680,1498576,2024,11011,OFS,6072035307.0,-2009724761.0,-5201751457.0,13002934653.0,18114443560.0,opendart,2026-05-18T14:32:08+09:00
20260401,389680,1498576,2025,11011,OFS,3213108855.0,-3646962261.0,-3502437282.0,10514750750.0,14896746425.0,opendart,2026-05-18T14:32:08+09:00
20250401,391710,1573284,2024,11011,OFS,55510910029.0,45433465.0,1023995819.0,26114656893.0,39226719456.0,opendart,2026-05-18T14:32:08+09:00
20260401,391710,1573284,2025,11011,OFS,30100048633.0,-2741701591.0,-2900443112.0,24593341543.0,48292162796.0,opendart,2026-05-18T14:32:08+09:00
20250401,393210,1436479,2024,11011,CFS,21621873977.0,-3405522868.0,-1824489661.0,27391957711.0,35194731690.0,opendart,2026-05-18T14:32:08+09:00
20260401,393210,1436479,2025,11011,CFS,27263988093.0,-2372933027.0,-2777547635.0,24729795963.0,57110295500.0,opendart,2026-05-18T14:32:08+09:00
20250401,393890,1291317,2024,11011,CFS,322073352106.0,-70938111834.0,-72205558117.0,968642145051.0,1810190530958.0,opendart,2026-05-18T14:32:08+09:00
20260401,393890,1291317,2025,11011,CFS,110812962474.0,-127642966602.0,-162065805577.0,894477802551.0,1945436490500.0,opendart,2026-05-18T14:32:08+09:00
20250401,393970,1549472,2024,11011,CFS,88992921600.0,5988654548.0,-372824483.0,61757430308.0,142980234628.0,opendart,2026-05-18T14:32:08+09:00
20260401,393970,1549472,2025,11011,CFS,84513320058.0,-20362494152.0,-40062664122.0,51781654354.0,151918119774.0,opendart,2026-05-18T14:32:08+09:00
20250401,394280,1571107,2024,11011,CFS,15328473450.0,-24612257562.0,-27287195585.0,60717226016.0,86678233603.0,opendart,2026-05-18T14:32:08+09:00
20260401,394280,1571107,2025,11011,CFS,16058809323.0,-28907297350.0,-30132691582.0,17069337165.0,47545450105.0,opendart,2026-05-18T14:32:08+09:00
20260401,394420,1685677,2025,11011,CFS,8828610805.0,-10640384599.0,-19118985424.0,6976986455.0,12006602024.0,opendart,2026-05-18T14:32:08+09:00
20250401,394800,1506617,2024,11011,OFS,5772098148.0,-7419089160.0,-6571645547.0,28270627465.0,30215589397.0,opendart,2026-05-18T14:32:08+09:00
20260401,394800,1506617,2025,11011,CFS,11708662411.0,-5889097928.0,-5411302059.0,23597400088.0,29669043902.0,opendart,2026-05-18T14:32:08+09:00
20250401,395400,1535150,2024,11011,CFS,52409629619.0,35412431276.0,2335602882.0,1264816356167.0,4433542205994.0,opendart,2026-05-18T14:32:08+09:00
20260401,395400,1535150,2025,11011,CFS,70358094799.0,64534748213.0,33550467838.0,2020783201585.0,5433913123855.0,opendart,2026-05-18T14:32:08+09:00
20250401,396270,1515864,2024,11011,OFS,32252135197.0,-18439060319.0,-20690269942.0,8813567704.0,55549237089.0,opendart,2026-05-18T14:32:08+09:00
20260401,396270,1515864,2025,11011,OFS,39653511990.0,-12936402244.0,-15957608043.0,18154814920.0,58285876155.0,opendart,2026-05-18T14:32:08+09:00
20250401,396300,534701,2024,11011,OFS,92337581175.0,-2658884470.0,2544907902.0,71677046868.0,131950373014.0,opendart,2026-05-18T14:32:08+09:00
20260401,396300,534701,2025,11011,OFS,85827035655.0,-1850263966.0,1422640284.0,74247469421.0,149252510929.0,opendart,2026-05-18T14:32:08+09:00
20250401,396470,866451,2024,11011,CFS,15184230309.0,2030777730.0,3391770084.0,63278508345.0,65200719845.0,opendart,2026-05-18T14:32:08+09:00
20260401,396470,866451,2025,11011,CFS,15220856646.0,2482696274.0,3568663895.0,66041023876.0,68036241159.0,opendart,2026-05-18T14:32:08+09:00
20250401,396690,1576102,2024,11011,CFS,12752315741.0,4247765372.0,-772909981.0,160487254218.0,361337561141.0,opendart,2026-05-18T14:32:08+09:00
20260401,396690,1576102,2025,11011,CFS,12192220640.0,-2512882750.0,-6088552941.0,149265041654.0,365949312280.0,opendart,2026-05-18T14:32:08+09:00
20250401,397030,1375822,2024,11011,OFS,27514000000.0,16869084717.0,20005162287.0,90987762157.0,99598583008.0,opendart,2026-05-18T14:32:08+09:00
20260401,397030,1375822,2025,11011,OFS,2172000000.0,-7263930208.0,-9728011089.0,96316078884.0,97119844414.0,opendart,2026-05-18T14:32:08+09:00
20260401,397810,1551042,2025,11011,CFS,30598804671.0,2421167532.0,-1923223564.0,37761007537.0,47576350569.0,opendart,2026-05-18T14:32:08+09:00
20250401,398120,1179866,2024,11011,CFS,16104629986.0,-673102361.0,-3533073279.0,22700597809.0,32728665643.0,opendart,2026-05-18T14:32:08+09:00
20260401,398120,1179866,2025,11011,CFS,24601049961.0,1467303588.0,935047721.0,24351106406.0,40505560917.0,opendart,2026-05-18T14:32:08+09:00
20250401,399720,1364747,2024,11011,CFS,96492001688.0,3524912928.0,7530549168.0,69355020044.0,112708406447.0,opendart,2026-05-18T14:32:08+09:00
20260401,399720,1364747,2025,11011,CFS,68510181008.0,-16721496228.0,-14369143365.0,54688158517.0,159310899656.0,opendart,2026-05-18T14:32:08+09:00
20250401,400760,1480780,2024,11011,CFS,19306598112.0,10303676888.0,-1052804087.0,184608404854.0,654595069924.0,opendart,2026-05-18T14:32:08+09:00
20260401,400760,1480780,2025,11011,CFS,27889483783.0,18768745817.0,1401942511.0,201841510292.0,928766597323.0,opendart,2026-05-18T14:32:08+09:00
20250401,402030,601988,2024,11011,OFS,26318506558.0,-14106433041.0,-13603883382.0,19624085759.0,44386378693.0,opendart,2026-05-18T14:32:08+09:00
20260401,402030,601988,2025,11011,OFS,33979970427.0,-9865474602.0,-9684801987.0,29558172167.0,45520926373.0,opendart,2026-05-18T14:32:08+09:00
20250401,402340,1596425,2024,11011,CFS,1906611000000.0,3912583000000.0,3650515000000.0,19585415000000.0,21921051000000.0,opendart,2026-05-18T14:32:08+09:00
20260401,402340,1596425,2025,11011,CFS,1411521000000.0,8797421000000.0,8818695000000.0,27983163000000.0,30504546000000.0,opendart,2026-05-18T14:32:08+09:00
20250401,402490,1370863,2024,11011,CFS,18498939484.0,1071726412.0,2405609515.0,61545164652.0,111842711182.0,opendart,2026-05-18T14:32:08+09:00
20260401,402490,1370863,2025,11011,CFS,102155379135.0,6032761230.0,10540367883.0,72099638766.0,147237264962.0,opendart,2026-05-18T14:32:08+09:00
20250401,403490,1299106,2024,11011,CFS,63906049261.0,3552821431.0,2768774954.0,41772389661.0,72571026505.0,opendart,2026-05-18T14:32:08+09:00
20260401,403490,1299106,2025,11011,CFS,63676776798.0,-883577321.0,-4387532818.0,38100217434.0,76258893433.0,opendart,2026-05-18T14:32:08+09:00
20250401,403550,1026157,2024,11011,CFS,431763084374.0,-9800724573.0,-31009006010.0,183467679227.0,631516754233.0,opendart,2026-05-18T14:32:08+09:00
20260401,403550,1026157,2025,11011,CFS,470702674379.0,23248933130.0,-18389076242.0,164872262389.0,588095027083.0,opendart,2026-05-18T14:32:08+09:00
20250401,403850,1138364,2024,11011,CFS,97368182311.0,18811003153.0,4993681688.0,93663650051.0,129584693779.0,opendart,2026-05-18T14:32:08+09:00
20260401,403850,1138364,2025,11011,CFS,93861865441.0,19362248868.0,18124112294.0,184202712975.0,203902425258.0,opendart,2026-05-18T14:32:08+09:00
20250401,403870,1288827,2024,11011,OFS,181401607828.0,93945693775.0,86280231062.0,277910828155.0,319896333507.0,opendart,2026-05-18T14:32:08+09:00
20260401,403870,1288827,2025,11011,OFS,172964572189.0,89902342748.0,72662225546.0,308230752232.0,369707189477.0,opendart,2026-05-18T14:32:08+09:00
20250401,404990,1436558,2024,11011,CFS,18056047809.0,11918498897.0,10271178851.0,327833252663.0,968440003900.0,opendart,2026-05-18T14:32:08+09:00
20260401,404990,1436558,2025,11011,CFS,32077312593.0,23736239003.0,5915810416.0,352658996987.0,1090244612685.0,opendart,2026-05-18T14:32:08+09:00
20250401,405000,1575839,2024,11011,CFS,10139296801.0,-17658777781.0,-20784603962.0,4527075699.0,25513147512.0,opendart,2026-05-18T14:32:08+09:00
20260401,405000,1575839,2025,11011,CFS,8482954613.0,-7600773545.0,-6586889598.0,5719639632.0,20553334641.0,opendart,2026-05-18T14:32:08+09:00
20250401,405100,1033591,2024,11011,CFS,65250660837.0,4767436351.0,2857421981.0,90355780385.0,136320462065.0,opendart,2026-05-18T14:32:08+09:00
20260401,405100,1033591,2025,11011,CFS,68861373936.0,4782984898.0,2893787827.0,89260722030.0,155516690333.0,opendart,2026-05-18T14:32:08+09:00
20250401,405920,1021639,2024,11011,CFS,82707219799.0,-3478071657.0,-5744274285.0,63247190549.0,128241345564.0,opendart,2026-05-18T14:32:08+09:00
20260401,405920,1021639,2025,11011,CFS,82108561843.0,984309945.0,55010053.0,65216303914.0,119832196883.0,opendart,2026-05-18T14:32:08+09:00
20250401,406820,1147487,2024,11011,CFS,80871329493.0,-1212644659.0,-5675919002.0,34947753155.0,82994422434.0,opendart,2026-05-18T14:32:08+09:00
20260401,406820,1147487,2025,11011,CFS,54922098935.0,-3158827820.0,-2148273140.0,32620119857.0,87680194136.0,opendart,2026-05-18T14:32:08+09:00
20250401,407400,1586455,2024,11011,CFS,39492542361.0,402701555.0,-2658636275.0,33464048469.0,71742030823.0,opendart,2026-05-18T14:32:08+09:00
20260401,407400,1586455,2025,11011,CFS,86393559485.0,-4247887533.0,-15071577648.0,67680264403.0,122661350292.0,opendart,2026-05-18T14:32:08+09:00
20260401,408470,1445024,2025,11011,CFS,66448336065.0,8228502898.0,6605238463.0,42089645407.0,121892540895.0,opendart,2026-05-18T14:32:08+09:00
20250401,408900,1139965,2024,11011,CFS,17570718243.0,-1902218175.0,108524281.0,39425419414.0,43687597857.0,opendart,2026-05-18T14:32:08+09:00
20260401,408900,1139965,2025,11011,CFS,16391297221.0,-2145865828.0,-1433907191.0,38558193124.0,42655617991.0,opendart,2026-05-18T14:32:08+09:00
20250401,408920,1596656,2024,11011,CFS,67076916473.0,17100153112.0,13479029556.0,69570935852.0,84373356853.0,opendart,2026-05-18T14:32:08+09:00
20260401,408920,1596656,2025,11011,CFS,72822323336.0,18997461570.0,15474045546.0,79545546938.0,96568824302.0,opendart,2026-05-18T14:32:08+09:00
20250401,411080,1242241,2024,11011,OFS,8296932833.0,-3709115101.0,-2300516765.0,47635079222.0,50354427420.0,opendart,2026-05-18T14:32:08+09:00
20260401,411080,1242241,2025,11011,CFS,11612082342.0,-1770367370.0,-465465403.0,54268839431.0,58015638290.0,opendart,2026-05-18T14:32:08+09:00
20250401,412350,1573381,2024,11011,CFS,4015870540.0,-9208984969.0,-8496805459.0,28464357483.0,45490838442.0,opendart,2026-05-18T14:32:08+09:00
20260401,412350,1573381,2025,11011,CFS,4684448307.0,-13546745061.0,-16207102764.0,18571628960.0,42926540324.0,opendart,2026-05-18T14:32:08+09:00
20250401,412540,528791,2024,11011,CFS,247486444077.0,-129616247330.0,-121503849953.0,-18976273158.0,323358429639.0,opendart,2026-05-18T14:32:08+09:00
20260401,412540,528791,2025,11011,CFS,151265078664.0,-7242041704.0,-15701718128.0,-11462673871.0,528073345609.0,opendart,2026-05-18T14:32:08+09:00
20250401,413390,1563922,2024,11011,CFS,84857102424.0,6498817068.0,6089601472.0,57469072164.0,109768031393.0,opendart,2026-05-18T14:32:08+09:00
20260401,413390,1563922,2025,11011,CFS,75453871276.0,4409253600.0,3473305066.0,60248616866.0,119970123609.0,opendart,2026-05-18T14:32:08+09:00
20250401,413630,1601222,2024,11011,CFS,21290631574.0,3315643565.0,-12093742428.0,44699154221.0,47569039483.0,opendart,2026-05-18T14:32:08+09:00
20260401,413630,1601222,2025,11011,CFS,19053735010.0,2138726082.0,2002088660.0,43520108678.0,46422649586.0,opendart,2026-05-18T14:32:08+09:00
20250401,413640,1462739,2024,11011,OFS,30866150941.0,2026649857.0,2946421926.0,30658461818.0,48675928981.0,opendart,2026-05-18T14:32:08+09:00
20260401,413640,1462739,2025,11011,CFS,31448256831.0,866128864.0,2394499300.0,32000443267.0,48353286357.0,opendart,2026-05-18T14:32:08+09:00
20250401,415380,1540815,2024,11011,OFS,107928008994.0,3988123144.0,3645678899.0,34940460436.0,47521090708.0,opendart,2026-05-18T14:32:08+09:00
20260401,415380,1540815,2025,11011,OFS,95931078734.0,2828880586.0,2789316383.0,36322136442.0,45779151631.0,opendart,2026-05-18T14:32:08+09:00
20250401,416180,761183,2024,11011,CFS,127027520143.0,8805097417.0,7104244312.0,102575575949.0,144442212139.0,opendart,2026-05-18T14:32:08+09:00
20260401,416180,761183,2025,11011,CFS,116912967727.0,2270544742.0,553683247.0,103984844578.0,245528487436.0,opendart,2026-05-18T14:32:08+09:00
20250401,417010,1524118,2024,11011,CFS,32391708805.0,-3762315186.0,-3706103503.0,44687822826.0,88352415439.0,opendart,2026-05-18T14:32:08+09:00
20260401,417010,1524118,2025,11011,CFS,40323638066.0,-501486673.0,997594250.0,48887408334.0,117668983925.0,opendart,2026-05-18T14:32:08+09:00
20250401,417180,1584934,2024,11011,OFS,18350259518.0,1506729855.0,1677827202.0,25894246301.0,36508124369.0,opendart,2026-05-18T14:32:08+09:00
20260401,417180,1584934,2025,11011,CFS,17299515760.0,847055617.0,3511556888.0,31129004563.0,50990299258.0,opendart,2026-05-18T14:32:08+09:00
20250401,417200,1528141,2024,11011,CFS,142075605799.0,6197093266.0,5690646441.0,207159606912.0,253147071884.0,opendart,2026-05-18T14:32:08+09:00
20260401,417200,1528141,2025,11011,CFS,153582399002.0,-141609582.0,-1007100491.0,206070486502.0,274526446057.0,opendart,2026-05-18T14:32:08+09:00
20250401,417310,1180118,2024,11011,OFS,7416432648.0,5139930346.0,3295123554.0,200186161152.0,511512336502.0,opendart,2026-05-18T14:32:08+09:00
20260401,417310,1180118,2025,11011,OFS,7567308893.0,5096710047.0,2945895125.0,197442630778.0,507072501568.0,opendart,2026-05-18T14:32:08+09:00
20250401,417500,1367586,2024,11011,CFS,57292697454.0,8705391232.0,8079552355.0,70422428647.0,121945250403.0,opendart,2026-05-18T14:32:08+09:00
20260401,417500,1367586,2025,11011,CFS,53551170592.0,10396611151.0,6672564923.0,77990720540.0,129248195827.0,opendart,2026-05-18T14:32:08+09:00
20250401,417790,1134216,2024,11011,OFS,53601363798.0,15456790394.0,14367074153.0,99145086021.0,105533539398.0,opendart,2026-05-18T14:32:08+09:00
20260401,417790,1134216,2025,11011,OFS,49113803516.0,13254533775.0,12101567873.0,109398350578.0,114450762985.0,opendart,2026-05-18T14:32:08+09:00
20250401,417840,1383229,2024,11011,CFS,38700592846.0,-4609030122.0,-2161590464.0,48207618028.0,79526301035.0,opendart,2026-05-18T14:32:08+09:00
20260401,417840,1383229,2025,11011,CFS,48288744108.0,4634798643.0,3456212188.0,52491962987.0,87468723819.0,opendart,2026-05-18T14:32:08+09:00
20250401,417860,1472930,2024,11011,OFS,15201656072.0,-4149694322.0,-3283326948.0,9994676312.0,29481813288.0,opendart,2026-05-18T14:32:08+09:00
20260401,417860,1472930,2025,11011,CFS,24017071711.0,267873584.0,-3165668440.0,10790742138.0,53607661578.0,opendart,2026-05-18T14:32:08+09:00
20250401,417970,657783,2024,11011,CFS,68034064510.0,4187449334.0,5288329830.0,66807759995.0,90390294000.0,opendart,2026-05-18T14:32:08+09:00
20260401,417970,657783,2025,11011,CFS,76502212442.0,8072429287.0,6828952696.0,72297011293.0,97396065921.0,opendart,2026-05-18T14:32:08+09:00
20250401,418210,1616482,2024,11011,OFS,264436848.0,-100054580.0,138230135.0,7181248239.0,8259046026.0,opendart,2026-05-18T14:32:08+09:00
20250401,418250,1579570,2024,11011,OFS,1411766617.0,-7263579966.0,-9435751464.0,6891666077.0,10915715941.0,opendart,2026-05-18T14:32:08+09:00
20260401,418250,1579570,2025,11011,OFS,1168573306.0,-4286950415.0,-4287634762.0,3650863442.0,5125348347.0,opendart,2026-05-18T14:32:08+09:00
20250401,418420,965512,2024,11011,OFS,8902915788.0,-6988832403.0,-6477763823.0,16133737383.0,28160758750.0,opendart,2026-05-18T14:32:08+09:00
20260401,418420,965512,2025,11011,OFS,8746267801.0,-5810442808.0,-6551402290.0,16676925987.0,41819222253.0,opendart,2026-05-18T14:32:08+09:00
20250401,418470,1467451,2024,11011,OFS,72598807189.0,11001459438.0,11502934354.0,70434280983.0,88201101312.0,opendart,2026-05-18T14:32:08+09:00
20260401,418470,1467451,2025,11011,OFS,88189777012.0,14370840675.0,15762338474.0,86939652264.0,110102759082.0,opendart,2026-05-18T14:32:08+09:00
20250401,418550,411808,2024,11011,OFS,82873665513.0,-5456610332.0,-8874026012.0,178429778638.0,222582339653.0,opendart,2026-05-18T14:32:08+09:00
20260401,418550,411808,2025,11011,CFS,55173743385.0,-4232215221.0,-7444009476.0,170230683637.0,207580158653.0,opendart,2026-05-18T14:32:08+09:00
20250401,418620,1516890,2024,11011,CFS,2285497728.0,-10599051201.0,-10773219705.0,7484742903.0,26025292800.0,opendart,2026-05-18T14:32:08+09:00
20260401,418620,1516890,2025,11011,CFS,1655496540.0,-11246126269.0,-11426976004.0,14599504774.0,25830615223.0,opendart,2026-05-18T14:32:08+09:00
20250401,419050,1526806,2024,11011,CFS,98706550002.0,-6261933413.0,-4810043656.0,104242726812.0,288138134495.0,opendart,2026-05-18T14:32:08+09:00
20260401,419050,1526806,2025,11011,CFS,144228757229.0,5432802909.0,-11073412972.0,91666285982.0,288112815623.0,opendart,2026-05-18T14:32:08+09:00
20250401,419080,1587056,2024,11011,OFS,6259950733.0,-6533825381.0,-3478798323.0,40683937704.0,46022538583.0,opendart,2026-05-18T14:32:08+09:00
20260401,419080,1587056,2025,11011,CFS,5414590946.0,-6280321650.0,0.0,34407774390.0,43435603051.0,opendart,2026-05-18T14:32:08+09:00
20250401,419120,1516368,2024,11011,CFS,15749076719.0,2861974351.0,5010166133.0,56673137178.0,73929075034.0,opendart,2026-05-18T14:32:08+09:00
20260401,419120,1516368,2025,11011,CFS,19968415924.0,4454706035.0,3641532622.0,59884888453.0,75632541007.0,opendart,2026-05-18T14:32:08+09:00
20250401,419530,1082418,2024,11011,CFS,116438413800.0,-6109144833.0,-19377563851.0,30774467451.0,97350436100.0,opendart,2026-05-18T14:32:08+09:00
20260401,419530,1082418,2025,11011,CFS,141251628528.0,22632697773.0,30139738980.0,83423152097.0,135675924046.0,opendart,2026-05-18T14:32:08+09:00
20250401,419540,1506848,2024,11011,OFS,20254829230.0,311419456.0,847624445.0,19419280985.0,21439642144.0,opendart,2026-05-18T14:32:08+09:00
20260401,419540,1506848,2025,11011,OFS,17099549571.0,-1095568229.0,-699119842.0,17911753434.0,20710724404.0,opendart,2026-05-18T14:32:08+09:00
20250401,420570,1553129,2024,11011,CFS,33129185725.0,3626063517.0,-1671350008.0,31343522014.0,35966420026.0,opendart,2026-05-18T14:32:08+09:00
20260401,420570,1553129,2025,11011,CFS,32966351938.0,2919837694.0,2672839617.0,33771585023.0,38064178260.0,opendart,2026-05-18T14:32:08+09:00
20250401,420770,765569,2024,11011,OFS,26133336219.0,-1786928658.0,3412006437.0,205694783038.0,229667851356.0,opendart,2026-05-18T14:32:08+09:00
20260401,420770,765569,2025,11011,CFS,52434995936.0,12100818200.0,15452197332.0,211003350241.0,239277069528.0,opendart,2026-05-18T14:32:08+09:00
20250401,424760,1622331,2024,11011,OFS,30866527663.0,-1964998714.0,-1191328401.0,24697201513.0,39084603188.0,opendart,2026-05-18T14:32:08+09:00
20260401,424760,1622331,2025,11011,OFS,35382252329.0,877307139.0,2125074124.0,27817862351.0,36205748025.0,opendart,2026-05-18T14:32:08+09:00
20260401,424870,1203659,2025,11011,OFS,111208740.0,-28004634036.0,-27363040577.0,28415395994.0,33145591605.0,opendart,2026-05-18T14:32:08+09:00
20250401,424960,1555215,2024,11011,CFS,4736694422.0,-6755603570.0,-6459495580.0,16134564723.0,32146793171.0,opendart,2026-05-18T14:32:08+09:00
20260401,424960,1555215,2025,11011,CFS,9397297026.0,-5269843048.0,-2967261645.0,19116845142.0,33682536200.0,opendart,2026-05-18T14:32:08+09:00
20250401,424980,624378,2024,11011,OFS,10151471769.0,-9548635130.0,-7860260576.0,30272634823.0,52739290276.0,opendart,2026-05-18T14:32:08+09:00
20260401,424980,624378,2025,11011,OFS,22228158731.0,-3409038192.0,-4949620378.0,25841956542.0,50072646940.0,opendart,2026-05-18T14:32:08+09:00
20250401,425040,1301252,2024,11011,CFS,310234690169.0,19701451369.0,17073068609.0,279689245437.0,421782823295.0,opendart,2026-05-18T14:32:08+09:00
20260401,425040,1301252,2025,11011,CFS,279708410111.0,24837637287.0,17699960143.0,290699180219.0,421830890467.0,opendart,2026-05-18T14:32:08+09:00
20250401,425420,1035368,2024,11011,CFS,73626688796.0,4390721235.0,1452340936.0,78424711474.0,126748821307.0,opendart,2026-05-18T14:32:08+09:00
20260401,425420,1035368,2025,11011,CFS,111742413458.0,19055611474.0,18106528316.0,109192118924.0,143636036990.0,opendart,2026-05-18T14:32:08+09:00
20250401,429270,1284751,2024,11011,OFS,12172663876.0,-6285180565.0,-5691293867.0,23529281193.0,33589166801.0,opendart,2026-05-18T14:32:08+09:00
20260401,429270,1284751,2025,11011,OFS,12748957402.0,-7585557629.0,-8013303350.0,22113260759.0,34037273558.0,opendart,2026-05-18T14:32:08+09:00
20250401,430220,1656374,2024,11011,OFS,0.0,-32540440.0,305555138.0,13708126333.0,15641085334.0,opendart,2026-05-18T14:32:08+09:00
20250401,430690,1602638,2024,11011,CFS,20518417370.0,-2712875086.0,124902854.0,35627245660.0,43468551229.0,opendart,2026-05-18T14:32:08+09:00
20260401,430690,1602638,2025,11011,CFS,26257901602.0,-1947522602.0,-2759256597.0,34184546979.0,49280252880.0,opendart,2026-05-18T14:32:08+09:00
20250401,430700,1663639,2024,11011,OFS,0.0,-35012537.0,283094041.0,10937415101.0,12619134316.0,opendart,2026-05-18T14:32:08+09:00
20250401,431190,1689266,2024,11011,CFS,13901787278.0,-3724291749.0,-2963904997.0,35813239148.0,40485337776.0,opendart,2026-05-18T14:32:08+09:00
20260401,431190,1689266,2025,11011,CFS,16639530720.0,-3506478665.0,-4277412526.0,34198598154.0,45906566860.0,opendart,2026-05-18T14:32:08+09:00
20250401,432320,1622720,2024,11011,CFS,29781181411.0,-26837382721.0,-31791469834.0,389131933200.0,1078591739263.0,opendart,2026-05-18T14:32:08+09:00
20260401,432320,1622720,2025,11011,CFS,30393926136.0,-72447633526.0,-99412462641.0,262894426368.0,1048135011577.0,opendart,2026-05-18T14:32:08+09:00
20250401,432430,1406265,2024,11011,CFS,24966419682.0,-10038794764.0,-9501595225.0,39398520091.0,54063419425.0,opendart,2026-05-18T14:32:08+09:00
20260401,432430,1406265,2025,11011,CFS,37069228892.0,-8738323305.0,-8629634182.0,30992701092.0,40799773038.0,opendart,2026-05-18T14:32:08+09:00
20250401,432470,1402995,2024,11011,CFS,26955762199.0,807640617.0,1962453780.0,54345616493.0,63151041091.0,opendart,2026-05-18T14:32:08+09:00
20260401,432470,1402995,2025,11011,CFS,41230345116.0,-1564000608.0,-1045377639.0,57136548329.0,90115655868.0,opendart,2026-05-18T14:32:08+09:00
20250401,432720,1584183,2024,11011,OFS,6074683889.0,-22694310411.0,-19057342437.0,50664367455.0,64020676691.0,opendart,2026-05-18T14:32:08+09:00
20260401,432720,1584183,2025,11011,OFS,5350047190.0,-24471844867.0,-23090473943.0,36318366066.0,83037319427.0,opendart,2026-05-18T14:32:08+09:00
20250401,432980,1217795,2024,11011,OFS,20604400363.0,1459606613.0,-1182169049.0,28325249195.0,36397897322.0,opendart,2026-05-18T14:32:08+09:00
20260401,432980,1217795,2025,11011,OFS,20799543231.0,296703541.0,821866288.0,30055878009.0,35676109721.0,opendart,2026-05-18T14:32:08+09:00
20250401,434480,1583652,2024,11011,CFS,14909186498.0,-643806101.0,2080063052.0,37525814632.0,44663735492.0,opendart,2026-05-18T14:32:08+09:00
20260401,434480,1583652,2025,11011,CFS,19168619599.0,943352791.0,668916167.0,38478768084.0,50818069936.0,opendart,2026-05-18T14:32:08+09:00
20250401,435380,1670675,2024,11011,OFS,0.0,-45417268.0,313459217.0,11994315730.0,13640673873.0,opendart,2026-05-18T14:32:08+09:00
20250401,435570,1253636,2024,11011,OFS,36460997416.0,3236046170.0,934388418.0,38708319583.0,86835275957.0,opendart,2026-05-18T14:32:08+09:00
20260401,435570,1253636,2025,11011,CFS,35627647458.0,270154345.0,-6192840721.0,53888856012.0,99675375452.0,opendart,2026-05-18T14:32:08+09:00
20250401,435620,1669475,2024,11011,OFS,0.0,-177742550.0,963500734.0,44283586608.0,49617182440.0,opendart,2026-05-18T14:32:08+09:00
20250401,435870,1671197,2024,11011,OFS,0.0,-34673800.0,178765350.0,7555261153.0,8288957006.0,opendart,2026-05-18T14:32:08+09:00
20250401,437730,262266,2024,11011,CFS,100447699055.0,5516949984.0,8314379320.0,115237838264.0,140292826674.0,opendart,2026-05-18T14:32:08+09:00
20260401,437730,262266,2025,11011,CFS,95041722249.0,805333955.0,9690725039.0,131748265868.0,202098988834.0,opendart,2026-05-18T14:32:08+09:00
20250401,437780,1674538,2024,11011,OFS,0.0,-43484550.0,238067869.0,9807276299.0,10431806858.0,opendart,2026-05-18T14:32:08+09:00
20250401,438580,1674468,2024,11011,OFS,0.0,-43467610.0,146326332.0,5825433025.0,6257683873.0,opendart,2026-05-18T14:32:08+09:00
20250401,438700,1605529,2024,11011,CFS,4599199409.0,-12697077036.0,-12641224125.0,32618051972.0,43766338243.0,opendart,2026-05-18T14:32:08+09:00
20260401,438700,1605529,2025,11011,CFS,3097045412.0,-8490874140.0,-5033857599.0,30162790012.0,46263184805.0,opendart,2026-05-18T14:32:08+09:00
20250401,439090,1136977,2024,11011,CFS,127919035290.0,18556998700.0,16367865216.0,113795607641.0,129497653366.0,opendart,2026-05-18T14:32:08+09:00
20260401,439090,1136977,2025,11011,CFS,113016260841.0,10455159463.0,9126188412.0,122680722556.0,132697063242.0,opendart,2026-05-18T14:32:08+09:00
20250401,439250,1675227,2024,11011,OFS,1396350197.0,1396350197.0,977854239.0,34525247949.0,37928225056.0,opendart,2026-05-18T14:32:08+09:00
20260401,439260,182696,2025,11011,CFS,1228128117609.0,294102888541.0,248774797154.0,1092384070191.0,1538053375300.0,opendart,2026-05-18T14:32:08+09:00
20250401,439410,1675254,2024,11011,OFS,0.0,-43539090.0,472602736.0,17408396367.0,18968739077.0,opendart,2026-05-18T14:32:08+09:00
20250401,439580,1559637,2024,11011,CFS,133286175797.0,-6895864010.0,-4802079400.0,47137038657.0,115662297418.0,opendart,2026-05-18T14:32:08+09:00
20260401,439580,1559637,2025,11011,CFS,185905308362.0,-1970924664.0,-4512664602.0,44839435847.0,109964440011.0,opendart,2026-05-18T14:32:08+09:00
20250401,439730,1675421,2024,11011,OFS,0.0,-88618250.0,159651587.0,8745479255.0,10308481706.0,opendart,2026-05-18T14:32:08+09:00
20250401,440110,1292291,2024,11011,CFS,43502744974.0,-95048300908.0,-91508531301.0,97946870542.0,134427343084.0,opendart,2026-05-18T14:32:08+09:00
20260401,440110,1292291,2025,11011,CFS,92419333233.0,-65469985712.0,-76218175613.0,19794311089.0,122427167093.0,opendart,2026-05-18T14:32:08+09:00
20250401,440290,309460,2024,11011,OFS,15154239893.0,6494612538.0,6036570873.0,87347518196.0,91911537577.0,opendart,2026-05-18T14:32:08+09:00
20260401,440290,309460,2025,11011,OFS,17401010000.0,750092275.0,6140289348.0,88644163964.0,94797807265.0,opendart,2026-05-18T14:32:08+09:00
20250401,440320,1585155,2024,11011,CFS,50773005880.0,101353441.0,1612827149.0,46041294563.0,84027900449.0,opendart,2026-05-18T14:32:08+09:00
20260401,440320,1585155,2025,11011,CFS,88269276682.0,-2764178841.0,-6428485497.0,39054487207.0,73924274692.0,opendart,2026-05-18T14:32:08+09:00
20250401,440790,1677678,2024,11011,OFS,0.0,-52446090.0,161299485.0,8376055833.0,10355947659.0,opendart,2026-05-18T14:32:08+09:00
20250401,440820,1677429,2024,11011,OFS,0.0,-43531470.0,412111038.0,15095694553.0,15735607373.0,opendart,2026-05-18T14:32:08+09:00
20250401,441270,1686755,2024,11011,CFS,382168522104.0,-7910230586.0,-15760559658.0,164220510532.0,333283538257.0,opendart,2026-05-18T14:32:08+09:00
20260401,441270,1686755,2025,11011,CFS,239121107842.0,1934808208.0,-15444566019.0,219672672090.0,427360659854.0,opendart,2026-05-18T14:32:08+09:00
20250401,442130,1678835,2024,11011,OFS,0.0,-37292070.0,179560359.0,7214225879.0,8378335567.0,opendart,2026-05-18T14:32:08+09:00
20250401,442310,1696451,2024,11011,OFS,477901946.0,-40525900.0,268849656.0,12913810130.0,13762360865.0,opendart,2026-05-18T14:32:08+09:00
20250401,442770,1682740,2024,11011,OFS,0.0,-39701230.0,187192061.0,8734611946.0,10363398354.0,opendart,2026-05-18T14:32:08+09:00
20250401,442900,1683387,2024,11011,OFS,2762081485.0,-55466641.0,1776227153.0,77678494653.0,88591706989.0,opendart,2026-05-18T14:32:08+09:00
20250401,443060,1194689,2024,11011,CFS,1745458578779.0,271729951500.0,227940276635.0,773534561558.0,1152227968481.0,opendart,2026-05-18T14:32:08+09:00
20260401,443060,1194689,2025,11011,CFS,1982700659426.0,350141338776.0,269571288127.0,824724855468.0,1272320058801.0,opendart,2026-05-18T14:32:08+09:00
20250401,443250,1468061,2024,11011,CFS,48902612922.0,7474694540.0,6646727148.0,47560267506.0,84625549219.0,opendart,2026-05-18T14:32:08+09:00
20260401,443250,1468061,2025,11011,CFS,56457817420.0,8878960891.0,6412796165.0,51626016131.0,89428933726.0,opendart,2026-05-18T14:32:08+09:00
20250401,443670,1381391,2024,11011,CFS,45116928389.0,3756814727.0,302079255.0,62653421779.0,76848898494.0,opendart,2026-05-18T14:32:08+09:00
20260401,443670,1381391,2025,11011,CFS,54483055562.0,3617157415.0,3814377245.0,67695074262.0,79490288966.0,opendart,2026-05-18T14:32:08+09:00
20250401,444530,1590980,2024,11011,OFS,7227053902.0,-142923926.0,-8022172685.0,2786512509.0,7295459880.0,opendart,2026-05-18T14:32:08+09:00
20260401,444530,1590980,2025,11011,OFS,10404472896.0,-2664703884.0,-2529605356.0,14793200992.0,19534264502.0,opendart,2026-05-18T14:32:08+09:00
20250401,444920,1688346,2024,11011,OFS,0.0,-37241850.0,254665598.0,10674635497.0,12286127371.0,opendart,2026-05-18T14:32:08+09:00
20260401,444920,1688346,2025,11011,OFS,351149585.0,-35496200.0,203962958.0,10878598455.0,12550635790.0,opendart,2026-05-18T14:32:08+09:00
20250401,445090,1540453,2024,11011,CFS,94058022977.0,-16968714228.0,-14008335474.0,84286360767.0,167092297480.0,opendart,2026-05-18T14:32:08+09:00
20260401,445090,1540453,2025,11011,CFS,72849892092.0,-27577550754.0,-26555815974.0,55283151908.0,220969730169.0,opendart,2026-05-18T14:32:08+09:00
20250401,445180,1027828,2024,11011,OFS,122537087251.0,13959158665.0,11821973957.0,93272538346.0,103907286777.0,opendart,2026-05-18T14:32:08+09:00
20260401,445180,1027828,2025,11011,OFS,142546874717.0,17217719364.0,15154734386.0,107460626907.0,122751699678.0,opendart,2026-05-18T14:32:08+09:00
20250401,445360,1689336,2024,11011,OFS,0.0,-29803720.0,232637139.0,8924789332.0,10171233502.0,opendart,2026-05-18T14:32:08+09:00
20250401,445680,1498974,2024,11011,CFS,4587636523.0,-13377807751.0,-8089494005.0,48637481889.0,70560573877.0,opendart,2026-05-18T14:32:08+09:00
20260401,445680,1498974,2025,11011,CFS,5151548437.0,-12314428922.0,-27177567437.0,52809558817.0,78027492351.0,opendart,2026-05-18T14:32:08+09:00
20250401,445970,1689938,2024,11011,OFS,0.0,-30418293.0,223929998.0,11217607419.0,12992841133.0,opendart,2026-05-18T14:32:08+09:00
20250401,446070,1702017,2024,11011,OFS,194894088152.0,3054336971.0,6397032832.0,194794115200.0,235451613708.0,opendart,2026-05-18T14:32:08+09:00
20260401,446070,1702017,2025,11011,OFS,157531389366.0,-9151579966.0,-3961413329.0,191921316269.0,220373040343.0,opendart,2026-05-18T14:32:08+09:00
20250401,446150,1690235,2024,11011,OFS,0.0,-68424070.0,214181846.0,9705337235.0,10760934210.0,opendart,2026-05-18T14:32:08+09:00
20260401,446150,1690235,2025,11011,OFS,0.0,-96713030.0,154394929.0,9859732164.0,10967154381.0,opendart,2026-05-18T14:32:08+09:00
20250401,446190,1692321,2024,11011,OFS,388913806.0,,158844826.0,10221909032.0,12419130985.0,opendart,2026-05-18T14:32:08+09:00
20250401,446540,923516,2024,11011,OFS,52992354510.0,3996580954.0,5042623237.0,55187625146.0,65091153466.0,opendart,2026-05-18T14:32:08+09:00
20260401,446540,923516,2025,11011,OFS,43240176069.0,-4174619354.0,-2858918739.0,52328706407.0,62610628208.0,opendart,2026-05-18T14:32:08+09:00
20250401,446750,1696275,2024,11011,OFS,0.0,-34184500.0,259573608.0,12089166274.0,13919806168.0,opendart,2026-05-18T14:32:08+09:00
20250401,446840,1693922,2024,11011,OFS,0.0,-25657715.0,230622067.0,11273569925.0,12311598310.0,opendart,2026-05-18T14:32:08+09:00
20260401,446840,1693922,2025,11011,OFS,11295873816.0,-6643920486.0,-10729222613.0,7570393059.0,19325669090.0,opendart,2026-05-18T14:32:08+09:00
20250401,448280,1218299,2024,11011,CFS,25769269333.0,198850887.0,2253946017.0,128503890925.0,149838926990.0,opendart,2026-05-18T14:32:08+09:00
20260401,448280,1218299,2025,11011,CFS,30916305223.0,953221336.0,1784814226.0,125259936149.0,142917426552.0,opendart,2026-05-18T14:32:08+09:00
20250401,448370,1700374,2024,11011,OFS,378712318.0,-34149890.0,226586180.0,11056217218.0,12688742002.0,opendart,2026-05-18T14:32:08+09:00
20250401,448710,959210,2024,11011,OFS,64980786918.0,9479311051.0,8173801652.0,45813477719.0,66657433601.0,opendart,2026-05-18T14:32:08+09:00
20260401,448710,959210,2025,11011,OFS,68114262512.0,8315271995.0,7373569399.0,53810521200.0,120987750217.0,opendart,2026-05-18T14:32:08+09:00
20250401,448730,1688896,2024,11011,OFS,10190719332.0,5934214718.0,361410363.0,419449652010.0,882689580845.0,opendart,2026-05-18T14:32:08+09:00
20260401,448730,1688896,2025,11011,OFS,12236124626.0,7403212797.0,3068333554.0,406545673447.0,868078558297.0,opendart,2026-05-18T14:32:08+09:00
20250401,448740,1700921,2024,11011,OFS,0.0,-55981904.0,1094335977.0,45430857847.0,49879792718.0,opendart,2026-05-18T14:32:08+09:00
20250401,448760,1701328,2024,11011,OFS,0.0,-39588960.0,147641845.0,8821438703.0,10198535729.0,opendart,2026-05-18T14:32:08+09:00
20250401,448830,1702424,2024,11011,OFS,0.0,-47401380.0,205036387.0,10043695761.0,12371194904.0,opendart,2026-05-18T14:32:08+09:00
20260401,448900,765897,2025,11011,CFS,36931110519.0,1455551263.0,-54237984.0,56971709399.0,85889946272.0,opendart,2026-05-18T14:32:08+09:00
20250401,449020,1701753,2024,11011,OFS,0.0,-37582255.0,481503594.0,19183024148.0,20858433011.0,opendart,2026-05-18T14:32:08+09:00
20250401,450050,1705625,2024,11011,OFS,0.0,-24264270.0,223202688.0,9657320259.0,10715197866.0,opendart,2026-05-18T14:32:08+09:00
20260401,450050,1705625,2025,11011,OFS,287961239.0,-28598945.0,164787361.0,9822107620.0,10933509993.0,opendart,2026-05-18T14:32:08+09:00
20250401,450080,1311408,2024,11011,OFS,299846484651.0,-64719926202.0,-42686351369.0,737605448212.0,1290236698738.0,opendart,2026-05-18T14:32:08+09:00
20260401,450080,1311408,2025,11011,OFS,392506172705.0,-65369476119.0,24103738371.0,1144680193740.0,1729095169605.0,opendart,2026-05-18T14:32:08+09:00
20250401,450140,1712485,2024,11011,CFS,2258021136586.0,17569077056.0,-12528331239.0,252681403490.0,960684387370.0,opendart,2026-05-18T14:32:08+09:00
20260401,450140,1712485,2025,11011,CFS,2350332374842.0,23422851434.0,-1614008512.0,249831357063.0,911418510478.0,opendart,2026-05-18T14:32:08+09:00
20250401,450330,1663569,2024,11011,CFS,16164621818.0,1237994803.0,1791316210.0,45455861038.0,54880995895.0,opendart,2026-05-18T14:32:08+09:00
20260401,450330,1663569,2025,11011,CFS,16590608547.0,902809034.0,1547936962.0,46383792405.0,54853671500.0,opendart,2026-05-18T14:32:08+09:00
20250401,450520,1222113,2024,11011,CFS,30412970558.0,-3593363299.0,-1960250298.0,43997291170.0,55416060803.0,opendart,2026-05-18T14:32:08+09:00
20260401,450520,1222113,2025,11011,CFS,38958024167.0,-4855159163.0,-3476596480.0,40508749208.0,52753487249.0,opendart,2026-05-18T14:32:08+09:00
20250401,450940,1706819,2024,11011,OFS,375366777.0,-35961280.0,197874949.0,9136591782.0,11332743186.0,opendart,2026-05-18T14:32:08+09:00
20260401,450940,1706819,2025,11011,OFS,0.0,-31954352.0,142828787.0,9279420569.0,11568037854.0,opendart,2026-05-18T14:32:08+09:00
20250401,450950,1590528,2024,11011,CFS,28833182740.0,6664217644.0,5351839577.0,19637885805.0,24728774988.0,opendart,2026-05-18T14:32:08+09:00
20260401,450950,1590528,2025,11011,CFS,37943714291.0,10392032060.0,9210209041.0,46763235492.0,52211904704.0,opendart,2026-05-18T14:32:08+09:00
20250401,451220,1546101,2024,11011,CFS,13565444020.0,-2161112622.0,-3624370599.0,28650434959.0,54687094590.0,opendart,2026-05-18T14:32:08+09:00
20260401,451220,1546101,2025,11011,CFS,32943967760.0,158667407.0,973094821.0,30718404330.0,67115420556.0,opendart,2026-05-18T14:32:08+09:00
20250401,451250,1283974,2024,11011,CFS,57644750090.0,5539629101.0,608046992.0,42172060122.0,50855849227.0,opendart,2026-05-18T14:32:08+09:00
20260401,451250,1283974,2025,11011,CFS,67972288390.0,4469488208.0,4755699163.0,44448188220.0,52358575521.0,opendart,2026-05-18T14:32:08+09:00
20250401,451700,1712616,2024,11011,OFS,0.0,-52185490.0,580608497.0,28290708855.0,30932483532.0,opendart,2026-05-18T14:32:08+09:00
20260401,451700,1712616,2025,11011,OFS,0.0,-52600312.0,563249224.0,28853958079.0,31546893860.0,opendart,2026-05-18T14:32:08+09:00
20250401,451760,1685251,2024,11011,CFS,68983081678.0,-12185920249.0,-19127898711.0,188210551166.0,278757169386.0,opendart,2026-05-18T14:32:08+09:00
20260401,451760,1685251,2025,11011,CFS,86898165034.0,-16170062633.0,-10341838829.0,177989988027.0,273073353471.0,opendart,2026-05-18T14:32:08+09:00
20250401,451800,1669226,2024,11011,OFS,33511903356.0,19077960887.0,2799718358.0,328779973747.0,1586401656876.0,opendart,2026-05-18T14:32:08+09:00
20260401,451800,1669226,2025,11011,OFS,52416442074.0,30013936514.0,11614623772.0,696458021691.0,1555857496627.0,opendart,2026-05-18T14:32:08+09:00
20250401,452160,1309421,2024,11011,CFS,16032973792.0,3364526992.0,1987259743.0,38099183128.0,65450969138.0,opendart,2026-05-18T14:32:08+09:00
20260401,452160,1309421,2025,11011,CFS,14901644432.0,175123344.0,-447661830.0,40059118468.0,72158963348.0,opendart,2026-05-18T14:32:08+09:00
20250401,452190,607496,2024,11011,CFS,18542373276.0,-2563822865.0,-2105560594.0,28073736397.0,34434110068.0,opendart,2026-05-18T14:32:08+09:00
20260401,452190,607496,2025,11011,CFS,24246148416.0,1962354931.0,2436274406.0,30621986337.0,41698800089.0,opendart,2026-05-18T14:32:08+09:00
20250401,452200,1689035,2024,11011,OFS,20859463181.0,-10963161064.0,-14458214856.0,31065285887.0,68723851287.0,opendart,2026-05-18T14:32:08+09:00
20260401,452200,1689035,2025,11011,OFS,21016073455.0,-8799971500.0,-2513751293.0,33792704185.0,55825043802.0,opendart,2026-05-18T14:32:08+09:00
20250401,452260,1722437,2024,11011,CFS,538313690512.0,3129155480.0,-18842499769.0,802529688167.0,1887829805034.0,opendart,2026-05-18T14:32:08+09:00
20260401,452260,1722437,2025,11011,CFS,575165691122.0,9413650685.0,3312714308.0,824636627293.0,2017100396544.0,opendart,2026-05-18T14:32:08+09:00
20250401,452280,958451,2024,11011,OFS,48541119085.0,4922940420.0,4157936726.0,58945874957.0,78986924347.0,opendart,2026-05-18T14:32:08+09:00
20260401,452280,958451,2025,11011,OFS,63216280322.0,9749943247.0,8935445411.0,68349041731.0,140596237213.0,opendart,2026-05-18T14:32:08+09:00
20250401,452300,1497124,2024,11011,OFS,9692753598.0,2195664243.0,1833331822.0,32378631334.0,37178574164.0,opendart,2026-05-18T14:32:08+09:00
20260401,452300,1497124,2025,11011,OFS,7473416657.0,2339031606.0,2303879405.0,34368307875.0,40749007081.0,opendart,2026-05-18T14:32:08+09:00
20250401,452400,338170,2024,11011,CFS,104517963672.0,-1535209709.0,999052739.0,121761353035.0,138029713774.0,opendart,2026-05-18T14:32:08+09:00
20260401,452400,338170,2025,11011,CFS,122587961259.0,-1001257059.0,232103908.0,120909330361.0,141222943880.0,opendart,2026-05-18T14:32:08+09:00
20250401,452430,1676642,2024,11011,OFS,7992172190.0,-3446378033.0,-17081983201.0,16446696544.0,31243152039.0,opendart,2026-05-18T14:32:08+09:00
20260401,452430,1676642,2025,11011,OFS,17312155993.0,-4565205241.0,-4788048818.0,12867322169.0,31612257216.0,opendart,2026-05-18T14:32:08+09:00
20260401,452450,1429220,2025,11011,CFS,65088392269.0,-21217301485.0,-24611623366.0,56343883422.0,150238598437.0,opendart,2026-05-18T14:32:08+09:00
20250401,452670,1717170,2024,11011,OFS,375440778.0,-23685500.0,259557072.0,10080040970.0,11348831840.0,opendart,2026-05-18T14:32:08+09:00
20260401,452670,1717170,2025,11011,OFS,344670953.0,-22084020.0,234697385.0,10314738355.0,11620277501.0,opendart,2026-05-18T14:32:08+09:00
20250401,452980,1719105,2024,11011,OFS,0.0,-51338365.0,864811265.0,38034313711.0,42964472909.0,opendart,2026-05-18T14:32:08+09:00
20260401,452980,1719105,2025,11011,OFS,0.0,-45617025.0,773187964.0,38807501675.0,43711462130.0,opendart,2026-05-18T14:32:08+09:00
20250401,453340,1721809,2024,11011,CFS,2270420052000.0,96676372000.0,74463529000.0,670221485000.0,955626273000.0,opendart,2026-05-18T14:32:08+09:00
20260401,453340,1721809,2025,11011,CFS,2329622621000.0,106794924000.0,87737987000.0,729519039000.0,1029573353000.0,opendart,2026-05-18T14:32:08+09:00
20250401,453450,1299203,2024,11011,CFS,124674395185.0,-4342600272.0,-2790149667.0,130399757841.0,168756258545.0,opendart,2026-05-18T14:32:08+09:00
20260401,453450,1299203,2025,11011,CFS,125608613271.0,816318926.0,2019339165.0,133132927268.0,188621035322.0,opendart,2026-05-18T14:32:08+09:00
20250401,453860,1538528,2024,11011,OFS,42571531296.0,8701050630.0,9484754881.0,56467986191.0,89493980399.0,opendart,2026-05-18T14:32:08+09:00
20260401,453860,1538528,2025,11011,OFS,24560444117.0,-110160686.0,2152432735.0,58938013486.0,107967365440.0,opendart,2026-05-18T14:32:08+09:00
20250401,454640,1724417,2024,11011,OFS,0.0,-38127847.0,198002845.0,10186408538.0,11467872678.0,opendart,2026-05-18T14:32:08+09:00
20250401,454750,1724338,2024,11011,OFS,0.0,-14490500.0,315130004.0,14229210703.0,16883449700.0,opendart,2026-05-18T14:32:08+09:00
20250401,454910,1105153,2024,11011,CFS,46829943837.0,-41202116246.0,-36560851475.0,402501180228.0,421690971946.0,opendart,2026-05-18T14:32:08+09:00
20260401,454910,1105153,2025,11011,CFS,32978338354.0,-59472307590.0,-55495341539.0,348594990774.0,399370499942.0,opendart,2026-05-18T14:32:08+09:00
20260401,455180,1638387,2025,11011,CFS,18123087764.0,-3688242971.0,-9629348496.0,42004787697.0,101840993284.0,opendart,2026-05-18T14:32:08+09:00
20250401,455250,1724709,2024,11011,OFS,0.0,-86876700.0,167344932.0,8597539349.0,9988360859.0,opendart,2026-05-18T14:32:08+09:00
20260401,455250,1724709,2025,11011,OFS,0.0,-31655200.0,171216263.0,8765757239.0,10185206048.0,opendart,2026-05-18T14:32:08+09:00
20250401,455310,1725160,2024,11011,OFS,0.0,-64213879.0,218602597.0,10229030046.0,12229529128.0,opendart,2026-05-18T14:32:08+09:00
20260401,455310,1725160,2025,11011,OFS,0.0,-60455970.0,155199091.0,10384229137.0,12441749034.0,opendart,2026-05-18T14:32:08+09:00
20250401,455900,1592049,2024,11011,OFS,4210953924.0,-10841824608.0,-10005967688.0,40328538886.0,43876809146.0,opendart,2026-05-18T14:32:08+09:00
20260401,455900,1592049,2025,11011,OFS,4641312180.0,-10276486752.0,-9715061268.0,32626209747.0,37033858938.0,opendart,2026-05-18T14:32:08+09:00
20250401,455910,1725577,2024,11011,OFS,6.0,-32493936.0,182690096.0,9243753325.0,10158382443.0,opendart,2026-05-18T14:32:08+09:00
20260401,455910,1725577,2025,11011,OFS,4.0,-33365250.0,142474448.0,9386227773.0,10334848458.0,opendart,2026-05-18T14:32:08+09:00
20250401,456010,1373709,2024,11011,CFS,6683572584.0,-6685587200.0,-5817711595.0,43011776728.0,45792683195.0,opendart,2026-05-18T14:32:08+09:00
20260401,456010,1373709,2025,11011,CFS,4020136626.0,-8864162135.0,-6679992941.0,43949974620.0,73232798197.0,opendart,2026-05-18T14:32:08+09:00
20250401,456040,1760738,2024,11011,CFS,2215285616000.0,110492797000.0,89669461000.0,1241622062000.0,2283045417000.0,opendart,2026-05-18T14:32:08+09:00
20260401,456040,1760738,2025,11011,CFS,2009429144000.0,440425000.0,-68483852000.0,1164784174000.0,2275774798000.0,opendart,2026-05-18T14:32:08+09:00
20250401,456070,1544468,2024,11011,OFS,7209317184.0,-15683109888.0,-15209838652.0,48168165273.0,55745013944.0,opendart,2026-05-18T14:32:08+09:00
20260401,456070,1544468,2025,11011,OFS,5258687306.0,-17902877551.0,-16107525267.0,39403689769.0,63712916707.0,opendart,2026-05-18T14:32:08+09:00
20250401,456160,1577952,2024,11011,OFS,768930985.0,-10763507974.0,-83254627454.0,-119539090270.0,25345035928.0,opendart,2026-05-18T14:32:08+09:00
20260401,456160,1577952,2025,11011,OFS,423070926.0,-12202308190.0,-12087414362.0,58339856494.0,67749470637.0,opendart,2026-05-18T14:32:08+09:00
20250401,456440,1731453,2024,11011,OFS,0.0,-30683260.0,255135555.0,10730254406.0,12345923885.0,opendart,2026-05-18T14:32:08+09:00
20250401,456490,1760640,2024,11011,OFS,0.0,-53329950.0,138988975.0,8389284975.0,10159731527.0,opendart,2026-05-18T14:32:08+09:00
20260401,456490,1760640,2025,11011,OFS,0.0,-56237840.0,98414825.0,8487699800.0,10296682990.0,opendart,2026-05-18T14:32:08+09:00
20250401,457190,1762569,2024,11011,OFS,332069862904.0,14206083843.0,10511891726.0,121654548291.0,299546745134.0,opendart,2026-05-18T14:32:08+09:00
20260401,457190,1762569,2025,11011,CFS,411470361000.0,1615256000.0,769523000.0,132855533000.0,366409360000.0,opendart,2026-05-18T14:32:08+09:00
20250401,457370,1016309,2024,11011,OFS,36697456129.0,6537056387.0,5767064455.0,55126264145.0,63005163049.0,opendart,2026-05-18T14:32:08+09:00
20260401,457370,1016309,2025,11011,OFS,33895952208.0,4851744563.0,5772631861.0,59311400906.0,65692894554.0,opendart,2026-05-18T14:32:08+09:00
20250401,457390,1751448,2024,11011,OFS,457303349.0,-38965250.0,291820530.0,14048199008.0,15280086586.0,opendart,2026-05-18T14:32:08+09:00
20250401,457550,1030503,2024,11011,OFS,43958552911.0,5318973279.0,5409222285.0,47423610781.0,51748720293.0,opendart,2026-05-18T14:32:08+09:00
20260401,457550,1030503,2025,11011,OFS,44807184983.0,5058171927.0,5308948266.0,51094937588.0,57632129914.0,opendart,2026-05-18T14:32:08+09:00
20250401,457600,1453944,2024,11011,CFS,64679463948.0,-1284400658.0,-2279495812.0,23785229084.0,51834195999.0,opendart,2026-05-18T14:32:08+09:00
20260401,457600,1453944,2025,11011,CFS,44543769991.0,-3428667822.0,-5219410465.0,18506855890.0,40038268812.0,opendart,2026-05-18T14:32:08+09:00
20250401,457630,1738483,2024,11011,OFS,461337740.0,-123122610.0,231908585.0,14243051948.0,15412903394.0,opendart,2026-05-18T14:32:08+09:00
20260401,457630,1738483,2025,11011,OFS,2.0,-80847310.0,195729649.0,14438781597.0,15674950819.0,opendart,2026-05-18T14:32:08+09:00
20250401,457940,1744703,2024,11011,OFS,211752784.0,-34690320.0,92785196.0,6550554663.0,8097960168.0,opendart,2026-05-18T14:32:08+09:00
20260401,457940,1744703,2025,11011,OFS,180312806.0,-34415850.0,65448637.0,6616003300.0,8227477377.0,opendart,2026-05-18T14:32:08+09:00
20260401,458350,1379563,2025,11011,CFS,35151802281.0,2462371133.0,2078352241.0,15402811280.0,25071773980.0,opendart,2026-05-18T14:32:08+09:00
20250401,458610,1761296,2024,11011,OFS,269356309.0,-58257200.0,123983320.0,8553535590.0,10614452058.0,opendart,2026-05-18T14:32:08+09:00
20260401,458610,1761296,2025,11011,OFS,239652698.0,-43445470.0,108748356.0,8657660777.0,10784254003.0,opendart,2026-05-18T14:32:08+09:00
20250401,458650,319272,2024,11011,CFS,130913082962.0,14634597855.0,18166901316.0,222833198032.0,254948104390.0,opendart,2026-05-18T14:32:08+09:00
20260401,458650,319272,2025,11011,CFS,85550263958.0,1040762216.0,4905740773.0,225011124494.0,246593655310.0,opendart,2026-05-18T14:32:08+09:00
20250401,458870,1514227,2024,11011,OFS,8099754810.0,-8681501062.0,-8871453219.0,21398870839.0,28083739034.0,opendart,2026-05-18T14:32:08+09:00
20260401,458870,1514227,2025,11011,CFS,48170737719.0,16327166470.0,16045578543.0,39620897715.0,54204850237.0,opendart,2026-05-18T14:32:08+09:00
20250401,459100,1445440,2024,11011,CFS,90763923263.0,2176132257.0,1547745715.0,40851655676.0,97874754829.0,opendart,2026-05-18T14:32:08+09:00
20260401,459100,1445440,2025,11011,CFS,168722438145.0,2590955061.0,2849973932.0,45871646743.0,158274803044.0,opendart,2026-05-18T14:32:08+09:00
20260401,459510,1594791,2025,11011,OFS,12526033167.0,-8206292816.0,-8323641563.0,16162455089.0,32002827967.0,opendart,2026-05-18T14:32:08+09:00
20260401,459550,1466373,2025,11011,CFS,112948434552.0,8966761577.0,5077668978.0,48265565806.0,62417435028.0,opendart,2026-05-18T14:32:08+09:00
20250401,460470,1678312,2024,11011,OFS,3564282688.0,-4309493276.0,-4003437567.0,31274449418.0,34886682434.0,opendart,2026-05-18T14:32:08+09:00
20260401,460470,1678312,2025,11011,OFS,4375864077.0,-4153030940.0,-3802595585.0,27637468000.0,30227756331.0,opendart,2026-05-18T14:32:08+09:00
20250401,460850,1765256,2024,11011,OFS,2163761368649.0,77329845672.0,63782304320.0,1015299615768.0,1835139730494.0,opendart,2026-05-18T14:32:08+09:00
20260401,460850,1765256,2025,11011,CFS,2768703132346.0,-38828006711.0,-69865119820.0,1046243364574.0,2710440937830.0,opendart,2026-05-18T14:32:08+09:00
20250401,460860,1765265,2024,11011,OFS,3527525783006.0,102474077764.0,34835234266.0,1701831258254.0,3194015021446.0,opendart,2026-05-18T14:32:08+09:00
20260401,460860,1765265,2025,11011,OFS,3203431341223.0,59380409698.0,8231853074.0,1884321017339.0,4134274429969.0,opendart,2026-05-18T14:32:08+09:00
20250401,460870,1142260,2024,11011,OFS,54570953170.0,4446809134.0,-2059601228.0,27954695259.0,64575954728.0,opendart,2026-05-18T14:32:08+09:00
20260401,460870,1142260,2025,11011,OFS,55788407335.0,4942762556.0,1332673758.0,41673728786.0,71199675343.0,opendart,2026-05-18T14:32:08+09:00
20250401,460930,667373,2024,11011,CFS,223163801400.0,21548671011.0,16558474508.0,233537693533.0,326531968531.0,opendart,2026-05-18T14:32:08+09:00
20260401,460930,667373,2025,11011,CFS,248203831277.0,28763604615.0,21398257973.0,252899032674.0,333357623673.0,opendart,2026-05-18T14:32:08+09:00
20250401,460940,1419205,2024,11011,OFS,7105295087.0,1616767299.0,2322442516.0,39956175750.0,41331619841.0,opendart,2026-05-18T14:32:08+09:00
20260401,460940,1419205,2025,11011,CFS,7639478060.0,1002406502.0,2749973250.0,43227279822.0,45090169479.0,opendart,2026-05-18T14:32:08+09:00
20250401,461030,1497373,2024,11011,OFS,3406964929.0,-10611580142.0,-9576690038.0,32454192299.0,34047456254.0,opendart,2026-05-18T14:32:08+09:00
20260401,461030,1497373,2025,11011,OFS,5328626310.0,-8664254150.0,-7933872386.0,25164597637.0,27119871677.0,opendart,2026-05-18T14:32:08+09:00
20250401,461300,657224,2024,11011,OFS,152180302062.0,46100544112.0,31075878895.0,183268070875.0,222876130845.0,opendart,2026-05-18T14:32:08+09:00
20260401,461300,657224,2025,11011,OFS,195910648546.0,61763104721.0,49169465369.0,204443968538.0,266824535765.0,opendart,2026-05-18T14:32:08+09:00
20250401,462020,1767494,2024,11011,OFS,0.0,-36221790.0,200594538.0,8573262556.0,9524966482.0,opendart,2026-05-18T14:32:08+09:00
20260401,462020,1767494,2025,11011,OFS,0.0,-28618060.0,165040220.0,8738302776.0,9720025517.0,opendart,2026-05-18T14:32:08+09:00
20260401,462310,1467503,2025,11011,CFS,49034721544.0,723884290.0,-3981256288.0,44488226273.0,54407941390.0,opendart,2026-05-18T14:32:08+09:00
20250401,462350,1700587,2024,11011,CFS,14708000.0,-32904435579.0,-33346498845.0,44186142416.0,55913913275.0,opendart,2026-05-18T14:32:08+09:00
20260401,462350,1700587,2025,11011,CFS,2746488690.0,-72246459507.0,-75096673902.0,52028717719.0,70066703327.0,opendart,2026-05-18T14:32:08+09:00
20250401,462510,1504211,2024,11011,OFS,6576887158.0,-9661719459.0,-9483788328.0,19154104267.0,22345889974.0,opendart,2026-05-18T14:32:08+09:00
20260401,462510,1504211,2025,11011,OFS,7187488048.0,-11843612544.0,-11367217303.0,8420044547.0,25199789859.0,opendart,2026-05-18T14:32:08+09:00
20250401,462520,1770203,2024,11011,CFS,500640282000.0,20019112000.0,6641641000.0,241425675000.0,575538213000.0,opendart,2026-05-18T14:32:08+09:00
20260401,462520,1770203,2025,11011,CFS,532032570000.0,23860164000.0,3103297000.0,231340322000.0,500352761000.0,opendart,2026-05-18T14:32:08+09:00
20260401,462860,1563667,2025,11011,CFS,59971247338.0,13628015735.0,10739474851.0,73596908461.0,193145186670.0,opendart,2026-05-18T14:32:08+09:00
20250401,462870,1384787,2024,11011,OFS,224084645616.0,152676273166.0,147973272692.0,764404135605.0,803831909889.0,opendart,2026-05-18T14:32:08+09:00
20260401,462870,1384787,2025,11011,CFS,294545937439.0,181417657557.0,191430447697.0,921190987215.0,1083335531792.0,opendart,2026-05-18T14:32:08+09:00
20250401,462980,1728167,2024,11011,CFS,23340662328.0,352456597.0,151772359.0,5718946265.0,19087051738.0,opendart,2026-05-18T14:32:08+09:00
20260401,462980,1728167,2025,11011,CFS,39018670597.0,3329722972.0,2556522660.0,22101643756.0,50283292740.0,opendart,2026-05-18T14:32:08+09:00
20260401,463020,1639508,2025,11011,OFS,18819000000.0,-1109000000.0,-1055000000.0,53479000000.0,57617000000.0,opendart,2026-05-18T14:32:08+09:00
20250401,463480,367400,2024,11011,CFS,61738933021.0,1721683537.0,1753388839.0,19717592554.0,44033135210.0,opendart,2026-05-18T14:32:08+09:00
20260401,463480,367400,2025,11011,CFS,67411311418.0,-1723075249.0,-112694601.0,36716879052.0,63994451509.0,opendart,2026-05-18T14:32:08+09:00
20250401,464080,1686427,2024,11011,OFS,4935969544.0,-12830689054.0,-11955889729.0,31970640049.0,39065974449.0,opendart,2026-05-18T14:32:08+09:00
20260401,464080,1686427,2025,11011,OFS,6086041489.0,-16131399828.0,-17702033529.0,26451195024.0,78587867000.0,opendart,2026-05-18T14:32:08+09:00
20250401,464280,1232192,2024,11011,OFS,27518775933.0,3729663529.0,3717805295.0,38504239728.0,49160572708.0,opendart,2026-05-18T14:32:08+09:00
20260401,464280,1232192,2025,11011,OFS,27620873511.0,3765191759.0,4274532711.0,42784767057.0,54151710444.0,opendart,2026-05-18T14:32:08+09:00
20250401,464440,1775952,2024,11011,OFS,600.0,-54596900.0,164109671.0,8594502844.0,10090008226.0,opendart,2026-05-18T14:32:08+09:00
20260401,464440,1775952,2025,11011,OFS,247814731.0,-54685970.0,128758115.0,8719613093.0,10271745744.0,opendart,2026-05-18T14:32:08+09:00
20250401,464490,1671285,2024,11011,CFS,9303610913.0,-4449177465.0,-4968140984.0,11599995750.0,32098169321.0,opendart,2026-05-18T14:32:08+09:00
20260401,464490,1671285,2025,11011,CFS,10698152626.0,-6383954523.0,-6931050748.0,30799200591.0,51179024993.0,opendart,2026-05-18T14:32:08+09:00
20250401,464500,1706794,2024,11011,CFS,8371607726.0,-4875558821.0,-4220707586.0,31165587584.0,36753233054.0,opendart,2026-05-18T14:32:08+09:00
20260401,464500,1706794,2025,11011,CFS,10127280088.0,-5574038498.0,-4539879318.0,26644974783.0,34205754406.0,opendart,2026-05-18T14:32:08+09:00
20250401,464580,1605282,2024,11011,OFS,23630302177.0,1023815806.0,960402797.0,33270251007.0,45920636631.0,opendart,2026-05-18T14:32:08+09:00
20260401,464580,1605282,2025,11011,OFS,33841306055.0,122524497.0,795505380.0,34299698529.0,45981374075.0,opendart,2026-05-18T14:32:08+09:00
20250401,464680,1785551,2024,11011,OFS,0.0,-32494700.0,710232950.0,26471948719.0,30598858553.0,opendart,2026-05-18T14:32:08+09:00
20260401,464680,1785551,2025,11011,OFS,0.0,-32387300.0,569805716.0,27031593183.0,31288761308.0,opendart,2026-05-18T14:32:08+09:00
20250401,465320,1781847,2024,11011,OFS,0.0,271327163.0,144540410.0,7590784469.0,9050618564.0,opendart,2026-05-18T14:32:08+09:00
20260401,465320,1781847,2025,11011,OFS,0.0,232290525.0,66269020.0,7657053489.0,9180879579.0,opendart,2026-05-18T14:32:08+09:00
20250401,465480,1284876,2024,11011,OFS,19035192738.0,3784285683.0,4209746695.0,52658747693.0,58102470099.0,opendart,2026-05-18T14:32:08+09:00
20260401,465480,1284876,2025,11011,CFS,20022055489.0,2549541617.0,2675778404.0,56020552219.0,60973335874.0,opendart,2026-05-18T14:32:08+09:00
20250401,465770,1784394,2024,11011,CFS,70543551647.0,7157565667.0,25558944983.0,75473498388.0,239026712635.0,opendart,2026-05-18T14:32:08+09:00
20260401,465770,1784394,2025,11011,CFS,191383881379.0,-12473063138.0,-37739115116.0,30082612023.0,158775996801.0,opendart,2026-05-18T14:32:08+09:00
20250401,466100,1784914,2024,11011,CFS,33395079055.0,-7490868842.0,-6729151697.0,59967623220.0,69510934821.0,opendart,2026-05-18T14:32:08+09:00
20260401,466100,1784914,2025,11011,CFS,41406081428.0,-3180595266.0,-2125202225.0,60444194628.0,73041596641.0,opendart,2026-05-18T14:32:08+09:00
20250401,466410,1207901,2024,11011,OFS,13252818490.0,5074253584.0,5990121681.0,64022017860.0,69658753960.0,opendart,2026-05-18T14:32:08+09:00
20260401,466410,1207901,2025,11011,OFS,13472225245.0,4673775543.0,5703045689.0,69715491197.0,72078938796.0,opendart,2026-05-18T14:32:08+09:00
20260401,466690,1784677,2025,11011,OFS,0.0,-29718410.0,-29468350.0,9644045618.0,10944959067.0,opendart,2026-05-18T14:32:08+09:00
20250401,466910,1785056,2024,11011,OFS,0.0,-42777630.0,420810446.0,17822190945.0,20384937221.0,opendart,2026-05-18T14:32:08+09:00
20260401,466910,1785056,2025,11011,OFS,0.0,-106489550.0,342437842.0,18164628787.0,20816346012.0,opendart,2026-05-18T14:32:08+09:00
20250401,467930,1785700,2024,11011,OFS,0.0,-53883100.0,122090681.0,8495382706.0,10041038299.0,opendart,2026-05-18T14:32:08+09:00
20260401,467930,1785700,2025,11011,OFS,0.0,-34360160.0,138317401.0,8633700107.0,10238947365.0,opendart,2026-05-18T14:32:08+09:00
20250401,468510,1786514,2024,11011,OFS,0.0,-134163123.0,449838436.0,21831911661.0,25413347171.0,opendart,2026-05-18T14:32:08+09:00
20260401,468530,1688568,2025,11011,OFS,2950918349.0,-11367962763.0,-9011931696.0,28374351669.0,31754539562.0,opendart,2026-05-18T14:32:08+09:00
20250401,468760,1787072,2024,11011,OFS,0.0,-42893810.0,130588270.0,8562870882.0,10076227605.0,opendart,2026-05-18T14:32:08+09:00
20260401,468760,1787072,2025,11011,OFS,0.0,-43336567.0,128432643.0,8691303525.0,10296609211.0,opendart,2026-05-18T14:32:08+09:00
20250401,469480,1792791,2024,11011,OFS,259656129.0,-43366760.0,128980073.0,8520894790.0,10030814127.0,opendart,2026-05-18T14:32:08+09:00
20260401,469480,1792791,2025,11011,OFS,0.0,-36551950.0,115973177.0,8632488760.0,10218618455.0,opendart,2026-05-18T14:32:08+09:00
20260401,469610,1745173,2025,11011,CFS,75699364393.0,8638432723.0,8523268956.0,64352549804.0,94004633993.0,opendart,2026-05-18T14:32:08+09:00
20250401,469750,1516766,2024,11011,OFS,35170486748.0,2385026314.0,-4591098656.0,35900038202.0,49215251210.0,opendart,2026-05-18T14:32:08+09:00
20260401,469750,1516766,2025,11011,OFS,23001097577.0,-390839029.0,-391704232.0,36101183051.0,46547985710.0,opendart,2026-05-18T14:32:08+09:00
20250401,469880,1791321,2024,11011,OFS,0.0,-40745020.0,367235653.0,14843681922.0,17568108084.0,opendart,2026-05-18T14:32:08+09:00
20260401,469880,1791321,2025,11011,OFS,0.0,-33050020.0,249760101.0,15087538063.0,17936619454.0,opendart,2026-05-18T14:32:08+09:00
20250401,469900,1791561,2024,11011,OFS,0.0,-45818100.0,191463290.0,10899275068.0,12529392684.0,opendart,2026-05-18T14:32:08+09:00
20260401,469900,1791561,2025,11011,OFS,0.0,-30545950.0,171049548.0,11031401848.0,12791698422.0,opendart,2026-05-18T14:32:08+09:00
20250401,471050,1792825,2024,11011,OFS,366731346.0,-63911457.0,158092127.0,11904234885.0,13100536898.0,opendart,2026-05-18T14:32:08+09:00
20260401,471050,1792825,2025,11011,OFS,331987296.0,-79861950.0,157336638.0,12061571523.0,13328628759.0,opendart,2026-05-18T14:32:08+09:00
20250401,471820,1448544,2024,11011,OFS,21630336194.0,5500520367.0,3817248249.0,44521657843.0,49100267114.0,opendart,2026-05-18T14:32:08+09:00
20260401,471820,1448544,2025,11011,CFS,22183949136.0,2835403592.0,3451272360.0,46918021815.0,50907958361.0,opendart,2026-05-18T14:32:08+09:00
20250401,472220,1796858,2024,11011,OFS,0.0,-44930050.0,149960463.0,9557219855.0,11075529055.0,opendart,2026-05-18T14:32:08+09:00
20260401,472220,1796858,2025,11011,OFS,0.0,-41102170.0,149195332.0,9702268129.0,11286162797.0,opendart,2026-05-18T14:32:08+09:00
20250401,472230,1797440,2024,11011,OFS,245677873.0,-34178077.0,90782315.0,8387515989.0,10026089008.0,opendart,2026-05-18T14:32:08+09:00
20260401,472230,1797440,2025,11011,OFS,170040.0,-35756358.0,99624858.0,8484825566.0,10210636610.0,opendart,2026-05-18T14:32:08+09:00
20250401,472850,1806951,2024,11011,CFS,368653108555.0,41322955438.0,27155630666.0,237702191037.0,422742763482.0,opendart,2026-05-18T14:32:08+09:00
20260401,472850,1806951,2025,11011,CFS,485569158574.0,57377364737.0,44238143029.0,270065540249.0,483730995353.0,opendart,2026-05-18T14:32:08+09:00
20250401,473000,1798722,2024,11011,OFS,141440482.0,-33506977.0,58864182.0,6530620899.0,7975177128.0,opendart,2026-05-18T14:32:08+09:00
20260401,473000,1798722,2025,11011,OFS,170260980.0,-33523158.0,39183877.0,6567702853.0,8099496954.0,opendart,2026-05-18T14:32:08+09:00
20250401,473050,1798980,2024,11011,OFS,0.0,-32866700.0,234032985.0,13808645185.0,15438461196.0,opendart,2026-05-18T14:32:08+09:00
20260401,473050,1798980,2025,11011,OFS,394496522.0,-38068960.0,241301418.0,14049946603.0,15736985040.0,opendart,2026-05-18T14:32:08+09:00
20250401,473370,1800285,2024,11011,OFS,0.0,-35149782.0,155016606.0,8436424674.0,9884549812.0,opendart,2026-05-18T14:32:08+09:00
20250401,473950,1801822,2024,11011,OFS,123082085.0,-46527857.0,35189173.0,8543966047.0,9898188818.0,opendart,2026-05-18T14:32:08+09:00
20260401,473950,1801822,2025,11011,OFS,228719859.0,-39522094.0,94748716.0,8636783519.0,10070450225.0,opendart,2026-05-18T14:32:08+09:00
20250401,473980,1703849,2024,11011,CFS,68912539631.0,8181458723.0,9881745517.0,86141575985.0,98797027442.0,opendart,2026-05-18T14:32:08+09:00
20260401,473980,1703849,2025,11011,CFS,75725779285.0,12339888114.0,14847399441.0,103698769077.0,115399421477.0,opendart,2026-05-18T14:32:08+09:00
20250401,474170,1636565,2024,11011,OFS,14277073160.0,-1201741372.0,-1144820333.0,60975993509.0,72010250362.0,opendart,2026-05-18T14:32:08+09:00
20260401,474170,1636565,2025,11011,OFS,10568518218.0,-594389927.0,45662747.0,61390269179.0,69367511026.0,opendart,2026-05-18T14:32:08+09:00
20250401,474490,1804476,2024,11011,OFS,0.0,-41667680.0,169169476.0,10942791740.0,12601485062.0,opendart,2026-05-18T14:32:08+09:00
20260401,474490,1804476,2025,11011,OFS,0.0,-37172248.0,211373183.0,11154164923.0,12862050371.0,opendart,2026-05-18T14:32:08+09:00
20250401,474610,1286476,2024,11011,OFS,32672118780.0,1685721027.0,-4104771699.0,41983578027.0,68891000938.0,opendart,2026-05-18T14:32:08+09:00
20260401,474610,1286476,2025,11011,OFS,38174363248.0,4056230151.0,5156507490.0,49397231358.0,82624588522.0,opendart,2026-05-18T14:32:08+09:00
20250401,474650,1764099,2024,11011,CFS,11187804975.0,-3996911446.0,-2542958960.0,22210278060.0,35649926247.0,opendart,2026-05-18T14:32:08+09:00
20260401,474650,1764099,2025,11011,OFS,13124605399.0,-7377647696.0,-6984967542.0,38173664595.0,66010962247.0,opendart,2026-05-18T14:32:08+09:00
20250401,474660,1809569,2024,11011,OFS,248359663.0,-242521000.0,-49343349.0,10756054389.0,12499991893.0,opendart,2026-05-18T14:32:08+09:00
20260401,474660,1809569,2025,11011,OFS,343699717.0,-46617430.0,199384976.0,10955439365.0,12799824180.0,opendart,2026-05-18T14:32:08+09:00
20250401,474930,1807747,2024,11011,OFS,144998631.0,-33550148.0,72354551.0,6661256226.0,7193984443.0,opendart,2026-05-18T14:32:08+09:00
20260401,474930,1807747,2025,11011,OFS,190310871.0,-36684380.0,120540144.0,6781796370.0,7332092714.0,opendart,2026-05-18T14:32:08+09:00
20250401,475150,1817081,2024,11011,CFS,332151737229.0,37637399717.0,22380995585.0,241972753239.0,731694676657.0,opendart,2026-05-18T14:32:08+09:00
20260401,475150,1817081,2025,11011,CFS,385640769900.0,52998214327.0,30721781368.0,273040531600.0,1317071998323.0,opendart,2026-05-18T14:32:08+09:00
20260401,475230,1708163,2025,11011,CFS,59481544678.0,4499216922.0,-532660205.0,85501528778.0,175264801480.0,opendart,2026-05-18T14:32:08+09:00
20250401,475240,1807738,2024,11011,OFS,0.0,-37569091.0,88635650.0,6259298409.0,7187722271.0,opendart,2026-05-18T14:32:08+09:00
20260401,475240,1807738,2025,11011,OFS,0.0,-34857670.0,101329171.0,6359012365.0,7327001348.0,opendart,2026-05-18T14:32:08+09:00
20250401,475250,1807729,2024,11011,OFS,0.0,-21718900.0,95743626.0,7279639362.0,8403658411.0,opendart,2026-05-18T14:32:08+09:00
20260401,475250,1807729,2025,11011,OFS,224690164.0,-33264590.0,138360927.0,7416072428.0,8573092915.0,opendart,2026-05-18T14:32:08+09:00
20250401,475400,1588189,2024,11011,CFS,6888405852.0,-14287728694.0,-13462782279.0,74248819205.0,80987639176.0,opendart,2026-05-18T14:32:08+09:00
20260401,475400,1588189,2025,11011,CFS,13056154094.0,-18411160019.0,-16776322672.0,58974232242.0,68932584827.0,opendart,2026-05-18T14:32:08+09:00
20260401,475430,204323,2025,11011,OFS,69316361099.0,7395126735.0,8813079265.0,189693796893.0,214435771030.0,opendart,2026-05-18T14:32:08+09:00
20250401,475460,1374717,2024,11011,CFS,63783992.0,3119147742.0,1122866208.0,17181275904.0,50228091440.0,opendart,2026-05-18T14:32:08+09:00
20260401,475460,1374717,2025,11011,CFS,57984436.0,2906042515.0,1736391210.0,37665906986.0,98636486055.0,opendart,2026-05-18T14:32:08+09:00
20250401,475560,968607,2024,11011,CFS,464151201512.0,36023906701.0,30992599183.0,267587785372.0,352697366866.0,opendart,2026-05-18T14:32:08+09:00
20260401,475560,968607,2025,11011,CFS,361238529222.0,-23678680069.0,-17393878663.0,245998201132.0,303266174670.0,opendart,2026-05-18T14:32:08+09:00
20250401,475580,1641600,2024,11011,CFS,55042189003.0,3004063592.0,2821957778.0,56859872061.0,62805404304.0,opendart,2026-05-18T14:32:08+09:00
20260401,475580,1641600,2025,11011,CFS,63015993000.0,-10473618909.0,-9423578292.0,45485255435.0,93316471475.0,opendart,2026-05-18T14:32:08+09:00
20250401,475660,1383779,2024,11011,OFS,33085342158.0,2243780768.0,1018223623.0,38247307485.0,41813922631.0,opendart,2026-05-18T14:32:08+09:00
20260401,475660,1383779,2025,11011,OFS,22099311758.0,-2030430140.0,-2168529084.0,36094484293.0,39681631113.0,opendart,2026-05-18T14:32:08+09:00
20250401,475830,1658831,2024,11011,CFS,20905620577.0,-8335353372.0,-5740128540.0,121764729716.0,153836050957.0,opendart,2026-05-18T14:32:08+09:00
20260401,475830,1658831,2025,11011,CFS,23564233.0,-51759177005.0,-41969171956.0,130888052377.0,169324738276.0,opendart,2026-05-18T14:32:08+09:00
20250401,475960,1573336,2024,11011,CFS,5938649975.0,-8779777619.0,-8302382992.0,41990145475.0,43610542253.0,opendart,2026-05-18T14:32:08+09:00
20260401,475960,1573336,2025,11011,CFS,11306726320.0,-5568879088.0,-4810012373.0,38794436831.0,41512112634.0,opendart,2026-05-18T14:32:08+09:00
20260401,476040,1626391,2025,11011,CFS,2406581881.0,-16200194886.0,-15738981251.0,24844371523.0,37193923478.0,opendart,2026-05-18T14:32:08+09:00
20250401,476060,1632912,2024,11011,OFS,14838322428.0,-4797790778.0,-8092612266.0,56018862985.0,60913428481.0,opendart,2026-05-18T14:32:08+09:00
20260401,476060,1632912,2025,11011,OFS,53391845897.0,12619100519.0,15783991467.0,72039390284.0,75706519973.0,opendart,2026-05-18T14:32:08+09:00
20250401,476080,1704680,2024,11011,CFS,58163355345.0,1454115192.0,2819860069.0,50862233733.0,75374333554.0,opendart,2026-05-18T14:32:08+09:00
20260401,476080,1704680,2025,11011,CFS,132396372517.0,-8966649833.0,-8856110682.0,43810478586.0,93563357851.0,opendart,2026-05-18T14:32:08+09:00
20250401,476470,1810796,2024,11011,OFS,0.0,-104188120.0,80483210.0,10639738269.0,12166140945.0,opendart,2026-05-18T14:32:08+09:00
20250401,476830,1596920,2024,11011,OFS,0.0,-12861965312.0,-18850121306.0,-93217117525.0,28146871462.0,opendart,2026-05-18T14:32:08+09:00
20260401,476830,1596920,2025,11011,OFS,172226705.0,-14597361438.0,-103810493445.0,58877417847.0,62833585186.0,opendart,2026-05-18T14:32:08+09:00
20250401,477340,1813377,2024,11011,OFS,0.0,-37853442.0,138693083.0,14590447404.0,15848534964.0,opendart,2026-05-18T14:32:08+09:00
20260401,477340,1813377,2025,11011,OFS,0.0,-31421490.0,270793402.0,14861240806.0,16156390796.0,opendart,2026-05-18T14:32:08+09:00
20250401,477380,1814233,2024,11011,OFS,347333244.0,-39106670.0,190699072.0,15063435926.0,17087466374.0,opendart,2026-05-18T14:32:08+09:00
20260401,477380,1814233,2025,11011,OFS,0.0,-40467887.0,294227297.0,15352886400.0,17436217878.0,opendart,2026-05-18T14:32:08+09:00
20250401,477470,1817249,2024,11011,OFS,209108597.0,-37315460.0,94411818.0,10434115578.0,12011658137.0,opendart,2026-05-18T14:32:08+09:00
20260401,477470,1817249,2025,11011,OFS,328558119.0,-44891110.0,190964041.0,10625079619.0,12254699793.0,opendart,2026-05-18T14:32:08+09:00
20250401,477530,1814312,2024,11011,OFS,147448938.0,-170293655.0,-42710180.0,8896060373.0,9560941143.0,opendart,2026-05-18T14:32:08+09:00
20250401,477760,1814589,2024,11011,OFS,0.0,-56450147.0,102845292.0,11018091146.0,11972837828.0,opendart,2026-05-18T14:32:08+09:00
20260401,477760,1814589,2025,11011,OFS,0.0,-32187733.0,240120041.0,11258211187.0,12258086148.0,opendart,2026-05-18T14:32:08+09:00
20250401,478110,1815764,2024,11011,OFS,0.0,-35490940.0,46230347.0,9043661853.0,9931427935.0,opendart,2026-05-18T14:32:08+09:00
20260401,478110,1815764,2025,11011,OFS,0.0,-32927200.0,144311506.0,9186063444.0,10110092129.0,opendart,2026-05-18T14:32:08+09:00
20260401,478340,1787355,2025,11011,OFS,13236859805.0,-5460961314.0,-7679056734.0,47609509037.0,55313262466.0,opendart,2026-05-18T14:32:08+09:00
20250401,478390,1816268,2024,11011,OFS,0.0,-42154840.0,121457255.0,12451989625.0,14595355295.0,opendart,2026-05-18T14:32:08+09:00
20260401,478390,1816268,2025,11011,OFS,0.0,-38613140.0,239459864.0,12686828969.0,14895099314.0,opendart,2026-05-18T14:32:08+09:00
20250401,478440,1819867,2024,11011,OFS,0.0,-27758840.0,125194179.0,13661293409.0,16014544998.0,opendart,2026-05-18T14:32:08+09:00
20260401,478440,1819867,2025,11011,OFS,0.0,-38624560.0,246405873.0,13902568360.0,16324572057.0,opendart,2026-05-18T14:32:08+09:00
20250401,478560,1718407,2024,11011,OFS,37685839673.0,8298809997.0,6979196571.0,22785010407.0,31857934922.0,opendart,2026-05-18T14:32:08+09:00
20260401,478560,1718407,2025,11011,CFS,57257917035.0,9279832558.0,-5642121886.0,38359287021.0,96751838621.0,opendart,2026-05-18T14:32:08+09:00
20250401,478780,1817610,2024,11011,OFS,0.0,-27171239.0,69115483.0,14508534358.0,15308298481.0,opendart,2026-05-18T14:32:08+09:00
20250401,479880,1818682,2024,11011,OFS,249778616.0,-30707284.0,155051407.0,13350996235.0,14996398032.0,opendart,2026-05-18T14:32:08+09:00
20260401,479880,1818682,2025,11011,OFS,410060752.0,-51856326.0,240554740.0,13587905249.0,15295215470.0,opendart,2026-05-18T14:32:08+09:00
20250401,479960,1137860,2024,11011,OFS,26357463329.0,2925395100.0,2471336634.0,24983892506.0,33593904892.0,opendart,2026-05-18T14:32:08+09:00
20260401,479960,1137860,2025,11011,OFS,31246643473.0,5271316700.0,4651356101.0,40746349313.0,49916982811.0,opendart,2026-05-18T14:32:08+09:00
20250401,480370,1210677,2024,11011,CFS,295772527163.0,16524305283.0,19812545616.0,91131194349.0,188423078176.0,opendart,2026-05-18T14:32:08+09:00
20260401,480370,1210677,2025,11011,CFS,291009514864.0,-36605183434.0,-40143995454.0,72114790063.0,211303631821.0,opendart,2026-05-18T14:32:08+09:00
20250401,481070,1803927,2024,11011,CFS,44600592198.0,12428629791.0,10107528579.0,32615302833.0,44789493675.0,opendart,2026-05-18T14:32:08+09:00
20260401,481070,1803927,2025,11011,CFS,60009152935.0,10081266049.0,8761784440.0,71738484597.0,101396516783.0,opendart,2026-05-18T14:32:08+09:00
20250401,481850,1714997,2024,11011,CFS,3485471429.0,147395778.0,-10797131008.0,120931464036.0,167620136884.0,opendart,2026-05-18T14:32:08+09:00
20260401,481850,1714997,2025,11011,CFS,3055377228.0,1968635050.0,-7235806326.0,97898562473.0,109323679766.0,opendart,2026-05-18T14:32:08+09:00
20250401,481890,1834194,2024,11011,OFS,0.0,-35745300.0,114284035.0,12634391089.0,14999939769.0,opendart,2026-05-18T14:32:08+09:00
20260401,481890,1834194,2025,11011,OFS,0.0,-50269705.0,230040258.0,12864431347.0,15294496973.0,opendart,2026-05-18T14:32:08+09:00
20250401,482520,1845701,2024,11011,OFS,0.0,-56214417.0,17295045.0,12195025183.0,14904061918.0,opendart,2026-05-18T14:32:08+09:00
20260401,482520,1845701,2025,11011,OFS,0.0,-97173940.0,115517789.0,12310542972.0,15112655047.0,opendart,2026-05-18T14:32:08+09:00
20250401,482630,863533,2024,11011,OFS,110516459677.0,10748311512.0,8965422956.0,83631024535.0,128259352589.0,opendart,2026-05-18T14:32:08+09:00
20260401,482630,863533,2025,11011,OFS,125385914184.0,17632099657.0,14900245026.0,119249605481.0,144797882829.0,opendart,2026-05-18T14:32:08+09:00
20250401,482680,1841635,2024,11011,OFS,0.0,-26029760.0,43984236.0,16490382211.0,19876971456.0,opendart,2026-05-18T14:32:08+09:00
20260401,482680,1841635,2025,11011,OFS,468447797.0,-38020290.0,260783355.0,16743620241.0,20234554478.0,opendart,2026-05-18T14:32:08+09:00
20250401,482690,1845534,2024,11011,OFS,0.0,-25112931.0,-50067458.0,11479361522.0,13344297190.0,opendart,2026-05-18T14:32:08+09:00
20260401,482690,1845534,2025,11011,OFS,0.0,-38943610.0,160114835.0,11631112999.0,13604542734.0,opendart,2026-05-18T14:32:08+09:00
20250401,483650,1649204,2024,11011,CFS,309062616157.0,59844712688.0,15408977423.0,102069072470.0,136108165193.0,opendart,2026-05-18T14:32:08+09:00
20260401,483650,1649204,2025,11011,CFS,519735447906.0,101469415203.0,79053534113.0,198554792679.0,255334642397.0,opendart,2026-05-18T14:32:08+09:00
20260401,484120,1380578,2025,11011,CFS,139791218651.0,3384516329.0,490390376.0,168251270171.0,228430085122.0,opendart,2026-05-18T14:32:08+09:00
20250401,484130,1847550,2024,11011,OFS,0.0,-27431860.0,-19390874.0,8505495967.0,9841878611.0,opendart,2026-05-18T14:32:08+09:00
20260401,484130,1847550,2025,11011,OFS,0.0,-39781230.0,159609313.0,8662745416.0,10070371574.0,opendart,2026-05-18T14:32:08+09:00
20260401,484590,141583,2025,11011,OFS,154607270230.0,26631015664.0,22669606521.0,156488770648.0,239664899299.0,opendart,2026-05-18T14:32:08+09:00
20260401,484810,1458161,2025,11011,OFS,56632898384.0,-771918665.0,-15307717743.0,55285147159.0,94806334681.0,opendart,2026-05-18T14:32:08+09:00
20250401,484870,1519790,2024,11011,OFS,282796626108.0,34824919168.0,26964425031.0,165385831216.0,357113314488.0,opendart,2026-05-18T14:32:08+09:00
20260401,484870,1519790,2025,11011,OFS,403348735243.0,56064984646.0,45587701777.0,194707837792.0,402948622235.0,opendart,2026-05-18T14:32:08+09:00
20250401,486630,1851650,2024,11011,OFS,0.0,-31246340.0,41423494.0,10382767456.0,11896157412.0,opendart,2026-05-18T14:32:08+09:00
20260401,486630,1851650,2025,11011,OFS,0.0,-31331300.0,217892839.0,10597647180.0,12154464533.0,opendart,2026-05-18T14:32:08+09:00
20260401,486990,1810477,2025,11011,CFS,13100933426.0,-15279286074.0,-16629628581.0,27455221253.0,42283556934.0,opendart,2026-05-18T14:32:08+09:00
20250401,487360,1853214,2024,11011,OFS,13684960.0,-30902990.0,-32024204.0,10605233163.0,11788791820.0,opendart,2026-05-18T14:32:08+09:00
20260401,487360,1853214,2025,11011,OFS,301339726.0,-46918390.0,185244488.0,10790477651.0,12022085318.0,opendart,2026-05-18T14:32:08+09:00
20250401,487570,1854763,2024,11011,CFS,910389086563.0,17268538742.0,2379801952.0,553338553702.0,1143492676338.0,opendart,2026-05-18T14:32:08+09:00
20260401,487570,1854763,2025,11011,CFS,1409897041305.0,46434295089.0,20064731051.0,522330127730.0,908410294974.0,opendart,2026-05-18T14:32:08+09:00
20250401,487720,1877126,2024,11011,OFS,0.0,-18682650.0,-29530662.0,8184418737.0,9845785619.0,opendart,2026-05-18T14:32:08+09:00
20260401,487720,1877126,2025,11011,OFS,0.0,-14851080.0,152262785.0,8336681522.0,10029271062.0,opendart,2026-05-18T14:32:08+09:00
20250401,487830,1854408,2024,11011,OFS,0.0,-28299118.0,-16810878.0,8326456650.0,9854814218.0,opendart,2026-05-18T14:32:08+09:00
20260401,487830,1854408,2025,11011,OFS,296157539.0,-49577080.0,167702484.0,8494159134.0,10081566217.0,opendart,2026-05-18T14:32:08+09:00
20250401,488060,1854392,2024,11011,OFS,0.0,,9620684.0,9351733110.0,10862190797.0,opendart,2026-05-18T14:32:08+09:00
20260401,488060,1854392,2025,11011,OFS,0.0,,177554709.0,9524945219.0,11106941037.0,opendart,2026-05-18T14:32:08+09:00
20260401,488280,1803635,2025,11011,CFS,10088850738.0,-5640472823.0,-5290915573.0,23127585865.0,30513636053.0,opendart,2026-05-18T14:32:08+09:00
20260401,488900,1194607,2025,11011,OFS,36790989927.0,-7364263584.0,-6596724887.0,58953299223.0,113784541586.0,opendart,2026-05-18T14:32:08+09:00
20250401,489210,1866528,2024,11011,OFS,0.0,41968068.0,-16317592.0,10272759172.0,11857603728.0,opendart,2026-05-18T14:32:08+09:00
20260401,489210,1866528,2025,11011,OFS,0.0,317281060.0,185824825.0,10458583997.0,12089710138.0,opendart,2026-05-18T14:32:08+09:00
20260401,489460,1657197,2025,11011,CFS,28490907891.0,4227326924.0,4151918824.0,61979779472.0,63747053954.0,opendart,2026-05-18T14:32:08+09:00
20250401,489480,1873272,2024,11011,OFS,0.0,-21705380.0,-8118714.0,11538671804.0,12332703415.0,opendart,2026-05-18T14:32:08+09:00
20260401,489480,1873272,2025,11011,OFS,0.0,-20343658.0,230701830.0,11766642796.0,12588013080.0,opendart,2026-05-18T14:32:08+09:00
20250401,489500,1747977,2024,11011,CFS,25044464791.0,10135742769.0,6818520870.0,34439425923.0,41236153237.0,opendart,2026-05-18T14:32:08+09:00
20260401,489500,1747977,2025,11011,CFS,20179862262.0,4570299788.0,4323487640.0,59588772121.0,66121157183.0,opendart,2026-05-18T14:32:08+09:00
20250401,489730,1857991,2024,11011,OFS,0.0,-46541850.0,-12369295.0,12456626437.0,14197382440.0,opendart,2026-05-18T14:32:08+09:00
20260401,489730,1857991,2025,11011,OFS,0.0,-35646970.0,245126661.0,12701753098.0,14516509307.0,opendart,2026-05-18T14:32:08+09:00
20250401,489790,1867758,2024,11011,CFS,493322362934.0,-120362075.0,3210792631.0,824726773737.0,1591146181854.0,opendart,2026-05-18T14:32:08+09:00
20260401,489790,1867758,2025,11011,CFS,1790921869125.0,162267204336.0,42619753835.0,866219782825.0,1809393507006.0,opendart,2026-05-18T14:32:08+09:00
20260401,490470,1627363,2025,11011,CFS,120952056617.0,-53394038561.0,-56220209448.0,220517419031.0,309283897877.0,opendart,2026-05-18T14:32:08+09:00
20260401,491000,1385005,2025,11011,CFS,51192098328.0,-22642203092.0,-22873510223.0,180869068385.0,201933050640.0,opendart,2026-05-18T14:32:08+09:00
20250401,492220,1866926,2024,11011,OFS,0.0,-27807630.0,-7973884.0,12266843896.0,14389802915.0,opendart,2026-05-18T14:32:08+09:00
20260401,492220,1866926,2025,11011,OFS,0.0,-85519389.0,230183700.0,12493042804.0,14678438046.0,opendart,2026-05-18T14:32:08+09:00
20260401,493280,1859500,2025,11011,OFS,11618699446.0,297697050.0,876888728.0,73491238947.0,75299720990.0,opendart,2026-05-18T14:32:08+09:00
20260401,493330,1450938,2025,11011,CFS,44955710087.0,6754673220.0,-3583187233.0,53016498980.0,65128960144.0,opendart,2026-05-18T14:32:08+09:00
20250401,493790,1872219,2024,11011,OFS,497875.0,-17100790.0,-25710868.0,541805169.0,2280312685.0,opendart,2026-05-18T14:32:08+09:00
20260401,493790,1872219,2025,11011,OFS,288953819.0,-45503970.0,138369800.0,10517502469.0,12361530034.0,opendart,2026-05-18T14:32:08+09:00
20260401,494120,1786958,2025,11011,CFS,7302782626.0,-7525764117.0,-7864272237.0,28201275143.0,34228606164.0,opendart,2026-05-18T14:32:08+09:00
20260401,496070,1875146,2025,11011,OFS,192046986.0,-38495880.0,83665561.0,10674019522.0,11944281126.0,opendart,2026-05-18T14:32:08+09:00
20250401,498390,1881800,2024,11011,OFS,254728.0,-9408000.0,-15315857.0,488380142.0,2490592328.0,opendart,2026-05-18T14:32:08+09:00
20260401,498390,1881800,2025,11011,OFS,215017380.0,-211944489.0,-56382444.0,9917089458.0,11975054839.0,opendart,2026-05-18T14:32:08+09:00
20250401,499790,1882845,2024,11011,CFS,38321549330.0,-38200717.0,-1137050920.0,1236746410784.0,2269555200465.0,opendart,2026-05-18T14:32:08+09:00
20260401,499790,1882845,2025,11011,CFS,481682588524.0,78022623652.0,29943929968.0,1258600788881.0,2458495051224.0,opendart,2026-05-18T14:32:08+09:00
20250401,900070,783246,2024,11011,CFS,90355041.0,4099798.0,1383921.0,92047343.0,115013983.0,opendart,2026-05-18T14:32:08+09:00
20260401,900070,783246,2025,11011,CFS,90947338.0,5838640.0,5838914.0,100061201.0,121274650.0,opendart,2026-05-18T14:32:08+09:00
20250401,900100,781202,2024,11011,CFS,13936215.0,-8408594.0,-11728055.0,27131494.0,33189480.0,opendart,2026-05-18T14:32:08+09:00
20260401,900100,781202,2025,11011,CFS,4458323.0,-5875791.0,-8322290.0,25074696.0,30602446.0,opendart,2026-05-18T14:32:08+09:00
20250401,900110,799070,2024,11011,CFS,391629664.0,42753918.0,27391681.0,1614533968.0,1708467745.0,opendart,2026-05-18T14:32:08+09:00
20260401,900110,799070,2025,11011,CFS,356659191.0,47641119.0,53773042.0,1701233777.0,1785536170.0,opendart,2026-05-18T14:32:08+09:00
20250401,900120,800084,2024,11011,CFS,376932477.0,102434768.0,159320049.0,2526580022.0,2540883606.0,opendart,2026-05-18T14:32:08+09:00
20260401,900120,800084,2025,11011,CFS,297018681.0,50174847.0,65656525.0,2599081626.0,2612478660.0,opendart,2026-05-18T14:32:08+09:00
20250401,900140,838500,2024,11011,CFS,216803097.0,12025144.0,3103367.0,320377293.0,502559201.0,opendart,2026-05-18T14:32:08+09:00
20260401,900140,838500,2025,11011,CFS,276327740.0,27104978.0,10304278.0,364342341.0,501307753.0,opendart,2026-05-18T14:32:08+09:00
20250401,900250,1107665,2024,11011,CFS,518897047.0,99577615.0,44846555.0,2434612433.0,2605695718.0,opendart,2026-05-18T14:32:08+09:00
20260401,900250,1107665,2025,11011,CFS,353228450.0,54183226.0,-9105398.0,2451068149.0,2625954567.0,opendart,2026-05-18T14:32:08+09:00
20250401,900260,1139266,2024,11011,CFS,2693371318.0,103270506.0,91781317.0,1271381216.0,5096710221.0,opendart,2026-05-18T14:32:08+09:00
20260401,900260,1139266,2025,11011,CFS,3818232561.0,56436923.0,99491915.0,1388082706.0,4715642735.0,opendart,2026-05-18T14:32:08+09:00
20250401,900270,1160512,2024,11011,CFS,619098618.0,38873402.0,12358665.0,1804205040.0,2142349842.0,opendart,2026-05-18T14:32:08+09:00
20260401,900270,1160512,2025,11011,CFS,550151496.0,-1079266.0,-22545516.0,1879757620.0,2172428270.0,opendart,2026-05-18T14:32:08+09:00
20250401,900290,1170962,2024,11011,CFS,4574221304.0,798079282.0,600145982.0,4876203839.0,8881713477.0,opendart,2026-05-18T14:32:08+09:00
20260401,900290,1170962,2025,11011,CFS,4943342767.0,707629590.0,495934973.0,5381408622.0,9500890576.0,opendart,2026-05-18T14:32:08+09:00
20250401,900300,1169434,2024,11011,CFS,870730681.0,-340461210.0,-251018328.0,1333476411.0,1662146023.0,opendart,2026-05-18T14:32:08+09:00
20260401,900300,1169434,2025,11011,CFS,926741227.0,-310836113.0,-388563337.0,1303549594.0,1599148500.0,opendart,2026-05-18T14:32:08+09:00
20250401,900310,1236286,2024,11011,CFS,241237069.0,987133.0,4394140.0,1372537465.0,1631465736.0,opendart,2026-05-18T14:32:08+09:00
20260401,900310,1236286,2025,11011,CFS,220614153.0,1172142.0,-4059833.0,1368985413.0,1579785377.0,opendart,2026-05-18T14:32:08+09:00
20250401,900340,1328639,2024,11011,CFS,1040710982.0,107618777.0,75573992.0,1134587821.0,1413150520.0,opendart,2026-05-18T14:32:08+09:00
20260401,900340,1328639,2025,11011,CFS,971702858.0,75487056.0,56032053.0,1199461729.0,1508378279.0,opendart,2026-05-18T14:32:08+09:00
20250401,950110,938688,2024,11011,CFS,5692133000.0,-13505000.0,8348000.0,4452387000.0,44269523000.0,opendart,2026-05-18T14:32:08+09:00
20260401,950110,938688,2025,11011,CFS,5056544000.0,314100000.0,21702000.0,4339924000.0,33796648000.0,opendart,2026-05-18T14:32:08+09:00
20250401,950130,956028,2024,11011,CFS,82451940.0,-3101264.0,-791702.0,443813099.0,503980396.0,opendart,2026-05-18T14:32:08+09:00
20260401,950130,956028,2025,11011,CFS,21976285.0,-44547579.0,-58410567.0,389218302.0,423681105.0,opendart,2026-05-18T14:32:08+09:00
20250401,950140,1165739,2024,11011,CFS,133594656.0,13779701.0,14390188.0,97887856.0,135871032.0,opendart,2026-05-18T14:32:08+09:00
20260401,950140,1165739,2025,11011,CFS,152431009.0,26274563.0,17447725.0,114701495.0,158226274.0,opendart,2026-05-18T14:32:08+09:00
20250401,950160,1245062,2024,11011,OFS,3719583.0,-16127329.0,-24779552.0,99254203.0,151216411.0,opendart,2026-05-18T14:32:08+09:00
20260401,950160,1245062,2025,11011,OFS,3627220.0,-15695998.0,-135413281.0,44658862.0,295484173.0,opendart,2026-05-18T14:32:08+09:00
20250401,950170,1041828,2024,11011,CFS,16268208251.0,2375396677.0,2218406527.0,9213018312.0,29736457733.0,opendart,2026-05-18T14:32:08+09:00
20260401,950170,1041828,2025,11011,CFS,34026611684.0,5242790064.0,8514835732.0,19042527529.0,37255560503.0,opendart,2026-05-18T14:32:08+09:00
20250401,950190,1416235,2024,11011,CFS,62865926.0,11300257.0,6030374.0,106949955.0,130570008.0,opendart,2026-05-18T14:32:08+09:00
20260401,950190,1416235,2025,11011,CFS,79118339.0,10778553.0,5530308.0,110520375.0,121586998.0,opendart,2026-05-18T14:32:08+09:00
20250401,950200,1442115,2024,11011,CFS,32012115.0,-3834331.0,-4568897.0,20603069.0,37711587.0,opendart,2026-05-18T14:32:08+09:00
20260401,950200,1442115,2025,11011,CFS,41619339.0,-1585454.0,-2906844.0,17920929.0,34693791.0,opendart,2026-05-18T14:32:08+09:00
20250401,950210,1510489,2024,11011,CFS,616988.0,-47115233.0,-41348110.0,371078210.0,512323973.0,opendart,2026-05-18T14:32:08+09:00
20260401,950210,1510489,2025,11011,CFS,10215103.0,-48025250.0,2974299.0,374750236.0,549730458.0,opendart,2026-05-18T14:32:08+09:00
20250401,950220,1511558,2024,11011,CFS,124917.0,-29352453.0,-29973262.0,28341372.0,44507660.0,opendart,2026-05-18T14:32:08+09:00
20260401,950220,1511558,2025,11011,CFS,66673.0,-17732754.0,-22356460.0,41265636.0,57180536.0,opendart,2026-05-18T14:32:08+09:00
