reference_day,entry_date,rank,ticker,company,market,signal_score,day_change_pct,market_median_change_pct,value_ratio_20,close_location_pct,lower_tail_recovery_pct,close_vs_open_pct,distance_from_60d_high_pct,entry_gap_pct,backfill_status,backfill_rows,date,signal_time,entry_time,entry_price,target_price,stop_price,exit_time,exit_price,exit_reason,gross_return_pct,net_return_pct,opening_high,opening_low,entry_vwap,note,source_path,entry_date_compact,reference_day_compact,signal_hhmm,opening_width_pct,is_signal,is_success,is_failure_exit,is_time_exit
2025-09-05,2025-09-08,1,443060,HD현대마린솔루션,KOSPI,74.5,7.58,0.0,2.2,100.0,8.91,8.11,1.15,0.0,skipped_existing,381,20250908,,,0.0,0.0,0.0,,0.0,no_signal,0.0,0.0,222500.0,217500.0,0.0,no_vwap_reclaim_signal,D:\Users\PC2310\Desktop\multi AI agent\programs\kr_daypilot\data\historical_intraday\minute_bars\20250908\443060.csv,20250908,20250905,9999,2.298850574712641,False,False,False,False
2025-09-05,2025-09-08,2,267250,HD현대,KOSPI,69.71,4.86,0.0,2.3,91.4,5.39,5.24,-5.24,-0.829,skipped_existing,381,20250908,,,0.0,0.0,0.0,,0.0,no_signal,0.0,0.0,144000.0,142300.0,0.0,no_vwap_reclaim_signal,D:\Users\PC2310\Desktop\multi AI agent\programs\kr_daypilot\data\historical_intraday\minute_bars\20250908\267250.csv,20250908,20250905,9999,1.194659170765977,False,False,False,False
2025-09-08,2025-09-09,1,007660,이수페타시스,KOSPI,82.06,9.34,0.27,4.01,82.4,6.47,6.31,1.62,0.145,skipped_existing,381,20250909,,,0.0,0.0,0.0,,0.0,no_signal,0.0,0.0,71500.0,68700.0,0.0,opening_range_too_wide,D:\Users\PC2310\Desktop\multi AI agent\programs\kr_daypilot\data\historical_intraday\minute_bars\20250909\007660.csv,20250909,20250908,9999,4.0756914119359555,False,False,False,False
2025-09-08,2025-09-09,2,336570,원텍,KOSDAQ,71.35,10.93,0.14,2.32,92.4,10.93,10.82,-17.52,-0.904,skipped_existing,380,20250909,,,0.0,0.0,0.0,,0.0,no_signal,0.0,0.0,10980.0,10530.0,0.0,opening_range_too_wide,D:\Users\PC2310\Desktop\multi AI agent\programs\kr_daypilot\data\historical_intraday\minute_bars\20250909\336570.csv,20250909,20250908,9999,4.2735042735042805,False,False,False,False
2025-09-09,2025-09-10,1,006800,미래에셋증권,KOSPI,92.72,11.68,0.34,4.57,97.8,11.11,9.73,-13.21,0.0,skipped_existing,381,20250910,,,0.0,0.0,0.0,,0.0,no_signal,0.0,0.0,22652.0,21905.0,0.0,no_vwap_reclaim_signal,D:\Users\PC2310\Desktop\multi AI agent\programs\kr_daypilot\data\historical_intraday\minute_bars\20250910\006800.csv,20250910,20250909,9999,3.4101803241269213,False,False,False,False
2025-09-09,2025-09-10,2,222800,심텍,KOSDAQ,89.75,14.08,0.14,6.29,94.8,10.74,9.04,-0.7,0.0,skipped_existing,381,20250910,,,0.0,0.0,0.0,,0.0,no_signal,0.0,0.0,29700.0,28500.0,0.0,opening_range_too_wide,D:\Users\PC2310\Desktop\multi AI agent\programs\kr_daypilot\data\historical_intraday\minute_bars\20250910\222800.csv,20250910,20250909,9999,4.210526315789465,False,False,False,False
2025-09-10,2025-09-11,1,103590,일진전기,KOSPI,79.79,7.73,0.46,3.24,88.9,7.73,6.7,-12.16,0.0,skipped_existing,381,20250911,,,0.0,0.0,0.0,,0.0,no_signal,0.0,0.0,40150.0,38700.0,0.0,opening_range_too_wide,D:\Users\PC2310\Desktop\multi AI agent\programs\kr_daypilot\data\historical_intraday\minute_bars\20250911\103590.csv,20250911,20250910,9999,3.746770025839785,False,False,False,False
2025-09-10,2025-09-11,2,071050,한국금융지주,KOSPI,76.39,6.15,0.46,3.22,84.1,6.37,4.09,-8.41,-0.999,skipped_existing,381,20250911,,,0.0,0.0,0.0,,0.0,no_signal,0.0,0.0,150500.0,147100.0,0.0,no_vwap_reclaim_signal,D:\Users\PC2310\Desktop\multi AI agent\programs\kr_daypilot\data\historical_intraday\minute_bars\20250911\071050.csv,20250911,20250910,9999,2.3113528212100665,False,False,False,False
2025-09-11,2025-09-12,1,475150,SK이터닉스,KOSPI,86.3,10.07,0.0,6.55,90.7,8.61,8.61,-19.61,0.0,skipped_existing,381,20250912,,,0.0,0.0,0.0,,0.0,no_signal,0.0,0.0,25650.0,24150.0,0.0,opening_range_too_wide,D:\Users\PC2310\Desktop\multi AI agent\programs\kr_daypilot\data\historical_intraday\minute_bars\20250912\475150.csv,20250912,20250911,9999,6.211180124223592,False,False,False,False
2025-09-11,2025-09-12,2,082270,젬백스,KOSDAQ,82.85,3.15,0.0,5.12,85.5,12.4,4.8,-18.98,-0.17,skipped_existing,380,20250912,,,0.0,0.0,0.0,,0.0,no_signal,0.0,0.0,58900.0,56400.0,0.0,opening_range_too_wide,D:\Users\PC2310\Desktop\multi AI agent\programs\kr_daypilot\data\historical_intraday\minute_bars\20250912\082270.csv,20250912,20250911,9999,4.432624113475181,False,False,False,False
2025-09-12,2025-09-15,1,036570,엔씨소프트,KOSPI,88.27,8.91,0.18,4.56,92.3,5.77,3.53,-3.93,0.909,skipped_existing,381,20250915,,,0.0,0.0,0.0,,0.0,no_signal,0.0,0.0,229500.0,221500.0,0.0,opening_range_too_wide,D:\Users\PC2310\Desktop\multi AI agent\programs\kr_daypilot\data\historical_intraday\minute_bars\20250915\036570.csv,20250915,20250912,9999,3.6117381489841893,False,False,False,False
2025-09-12,2025-09-15,2,035720,카카오,KOSPI,78.6,9.35,0.18,3.09,91.4,8.8,8.26,-8.52,-0.763,skipped_existing,381,20250915,,,0.0,0.0,0.0,,0.0,no_signal,0.0,0.0,65000.0,64100.0,0.0,no_vwap_reclaim_signal,D:\Users\PC2310\Desktop\multi AI agent\programs\kr_daypilot\data\historical_intraday\minute_bars\20250915\035720.csv,20250915,20250912,9999,1.4040561622464809,False,False,False,False
2025-09-15,2025-09-16,1,000880,한화,KOSPI,66.8,8.39,0.06,5.35,61.0,7.02,6.65,-18.06,0.323,skipped_existing,381,20250916,,,0.0,0.0,0.0,,0.0,no_signal,0.0,0.0,93400.0,91800.0,0.0,no_vwap_reclaim_signal,D:\Users\PC2310\Desktop\multi AI agent\programs\kr_daypilot\data\historical_intraday\minute_bars\20250916\000880.csv,20250916,20250915,9999,1.7429193899782147,False,False,False,False
2025-09-15,2025-09-16,2,101490,에스앤에스텍,KOSDAQ,65.4,7.57,0.0,1.77,92.9,7.78,5.06,-6.41,0.37,skipped_existing,381,20250916,,,0.0,0.0,0.0,,0.0,no_signal,0.0,0.0,54300.0,53000.0,0.0,no_vwap_reclaim_signal,D:\Users\PC2310\Desktop\multi AI agent\programs\kr_daypilot\data\historical_intraday\minute_bars\20250916\101490.csv,20250916,20250915,9999,2.452830188679256,False,False,False,False
2025-09-16,2025-09-17,1,272210,한화시스템,KOSPI,74.36,6.81,-0.3,3.47,83.0,7.0,6.24,-13.87,-1.342,skipped_existing,381,20250917,,,0.0,0.0,0.0,,0.0,no_signal,0.0,0.0,59500.0,58200.0,0.0,no_vwap_reclaim_signal,D:\Users\PC2310\Desktop\multi AI agent\programs\kr_daypilot\data\historical_intraday\minute_bars\20250917\272210.csv,20250917,20250916,9999,2.2336769759450092,False,False,False,False
2025-09-16,2025-09-17,2,128940,한미약품,KOSPI,72.14,6.69,-0.3,3.81,74.6,7.41,6.69,1.27,0.0,skipped_existing,381,20250917,,,0.0,0.0,0.0,,0.0,no_signal,0.0,0.0,322500.0,313000.0,0.0,no_vwap_reclaim_signal,D:\Users\PC2310\Desktop\multi AI agent\programs\kr_daypilot\data\historical_intraday\minute_bars\20250917\128940.csv,20250917,20250916,9999,3.0351437699680517,False,False,False,False
2025-09-17,2025-09-18,1,251270,넷마블,KOSPI,75.49,7.09,-0.25,3.24,87.8,6.75,6.58,4.62,-0.882,skipped_existing,381,20250918,,,0.0,0.0,0.0,,0.0,no_signal,0.0,0.0,68100.0,67000.0,0.0,no_vwap_reclaim_signal,D:\Users\PC2310\Desktop\multi AI agent\programs\kr_daypilot\data\historical_intraday\minute_bars\20250918\251270.csv,20250918,20250917,9999,1.6417910447761086,False,False,False,False
2025-09-17,2025-09-18,2,032350,롯데관광개발,KOSPI,73.92,6.38,-0.25,6.23,74.0,6.38,6.26,-1.8,0.27,skipped_existing,381,20250918,,,0.0,0.0,0.0,,0.0,no_signal,0.0,0.0,18880.0,18150.0,0.0,opening_range_too_wide,D:\Users\PC2310\Desktop\multi AI agent\programs\kr_daypilot\data\historical_intraday\minute_bars\20250918\032350.csv,20250918,20250917,9999,4.0220385674931025,False,False,False,False
2025-09-18,2025-09-19,1,005070,코스모신소재,KOSPI,70.4,2.85,0.33,1.85,100.0,4.76,2.5,-12.33,-0.554,skipped_existing,381,20250919,,,0.0,0.0,0.0,,0.0,no_signal,0.0,0.0,44900.0,43800.0,0.0,no_vwap_reclaim_signal,D:\Users\PC2310\Desktop\multi AI agent\programs\kr_daypilot\data\historical_intraday\minute_bars\20250919\005070.csv,20250919,20250918,9999,2.511415525114158,False,False,False,False
2025-09-18,2025-09-19,2,034230,파라다이스,KOSPI,67.7,0.22,0.33,2.8,90.9,4.61,-0.22,-2.99,0.0,skipped_existing,381,20250919,,,0.0,0.0,0.0,,0.0,no_signal,0.0,0.0,22700.0,22150.0,0.0,no_vwap_reclaim_signal,D:\Users\PC2310\Desktop\multi AI agent\programs\kr_daypilot\data\historical_intraday\minute_bars\20250919\034230.csv,20250919,20250918,9999,2.483069977426644,False,False,False,False
2025-09-19,2025-09-22,1,439580,블루엠텍,KOSDAQ,77.57,8.78,-0.24,5.89,79.4,9.34,8.59,-8.01,0.633,skipped_existing,381,20250922,,,0.0,0.0,0.0,,0.0,no_signal,0.0,0.0,6360.0,6170.0,0.0,no_vwap_reclaim_signal,D:\Users\PC2310\Desktop\multi AI agent\programs\kr_daypilot\data\historical_intraday\minute_bars\20250922\439580.csv,20250922,20250919,9999,3.0794165316045286,False,False,False,False
2025-09-19,2025-09-22,2,326030,SK바이오팜,KOSPI,74.42,5.19,-0.47,2.91,92.8,5.98,5.39,-2.99,0.0,skipped_existing,381,20250922,,,0.0,0.0,0.0,,0.0,no_signal,0.0,0.0,114900.0,112200.0,0.0,no_vwap_reclaim_signal,D:\Users\PC2310\Desktop\multi AI agent\programs\kr_daypilot\data\historical_intraday\minute_bars\20250922\326030.csv,20250922,20250919,9999,2.406417112299475,False,False,False,False
2025-09-22,2025-09-23,1,033340,좋은사람들,KOSDAQ,77.86,12.96,-0.2,3.97,80.0,10.53,9.48,-21.03,0.0,skipped_existing,381,20250923,,,0.0,0.0,0.0,,0.0,no_signal,0.0,0.0,2400.0,2225.0,0.0,opening_range_too_wide,D:\Users\PC2310\Desktop\multi AI agent\programs\kr_daypilot\data\historical_intraday\minute_bars\20250923\033340.csv,20250923,20250922,9999,7.86516853932584,False,False,False,False
2025-09-22,2025-09-23,2,090460,비에이치,KOSPI,66.4,7.46,-0.25,4.1,62.7,5.86,5.8,-1.14,0.0,skipped_existing,381,20250923,093500,093600,19420.0,19769.56,19245.22,100500,19245.22,stop_loss,-0.9,-1.5,19570.0,19070.0,19299.72,,D:\Users\PC2310\Desktop\multi AI agent\programs\kr_daypilot\data\historical_intraday\minute_bars\20250923\090460.csv,20250923,20250922,935,2.621919244887261,True,False,True,False
2025-09-23,2025-09-24,1,068270,셀트리온,KOSPI,85.69,8.93,-0.41,8.97,92.9,9.25,9.19,-2.44,0.0,skipped_existing,381,20250924,,,0.0,0.0,0.0,,0.0,no_signal,0.0,0.0,184200.0,180400.0,0.0,no_vwap_reclaim_signal,D:\Users\PC2310\Desktop\multi AI agent\programs\kr_daypilot\data\historical_intraday\minute_bars\20250924\068270.csv,20250924,20250923,9999,2.106430155210637,False,False,False,False
2025-09-23,2025-09-24,2,025980,아난티,KOSDAQ,85.06,8.36,-0.41,3.71,96.8,6.49,3.36,-12.29,-3.959,skipped_existing,381,20250924,,,0.0,0.0,0.0,,0.0,no_signal,0.0,0.0,9470.0,9310.0,0.0,no_vwap_reclaim_signal,D:\Users\PC2310\Desktop\multi AI agent\programs\kr_daypilot\data\historical_intraday\minute_bars\20250924\025980.csv,20250924,20250923,9999,1.7185821697099923,False,False,False,False
2025-09-24,2025-09-25,1,204620,글로벌텍스프리,KOSDAQ,62.75,7.3,-0.63,1.83,92.6,8.59,7.3,-19.28,-0.949,skipped_existing,381,20250925,093200,093300,6270.0,6382.86,6213.57,093500,6382.86,target_hit,1.8,1.2,6290.0,6160.0,6197.85,,D:\Users\PC2310\Desktop\multi AI agent\programs\kr_daypilot\data\historical_intraday\minute_bars\20250925\204620.csv,20250925,20250924,932,2.110389610389607,True,True,False,False
2025-09-24,2025-09-25,2,161580,필옵틱스,KOSDAQ,61.28,0.27,-0.63,1.5,96.4,5.62,3.16,-5.53,-1.862,skipped_existing,372,20250925,,,0.0,0.0,0.0,,0.0,no_signal,0.0,0.0,36900.0,36550.0,0.0,no_vwap_reclaim_signal,D:\Users\PC2310\Desktop\multi AI agent\programs\kr_daypilot\data\historical_intraday\minute_bars\20250925\161580.csv,20250925,20250924,9999,0.9575923392612928,False,False,False,False
2025-09-25,2025-09-26,1,277810,레인보우로보틱스,KOSDAQ,61.2,8.86,-0.3,7.62,55.3,7.94,7.94,-0.62,0.939,skipped_existing,381,20250926,,,0.0,0.0,0.0,,0.0,no_signal,0.0,0.0,325000.0,312000.0,0.0,opening_range_too_wide,D:\Users\PC2310\Desktop\multi AI agent\programs\kr_daypilot\data\historical_intraday\minute_bars\20250926\277810.csv,20250926,20250925,9999,4.166666666666674,False,False,False,False
2025-09-25,2025-09-26,2,003670,포스코퓨처엠,KOSPI,57.07,5.42,-0.2,1.72,84.2,4.59,4.44,-11.52,-1.851,skipped_existing,381,20250926,,,0.0,0.0,0.0,,0.0,no_signal,0.0,0.0,143300.0,140900.0,0.0,no_vwap_reclaim_signal,D:\Users\PC2310\Desktop\multi AI agent\programs\kr_daypilot\data\historical_intraday\minute_bars\20250926\003670.csv,20250926,20250925,9999,1.7033356990773685,False,False,False,False
2025-09-29,2025-09-30,1,010950,S-Oil,KOSPI,88.82,5.19,0.49,3.61,100.0,4.35,4.18,0.47,-2.006,skipped_existing,381,20250930,,,0.0,0.0,0.0,,0.0,no_signal,0.0,0.0,63900.0,62900.0,0.0,no_vwap_reclaim_signal,D:\Users\PC2310\Desktop\multi AI agent\programs\kr_daypilot\data\historical_intraday\minute_bars\20250930\010950.csv,20250930,20250929,9999,1.5898251192368873,False,False,False,False
2025-09-29,2025-09-30,2,124500,아이티센글로벌,KOSDAQ,82.03,12.46,0.46,3.58,87.2,11.66,11.66,-25.89,0.0,skipped_existing,381,20250930,,,0.0,0.0,0.0,,0.0,no_signal,0.0,0.0,19250.0,18410.0,0.0,opening_range_too_wide,D:\Users\PC2310\Desktop\multi AI agent\programs\kr_daypilot\data\historical_intraday\minute_bars\20250930\124500.csv,20250930,20250929,9999,4.562737642585546,False,False,False,False
2025-09-30,2025-10-01,1,002380,KCC,KOSPI,79.24,6.96,-0.41,4.12,83.1,10.66,7.11,-12.93,-0.651,skipped_existing,381,20251001,,,0.0,0.0,0.0,,0.0,no_signal,0.0,0.0,382000.0,376500.0,0.0,no_vwap_reclaim_signal,D:\Users\PC2310\Desktop\multi AI agent\programs\kr_daypilot\data\historical_intraday\minute_bars\20251001\002380.csv,20251001,20250930,9999,1.4608233731739695,False,False,False,False
2025-09-30,2025-10-01,2,010620,HD현대미포,KOSPI,58.01,4.57,-0.41,1.76,84.8,5.82,5.44,-8.13,0.737,skipped_existing,381,20251001,,,0.0,0.0,0.0,,0.0,no_signal,0.0,0.0,206500.0,203500.0,0.0,no_vwap_reclaim_signal,D:\Users\PC2310\Desktop\multi AI agent\programs\kr_daypilot\data\historical_intraday\minute_bars\20251001\010620.csv,20251001,20250930,9999,1.4742014742014753,False,False,False,False
2025-10-01,2025-10-02,1,082740,한화엔진,KOSPI,76.85,10.36,0.0,5.67,76.5,9.75,8.19,1.95,-0.202,skipped_existing,381,20251002,,,0.0,0.0,0.0,,0.0,no_signal,0.0,0.0,49450.0,48050.0,0.0,no_vwap_reclaim_signal,D:\Users\PC2310\Desktop\multi AI agent\programs\kr_daypilot\data\historical_intraday\minute_bars\20251002\082740.csv,20251002,20251001,9999,2.913631633714875,False,False,False,False
2025-10-01,2025-10-02,2,023160,태광,KOSDAQ,69.21,7.95,0.0,2.2,92.1,6.7,6.1,-13.78,0.0,skipped_existing,381,20251002,,,0.0,0.0,0.0,,0.0,no_signal,0.0,0.0,27850.0,27050.0,0.0,no_vwap_reclaim_signal,D:\Users\PC2310\Desktop\multi AI agent\programs\kr_daypilot\data\historical_intraday\minute_bars\20251002\023160.csv,20251002,20251001,9999,2.957486136783727,False,False,False,False
2025-10-02,2025-10-10,1,373220,LG에너지솔루션,KOSPI,86.0,14.82,0.36,3.17,100.0,14.82,14.0,-0.99,0.0,skipped_existing,381,20251010,,,0.0,0.0,0.0,,0.0,no_signal,0.0,0.0,367500.0,352500.0,0.0,opening_range_too_wide,D:\Users\PC2310\Desktop\multi AI agent\programs\kr_daypilot\data\historical_intraday\minute_bars\20251010\373220.csv,20251010,20251002,9999,4.255319148936176,False,False,False,False
2025-10-02,2025-10-10,2,204620,글로벌텍스프리,KOSDAQ,70.72,9.98,0.3,3.86,67.2,16.49,9.98,-16.99,-1.231,skipped_existing,381,20251010,,,0.0,0.0,0.0,,0.0,no_signal,0.0,0.0,6430.0,6000.0,0.0,opening_range_too_wide,D:\Users\PC2310\Desktop\multi AI agent\programs\kr_daypilot\data\historical_intraday\minute_bars\20251010\204620.csv,20251010,20251002,9999,7.166666666666677,False,False,False,False
2025-10-10,2025-10-13,1,010950,S-Oil,KOSPI,78.62,7.22,-0.72,3.81,88.2,4.7,4.37,3.09,-3.443,skipped_existing,381,20251013,,,0.0,0.0,0.0,,0.0,no_signal,0.0,0.0,65800.0,64200.0,0.0,no_vwap_reclaim_signal,D:\Users\PC2310\Desktop\multi AI agent\programs\kr_daypilot\data\historical_intraday\minute_bars\20251013\010950.csv,20251013,20251010,9999,2.492211838006231,False,False,False,False
2025-10-10,2025-10-13,2,052690,한전기술,KOSPI,68.02,4.31,-0.72,2.04,100.0,4.55,4.55,-14.91,-1.897,skipped_existing,381,20251013,,,0.0,0.0,0.0,,0.0,no_signal,0.0,0.0,89100.0,87100.0,0.0,no_vwap_reclaim_signal,D:\Users\PC2310\Desktop\multi AI agent\programs\kr_daypilot\data\historical_intraday\minute_bars\20251013\052690.csv,20251013,20251010,9999,2.296211251435132,False,False,False,False
2025-10-13,2025-10-14,1,443060,HD현대마린솔루션,KOSPI,73.59,6.68,-0.49,2.52,97.5,8.86,7.4,4.36,-1.253,skipped_existing,381,20251014,091800,091900,243000.0,247374.0,240813.0,102600,247374.0,target_hit,1.8,1.2,241500.0,235000.0,238819.57,,D:\Users\PC2310\Desktop\multi AI agent\programs\kr_daypilot\data\historical_intraday\minute_bars\20251014\443060.csv,20251014,20251013,918,2.76595744680852,True,True,False,False
2025-10-13,2025-10-14,2,098460,고영,KOSDAQ,66.76,3.48,-0.41,2.86,81.6,7.15,6.8,-2.23,0.0,skipped_existing,381,20251014,,,0.0,0.0,0.0,,0.0,no_signal,0.0,0.0,17300.0,16940.0,0.0,no_vwap_reclaim_signal,D:\Users\PC2310\Desktop\multi AI agent\programs\kr_daypilot\data\historical_intraday\minute_bars\20251014\098460.csv,20251014,20251013,9999,2.125147579693043,False,False,False,False
2025-10-14,2025-10-15,1,066970,엘앤에프,KOSPI,79.92,11.34,-0.36,3.06,97.9,12.86,12.09,-9.64,-0.606,skipped_existing,381,20251015,,,0.0,0.0,0.0,,0.0,no_signal,0.0,0.0,82000.0,80000.0,0.0,no_vwap_reclaim_signal,D:\Users\PC2310\Desktop\multi AI agent\programs\kr_daypilot\data\historical_intraday\minute_bars\20251015\066970.csv,20251015,20251014,9999,2.499999999999991,False,False,False,False
2025-10-14,2025-10-15,2,373220,LG에너지솔루션,KOSPI,76.95,6.94,-0.36,3.68,84.2,6.65,6.65,-4.47,-0.26,skipped_existing,381,20251015,,,0.0,0.0,0.0,,0.0,no_signal,0.0,0.0,384500.0,376500.0,0.0,no_vwap_reclaim_signal,D:\Users\PC2310\Desktop\multi AI agent\programs\kr_daypilot\data\historical_intraday\minute_bars\20251015\373220.csv,20251015,20251014,9999,2.1248339973439556,False,False,False,False
2025-10-15,2025-10-16,1,207940,삼성바이오로직스,KOSPI,95.36,9.74,1.14,4.9,95.7,8.68,8.37,-0.27,-0.887,skipped_existing,381,20251016,,,0.0,0.0,0.0,,0.0,no_signal,0.0,0.0,1657184.0,1640995.0,0.0,no_vwap_reclaim_signal,D:\Users\PC2310\Desktop\multi AI agent\programs\kr_daypilot\data\historical_intraday\minute_bars\20251016\207940.csv,20251016,20251015,9999,0.986535607969552,False,False,False,False
2025-10-15,2025-10-16,2,229640,LS에코에너지,KOSPI,87.37,11.05,1.14,5.65,83.8,8.3,4.42,-5.31,0.0,skipped_existing,381,20251016,,,0.0,0.0,0.0,,0.0,no_signal,0.0,0.0,44800.0,42900.0,0.0,opening_range_too_wide,D:\Users\PC2310\Desktop\multi AI agent\programs\kr_daypilot\data\historical_intraday\minute_bars\20251016\229640.csv,20251016,20251015,9999,4.428904428904423,False,False,False,False
2025-10-16,2025-10-17,1,010060,OCI홀딩스,KOSPI,88.73,4.9,0.12,4.81,100.0,3.93,3.82,-7.62,-0.895,skipped_existing,381,20251017,,,0.0,0.0,0.0,,0.0,no_signal,0.0,0.0,100300.0,98400.0,0.0,no_vwap_reclaim_signal,D:\Users\PC2310\Desktop\multi AI agent\programs\kr_daypilot\data\historical_intraday\minute_bars\20251017\010060.csv,20251017,20251016,9999,1.9308943089430874,False,False,False,False
2025-10-16,2025-10-17,2,096770,SK이노베이션,KOSPI,86.42,7.71,0.12,3.58,96.3,7.31,7.31,-2.68,-1.293,skipped_existing,381,20251017,,,0.0,0.0,0.0,,0.0,no_signal,0.0,0.0,115300.0,113800.0,0.0,no_vwap_reclaim_signal,D:\Users\PC2310\Desktop\multi AI agent\programs\kr_daypilot\data\historical_intraday\minute_bars\20251017\096770.csv,20251017,20251016,9999,1.3181019332161759,False,False,False,False
2025-10-17,2025-10-20,1,348370,엔켐,KOSDAQ,58.79,4.55,-1.45,4.66,63.2,6.91,2.53,-4.81,-2.115,skipped_existing,381,20251020,,,0.0,0.0,0.0,,0.0,no_signal,0.0,0.0,84100.0,81400.0,0.0,no_vwap_reclaim_signal,D:\Users\PC2310\Desktop\multi AI agent\programs\kr_daypilot\data\historical_intraday\minute_bars\20251020\348370.csv,20251020,20251017,9999,3.3169533169533194,False,False,False,False
2025-10-17,2025-10-20,2,007390,네이처셀,KOSDAQ,57.16,9.6,-1.45,4.54,61.8,7.83,2.18,-40.53,0.0,skipped_existing,377,20251020,,,0.0,0.0,0.0,,0.0,no_signal,0.0,0.0,26900.0,25150.0,0.0,opening_range_too_wide,D:\Users\PC2310\Desktop\multi AI agent\programs\kr_daypilot\data\historical_intraday\minute_bars\20251020\007390.csv,20251020,20251017,9999,6.958250497017882,False,False,False,False
2025-10-20,2025-10-21,1,237690,에스티팜,KOSDAQ,92.23,9.19,0.25,6.59,97.7,8.86,7.97,3.02,0.0,skipped_existing,380,20251021,,,0.0,0.0,0.0,,0.0,no_signal,0.0,0.0,108500.0,104400.0,0.0,opening_range_too_wide,D:\Users\PC2310\Desktop\multi AI agent\programs\kr_daypilot\data\historical_intraday\minute_bars\20251021\237690.csv,20251021,20251020,9999,3.9272030651340994,False,False,False,False
2025-10-20,2025-10-21,2,071050,한국금융지주,KOSPI,84.95,14.02,0.39,3.44,94.1,13.35,12.48,7.59,0.0,skipped_existing,381,20251021,,,0.0,0.0,0.0,,0.0,no_signal,0.0,0.0,183200.0,178500.0,0.0,no_vwap_reclaim_signal,D:\Users\PC2310\Desktop\multi AI agent\programs\kr_daypilot\data\historical_intraday\minute_bars\20251021\071050.csv,20251021,20251020,9999,2.633053221288506,False,False,False,False
2025-10-21,2025-10-22,1,010620,HD현대미포,KOSPI,85.82,10.89,-0.15,4.05,91.1,10.07,9.27,1.13,0.0,skipped_existing,381,20251022,,,0.0,0.0,0.0,,0.0,no_signal,0.0,0.0,234500.0,226000.0,0.0,opening_range_too_wide,D:\Users\PC2310\Desktop\multi AI agent\programs\kr_daypilot\data\historical_intraday\minute_bars\20251022\010620.csv,20251022,20251021,9999,3.761061946902644,False,False,False,False
2025-10-21,2025-10-22,2,014940,오리엔탈정공,KOSDAQ,82.65,13.64,-0.23,7.06,87.0,13.86,12.97,-11.47,0.0,skipped_existing,381,20251022,,,0.0,0.0,0.0,,0.0,no_signal,0.0,0.0,11650.0,10870.0,0.0,opening_range_too_wide,D:\Users\PC2310\Desktop\multi AI agent\programs\kr_daypilot\data\historical_intraday\minute_bars\20251022\014940.csv,20251022,20251021,9999,7.175712971481141,False,False,False,False
2025-10-22,2025-10-23,1,000880,한화,KOSPI,75.62,5.84,0.6,2.1,98.7,8.59,4.68,-6.06,-2.081,skipped_existing,381,20251023,,,0.0,0.0,0.0,,0.0,no_signal,0.0,0.0,94800.0,92400.0,0.0,no_vwap_reclaim_signal,D:\Users\PC2310\Desktop\multi AI agent\programs\kr_daypilot\data\historical_intraday\minute_bars\20251023\000880.csv,20251023,20251022,9999,2.5974025974025983,False,False,False,False
2025-10-22,2025-10-23,2,011780,금호석유화학,KOSPI,73.19,4.48,0.6,1.93,100.0,4.48,4.11,-12.6,0.0,skipped_existing,381,20251023,,,0.0,0.0,0.0,,0.0,no_signal,0.0,0.0,118000.0,116100.0,0.0,no_vwap_reclaim_signal,D:\Users\PC2310\Desktop\multi AI agent\programs\kr_daypilot\data\historical_intraday\minute_bars\20251023\011780.csv,20251023,20251022,9999,1.636520241171402,False,False,False,False
2025-10-23,2025-10-24,1,028050,삼성E&A,KOSPI,81.03,6.69,-0.51,3.99,86.8,8.21,8.02,0.33,0.825,skipped_existing,381,20251024,,,0.0,0.0,0.0,,0.0,no_signal,0.0,0.0,30600.0,30000.0,0.0,no_vwap_reclaim_signal,D:\Users\PC2310\Desktop\multi AI agent\programs\kr_daypilot\data\historical_intraday\minute_bars\20251024\028050.csv,20251024,20251023,9999,2.0000000000000018,False,False,False,False
2025-10-23,2025-10-24,2,042670,HD현대인프라코어,KOSPI,74.59,5.66,-0.51,3.46,85.0,10.32,7.8,-4.39,0.412,skipped_existing,381,20251024,,,0.0,0.0,0.0,,0.0,no_signal,0.0,0.0,17080.0,16830.0,0.0,no_vwap_reclaim_signal,D:\Users\PC2310\Desktop\multi AI agent\programs\kr_daypilot\data\historical_intraday\minute_bars\20251024\042670.csv,20251024,20251023,9999,1.485442661913261,False,False,False,False
2025-10-24,2025-10-27,1,214150,클래시스,KOSDAQ,86.51,12.09,0.0,5.57,91.0,8.38,6.18,-13.96,-1.527,skipped_existing,381,20251027,,,0.0,0.0,0.0,,0.0,no_signal,0.0,0.0,52700.0,51400.0,0.0,no_vwap_reclaim_signal,D:\Users\PC2310\Desktop\multi AI agent\programs\kr_daypilot\data\historical_intraday\minute_bars\20251027\214150.csv,20251027,20251024,9999,2.529182879377423,False,False,False,False
2025-10-24,2025-10-27,2,009830,한화솔루션,KOSPI,80.53,5.94,0.0,6.06,82.1,5.25,4.22,-18.22,0.0,skipped_existing,381,20251027,,,0.0,0.0,0.0,,0.0,no_signal,0.0,0.0,33250.0,32450.0,0.0,no_vwap_reclaim_signal,D:\Users\PC2310\Desktop\multi AI agent\programs\kr_daypilot\data\historical_intraday\minute_bars\20251027\009830.csv,20251027,20251024,9999,2.4653312788905923,False,False,False,False
2025-10-27,2025-10-28,1,326030,SK바이오팜,KOSPI,87.23,8.17,0.3,3.41,98.7,7.16,6.47,-1.54,0.955,skipped_existing,381,20251028,,,0.0,0.0,0.0,,0.0,no_signal,0.0,0.0,116500.0,114400.0,0.0,no_vwap_reclaim_signal,D:\Users\PC2310\Desktop\multi AI agent\programs\kr_daypilot\data\historical_intraday\minute_bars\20251028\326030.csv,20251028,20251027,9999,1.8356643356643332,False,False,False,False
2025-10-27,2025-10-28,2,352820,하이브,KOSPI,80.24,7.47,0.3,5.93,79.4,8.79,8.41,1.14,-1.131,skipped_existing,381,20251028,,,0.0,0.0,0.0,,0.0,no_signal,0.0,0.0,312000.0,303500.0,0.0,no_vwap_reclaim_signal,D:\Users\PC2310\Desktop\multi AI agent\programs\kr_daypilot\data\historical_intraday\minute_bars\20251028\352820.csv,20251028,20251027,9999,2.8006589785831926,False,False,False,False
2025-10-28,2025-10-29,1,114190,강원에너지,KOSDAQ,69.03,2.76,-0.12,4.28,69.6,5.69,2.18,-9.2,-0.897,skipped_existing,380,20251029,,,0.0,0.0,0.0,,0.0,no_signal,0.0,0.0,14830.0,14090.0,0.0,opening_range_too_wide,D:\Users\PC2310\Desktop\multi AI agent\programs\kr_daypilot\data\historical_intraday\minute_bars\20251029\114190.csv,20251029,20251028,9999,5.2519517388218695,False,False,False,False
2025-10-28,2025-10-29,2,126340,비나텍,KOSDAQ,65.42,12.57,-0.12,2.48,83.0,16.34,12.57,-7.8,0.0,skipped_existing,381,20251029,,,0.0,0.0,0.0,,0.0,no_signal,0.0,0.0,60146.0,57037.0,0.0,opening_range_too_wide,D:\Users\PC2310\Desktop\multi AI agent\programs\kr_daypilot\data\historical_intraday\minute_bars\20251029\126340.csv,20251029,20251028,9999,5.450847695355643,False,False,False,False
2025-10-29,2025-10-30,1,064400,LG씨엔에스,KOSPI,81.38,6.21,-0.34,3.21,97.7,6.72,6.04,-9.38,0.75,skipped_existing,381,20251030,,,0.0,0.0,0.0,,0.0,no_signal,0.0,0.0,67300.0,65300.0,0.0,no_vwap_reclaim_signal,D:\Users\PC2310\Desktop\multi AI agent\programs\kr_daypilot\data\historical_intraday\minute_bars\20251030\064400.csv,20251030,20251029,9999,3.0627871362940207,False,False,False,False
2025-10-29,2025-10-30,2,237690,에스티팜,KOSDAQ,80.95,4.24,-0.47,4.18,86.2,8.04,4.35,-7.1,0.0,skipped_existing,381,20251030,,,0.0,0.0,0.0,,0.0,no_signal,0.0,0.0,101900.0,98800.0,0.0,no_vwap_reclaim_signal,D:\Users\PC2310\Desktop\multi AI agent\programs\kr_daypilot\data\historical_intraday\minute_bars\20251030\237690.csv,20251030,20251029,9999,3.1376518218623417,False,False,False,False
2025-10-30,2025-10-31,1,347850,디앤디파마텍,KOSDAQ,66.38,11.78,-1.45,3.67,76.7,11.56,9.9,-7.31,0.0,skipped_existing,380,20251031,,,0.0,0.0,0.0,,0.0,no_signal,0.0,0.0,62062.0,58434.0,0.0,opening_range_too_wide,D:\Users\PC2310\Desktop\multi AI agent\programs\kr_daypilot\data\historical_intraday\minute_bars\20251031\347850.csv,20251031,20251030,9999,6.208714104801993,False,False,False,False
2025-10-30,2025-10-31,2,003230,삼양식품,KOSPI,65.24,6.27,-0.94,2.22,92.9,7.48,6.79,-20.6,0.0,skipped_existing,381,20251031,,,0.0,0.0,0.0,,0.0,no_signal,0.0,0.0,1389000.0,1349000.0,0.0,no_vwap_reclaim_signal,D:\Users\PC2310\Desktop\multi AI agent\programs\kr_daypilot\data\historical_intraday\minute_bars\20251031\003230.csv,20251031,20251030,9999,2.9651593773165397,False,False,False,False
2025-10-31,2025-11-03,1,298380,에이비엘바이오,KOSDAQ,74.67,7.2,0.0,2.53,95.2,6.4,5.06,-11.22,0.0,skipped_existing,381,20251103,,,0.0,0.0,0.0,,0.0,no_signal,0.0,0.0,102100.0,99300.0,0.0,no_vwap_reclaim_signal,D:\Users\PC2310\Desktop\multi AI agent\programs\kr_daypilot\data\historical_intraday\minute_bars\20251103\298380.csv,20251103,20251031,9999,2.8197381671701827,False,False,False,False
2025-10-31,2025-11-03,2,086280,현대글로비스,KOSPI,70.91,10.41,-0.35,4.75,70.2,8.26,8.26,-1.51,-1.165,skipped_existing,381,20251103,,,0.0,0.0,0.0,,0.0,no_signal,0.0,0.0,186600.0,179200.0,0.0,opening_range_too_wide,D:\Users\PC2310\Desktop\multi AI agent\programs\kr_daypilot\data\historical_intraday\minute_bars\20251103\086280.csv,20251103,20251031,9999,4.129464285714279,False,False,False,False
2025-11-03,2025-11-04,1,064400,LG씨엔에스,KOSPI,77.26,5.58,-0.75,2.94,100.0,4.79,3.09,-4.89,0.143,skipped_existing,381,20251104,,,0.0,0.0,0.0,,0.0,no_signal,0.0,0.0,70700.0,68700.0,0.0,no_vwap_reclaim_signal,D:\Users\PC2310\Desktop\multi AI agent\programs\kr_daypilot\data\historical_intraday\minute_bars\20251104\064400.csv,20251104,20251103,9999,2.911208151382816,False,False,False,False
2025-11-03,2025-11-04,2,196170,알테오젠,KOSDAQ,68.96,7.06,-0.72,2.66,90.2,7.61,6.19,-1.13,-1.912,skipped_existing,381,20251104,,,0.0,0.0,0.0,,0.0,no_signal,0.0,0.0,513000.0,506000.0,0.0,no_vwap_reclaim_signal,D:\Users\PC2310\Desktop\multi AI agent\programs\kr_daypilot\data\historical_intraday\minute_bars\20251104\196170.csv,20251104,20251103,9999,1.383399209486158,False,False,False,False
2025-11-04,2025-11-05,1,141080,리가켐바이오,KOSDAQ,74.62,5.85,-0.14,3.14,87.1,8.85,7.15,-6.14,0.953,skipped_existing,381,20251105,,,0.0,0.0,0.0,,0.0,no_signal,0.0,0.0,159100.0,152100.0,0.0,opening_range_too_wide,D:\Users\PC2310\Desktop\multi AI agent\programs\kr_daypilot\data\historical_intraday\minute_bars\20251105\141080.csv,20251105,20251104,9999,4.602235371466135,False,False,False,False
2025-11-04,2025-11-05,2,499790,GS피앤엘,KOSPI,67.15,11.78,-0.15,2.41,87.0,11.34,11.34,-27.99,-1.522,skipped_existing,381,20251105,,,0.0,0.0,0.0,,0.0,no_signal,0.0,0.0,42050.0,40350.0,0.0,opening_range_too_wide,D:\Users\PC2310\Desktop\multi AI agent\programs\kr_daypilot\data\historical_intraday\minute_bars\20251105\499790.csv,20251105,20251104,9999,4.213135068153662,False,False,False,False
2025-11-05,2025-11-06,1,050890,쏠리드,KOSDAQ,58.81,0.82,-1.44,2.3,85.7,6.73,4.39,-5.62,0.935,skipped_existing,380,20251106,,,0.0,0.0,0.0,,0.0,no_signal,0.0,0.0,8650.0,8310.0,0.0,opening_range_too_wide,D:\Users\PC2310\Desktop\multi AI agent\programs\kr_daypilot\data\historical_intraday\minute_bars\20251106\050890.csv,20251106,20251105,9999,4.091456077015643,False,False,False,False
2025-11-05,2025-11-06,2,252990,샘씨엔에스,KOSDAQ,57.75,4.04,-1.44,1.51,96.1,13.5,5.91,-3.06,0.0,skipped_existing,381,20251106,,,0.0,0.0,0.0,,0.0,no_signal,0.0,0.0,8350.0,8110.0,0.0,no_vwap_reclaim_signal,D:\Users\PC2310\Desktop\multi AI agent\programs\kr_daypilot\data\historical_intraday\minute_bars\20251106\252990.csv,20251106,20251105,9999,2.95930949445129,False,False,False,False
2025-11-06,2025-11-07,1,024110,기업은행,KOSPI,73.04,4.04,0.76,2.54,93.8,3.93,3.4,-0.25,0.995,skipped_existing,381,20251107,093000,093100,20200.0,20563.6,20018.2,093900,20018.2,stop_loss,-0.9,-1.5,20350.0,19840.0,20053.51,,D:\Users\PC2310\Desktop\multi AI agent\programs\kr_daypilot\data\historical_intraday\minute_bars\20251107\024110.csv,20251107,20251106,930,2.570564516129026,True,False,True,False
2025-11-06,2025-11-07,2,000810,삼성화재,KOSPI,71.45,5.22,0.76,2.09,91.3,6.82,5.79,3.57,0.0,skipped_existing,381,20251107,093000,093100,495000.0,503910.0,490545.0,094300,490545.0,stop_loss,-0.9,-1.5,500000.0,484000.0,490888.8,,D:\Users\PC2310\Desktop\multi AI agent\programs\kr_daypilot\data\historical_intraday\minute_bars\20251107\000810.csv,20251107,20251106,930,3.305785123966931,True,False,True,False
2025-11-07,2025-11-10,1,090430,아모레퍼시픽,KOSPI,58.9,6.66,-1.19,7.88,58.5,5.15,4.63,-4.46,0.0,skipped_existing,381,20251110,,,0.0,0.0,0.0,,0.0,no_signal,0.0,0.0,128300.0,124100.0,0.0,no_vwap_reclaim_signal,D:\Users\PC2310\Desktop\multi AI agent\programs\kr_daypilot\data\historical_intraday\minute_bars\20251110\090430.csv,20251110,20251107,9999,3.3843674456083717,False,False,False,False
2025-11-07,2025-11-10,2,078930,GS,KOSPI,25.61,0.59,-1.19,1.67,67.6,2.52,1.19,-0.59,0.0,skipped_existing,381,20251110,,,0.0,0.0,0.0,,0.0,no_signal,0.0,0.0,53800.0,51600.0,0.0,opening_range_too_wide,D:\Users\PC2310\Desktop\multi AI agent\programs\kr_daypilot\data\historical_intraday\minute_bars\20251110\078930.csv,20251110,20251107,9999,4.263565891472876,False,False,False,False
2025-11-10,2025-11-11,1,257720,실리콘투,KOSDAQ,76.52,10.78,1.5,5.22,64.8,13.19,9.81,-19.34,-1.471,skipped_existing,381,20251111,,,0.0,0.0,0.0,,0.0,no_signal,0.0,0.0,43700.0,42500.0,0.0,no_vwap_reclaim_signal,D:\Users\PC2310\Desktop\multi AI agent\programs\kr_daypilot\data\historical_intraday\minute_bars\20251111\257720.csv,20251111,20251110,9999,2.8235294117647136,False,False,False,False
2025-11-10,2025-11-11,2,005940,NH투자증권,KOSPI,75.45,10.14,1.95,2.31,88.6,7.6,7.33,0.23,-0.911,skipped_existing,381,20251111,,,0.0,0.0,0.0,,0.0,no_signal,0.0,0.0,22100.0,21600.0,0.0,no_vwap_reclaim_signal,D:\Users\PC2310\Desktop\multi AI agent\programs\kr_daypilot\data\historical_intraday\minute_bars\20251111\005940.csv,20251111,20251110,9999,2.314814814814814,False,False,False,False
2025-11-11,2025-11-12,1,082270,젬백스,KOSDAQ,73.04,6.54,-0.38,3.71,78.0,12.74,12.43,-33.28,0.0,skipped_existing,380,20251112,,,0.0,0.0,0.0,,0.0,no_signal,0.0,0.0,41450.0,39950.0,0.0,opening_range_too_wide,D:\Users\PC2310\Desktop\multi AI agent\programs\kr_daypilot\data\historical_intraday\minute_bars\20251112\082270.csv,20251112,20251111,9999,3.754693366708395,False,False,False,False
2025-11-11,2025-11-12,2,139480,이마트,KOSPI,60.16,2.95,-0.29,3.05,67.9,4.91,3.92,-14.27,0.0,skipped_existing,381,20251112,,,0.0,0.0,0.0,,0.0,no_signal,0.0,0.0,79700.0,78200.0,0.0,no_vwap_reclaim_signal,D:\Users\PC2310\Desktop\multi AI agent\programs\kr_daypilot\data\historical_intraday\minute_bars\20251112\139480.csv,20251112,20251111,9999,1.9181585677749302,False,False,False,False
2025-11-12,2025-11-13,1,068270,셀트리온,KOSPI,90.35,5.84,1.4,4.19,86.3,5.05,4.93,-1.35,0.383,skipped_existing,331,20251113,,,0.0,0.0,0.0,,0.0,no_signal,0.0,0.0,0.0,0.0,0.0,missing_opening_range,D:\Users\PC2310\Desktop\multi AI agent\programs\kr_daypilot\data\historical_intraday\minute_bars\20251113\068270.csv,20251113,20251112,9999,0.0,False,False,False,False
2025-11-12,2025-11-13,2,358570,지아이이노베이션,KOSDAQ,85.53,14.3,1.14,3.14,93.9,12.19,10.66,-18.9,0.0,skipped_existing,331,20251113,,,0.0,0.0,0.0,,0.0,no_signal,0.0,0.0,0.0,0.0,0.0,missing_opening_range,D:\Users\PC2310\Desktop\multi AI agent\programs\kr_daypilot\data\historical_intraday\minute_bars\20251113\358570.csv,20251113,20251112,9999,0.0,False,False,False,False
2025-11-13,2025-11-14,1,068270,셀트리온,KOSPI,80.45,6.67,0.0,5.3,81.9,7.49,6.26,5.23,-0.615,skipped_existing,381,20251114,,,0.0,0.0,0.0,,0.0,no_signal,0.0,0.0,199000.0,192500.0,0.0,no_vwap_reclaim_signal,D:\Users\PC2310\Desktop\multi AI agent\programs\kr_daypilot\data\historical_intraday\minute_bars\20251114\068270.csv,20251114,20251113,9999,3.3766233766233666,False,False,False,False
2025-11-13,2025-11-14,2,020150,롯데에너지머티리얼즈,KOSPI,70.71,0.0,0.0,2.39,97.8,5.79,1.39,-7.48,-3.358,skipped_existing,381,20251114,,,0.0,0.0,0.0,,0.0,no_signal,0.0,0.0,39050.0,38000.0,0.0,no_vwap_reclaim_signal,D:\Users\PC2310\Desktop\multi AI agent\programs\kr_daypilot\data\historical_intraday\minute_bars\20251114\020150.csv,20251114,20251113,9999,2.763157894736845,False,False,False,False
2025-11-14,2025-11-17,1,329180,HD현대중공업,KOSPI,67.46,3.17,-1.12,4.54,70.8,6.16,5.59,-8.44,0.0,skipped_existing,381,20251117,092900,093000,600000.0,610800.0,594600.0,112000,602000.0,time_exit,0.333,-0.267,599000.0,583000.0,590529.67,,D:\Users\PC2310\Desktop\multi AI agent\programs\kr_daypilot\data\historical_intraday\minute_bars\20251117\329180.csv,20251117,20251114,929,2.7444253859348233,True,False,False,True
2025-11-14,2025-11-17,2,010620,HD현대미포,KOSPI,62.36,3.36,-1.12,3.4,72.2,5.98,5.49,-10.31,0.0,skipped_existing,381,20251117,092800,092900,237500.0,241775.0,235362.5,112000,239000.0,time_exit,0.632,0.032,235000.0,228000.0,232714.44,,D:\Users\PC2310\Desktop\multi AI agent\programs\kr_daypilot\data\historical_intraday\minute_bars\20251117\010620.csv,20251117,20251114,928,3.0701754385964897,True,False,False,True
2025-11-17,2025-11-18,1,032350,롯데관광개발,KOSPI,83.25,12.63,-0.12,3.48,94.9,9.87,9.87,0.73,0.0,skipped_existing,381,20251118,,,0.0,0.0,0.0,,0.0,no_signal,0.0,0.0,21450.0,20400.0,0.0,opening_range_too_wide,D:\Users\PC2310\Desktop\multi AI agent\programs\kr_daypilot\data\historical_intraday\minute_bars\20251118\032350.csv,20251118,20251117,9999,5.147058823529416,False,False,False,False
2025-11-17,2025-11-18,2,424870,이뮨온시아,KOSDAQ,70.52,9.06,-0.24,6.94,68.8,8.22,6.73,0.43,-0.573,skipped_existing,381,20251118,,,0.0,0.0,0.0,,0.0,no_signal,0.0,0.0,6783.0,6552.0,0.0,opening_range_too_wide,D:\Users\PC2310\Desktop\multi AI agent\programs\kr_daypilot\data\historical_intraday\minute_bars\20251118\424870.csv,20251118,20251117,9999,3.5256410256410353,False,False,False,False
2025-11-19,2025-11-20,1,382150,온코크로스,KOSDAQ,63.72,9.69,-0.25,3.02,73.4,10.18,8.52,-5.19,-4.415,skipped_existing,379,20251120,,,0.0,0.0,0.0,,0.0,no_signal,0.0,0.0,11930.0,11600.0,0.0,no_vwap_reclaim_signal,D:\Users\PC2310\Desktop\multi AI agent\programs\kr_daypilot\data\historical_intraday\minute_bars\20251120\382150.csv,20251120,20251119,9999,2.8448275862068995,False,False,False,False
2025-11-19,2025-11-20,2,476060,온코닉테라퓨틱스,KOSDAQ,59.19,5.34,-0.25,3.53,58.9,8.16,4.23,-77.73,0.824,skipped_existing,381,20251120,,,0.0,0.0,0.0,,0.0,no_signal,0.0,0.0,16600.0,15500.0,0.0,opening_range_too_wide,D:\Users\PC2310\Desktop\multi AI agent\programs\kr_daypilot\data\historical_intraday\minute_bars\20251120\476060.csv,20251120,20251119,9999,7.096774193548394,False,False,False,False
2025-11-20,2025-11-21,1,034230,파라다이스,KOSPI,84.3,13.65,1.19,3.33,88.9,15.0,13.58,-23.33,-1.25,skipped_existing,381,20251121,,,0.0,0.0,0.0,,0.0,no_signal,0.0,0.0,18890.0,18110.0,0.0,opening_range_too_wide,D:\Users\PC2310\Desktop\multi AI agent\programs\kr_daypilot\data\historical_intraday\minute_bars\20251121\034230.csv,20251121,20251120,9999,4.307012700165647,False,False,False,False
2025-11-20,2025-11-21,2,499790,GS피앤엘,KOSPI,78.16,12.84,1.19,2.81,87.4,16.52,14.53,-9.61,-0.56,skipped_existing,381,20251121,,,0.0,0.0,0.0,,0.0,no_signal,0.0,0.0,55800.0,52900.0,0.0,opening_range_too_wide,D:\Users\PC2310\Desktop\multi AI agent\programs\kr_daypilot\data\historical_intraday\minute_bars\20251121\499790.csv,20251121,20251120,9999,5.482041587901709,False,False,False,False
2025-11-21,2025-11-24,1,020150,롯데에너지머티리얼즈,KOSPI,62.55,5.64,-1.07,2.75,81.8,12.26,11.05,-5.18,0.0,skipped_existing,381,20251124,,,0.0,0.0,0.0,,0.0,no_signal,0.0,0.0,42600.0,41500.0,0.0,no_vwap_reclaim_signal,D:\Users\PC2310\Desktop\multi AI agent\programs\kr_daypilot\data\historical_intraday\minute_bars\20251124\020150.csv,20251124,20251121,9999,2.650602409638547,False,False,False,False
2025-11-21,2025-11-24,2,036570,엔씨소프트,KOSPI,61.12,2.3,-1.07,2.31,86.4,8.63,6.28,-21.6,0.0,skipped_existing,381,20251124,,,0.0,0.0,0.0,,0.0,no_signal,0.0,0.0,212500.0,197900.0,0.0,opening_range_too_wide,D:\Users\PC2310\Desktop\multi AI agent\programs\kr_daypilot\data\historical_intraday\minute_bars\20251124\036570.csv,20251124,20251121,9999,7.377463365336023,False,False,False,False
2025-11-24,2025-11-25,1,443060,HD현대마린솔루션,KOSPI,80.63,1.72,-0.41,12.23,95.8,5.76,0.0,-19.26,0.964,skipped_existing,380,20251125,,,0.0,0.0,0.0,,0.0,no_signal,0.0,0.0,213000.0,201000.0,0.0,opening_range_too_wide,D:\Users\PC2310\Desktop\multi AI agent\programs\kr_daypilot\data\historical_intraday\minute_bars\20251125\443060.csv,20251125,20251124,9999,5.970149253731338,False,False,False,False
2025-11-24,2025-11-25,2,125490,한라캐스트,KOSDAQ,78.68,11.55,-0.35,3.07,95.9,11.55,9.91,-21.07,0.0,skipped_existing,381,20251125,,,0.0,0.0,0.0,,0.0,no_signal,0.0,0.0,11560.0,11070.0,0.0,opening_range_too_wide,D:\Users\PC2310\Desktop\multi AI agent\programs\kr_daypilot\data\historical_intraday\minute_bars\20251125\125490.csv,20251125,20251124,9999,4.42637759710931,False,False,False,False
2025-11-25,2025-11-26,1,058470,리노공업,KOSDAQ,75.83,11.88,0.0,5.86,75.0,7.13,4.13,4.64,0.0,skipped_existing,381,20251126,,,0.0,0.0,0.0,,0.0,no_signal,0.0,0.0,66300.0,63800.0,0.0,opening_range_too_wide,D:\Users\PC2310\Desktop\multi AI agent\programs\kr_daypilot\data\historical_intraday\minute_bars\20251126\058470.csv,20251126,20251125,9999,3.9184952978056353,False,False,False,False
2025-11-25,2025-11-26,2,126340,비나텍,KOSDAQ,70.87,7.81,0.0,1.84,100.0,12.59,6.01,-0.94,-2.047,skipped_existing,377,20251126,,,0.0,0.0,0.0,,0.0,no_signal,0.0,0.0,60535.0,58689.0,0.0,no_vwap_reclaim_signal,D:\Users\PC2310\Desktop\multi AI agent\programs\kr_daypilot\data\historical_intraday\minute_bars\20251126\126340.csv,20251126,20251125,9999,3.1453935149687418,False,False,False,False
2025-11-26,2025-11-27,1,437730,삼현,KOSDAQ,78.35,14.49,1.11,6.37,70.5,17.0,13.68,-7.25,0.0,skipped_existing,378,20251127,,,0.0,0.0,0.0,,0.0,no_signal,0.0,0.0,36750.0,32650.0,0.0,opening_range_too_wide,D:\Users\PC2310\Desktop\multi AI agent\programs\kr_daypilot\data\historical_intraday\minute_bars\20251127\437730.csv,20251127,20251126,9999,12.55742725880551,False,False,False,False
2025-11-26,2025-11-27,2,287840,인투셀,KOSDAQ,62.66,12.0,1.11,1.6,82.9,10.94,9.7,-9.54,0.85,skipped_existing,381,20251127,,,0.0,0.0,0.0,,0.0,no_signal,0.0,0.0,60100.0,58100.0,0.0,no_vwap_reclaim_signal,D:\Users\PC2310\Desktop\multi AI agent\programs\kr_daypilot\data\historical_intraday\minute_bars\20251127\287840.csv,20251127,20251126,9999,3.442340791738374,False,False,False,False
2025-11-27,2025-11-28,1,125490,한라캐스트,KOSDAQ,73.96,14.86,0.0,6.57,72.2,14.76,13.1,-11.77,0.0,skipped_existing,380,20251128,,,0.0,0.0,0.0,,0.0,no_signal,0.0,0.0,13600.0,12580.0,0.0,opening_range_too_wide,D:\Users\PC2310\Desktop\multi AI agent\programs\kr_daypilot\data\historical_intraday\minute_bars\20251128\125490.csv,20251128,20251127,9999,8.108108108108114,False,False,False,False
2025-11-27,2025-11-28,2,476060,온코닉테라퓨틱스,KOSDAQ,73.74,13.49,0.0,3.34,81.8,12.56,11.85,-74.93,0.732,skipped_existing,379,20251128,,,0.0,0.0,0.0,,0.0,no_signal,0.0,0.0,17930.0,17590.0,0.0,no_vwap_reclaim_signal,D:\Users\PC2310\Desktop\multi AI agent\programs\kr_daypilot\data\historical_intraday\minute_bars\20251128\476060.csv,20251128,20251127,9999,1.932916429789655,False,False,False,False
2025-11-28,2025-12-01,1,160190,하이젠알앤엠,KOSDAQ,84.25,6.59,1.48,2.6,97.6,7.6,6.19,-19.14,0.0,skipped_existing,381,20251201,,,0.0,0.0,0.0,,0.0,no_signal,0.0,0.0,60000.0,58700.0,0.0,no_vwap_reclaim_signal,D:\Users\PC2310\Desktop\multi AI agent\programs\kr_daypilot\data\historical_intraday\minute_bars\20251201\160190.csv,20251201,20251128,9999,2.2146507666098714,False,False,False,False
2025-11-28,2025-12-01,2,475960,토모큐브,KOSDAQ,81.33,12.62,1.48,2.96,87.7,12.62,12.49,-12.22,-0.105,skipped_existing,381,20251201,,,0.0,0.0,0.0,,0.0,no_signal,0.0,0.0,48450.0,46800.0,0.0,opening_range_too_wide,D:\Users\PC2310\Desktop\multi AI agent\programs\kr_daypilot\data\historical_intraday\minute_bars\20251201\475960.csv,20251201,20251128,9999,3.5256410256410353,False,False,False,False
2025-12-01,2025-12-02,1,005290,동진쎄미켐,KOSDAQ,87.14,11.07,0.0,7.3,92.0,11.07,8.22,-15.03,0.0,skipped_existing,381,20251202,,,0.0,0.0,0.0,,0.0,no_signal,0.0,0.0,41000.0,39400.0,0.0,opening_range_too_wide,D:\Users\PC2310\Desktop\multi AI agent\programs\kr_daypilot\data\historical_intraday\minute_bars\20251202\005290.csv,20251202,20251201,9999,4.060913705583746,False,False,False,False
2025-12-01,2025-12-02,2,101490,에스앤에스텍,KOSDAQ,65.95,10.84,0.0,2.1,88.6,7.75,6.9,-15.71,0.0,skipped_existing,381,20251202,,,0.0,0.0,0.0,,0.0,no_signal,0.0,0.0,55700.0,54000.0,0.0,no_vwap_reclaim_signal,D:\Users\PC2310\Desktop\multi AI agent\programs\kr_daypilot\data\historical_intraday\minute_bars\20251202\101490.csv,20251202,20251201,9999,3.1481481481481444,False,False,False,False
2025-12-02,2025-12-03,1,001260,삼성에피스홀딩스,KOSPI,86.74,11.06,0.59,3.86,89.1,14.81,9.95,-27.66,0.0,skipped_existing,167,20251203,,,0.0,0.0,0.0,,0.0,no_signal,0.0,0.0,7290.0,7250.0,0.0,no_vwap_reclaim_signal,D:\Users\PC2310\Desktop\multi AI agent\programs\kr_daypilot\data\historical_intraday\minute_bars\20251203\001260.csv,20251203,20251202,9999,0.5517241379310311,False,False,False,False
2025-12-02,2025-12-03,2,047050,포스코인터내셔널,KOSPI,70.28,4.32,0.59,1.96,92.9,4.91,3.54,-11.61,0.54,skipped_existing,381,20251203,,,0.0,0.0,0.0,,0.0,no_signal,0.0,0.0,56000.0,55100.0,0.0,no_vwap_reclaim_signal,D:\Users\PC2310\Desktop\multi AI agent\programs\kr_daypilot\data\historical_intraday\minute_bars\20251203\047050.csv,20251203,20251202,9999,1.6333938294010864,False,False,False,False
2025-12-03,2025-12-04,1,030200,KT,KOSPI,77.05,4.74,0.59,2.6,100.0,3.92,3.92,-0.93,0.377,skipped_existing,381,20251204,,,0.0,0.0,0.0,,0.0,no_signal,0.0,0.0,53400.0,52800.0,0.0,no_vwap_reclaim_signal,D:\Users\PC2310\Desktop\multi AI agent\programs\kr_daypilot\data\historical_intraday\minute_bars\20251204\030200.csv,20251204,20251203,9999,1.1363636363636465,False,False,False,False
2025-12-03,2025-12-04,2,028260,삼성물산,KOSPI,68.49,9.35,0.59,3.17,72.0,7.91,7.91,2.08,-1.629,skipped_existing,381,20251204,,,0.0,0.0,0.0,,0.0,no_signal,0.0,0.0,242500.0,239000.0,0.0,no_vwap_reclaim_signal,D:\Users\PC2310\Desktop\multi AI agent\programs\kr_daypilot\data\historical_intraday\minute_bars\20251204\028260.csv,20251204,20251203,9999,1.4644351464435212,False,False,False,False
2025-12-04,2025-12-05,1,005380,현대차,KOSPI,82.94,6.38,-0.45,3.73,93.1,5.0,3.85,-4.87,-0.529,skipped_existing,379,20251205,,,0.0,0.0,0.0,,0.0,no_signal,0.0,0.0,292000.0,280000.0,0.0,opening_range_too_wide,D:\Users\PC2310\Desktop\multi AI agent\programs\kr_daypilot\data\historical_intraday\minute_bars\20251205\005380.csv,20251205,20251204,9999,4.285714285714293,False,False,False,False
2025-12-04,2025-12-05,2,033530,SJG세종,KOSPI,69.45,10.19,-0.45,7.08,68.8,9.35,8.17,-2.99,0.0,skipped_existing,381,20251205,,,0.0,0.0,0.0,,0.0,no_signal,0.0,0.0,10370.0,9980.0,0.0,opening_range_too_wide,D:\Users\PC2310\Desktop\multi AI agent\programs\kr_daypilot\data\historical_intraday\minute_bars\20251205\033530.csv,20251205,20251204,9999,3.9078156312625234,False,False,False,False
2025-12-05,2025-12-08,1,336260,두산퓨얼셀,KOSPI,87.86,11.15,0.37,3.73,94.3,10.44,10.44,-24.62,0.0,skipped_existing,381,20251208,,,0.0,0.0,0.0,,0.0,no_signal,0.0,0.0,34950.0,33000.0,0.0,opening_range_too_wide,D:\Users\PC2310\Desktop\multi AI agent\programs\kr_daypilot\data\historical_intraday\minute_bars\20251208\336260.csv,20251208,20251205,9999,5.909090909090908,False,False,False,False
2025-12-05,2025-12-08,2,052690,한전기술,KOSPI,79.71,5.26,0.37,3.14,90.9,5.26,3.62,-15.1,-1.299,skipped_existing,381,20251208,,,0.0,0.0,0.0,,0.0,no_signal,0.0,0.0,98800.0,96600.0,0.0,no_vwap_reclaim_signal,D:\Users\PC2310\Desktop\multi AI agent\programs\kr_daypilot\data\historical_intraday\minute_bars\20251208\052690.csv,20251208,20251205,9999,2.2774327122153215,False,False,False,False
2025-12-08,2025-12-09,1,247540,에코프로비엠,KOSDAQ,85.82,8.52,-0.14,4.59,91.0,8.24,7.71,-3.72,-1.731,skipped_existing,380,20251209,,,0.0,0.0,0.0,,0.0,no_signal,0.0,0.0,181500.0,169100.0,0.0,opening_range_too_wide,D:\Users\PC2310\Desktop\multi AI agent\programs\kr_daypilot\data\historical_intraday\minute_bars\20251209\247540.csv,20251209,20251208,9999,7.332939089296264,False,False,False,False
2025-12-08,2025-12-09,2,022100,포스코DX,KOSPI,78.4,7.77,-0.34,5.66,81.4,6.55,6.55,-13.26,-1.933,skipped_existing,381,20251209,,,0.0,0.0,0.0,,0.0,no_signal,0.0,0.0,28250.0,27500.0,0.0,no_vwap_reclaim_signal,D:\Users\PC2310\Desktop\multi AI agent\programs\kr_daypilot\data\historical_intraday\minute_bars\20251209\022100.csv,20251209,20251208,9999,2.7272727272727337,False,False,False,False
2025-12-09,2025-12-10,1,071970,HD현대마린엔진,KOSPI,79.12,9.73,0.0,2.73,98.9,11.36,10.95,-15.38,-1.33,skipped_existing,381,20251210,,,0.0,0.0,0.0,,0.0,no_signal,0.0,0.0,89900.0,88500.0,0.0,no_vwap_reclaim_signal,D:\Users\PC2310\Desktop\multi AI agent\programs\kr_daypilot\data\historical_intraday\minute_bars\20251210\071970.csv,20251210,20251209,9999,1.5819209039547921,False,False,False,False
2025-12-09,2025-12-10,2,000250,삼천당제약,KOSDAQ,71.33,9.38,-0.16,2.88,86.3,10.71,8.59,-15.27,0.0,skipped_existing,381,20251210,,,0.0,0.0,0.0,,0.0,no_signal,0.0,0.0,238000.0,230000.0,0.0,no_vwap_reclaim_signal,D:\Users\PC2310\Desktop\multi AI agent\programs\kr_daypilot\data\historical_intraday\minute_bars\20251210\000250.csv,20251210,20251209,9999,3.4782608695652195,False,False,False,False
2025-12-10,2025-12-11,1,388720,유일로보틱스,KOSDAQ,87.14,7.8,-0.24,3.84,96.2,8.94,7.05,-6.37,-0.324,skipped_existing,381,20251211,,,0.0,0.0,0.0,,0.0,no_signal,0.0,0.0,92300.0,89000.0,0.0,opening_range_too_wide,D:\Users\PC2310\Desktop\multi AI agent\programs\kr_daypilot\data\historical_intraday\minute_bars\20251211\388720.csv,20251211,20251210,9999,3.707865168539315,False,False,False,False
2025-12-10,2025-12-11,2,064260,다날,KOSDAQ,82.36,11.01,-0.24,6.57,86.6,11.01,11.01,-37.47,-1.955,skipped_existing,381,20251211,093200,093300,7180.0,7309.24,7115.38,101300,7309.24,target_hit,1.8,1.2,7190.0,7000.0,7100.17,,D:\Users\PC2310\Desktop\multi AI agent\programs\kr_daypilot\data\historical_intraday\minute_bars\20251211\064260.csv,20251211,20251210,932,2.7142857142857135,True,True,False,False
2025-12-11,2025-12-12,1,052690,한전기술,KOSPI,79.75,5.3,0.33,3.61,86.3,4.54,4.33,-14.08,0.0,skipped_existing,381,20251212,,,0.0,0.0,0.0,,0.0,no_signal,0.0,0.0,104000.0,101300.0,0.0,no_vwap_reclaim_signal,D:\Users\PC2310\Desktop\multi AI agent\programs\kr_daypilot\data\historical_intraday\minute_bars\20251212\052690.csv,20251212,20251211,9999,2.6653504442250675,False,False,False,False
2025-12-11,2025-12-12,2,267270,HD현대건설기계,KOSPI,76.35,5.81,0.33,4.14,73.3,5.49,5.28,-12.0,0.0,skipped_existing,381,20251212,,,0.0,0.0,0.0,,0.0,no_signal,0.0,0.0,107200.0,105000.0,0.0,no_vwap_reclaim_signal,D:\Users\PC2310\Desktop\multi AI agent\programs\kr_daypilot\data\historical_intraday\minute_bars\20251212\267270.csv,20251212,20251211,9999,2.0952380952381056,False,False,False,False
2025-12-12,2025-12-15,1,459510,나우로보틱스,KOSDAQ,82.33,12.28,0.06,3.62,90.0,12.03,10.79,-9.53,0.199,skipped_existing,381,20251215,,,0.0,0.0,0.0,,0.0,no_signal,0.0,0.0,26200.0,24800.0,0.0,opening_range_too_wide,D:\Users\PC2310\Desktop\multi AI agent\programs\kr_daypilot\data\historical_intraday\minute_bars\20251215\459510.csv,20251215,20251212,9999,5.645161290322576,False,False,False,False
2025-12-12,2025-12-15,2,272210,한화시스템,KOSPI,81.19,10.51,0.74,8.49,77.4,10.74,9.94,-19.42,-0.565,skipped_existing,380,20251215,,,0.0,0.0,0.0,,0.0,no_signal,0.0,0.0,53400.0,52000.0,0.0,no_vwap_reclaim_signal,D:\Users\PC2310\Desktop\multi AI agent\programs\kr_daypilot\data\historical_intraday\minute_bars\20251215\272210.csv,20251215,20251212,9999,2.6923076923076827,False,False,False,False
2025-12-15,2025-12-16,1,117730,티로보틱스,KOSDAQ,80.86,10.39,-0.17,4.41,83.8,14.54,10.57,-20.31,0.245,skipped_existing,381,20251216,,,0.0,0.0,0.0,,0.0,no_signal,0.0,0.0,20500.0,19650.0,0.0,opening_range_too_wide,D:\Users\PC2310\Desktop\multi AI agent\programs\kr_daypilot\data\historical_intraday\minute_bars\20251216\117730.csv,20251216,20251215,9999,4.325699745547085,False,False,False,False
2025-12-15,2025-12-16,2,161580,필옵틱스,KOSDAQ,75.9,4.51,-0.17,2.51,98.7,8.56,8.07,-19.54,0.0,skipped_existing,381,20251216,,,0.0,0.0,0.0,,0.0,no_signal,0.0,0.0,48350.0,46000.0,0.0,opening_range_too_wide,D:\Users\PC2310\Desktop\multi AI agent\programs\kr_daypilot\data\historical_intraday\minute_bars\20251216\161580.csv,20251216,20251215,9999,5.108695652173911,False,False,False,False
2025-12-16,2025-12-17,1,033780,KT&G,KOSPI,67.42,4.9,-1.02,2.42,93.7,5.19,5.19,1.76,-0.6,skipped_existing,381,20251217,,,0.0,0.0,0.0,,0.0,no_signal,0.0,0.0,149100.0,147500.0,0.0,no_vwap_reclaim_signal,D:\Users\PC2310\Desktop\multi AI agent\programs\kr_daypilot\data\historical_intraday\minute_bars\20251217\033780.csv,20251217,20251216,9999,1.0847457627118695,False,False,False,False
2025-12-16,2025-12-17,2,030200,KT,KOSPI,62.59,2.65,-1.02,3.31,88.9,3.04,2.65,1.5,0.554,skipped_existing,381,20251217,,,0.0,0.0,0.0,,0.0,no_signal,0.0,0.0,54500.0,53800.0,0.0,no_vwap_reclaim_signal,D:\Users\PC2310\Desktop\multi AI agent\programs\kr_daypilot\data\historical_intraday\minute_bars\20251217\030200.csv,20251217,20251216,9999,1.3011152416356975,False,False,False,False
2025-12-17,2025-12-18,1,011170,롯데케미칼,KOSPI,82.17,7.64,0.2,3.52,90.2,7.49,6.62,-11.55,-1.901,skipped_existing,381,20251218,,,0.0,0.0,0.0,,0.0,no_signal,0.0,0.0,77400.0,76100.0,0.0,no_vwap_reclaim_signal,D:\Users\PC2310\Desktop\multi AI agent\programs\kr_daypilot\data\historical_intraday\minute_bars\20251218\011170.csv,20251218,20251217,9999,1.708278580814726,False,False,False,False
2025-12-17,2025-12-18,2,041510,에스엠,KOSDAQ,70.66,5.82,0.0,2.45,90.4,5.91,4.97,-22.75,-0.254,skipped_existing,381,20251218,092300,092400,118200.0,120327.6,117136.2,095100,120327.6,target_hit,1.8,1.2,117900.0,115500.0,117174.21,,D:\Users\PC2310\Desktop\multi AI agent\programs\kr_daypilot\data\historical_intraday\minute_bars\20251218\041510.csv,20251218,20251217,923,2.0779220779220786,True,True,False,False
2025-12-18,2025-12-19,1,006800,미래에셋증권,KOSPI,78.59,8.07,-0.85,3.82,88.2,11.34,10.5,-20.5,0.0,skipped_existing,381,20251219,,,0.0,0.0,0.0,,0.0,no_signal,0.0,0.0,22901.0,21955.0,0.0,opening_range_too_wide,D:\Users\PC2310\Desktop\multi AI agent\programs\kr_daypilot\data\historical_intraday\minute_bars\20251219\006800.csv,20251219,20251218,9999,4.308813482122531,False,False,False,False
2025-12-18,2025-12-19,2,001430,세아베스틸지주,KOSPI,65.73,5.83,-0.85,2.88,83.0,9.41,9.28,-16.17,-0.992,skipped_existing,381,20251219,,,0.0,0.0,0.0,,0.0,no_signal,0.0,0.0,45900.0,44800.0,0.0,no_vwap_reclaim_signal,D:\Users\PC2310\Desktop\multi AI agent\programs\kr_daypilot\data\historical_intraday\minute_bars\20251219\001430.csv,20251219,20251218,9999,2.4553571428571397,False,False,False,False
2025-12-19,2025-12-22,1,039490,키움증권,KOSPI,87.9,6.27,0.48,3.3,100.0,5.7,4.77,-8.06,0.506,skipped_existing,381,20251222,,,0.0,0.0,0.0,,0.0,no_signal,0.0,0.0,298000.0,293000.0,0.0,no_vwap_reclaim_signal,D:\Users\PC2310\Desktop\multi AI agent\programs\kr_daypilot\data\historical_intraday\minute_bars\20251222\039490.csv,20251222,20251219,9999,1.7064846416382284,False,False,False,False
2025-12-19,2025-12-22,2,079550,LIG넥스원,KOSPI,87.01,8.62,0.48,3.6,94.1,8.33,6.8,-22.53,0.0,skipped_existing,381,20251222,,,0.0,0.0,0.0,,0.0,no_signal,0.0,0.0,427000.0,413000.0,0.0,no_vwap_reclaim_signal,D:\Users\PC2310\Desktop\multi AI agent\programs\kr_daypilot\data\historical_intraday\minute_bars\20251222\079550.csv,20251222,20251219,9999,3.3898305084745672,False,False,False,False
2025-12-22,2025-12-23,1,388210,씨엠티엑스,KOSDAQ,83.79,4.4,0.43,3.43,92.2,9.08,6.29,-100.0,0.0,skipped_existing,381,20251223,,,0.0,0.0,0.0,,0.0,no_signal,0.0,0.0,105500.0,98800.0,0.0,opening_range_too_wide,D:\Users\PC2310\Desktop\multi AI agent\programs\kr_daypilot\data\historical_intraday\minute_bars\20251223\388210.csv,20251223,20251222,9999,6.781376518218618,False,False,False,False
2025-12-22,2025-12-23,2,042700,한미반도체,KOSPI,79.04,9.11,0.19,2.99,93.5,7.35,7.17,-20.23,0.866,skipped_existing,381,20251223,093100,093200,128300.0,130609.4,127145.3,094200,127145.3,stop_loss,-0.9,-1.5,128200.0,126100.0,126946.29,,D:\Users\PC2310\Desktop\multi AI agent\programs\kr_daypilot\data\historical_intraday\minute_bars\20251223\042700.csv,20251223,20251222,931,1.6653449643140306,True,False,True,False
2025-12-23,2025-12-24,1,042660,한화오션,KOSPI,80.26,12.49,-0.6,7.72,86.1,7.59,4.93,-18.6,0.0,skipped_existing,381,20251224,,,0.0,0.0,0.0,,0.0,no_signal,0.0,0.0,130800.0,126700.0,0.0,no_vwap_reclaim_signal,D:\Users\PC2310\Desktop\multi AI agent\programs\kr_daypilot\data\historical_intraday\minute_bars\20251224\042660.csv,20251224,20251223,9999,3.235990528808208,False,False,False,False
2025-12-23,2025-12-24,2,022100,포스코DX,KOSPI,73.81,11.42,-0.6,11.23,76.5,12.26,10.59,-9.3,0.0,skipped_existing,381,20251224,,,0.0,0.0,0.0,,0.0,no_signal,0.0,0.0,30600.0,29400.0,0.0,opening_range_too_wide,D:\Users\PC2310\Desktop\multi AI agent\programs\kr_daypilot\data\historical_intraday\minute_bars\20251224\022100.csv,20251224,20251223,9999,4.081632653061229,False,False,False,False
2025-12-24,2025-12-26,1,489790,한화비전,KOSPI,73.08,10.27,-0.07,5.11,71.4,8.75,8.61,-25.13,-1.379,skipped_existing,381,20251226,093700,093800,43200.0,43977.6,42811.2,094000,42811.2,stop_loss,-0.9,-1.5,42900.0,41900.0,42324.4,,D:\Users\PC2310\Desktop\multi AI agent\programs\kr_daypilot\data\historical_intraday\minute_bars\20251226\489790.csv,20251226,20251224,937,2.3866348448687402,True,False,True,False
2025-12-24,2025-12-26,2,419080,엔젯,KOSDAQ,67.2,12.55,-0.24,7.63,63.8,20.0,13.33,-8.31,0.0,skipped_existing,14,20251226,,,0.0,0.0,0.0,,0.0,no_signal,0.0,0.0,8160.0,8160.0,0.0,opening_range_too_narrow,D:\Users\PC2310\Desktop\multi AI agent\programs\kr_daypilot\data\historical_intraday\minute_bars\20251226\419080.csv,20251226,20251224,9999,0.0,False,False,False,False
2025-12-26,2025-12-29,1,240810,원익IPS,KOSDAQ,71.22,7.61,-0.25,3.24,81.4,9.16,6.76,-8.98,0.0,skipped_existing,381,20251229,,,0.0,0.0,0.0,,0.0,no_signal,0.0,0.0,69400.0,66200.0,0.0,opening_range_too_wide,D:\Users\PC2310\Desktop\multi AI agent\programs\kr_daypilot\data\historical_intraday\minute_bars\20251229\240810.csv,20251229,20251226,9999,4.8338368580060465,False,False,False,False
2025-12-26,2025-12-29,2,042700,한미반도체,KOSPI,70.44,6.42,-0.69,4.25,72.1,6.0,5.32,-16.71,0.0,skipped_existing,381,20251229,,,0.0,0.0,0.0,,0.0,no_signal,0.0,0.0,136200.0,131100.0,0.0,opening_range_too_wide,D:\Users\PC2310\Desktop\multi AI agent\programs\kr_daypilot\data\historical_intraday\minute_bars\20251229\042700.csv,20251229,20251226,9999,3.89016018306636,False,False,False,False
2025-12-29,2025-12-30,1,403870,HPSP,KOSDAQ,90.38,7.27,0.0,4.27,96.8,10.12,6.07,-13.43,-2.108,skipped_existing,381,20251230,,,0.0,0.0,0.0,,0.0,no_signal,0.0,0.0,33400.0,32300.0,0.0,no_vwap_reclaim_signal,D:\Users\PC2310\Desktop\multi AI agent\programs\kr_daypilot\data\historical_intraday\minute_bars\20251230\403870.csv,20251230,20251229,9999,3.4055727554179516,False,False,False,False
2025-12-29,2025-12-30,2,103140,풍산,KOSPI,81.72,5.67,-0.54,4.64,87.9,5.47,5.17,-17.19,-2.683,skipped_existing,381,20251230,,,0.0,0.0,0.0,,0.0,no_signal,0.0,0.0,108800.0,103400.0,0.0,opening_range_too_wide,D:\Users\PC2310\Desktop\multi AI agent\programs\kr_daypilot\data\historical_intraday\minute_bars\20251230\103140.csv,20251230,20251229,9999,5.222437137330749,False,False,False,False
2025-12-30,2026-01-02,1,122870,와이지엔터테인먼트,KOSDAQ,82.2,7.26,-0.22,3.73,90.2,7.1,6.93,-34.47,0.0,skipped_existing,321,20260102,,,0.0,0.0,0.0,,0.0,no_signal,0.0,0.0,0.0,0.0,0.0,missing_opening_range,D:\Users\PC2310\Desktop\multi AI agent\programs\kr_daypilot\data\historical_intraday\minute_bars\20260102\122870.csv,20260102,20251230,9999,0.0,False,False,False,False
2025-12-30,2026-01-02,2,006280,녹십자,KOSPI,64.7,6.5,-0.26,1.77,93.8,8.16,6.28,-7.23,0.126,skipped_existing,319,20260102,,,0.0,0.0,0.0,,0.0,no_signal,0.0,0.0,0.0,0.0,0.0,missing_opening_range,D:\Users\PC2310\Desktop\multi AI agent\programs\kr_daypilot\data\historical_intraday\minute_bars\20260102\006280.csv,20260102,20251230,9999,0.0,False,False,False,False
2026-01-02,2026-01-05,1,035900,JYP Ent.,KOSDAQ,95.27,6.75,0.8,5.19,100.0,4.73,3.06,-12.43,0.0,skipped_existing,381,20260105,,,0.0,0.0,0.0,,0.0,no_signal,0.0,0.0,79800.0,75100.0,0.0,opening_range_too_wide,D:\Users\PC2310\Desktop\multi AI agent\programs\kr_daypilot\data\historical_intraday\minute_bars\20260105\035900.csv,20260105,20260102,9999,6.2583222370173,False,False,False,False
2026-01-02,2026-01-05,2,089030,테크윙,KOSDAQ,84.62,11.14,0.8,3.3,92.7,11.14,10.17,-26.29,0.0,skipped_existing,381,20260105,,,0.0,0.0,0.0,,0.0,no_signal,0.0,0.0,54500.0,53100.0,0.0,no_vwap_reclaim_signal,D:\Users\PC2310\Desktop\multi AI agent\programs\kr_daypilot\data\historical_intraday\minute_bars\20260105\089030.csv,20260105,20260102,9999,2.6365348399246757,False,False,False,False
2026-01-05,2026-01-06,1,034020,두산에너빌리티,KOSPI,91.52,10.64,0.0,4.05,98.5,8.76,8.62,-14.58,0.0,skipped_existing,381,20260106,,,0.0,0.0,0.0,,0.0,no_signal,0.0,0.0,86100.0,82300.0,0.0,opening_range_too_wide,D:\Users\PC2310\Desktop\multi AI agent\programs\kr_daypilot\data\historical_intraday\minute_bars\20260106\034020.csv,20260106,20260105,9999,4.617253948967193,False,False,False,False
2026-01-05,2026-01-06,2,094170,동운아나텍,KOSDAQ,81.83,13.99,0.0,3.04,98.4,10.14,9.76,-1.51,0.92,skipped_existing,381,20260106,,,0.0,0.0,0.0,,0.0,no_signal,0.0,0.0,33650.0,32550.0,0.0,no_vwap_reclaim_signal,D:\Users\PC2310\Desktop\multi AI agent\programs\kr_daypilot\data\historical_intraday\minute_bars\20260106\094170.csv,20260106,20260105,9999,3.3794162826420893,False,False,False,False
2026-01-06,2026-01-07,1,103140,풍산,KOSPI,92.05,8.62,-0.09,4.85,100.0,7.43,5.33,-12.22,0.0,skipped_existing,381,20260107,,,0.0,0.0,0.0,,0.0,no_signal,0.0,0.0,118500.0,116100.0,0.0,no_vwap_reclaim_signal,D:\Users\PC2310\Desktop\multi AI agent\programs\kr_daypilot\data\historical_intraday\minute_bars\20260107\103140.csv,20260107,20260106,9999,2.067183462532296,False,False,False,False
2026-01-06,2026-01-07,2,034730,SK,KOSPI,80.59,6.48,-0.09,3.29,93.5,8.08,7.68,0.88,-0.87,skipped_existing,381,20260107,,,0.0,0.0,0.0,,0.0,no_signal,0.0,0.0,289000.0,284500.0,0.0,no_vwap_reclaim_signal,D:\Users\PC2310\Desktop\multi AI agent\programs\kr_daypilot\data\historical_intraday\minute_bars\20260107\034730.csv,20260107,20260106,9999,1.5817223198594021,False,False,False,False
2026-01-07,2026-01-08,1,000270,기아,KOSPI,77.11,5.55,-0.97,3.82,87.0,6.6,6.51,1.61,0.0,skipped_existing,381,20260108,,,0.0,0.0,0.0,,0.0,no_signal,0.0,0.0,131100.0,127300.0,0.0,no_vwap_reclaim_signal,D:\Users\PC2310\Desktop\multi AI agent\programs\kr_daypilot\data\historical_intraday\minute_bars\20260108\000270.csv,20260108,20260107,9999,2.9850746268656803,False,False,False,False
2026-01-07,2026-01-08,2,005385,현대차우,KOSPI,74.69,7.73,-0.97,5.02,80.6,6.73,6.24,3.14,0.0,skipped_existing,381,20260108,,,0.0,0.0,0.0,,0.0,no_signal,0.0,0.0,233000.0,224000.0,0.0,opening_range_too_wide,D:\Users\PC2310\Desktop\multi AI agent\programs\kr_daypilot\data\historical_intraday\minute_bars\20260108\005385.csv,20260108,20260107,9999,4.01785714285714,False,False,False,False
2026-01-08,2026-01-09,1,122870,와이지엔터테인먼트,KOSDAQ,56.11,6.07,-1.28,1.72,89.3,7.91,5.74,-35.6,-1.173,skipped_existing,381,20260109,,,0.0,0.0,0.0,,0.0,no_signal,0.0,0.0,68200.0,66800.0,0.0,no_vwap_reclaim_signal,D:\Users\PC2310\Desktop\multi AI agent\programs\kr_daypilot\data\historical_intraday\minute_bars\20260109\122870.csv,20260109,20260108,9999,2.095808383233533,False,False,False,False
2026-01-08,2026-01-09,2,376900,로킷헬스케어,KOSDAQ,48.41,12.91,-1.28,2.45,66.7,7.82,6.07,-17.59,-2.929,skipped_existing,380,20260109,,,0.0,0.0,0.0,,0.0,no_signal,0.0,0.0,69800.0,68000.0,0.0,no_vwap_reclaim_signal,D:\Users\PC2310\Desktop\multi AI agent\programs\kr_daypilot\data\historical_intraday\minute_bars\20260109\376900.csv,20260109,20260108,9999,2.6470588235294024,False,False,False,False
2026-01-09,2026-01-12,1,010140,삼성중공업,KOSPI,93.85,8.73,0.27,4.48,100.0,8.73,7.3,-11.85,-0.524,skipped_existing,381,20260112,,,0.0,0.0,0.0,,0.0,no_signal,0.0,0.0,28500.0,27800.0,0.0,no_vwap_reclaim_signal,D:\Users\PC2310\Desktop\multi AI agent\programs\kr_daypilot\data\historical_intraday\minute_bars\20260112\010140.csv,20260112,20260109,9999,2.517985611510798,False,False,False,False
2026-01-09,2026-01-12,2,009540,HD한국조선해양,KOSPI,78.83,5.3,0.27,2.5,100.0,5.8,4.81,-9.61,-0.447,skipped_existing,381,20260112,093600,093700,445000.0,453010.0,440995.0,112000,451500.0,time_exit,1.461,0.861,445000.0,433000.0,440125.25,,D:\Users\PC2310\Desktop\multi AI agent\programs\kr_daypilot\data\historical_intraday\minute_bars\20260112\009540.csv,20260112,20260109,936,2.771362586605086,True,False,False,True
2026-01-12,2026-01-13,1,241560,두산밥캣,KOSPI,79.04,10.93,0.25,3.88,79.7,8.08,8.08,-4.98,0.159,skipped_existing,381,20260113,,,0.0,0.0,0.0,,0.0,no_signal,0.0,0.0,63000.0,61000.0,0.0,no_vwap_reclaim_signal,D:\Users\PC2310\Desktop\multi AI agent\programs\kr_daypilot\data\historical_intraday\minute_bars\20260113\241560.csv,20260113,20260112,9999,3.2786885245901676,False,False,False,False
2026-01-12,2026-01-13,2,267250,HD현대,KOSPI,70.89,11.22,0.25,2.96,81.4,11.76,8.57,-3.8,-0.439,skipped_existing,381,20260113,,,0.0,0.0,0.0,,0.0,no_signal,0.0,0.0,227000.0,221000.0,0.0,no_vwap_reclaim_signal,D:\Users\PC2310\Desktop\multi AI agent\programs\kr_daypilot\data\historical_intraday\minute_bars\20260113\267250.csv,20260113,20260112,9999,2.714932126696823,False,False,False,False
2026-01-13,2026-01-14,1,005490,POSCO홀딩스,KOSPI,90.12,13.89,0.0,8.11,96.4,12.98,12.44,6.33,0.0,skipped_existing,381,20260114,,,0.0,0.0,0.0,,0.0,no_signal,0.0,0.0,352500.0,343500.0,0.0,no_vwap_reclaim_signal,D:\Users\PC2310\Desktop\multi AI agent\programs\kr_daypilot\data\historical_intraday\minute_bars\20260114\005490.csv,20260114,20260113,9999,2.6200873362445476,False,False,False,False
2026-01-13,2026-01-14,2,047050,포스코인터내셔널,KOSPI,84.76,7.71,0.0,3.56,94.9,7.49,6.96,-14.47,-1.115,skipped_existing,381,20260114,,,0.0,0.0,0.0,,0.0,no_signal,0.0,0.0,53400.0,52400.0,0.0,no_vwap_reclaim_signal,D:\Users\PC2310\Desktop\multi AI agent\programs\kr_daypilot\data\historical_intraday\minute_bars\20260114\047050.csv,20260114,20260113,9999,1.9083969465648831,False,False,False,False
2026-01-14,2026-01-15,1,052690,한전기술,KOSPI,76.88,9.26,0.33,9.12,74.1,11.77,11.24,-0.93,-1.884,skipped_existing,381,20260115,,,0.0,0.0,0.0,,0.0,no_signal,0.0,0.0,115400.0,113100.0,0.0,no_vwap_reclaim_signal,D:\Users\PC2310\Desktop\multi AI agent\programs\kr_daypilot\data\historical_intraday\minute_bars\20260115\052690.csv,20260115,20260114,9999,2.0335985853227267,False,False,False,False
2026-01-14,2026-01-15,2,010120,LS ELECTRIC,KOSPI,76.45,8.56,0.33,4.25,73.5,8.34,7.37,0.0,-0.557,skipped_existing,381,20260115,,,0.0,0.0,0.0,,0.0,no_signal,0.0,0.0,110200.0,105800.0,0.0,opening_range_too_wide,D:\Users\PC2310\Desktop\multi AI agent\programs\kr_daypilot\data\historical_intraday\minute_bars\20260115\010120.csv,20260115,20260114,9999,4.15879017013232,False,False,False,False
2026-01-15,2026-01-16,1,064400,LG씨엔에스,KOSPI,87.42,10.19,0.11,4.86,91.5,10.55,10.02,-3.68,0.0,skipped_existing,381,20260116,,,0.0,0.0,0.0,,0.0,no_signal,0.0,0.0,76200.0,71500.0,0.0,opening_range_too_wide,D:\Users\PC2310\Desktop\multi AI agent\programs\kr_daypilot\data\historical_intraday\minute_bars\20260116\064400.csv,20260116,20260115,9999,6.573426573426566,False,False,False,False
2026-01-15,2026-01-16,2,277810,레인보우로보틱스,KOSDAQ,85.39,13.07,0.0,4.9,89.3,14.82,14.44,-2.26,-1.349,skipped_existing,381,20260116,,,0.0,0.0,0.0,,0.0,no_signal,0.0,0.0,514000.0,506000.0,0.0,no_vwap_reclaim_signal,D:\Users\PC2310\Desktop\multi AI agent\programs\kr_daypilot\data\historical_intraday\minute_bars\20260116\277810.csv,20260116,20260115,9999,1.5810276679841806,False,False,False,False
2026-01-16,2026-01-19,1,196170,알테오젠,KOSDAQ,81.12,10.1,-0.52,5.07,86.8,16.27,14.35,-8.96,-1.931,skipped_existing,381,20260119,,,0.0,0.0,0.0,,0.0,no_signal,0.0,0.0,508000.0,496000.0,0.0,no_vwap_reclaim_signal,D:\Users\PC2310\Desktop\multi AI agent\programs\kr_daypilot\data\historical_intraday\minute_bars\20260119\196170.csv,20260119,20260116,9999,2.4193548387096753,False,False,False,False
2026-01-16,2026-01-19,2,009420,한올바이오파마,KOSPI,68.04,9.59,-0.18,3.89,66.3,12.8,11.23,-8.93,-2.692,skipped_existing,381,20260119,092600,092700,51400.0,52325.2,50937.4,092900,50937.4,stop_loss,-0.9,-1.5,51300.0,50000.0,50731.22,,D:\Users\PC2310\Desktop\multi AI agent\programs\kr_daypilot\data\historical_intraday\minute_bars\20260119\009420.csv,20260119,20260116,926,2.6000000000000023,True,False,True,False
2026-01-19,2026-01-20,1,066570,LG전자,KOSPI,88.11,8.64,-0.12,4.19,94.3,12.17,9.42,3.09,0.0,skipped_existing,381,20260120,,,0.0,0.0,0.0,,0.0,no_signal,0.0,0.0,109300.0,105600.0,0.0,opening_range_too_wide,D:\Users\PC2310\Desktop\multi AI agent\programs\kr_daypilot\data\historical_intraday\minute_bars\20260120\066570.csv,20260120,20260119,9999,3.5037878787878896,False,False,False,False
2026-01-19,2026-01-20,2,017670,SK텔레콤,KOSPI,86.23,7.05,-0.12,4.94,91.5,7.83,7.25,6.47,0.507,skipped_existing,381,20260120,,,0.0,0.0,0.0,,0.0,no_signal,0.0,0.0,60200.0,59300.0,0.0,no_vwap_reclaim_signal,D:\Users\PC2310\Desktop\multi AI agent\programs\kr_daypilot\data\historical_intraday\minute_bars\20260120\017670.csv,20260120,20260119,9999,1.5177065767284947,False,False,False,False
2026-01-20,2026-01-21,1,036460,한국가스공사,KOSPI,86.86,5.56,0.87,3.47,93.0,5.15,5.02,-5.77,0.0,skipped_existing,381,20260121,,,0.0,0.0,0.0,,0.0,no_signal,0.0,0.0,42250.0,40850.0,0.0,no_vwap_reclaim_signal,D:\Users\PC2310\Desktop\multi AI agent\programs\kr_daypilot\data\historical_intraday\minute_bars\20260121\036460.csv,20260121,20260120,9999,3.427172582619331,False,False,False,False
2026-01-20,2026-01-21,2,257720,실리콘투,KOSDAQ,85.55,9.39,0.71,3.8,87.2,9.39,8.57,-9.43,-0.572,skipped_existing,379,20260121,,,0.0,0.0,0.0,,0.0,no_signal,0.0,0.0,45750.0,43250.0,0.0,opening_range_too_wide,D:\Users\PC2310\Desktop\multi AI agent\programs\kr_daypilot\data\historical_intraday\minute_bars\20260121\257720.csv,20260121,20260120,9999,5.780346820809257,False,False,False,False
2026-01-21,2026-01-22,1,270660,에브리봇,KOSDAQ,64.12,9.75,-1.41,3.35,77.8,15.62,14.1,-5.3,0.0,skipped_existing,378,20260122,,,0.0,0.0,0.0,,0.0,no_signal,0.0,0.0,31400.0,29900.0,0.0,opening_range_too_wide,D:\Users\PC2310\Desktop\multi AI agent\programs\kr_daypilot\data\historical_intraday\minute_bars\20260122\270660.csv,20260122,20260121,9999,5.0167224080267525,False,False,False,False
2026-01-21,2026-01-22,2,140410,메지온,KOSDAQ,61.4,4.57,-1.41,1.78,97.3,11.89,7.13,-14.95,-2.085,skipped_existing,379,20260122,,,0.0,0.0,0.0,,0.0,no_signal,0.0,0.0,101900.0,98400.0,0.0,opening_range_too_wide,D:\Users\PC2310\Desktop\multi AI agent\programs\kr_daypilot\data\historical_intraday\minute_bars\20260122\140410.csv,20260122,20260121,9999,3.556910569105698,False,False,False,False
2026-01-22,2026-01-23,1,247540,에코프로비엠,KOSDAQ,85.42,7.68,0.21,4.11,87.8,6.68,5.77,-8.78,0.0,skipped_existing,381,20260123,,,0.0,0.0,0.0,,0.0,no_signal,0.0,0.0,177000.0,170400.0,0.0,opening_range_too_wide,D:\Users\PC2310\Desktop\multi AI agent\programs\kr_daypilot\data\historical_intraday\minute_bars\20260123\247540.csv,20260123,20260122,9999,3.8732394366197243,False,False,False,False
2026-01-22,2026-01-23,2,090430,아모레퍼시픽,KOSPI,82.44,6.38,0.34,4.41,82.4,7.1,6.56,-8.12,-0.158,skipped_existing,381,20260123,,,0.0,0.0,0.0,,0.0,no_signal,0.0,0.0,130300.0,125500.0,0.0,opening_range_too_wide,D:\Users\PC2310\Desktop\multi AI agent\programs\kr_daypilot\data\historical_intraday\minute_bars\20260123\090430.csv,20260123,20260122,9999,3.8247011952191157,False,False,False,False
2026-01-23,2026-01-26,1,090430,아모레퍼시픽,KOSPI,88.31,5.21,0.84,3.32,97.5,6.22,5.38,-3.34,-1.425,skipped_existing,381,20260126,,,0.0,0.0,0.0,,0.0,no_signal,0.0,0.0,133700.0,131400.0,0.0,no_vwap_reclaim_signal,D:\Users\PC2310\Desktop\multi AI agent\programs\kr_daypilot\data\historical_intraday\minute_bars\20260126\090430.csv,20260126,20260123,9999,1.7503805175038023,False,False,False,False
2026-01-23,2026-01-26,2,035420,NAVER,KOSPI,86.22,8.35,0.84,3.96,84.8,7.91,7.26,-7.48,0.0,skipped_existing,381,20260126,,,0.0,0.0,0.0,,0.0,no_signal,0.0,0.0,276500.0,269000.0,0.0,no_vwap_reclaim_signal,D:\Users\PC2310\Desktop\multi AI agent\programs\kr_daypilot\data\historical_intraday\minute_bars\20260126\035420.csv,20260126,20260123,9999,2.788104089219323,False,False,False,False
2026-01-26,2026-01-27,1,348370,엔켐,KOSDAQ,98.51,12.5,1.38,4.35,98.7,11.3,10.62,-24.46,-0.96,skipped_existing,381,20260127,,,0.0,0.0,0.0,,0.0,no_signal,0.0,0.0,76300.0,70800.0,0.0,opening_range_too_wide,D:\Users\PC2310\Desktop\multi AI agent\programs\kr_daypilot\data\historical_intraday\minute_bars\20260127\348370.csv,20260127,20260126,9999,7.768361581920913,False,False,False,False
2026-01-26,2026-01-27,2,290650,엘앤씨바이오,KOSDAQ,92.95,13.86,1.38,3.35,100.0,12.09,10.94,-18.87,-2.465,skipped_existing,381,20260127,,,0.0,0.0,0.0,,0.0,no_signal,0.0,0.0,66800.0,63000.0,0.0,opening_range_too_wide,D:\Users\PC2310\Desktop\multi AI agent\programs\kr_daypilot\data\historical_intraday\minute_bars\20260127\290650.csv,20260127,20260126,9999,6.0317460317460325,False,False,False,False
2026-01-27,2026-01-28,1,084370,유진테크,KOSDAQ,72.11,9.81,0.06,1.93,100.0,11.95,9.94,-15.78,0.0,skipped_existing,381,20260128,,,0.0,0.0,0.0,,0.0,no_signal,0.0,0.0,96100.0,92700.0,0.0,opening_range_too_wide,D:\Users\PC2310\Desktop\multi AI agent\programs\kr_daypilot\data\historical_intraday\minute_bars\20260128\084370.csv,20260128,20260127,9999,3.6677454153182243,False,False,False,False
2026-01-27,2026-01-28,2,388210,씨엠티엑스,KOSDAQ,71.25,10.82,0.06,1.89,99.3,12.64,11.92,-19.55,0.0,skipped_existing,381,20260128,,,0.0,0.0,0.0,,0.0,no_signal,0.0,0.0,130700.0,126100.0,0.0,opening_range_too_wide,D:\Users\PC2310\Desktop\multi AI agent\programs\kr_daypilot\data\historical_intraday\minute_bars\20260128\388210.csv,20260128,20260127,9999,3.6478984932593272,False,False,False,False
2026-01-28,2026-01-29,1,222800,심텍,KOSDAQ,90.58,13.71,0.12,4.49,96.2,9.34,8.55,-11.03,0.0,skipped_existing,380,20260129,,,0.0,0.0,0.0,,0.0,no_signal,0.0,0.0,62100.0,58900.0,0.0,opening_range_too_wide,D:\Users\PC2310\Desktop\multi AI agent\programs\kr_daypilot\data\historical_intraday\minute_bars\20260129\222800.csv,20260129,20260128,9999,5.432937181663844,False,False,False,False
2026-01-28,2026-01-29,2,290650,엘앤씨바이오,KOSDAQ,83.4,9.68,0.12,3.9,86.9,10.81,10.49,-6.5,-1.203,skipped_existing,381,20260129,,,0.0,0.0,0.0,,0.0,no_signal,0.0,0.0,77000.0,73700.0,0.0,opening_range_too_wide,D:\Users\PC2310\Desktop\multi AI agent\programs\kr_daypilot\data\historical_intraday\minute_bars\20260129\290650.csv,20260129,20260128,9999,4.477611940298498,False,False,False,False
2026-01-29,2026-01-30,1,494120,큐리오시스,KOSDAQ,76.82,12.1,0.24,2.68,94.4,13.93,12.28,-27.9,-3.741,skipped_existing,379,20260130,,,0.0,0.0,0.0,,0.0,no_signal,0.0,0.0,67300.0,64200.0,0.0,opening_range_too_wide,D:\Users\PC2310\Desktop\multi AI agent\programs\kr_daypilot\data\historical_intraday\minute_bars\20260130\494120.csv,20260130,20260129,9999,4.828660436137078,False,False,False,False
2026-01-29,2026-01-30,2,006220,제주은행,KOSPI,75.54,2.17,0.41,2.1,100.0,6.98,3.92,-7.78,-1.51,skipped_existing,380,20260130,,,0.0,0.0,0.0,,0.0,no_signal,0.0,0.0,14410.0,14250.0,0.0,no_vwap_reclaim_signal,D:\Users\PC2310\Desktop\multi AI agent\programs\kr_daypilot\data\historical_intraday\minute_bars\20260130\006220.csv,20260130,20260129,9999,1.1228070175438587,False,False,False,False
2026-01-30,2026-02-02,1,033780,KT&G,KOSPI,80.62,5.7,-0.63,3.13,100.0,6.06,6.06,2.26,0.0,skipped_existing,381,20260202,091500,091600,155900.0,158706.2,154496.9,112000,155600.0,time_exit,-0.192,-0.792,155500.0,151200.0,153752.92,,D:\Users\PC2310\Desktop\multi AI agent\programs\kr_daypilot\data\historical_intraday\minute_bars\20260202\033780.csv,20260202,20260130,915,2.8439153439153486,True,False,False,True
2026-01-30,2026-02-02,2,012510,더존비즈온,KOSPI,68.5,7.98,-0.63,3.35,78.4,7.62,6.92,-4.13,-2.977,skipped_existing,381,20260202,,,0.0,0.0,0.0,,0.0,no_signal,0.0,0.0,95300.0,93300.0,0.0,no_vwap_reclaim_signal,D:\Users\PC2310\Desktop\multi AI agent\programs\kr_daypilot\data\historical_intraday\minute_bars\20260202\012510.csv,20260202,20260130,9999,2.143622722400851,False,False,False,False
2026-02-03,2026-02-04,1,241560,두산밥캣,KOSPI,85.98,12.48,2.25,2.7,98.5,11.13,10.37,1.25,-1.695,skipped_existing,381,20260204,,,0.0,0.0,0.0,,0.0,no_signal,0.0,0.0,65400.0,63500.0,0.0,no_vwap_reclaim_signal,D:\Users\PC2310\Desktop\multi AI agent\programs\kr_daypilot\data\historical_intraday\minute_bars\20260204\241560.csv,20260204,20260203,9999,2.9921259842519587,False,False,False,False
2026-02-03,2026-02-04,2,033100,제룡전기,KOSDAQ,75.03,9.16,1.94,1.5,100.0,7.32,5.07,-6.57,-0.105,skipped_existing,378,20260204,,,0.0,0.0,0.0,,0.0,no_signal,0.0,0.0,48500.0,46750.0,0.0,opening_range_too_wide,D:\Users\PC2310\Desktop\multi AI agent\programs\kr_daypilot\data\historical_intraday\minute_bars\20260204\033100.csv,20260204,20260203,9999,3.743315508021383,False,False,False,False
2026-02-04,2026-02-05,1,119850,지엔씨에너지,KOSDAQ,79.72,9.78,0.39,3.42,86.7,10.85,9.78,-6.24,-1.38,skipped_existing,381,20260205,,,0.0,0.0,0.0,,0.0,no_signal,0.0,0.0,39550.0,38825.0,0.0,no_vwap_reclaim_signal,D:\Users\PC2310\Desktop\multi AI agent\programs\kr_daypilot\data\historical_intraday\minute_bars\20260205\119850.csv,20260205,20260204,9999,1.8673535093367777,False,False,False,False
2026-02-04,2026-02-05,2,062040,산일전기,KOSPI,79.21,5.94,1.48,2.44,92.3,7.39,7.31,1.75,-1.465,skipped_existing,381,20260205,,,0.0,0.0,0.0,,0.0,no_signal,0.0,0.0,156000.0,152000.0,0.0,no_vwap_reclaim_signal,D:\Users\PC2310\Desktop\multi AI agent\programs\kr_daypilot\data\historical_intraday\minute_bars\20260205\062040.csv,20260205,20260204,9999,2.6315789473684292,False,False,False,False
2026-02-05,2026-02-06,1,464490,쿼드메디슨,KOSDAQ,56.02,8.05,-1.4,5.36,55.8,13.68,7.98,-31.75,-3.562,skipped_existing,381,20260206,,,0.0,0.0,0.0,,0.0,no_signal,0.0,0.0,18100.0,17260.0,0.0,opening_range_too_wide,D:\Users\PC2310\Desktop\multi AI agent\programs\kr_daypilot\data\historical_intraday\minute_bars\20260206\464490.csv,20260206,20260205,9999,4.866743916570093,False,False,False,False
2026-02-05,2026-02-06,2,003620,KG모빌리티,KOSPI,53.55,4.67,-0.51,2.68,65.2,6.09,5.66,-16.06,-0.383,skipped_existing,381,20260206,091000,091100,4065.0,4138.17,4028.41,091200,4028.41,stop_loss,-0.9,-1.5,3930.0,3825.0,3913.29,,D:\Users\PC2310\Desktop\multi AI agent\programs\kr_daypilot\data\historical_intraday\minute_bars\20260206\003620.csv,20260206,20260205,910,2.7450980392156765,True,False,True,False
2026-02-06,2026-02-09,1,417010,나노팀,KOSDAQ,61.79,12.58,-1.27,3.36,73.0,28.91,16.48,-5.4,0.965,skipped_existing,378,20260209,,,0.0,0.0,0.0,,0.0,no_signal,0.0,0.0,12840.0,12300.0,0.0,opening_range_too_wide,D:\Users\PC2310\Desktop\multi AI agent\programs\kr_daypilot\data\historical_intraday\minute_bars\20260209\417010.csv,20260209,20260206,9999,4.390243902439028,False,False,False,False
2026-02-06,2026-02-09,2,214430,아이쓰리시스템,KOSDAQ,59.44,-1.97,-1.27,2.06,97.3,11.03,0.73,-20.45,0.0,skipped_existing,381,20260209,,,0.0,0.0,0.0,,0.0,no_signal,0.0,0.0,115000.0,111200.0,0.0,no_vwap_reclaim_signal,D:\Users\PC2310\Desktop\multi AI agent\programs\kr_daypilot\data\historical_intraday\minute_bars\20260209\214430.csv,20260209,20260206,9999,3.4172661870503607,False,False,False,False
2026-02-09,2026-02-10,1,005690,파미셀,KOSPI,70.54,9.86,1.39,2.11,85.0,6.13,6.13,-29.28,0.0,skipped_existing,381,20260210,,,0.0,0.0,0.0,,0.0,no_signal,0.0,0.0,15120.0,14590.0,0.0,opening_range_too_wide,D:\Users\PC2310\Desktop\multi AI agent\programs\kr_daypilot\data\historical_intraday\minute_bars\20260210\005690.csv,20260210,20260209,9999,3.632625085675123,False,False,False,False
2026-02-09,2026-02-10,2,178320,서진시스템,KOSDAQ,69.4,5.63,1.67,1.84,87.0,5.94,3.33,-16.71,0.0,skipped_existing,381,20260210,,,0.0,0.0,0.0,,0.0,no_signal,0.0,0.0,36150.0,35300.0,0.0,no_vwap_reclaim_signal,D:\Users\PC2310\Desktop\multi AI agent\programs\kr_daypilot\data\historical_intraday\minute_bars\20260210\178320.csv,20260210,20260209,9999,2.4079320113314484,False,False,False,False
2026-02-10,2026-02-11,1,006360,GS건설,KOSPI,80.82,5.42,0.99,2.61,95.8,5.68,4.39,3.63,0.0,skipped_existing,381,20260211,,,0.0,0.0,0.0,,0.0,no_signal,0.0,0.0,22050.0,21350.0,0.0,no_vwap_reclaim_signal,D:\Users\PC2310\Desktop\multi AI agent\programs\kr_daypilot\data\historical_intraday\minute_bars\20260211\006360.csv,20260211,20260210,9999,3.2786885245901676,False,False,False,False
2026-02-10,2026-02-11,2,097950,CJ제일제당,KOSPI,74.52,4.34,0.99,2.69,87.0,4.58,4.1,-1.3,0.875,skipped_existing,381,20260211,,,0.0,0.0,0.0,,0.0,no_signal,0.0,0.0,232000.0,228500.0,0.0,no_vwap_reclaim_signal,D:\Users\PC2310\Desktop\multi AI agent\programs\kr_daypilot\data\historical_intraday\minute_bars\20260211\097950.csv,20260211,20260210,9999,1.5317286652078765,False,False,False,False
2026-02-11,2026-02-12,1,475150,SK이터닉스,KOSPI,70.92,3.46,0.3,6.39,65.4,7.66,5.52,1.27,-1.046,skipped_existing,381,20260212,,,0.0,0.0,0.0,,0.0,no_signal,0.0,0.0,23650.0,23100.0,0.0,no_vwap_reclaim_signal,D:\Users\PC2310\Desktop\multi AI agent\programs\kr_daypilot\data\historical_intraday\minute_bars\20260212\475150.csv,20260212,20260211,9999,2.3809523809523725,False,False,False,False
2026-02-11,2026-02-12,2,241560,두산밥캣,KOSPI,70.15,4.34,0.3,1.61,100.0,4.85,4.17,-0.76,-0.924,skipped_existing,381,20260212,091800,091900,64600.0,65762.8,64018.6,092700,65762.8,target_hit,1.8,1.2,64600.0,63700.0,64217.52,,D:\Users\PC2310\Desktop\multi AI agent\programs\kr_daypilot\data\historical_intraday\minute_bars\20260212\241560.csv,20260212,20260211,918,1.4128728414442682,True,True,False,False
2026-02-12,2026-02-13,1,450080,에코프로머티,KOSPI,65.89,9.91,0.7,2.61,75.6,9.73,8.54,-11.41,-3.147,skipped_existing,381,20260213,,,0.0,0.0,0.0,,0.0,no_signal,0.0,0.0,68900.0,67000.0,0.0,no_vwap_reclaim_signal,D:\Users\PC2310\Desktop\multi AI agent\programs\kr_daypilot\data\historical_intraday\minute_bars\20260213\450080.csv,20260213,20260212,9999,2.8358208955223896,False,False,False,False
2026-02-12,2026-02-13,2,336260,두산퓨얼셀,KOSPI,65.87,9.01,0.7,2.22,81.5,9.82,7.27,-7.63,-2.439,skipped_existing,381,20260213,,,0.0,0.0,0.0,,0.0,no_signal,0.0,0.0,36500.0,35600.0,0.0,no_vwap_reclaim_signal,D:\Users\PC2310\Desktop\multi AI agent\programs\kr_daypilot\data\historical_intraday\minute_bars\20260213\336260.csv,20260213,20260212,9999,2.528089887640439,False,False,False,False
2026-02-13,2026-02-19,1,180640,한진칼,KOSPI,58.0,5.91,-0.36,2.43,74.5,8.62,7.08,-2.79,-0.073,skipped_existing,381,20260219,,,0.0,0.0,0.0,,0.0,no_signal,0.0,0.0,139000.0,135300.0,0.0,no_vwap_reclaim_signal,D:\Users\PC2310\Desktop\multi AI agent\programs\kr_daypilot\data\historical_intraday\minute_bars\20260219\180640.csv,20260219,20260213,9999,2.734663710273466,False,False,False,False
2026-02-13,2026-02-19,2,084370,유진테크,KOSDAQ,55.37,10.67,-1.43,1.96,85.6,12.56,12.22,-7.05,0.0,skipped_existing,380,20260219,,,0.0,0.0,0.0,,0.0,no_signal,0.0,0.0,116400.0,111500.0,0.0,opening_range_too_wide,D:\Users\PC2310\Desktop\multi AI agent\programs\kr_daypilot\data\historical_intraday\minute_bars\20260219\084370.csv,20260219,20260213,9999,4.394618834080721,False,False,False,False
2026-02-19,2026-02-20,1,000810,삼성화재,KOSPI,71.35,1.97,1.1,1.68,100.0,4.2,3.26,-9.52,0.877,skipped_existing,379,20260220,,,0.0,0.0,0.0,,0.0,no_signal,0.0,0.0,596000.0,572000.0,0.0,opening_range_too_wide,D:\Users\PC2310\Desktop\multi AI agent\programs\kr_daypilot\data\historical_intraday\minute_bars\20260220\000810.csv,20260220,20260219,9999,4.195804195804187,False,False,False,False
2026-02-19,2026-02-20,2,041190,우리기술투자,KOSDAQ,69.75,5.32,0.8,1.7,95.0,4.79,3.35,-11.49,0.601,skipped_existing,381,20260220,093400,093500,8350.0,8500.3,8274.85,094200,8500.3,target_hit,1.8,1.2,8390.0,8130.0,8235.12,,D:\Users\PC2310\Desktop\multi AI agent\programs\kr_daypilot\data\historical_intraday\minute_bars\20260220\041190.csv,20260220,20260219,934,3.1980319803198043,True,True,False,False
2026-02-20,2026-02-23,1,036460,한국가스공사,KOSPI,78.54,6.42,0.35,2.7,95.9,5.43,4.95,4.71,-0.329,skipped_existing,381,20260223,,,0.0,0.0,0.0,,0.0,no_signal,0.0,0.0,45500.0,44500.0,0.0,no_vwap_reclaim_signal,D:\Users\PC2310\Desktop\multi AI agent\programs\kr_daypilot\data\historical_intraday\minute_bars\20260223\036460.csv,20260223,20260220,9999,2.2471910112359605,False,False,False,False
2026-02-20,2026-02-23,2,097230,HJ중공업,KOSPI,76.19,5.29,0.35,4.02,72.9,6.97,4.07,-7.89,0.931,skipped_existing,381,20260223,,,0.0,0.0,0.0,,0.0,no_signal,0.0,0.0,27450.0,26200.0,0.0,opening_range_too_wide,D:\Users\PC2310\Desktop\multi AI agent\programs\kr_daypilot\data\historical_intraday\minute_bars\20260223\097230.csv,20260223,20260220,9999,4.770992366412208,False,False,False,False
2026-02-23,2026-02-24,1,017960,한국카본,KOSPI,74.45,6.93,0.41,2.79,88.0,8.78,4.2,-0.12,-1.956,skipped_existing,381,20260224,,,0.0,0.0,0.0,,0.0,no_signal,0.0,0.0,41150.0,38900.0,0.0,opening_range_too_wide,D:\Users\PC2310\Desktop\multi AI agent\programs\kr_daypilot\data\historical_intraday\minute_bars\20260224\017960.csv,20260224,20260223,9999,5.784061696658105,False,False,False,False
2026-02-23,2026-02-24,2,034220,LG디스플레이,KOSPI,69.8,4.88,0.41,4.44,62.9,6.32,4.18,-1.62,0.0,skipped_existing,381,20260224,,,0.0,0.0,0.0,,0.0,no_signal,0.0,0.0,14110.0,13720.0,0.0,no_vwap_reclaim_signal,D:\Users\PC2310\Desktop\multi AI agent\programs\kr_daypilot\data\historical_intraday\minute_bars\20260224\034220.csv,20260224,20260223,9999,2.8425655976676456,False,False,False,False
2026-02-24,2026-02-25,1,003540,대신증권,KOSPI,66.29,0.54,0.0,1.72,94.9,8.57,3.88,-8.85,0.32,skipped_existing,381,20260225,,,0.0,0.0,0.0,,0.0,no_signal,0.0,0.0,47000.0,45300.0,0.0,opening_range_too_wide,D:\Users\PC2310\Desktop\multi AI agent\programs\kr_daypilot\data\historical_intraday\minute_bars\20260225\003540.csv,20260225,20260224,9999,3.7527593818984517,False,False,False,False
2026-02-24,2026-02-25,2,079550,LIG넥스원,KOSPI,65.4,6.44,0.0,1.94,90.2,7.64,5.25,-9.86,-0.768,skipped_existing,381,20260225,094300,094400,512000.0,521216.0,507392.0,100300,521216.0,target_hit,1.8,1.2,517000.0,503000.0,508056.47,,D:\Users\PC2310\Desktop\multi AI agent\programs\kr_daypilot\data\historical_intraday\minute_bars\20260225\079550.csv,20260225,20260224,943,2.783300198807148,True,True,False,False
2026-02-25,2026-02-26,1,454910,두산로보틱스,KOSPI,78.68,1.51,0.0,14.23,100.0,3.17,0.66,-17.84,0.0,skipped_existing,381,20260226,,,0.0,0.0,0.0,,0.0,no_signal,0.0,0.0,111600.0,107800.0,0.0,opening_range_too_wide,D:\Users\PC2310\Desktop\multi AI agent\programs\kr_daypilot\data\historical_intraday\minute_bars\20260226\454910.csv,20260226,20260225,9999,3.5250463821892453,False,False,False,False
2026-02-25,2026-02-26,2,011210,현대위아,KOSPI,66.55,6.84,0.0,3.21,73.0,6.22,6.1,-6.21,0.325,skipped_existing,380,20260226,,,0.0,0.0,0.0,,0.0,no_signal,0.0,0.0,92600.0,90000.0,0.0,no_vwap_reclaim_signal,D:\Users\PC2310\Desktop\multi AI agent\programs\kr_daypilot\data\historical_intraday\minute_bars\20260226\011210.csv,20260226,20260225,9999,2.8888888888888964,False,False,False,False
2026-02-26,2026-02-27,1,036810,에프에스티,KOSDAQ,62.72,5.31,-1.36,2.99,80.6,10.21,4.28,-16.37,0.0,skipped_existing,379,20260227,,,0.0,0.0,0.0,,0.0,no_signal,0.0,0.0,44950.0,43750.0,0.0,no_vwap_reclaim_signal,D:\Users\PC2310\Desktop\multi AI agent\programs\kr_daypilot\data\historical_intraday\minute_bars\20260227\036810.csv,20260227,20260226,9999,2.7428571428571358,False,False,False,False
2026-02-26,2026-02-27,2,161580,필옵틱스,KOSDAQ,55.56,9.2,-1.36,1.55,91.5,8.55,8.12,-9.45,-2.93,skipped_existing,381,20260227,,,0.0,0.0,0.0,,0.0,no_signal,0.0,0.0,54200.0,52600.0,0.0,no_vwap_reclaim_signal,D:\Users\PC2310\Desktop\multi AI agent\programs\kr_daypilot\data\historical_intraday\minute_bars\20260227\161580.csv,20260227,20260226,9999,3.041825095057038,False,False,False,False
2026-02-27,2026-03-03,1,011930,신성이엔지,KOSPI,67.89,14.75,-0.86,5.58,69.6,15.02,14.75,-6.84,-3.673,skipped_existing,381,20260303,,,0.0,0.0,0.0,,0.0,no_signal,0.0,0.0,2440.0,2280.0,0.0,opening_range_too_wide,D:\Users\PC2310\Desktop\multi AI agent\programs\kr_daypilot\data\historical_intraday\minute_bars\20260303\011930.csv,20260303,20260227,9999,7.017543859649122,False,False,False,False
2026-02-27,2026-03-03,2,389470,인벤티지랩,KOSDAQ,67.7,13.04,-0.99,4.85,70.2,15.41,13.04,-5.45,-2.244,skipped_existing,379,20260303,,,0.0,0.0,0.0,,0.0,no_signal,0.0,0.0,96700.0,89000.0,0.0,opening_range_too_wide,D:\Users\PC2310\Desktop\multi AI agent\programs\kr_daypilot\data\historical_intraday\minute_bars\20260303\389470.csv,20260303,20260227,9999,8.651685393258424,False,False,False,False
2026-03-05,2026-03-06,1,010950,S-Oil,KOSPI,93.86,6.48,6.21,4.4,90.8,17.13,7.25,-23.94,0.0,skipped_existing,380,20260306,,,0.0,0.0,0.0,,0.0,no_signal,0.0,0.0,142100.0,132000.0,0.0,opening_range_too_wide,D:\Users\PC2310\Desktop\multi AI agent\programs\kr_daypilot\data\historical_intraday\minute_bars\20260306\010950.csv,20260306,20260305,9999,7.6515151515151425,False,False,False,False
2026-03-05,2026-03-06,2,005880,대한해운,KOSPI,83.7,8.52,6.21,3.75,79.3,21.12,11.26,-25.19,0.0,skipped_existing,380,20260306,,,0.0,0.0,0.0,,0.0,no_signal,0.0,0.0,2490.0,2310.0,0.0,opening_range_too_wide,D:\Users\PC2310\Desktop\multi AI agent\programs\kr_daypilot\data\historical_intraday\minute_bars\20260306\005880.csv,20260306,20260305,9999,7.792207792207795,False,False,False,False
2026-03-06,2026-03-09,1,476830,알지노믹스,KOSDAQ,87.71,8.67,1.06,3.29,95.6,8.53,4.06,-17.69,-1.523,skipped_existing,381,20260309,,,0.0,0.0,0.0,,0.0,no_signal,0.0,0.0,171100.0,161500.0,0.0,opening_range_too_wide,D:\Users\PC2310\Desktop\multi AI agent\programs\kr_daypilot\data\historical_intraday\minute_bars\20260309\476830.csv,20260309,20260306,9999,5.944272445820431,False,False,False,False
2026-03-06,2026-03-09,2,222800,심텍,KOSDAQ,74.84,14.0,1.06,2.15,93.3,14.0,14.0,-13.24,0.0,skipped_existing,381,20260309,,,0.0,0.0,0.0,,0.0,no_signal,0.0,0.0,53800.0,52100.0,0.0,no_vwap_reclaim_signal,D:\Users\PC2310\Desktop\multi AI agent\programs\kr_daypilot\data\historical_intraday\minute_bars\20260309\222800.csv,20260309,20260306,9999,3.262955854126681,False,False,False,False
2026-03-10,2026-03-11,1,050890,쏠리드,KOSDAQ,72.99,13.91,2.4,2.7,79.0,9.61,8.55,-7.78,0.0,skipped_existing,379,20260311,,,0.0,0.0,0.0,,0.0,no_signal,0.0,0.0,10210.0,9260.0,0.0,opening_range_too_wide,D:\Users\PC2310\Desktop\multi AI agent\programs\kr_daypilot\data\historical_intraday\minute_bars\20260311\050890.csv,20260311,20260310,9999,10.259179265658759,False,False,False,False
2026-03-10,2026-03-11,2,376900,로킷헬스케어,KOSDAQ,71.85,13.01,2.4,2.69,77.5,16.59,5.6,-6.3,0.0,skipped_existing,379,20260311,,,0.0,0.0,0.0,,0.0,no_signal,0.0,0.0,88800.0,80900.0,0.0,opening_range_too_wide,D:\Users\PC2310\Desktop\multi AI agent\programs\kr_daypilot\data\historical_intraday\minute_bars\20260311\376900.csv,20260311,20260310,9999,9.765142150803463,False,False,False,False
2026-03-11,2026-03-12,1,003310,대주산업,KOSDAQ,72.23,14.97,0.83,4.71,63.4,14.97,12.5,-31.28,-0.956,skipped_existing,381,20260312,,,0.0,0.0,0.0,,0.0,no_signal,0.0,0.0,4185.0,4000.0,0.0,opening_range_too_wide,D:\Users\PC2310\Desktop\multi AI agent\programs\kr_daypilot\data\historical_intraday\minute_bars\20260312\003310.csv,20260312,20260311,9999,4.62499999999999,False,False,False,False
2026-03-11,2026-03-12,2,368770,파이버프로,KOSDAQ,69.61,9.39,0.83,3.36,69.0,11.22,8.31,-19.66,0.0,skipped_existing,379,20260312,,,0.0,0.0,0.0,,0.0,no_signal,0.0,0.0,16900.0,16200.0,0.0,opening_range_too_wide,D:\Users\PC2310\Desktop\multi AI agent\programs\kr_daypilot\data\historical_intraday\minute_bars\20260312\368770.csv,20260312,20260311,9999,4.320987654320985,False,False,False,False
2026-03-12,2026-03-13,1,368770,파이버프로,KOSDAQ,88.71,13.47,0.3,4.83,92.1,18.26,12.25,-8.83,-1.384,skipped_existing,381,20260313,,,0.0,0.0,0.0,,0.0,no_signal,0.0,0.0,18520.0,17530.0,0.0,opening_range_too_wide,D:\Users\PC2310\Desktop\multi AI agent\programs\kr_daypilot\data\historical_intraday\minute_bars\20260313\368770.csv,20260313,20260312,9999,5.647461494580708,False,False,False,False
2026-03-12,2026-03-13,2,010140,삼성중공업,KOSPI,84.88,7.12,0.37,3.35,95.6,7.49,6.75,-3.59,0.0,skipped_existing,381,20260313,,,0.0,0.0,0.0,,0.0,no_signal,0.0,0.0,31400.0,30250.0,0.0,opening_range_too_wide,D:\Users\PC2310\Desktop\multi AI agent\programs\kr_daypilot\data\historical_intraday\minute_bars\20260313\010140.csv,20260313,20260312,9999,3.8016528925619797,False,False,False,False
2026-03-13,2026-03-16,1,486990,노타,KOSDAQ,76.26,2.92,0.0,3.38,84.9,9.45,6.77,-23.62,0.0,skipped_existing,381,20260316,,,0.0,0.0,0.0,,0.0,no_signal,0.0,0.0,47750.0,45650.0,0.0,opening_range_too_wide,D:\Users\PC2310\Desktop\multi AI agent\programs\kr_daypilot\data\historical_intraday\minute_bars\20260316\486990.csv,20260316,20260313,9999,4.600219058050392,False,False,False,False
2026-03-13,2026-03-16,2,307750,국전약품,KOSDAQ,70.48,14.18,0.0,5.09,67.0,17.8,17.23,-8.35,0.0,skipped_existing,379,20260316,,,0.0,0.0,0.0,,0.0,no_signal,0.0,0.0,4965.0,4715.0,0.0,opening_range_too_wide,D:\Users\PC2310\Desktop\multi AI agent\programs\kr_daypilot\data\historical_intraday\minute_bars\20260316\307750.csv,20260316,20260313,9999,5.302226935312837,False,False,False,False
2026-03-16,2026-03-17,1,468530,프로티나,KOSDAQ,68.4,6.82,-0.76,2.81,90.8,8.22,2.37,-24.4,-1.211,skipped_existing,381,20260317,,,0.0,0.0,0.0,,0.0,no_signal,0.0,0.0,89800.0,87000.0,0.0,no_vwap_reclaim_signal,D:\Users\PC2310\Desktop\multi AI agent\programs\kr_daypilot\data\historical_intraday\minute_bars\20260317\468530.csv,20260317,20260316,9999,3.218390804597693,False,False,False,False
2026-03-16,2026-03-17,2,213420,덕산네오룩스,KOSDAQ,64.34,8.43,-0.76,2.39,87.7,8.06,6.13,-0.52,0.63,skipped_existing,381,20260317,,,0.0,0.0,0.0,,0.0,no_signal,0.0,0.0,48550.0,47300.0,0.0,no_vwap_reclaim_signal,D:\Users\PC2310\Desktop\multi AI agent\programs\kr_daypilot\data\historical_intraday\minute_bars\20260317\213420.csv,20260317,20260316,9999,2.6427061310782207,False,False,False,False
2026-03-17,2026-03-18,1,090710,휴림로봇,KOSDAQ,63.1,12.37,0.16,3.89,56.4,10.98,9.71,-49.47,0.0,skipped_existing,380,20260318,,,0.0,0.0,0.0,,0.0,no_signal,0.0,0.0,14670.0,13620.0,0.0,opening_range_too_wide,D:\Users\PC2310\Desktop\multi AI agent\programs\kr_daypilot\data\historical_intraday\minute_bars\20260318\090710.csv,20260318,20260317,9999,7.70925110132159,False,False,False,False
2026-03-17,2026-03-18,2,036170,에이치엠넥스,KOSDAQ,54.56,3.05,0.16,2.6,70.6,21.57,0.93,-24.02,0.0,skipped_existing,380,20260318,,,0.0,0.0,0.0,,0.0,no_signal,0.0,0.0,5690.0,5130.0,0.0,opening_range_too_wide,D:\Users\PC2310\Desktop\multi AI agent\programs\kr_daypilot\data\historical_intraday\minute_bars\20260318\036170.csv,20260318,20260317,9999,10.916179337231968,False,False,False,False
2026-03-18,2026-03-19,1,490470,세미파이브,KOSDAQ,84.11,14.76,0.25,4.71,85.5,13.87,11.05,-30.92,-3.774,skipped_existing,380,20260319,,,0.0,0.0,0.0,,0.0,no_signal,0.0,0.0,29850.0,27950.0,0.0,opening_range_too_wide,D:\Users\PC2310\Desktop\multi AI agent\programs\kr_daypilot\data\historical_intraday\minute_bars\20260319\490470.csv,20260319,20260318,9999,6.797853309481217,False,False,False,False
2026-03-18,2026-03-19,2,090710,휴림로봇,KOSDAQ,80.33,10.79,0.25,4.08,79.9,9.32,7.9,-44.02,-2.015,skipped_existing,381,20260319,,,0.0,0.0,0.0,,0.0,no_signal,0.0,0.0,15280.0,14170.0,0.0,opening_range_too_wide,D:\Users\PC2310\Desktop\multi AI agent\programs\kr_daypilot\data\historical_intraday\minute_bars\20260319\090710.csv,20260319,20260318,9999,7.833450952717014,False,False,False,False
2026-03-19,2026-03-20,1,490470,세미파이브,KOSDAQ,69.38,7.2,-1.29,6.92,75.0,11.81,11.41,-25.95,0.0,skipped_existing,381,20260320,,,0.0,0.0,0.0,,0.0,no_signal,0.0,0.0,31700.0,30050.0,0.0,opening_range_too_wide,D:\Users\PC2310\Desktop\multi AI agent\programs\kr_daypilot\data\historical_intraday\minute_bars\20260320\490470.csv,20260320,20260319,9999,5.490848585690511,False,False,False,False
2026-03-19,2026-03-20,2,069540,빛과전자,KOSDAQ,66.73,14.22,-1.29,6.03,71.0,19.65,14.22,-15.14,0.0,skipped_existing,379,20260320,,,0.0,0.0,0.0,,0.0,no_signal,0.0,0.0,1914.0,1751.0,0.0,opening_range_too_wide,D:\Users\PC2310\Desktop\multi AI agent\programs\kr_daypilot\data\historical_intraday\minute_bars\20260320\069540.csv,20260320,20260319,9999,9.30896630496858,False,False,False,False
2026-03-20,2026-03-23,1,051600,한전KPS,KOSPI,85.29,9.93,1.85,4.71,77.9,8.52,8.0,2.27,-0.741,skipped_existing,381,20260323,,,0.0,0.0,0.0,,0.0,no_signal,0.0,0.0,67100.0,63800.0,0.0,opening_range_too_wide,D:\Users\PC2310\Desktop\multi AI agent\programs\kr_daypilot\data\historical_intraday\minute_bars\20260323\051600.csv,20260323,20260320,9999,5.1724137931034475,False,False,False,False
2026-03-20,2026-03-23,2,161890,한국콜마,KOSPI,83.21,9.89,1.85,3.0,89.7,10.04,9.57,-1.54,-4.172,skipped_existing,381,20260323,,,0.0,0.0,0.0,,0.0,no_signal,0.0,0.0,78700.0,73500.0,0.0,opening_range_too_wide,D:\Users\PC2310\Desktop\multi AI agent\programs\kr_daypilot\data\historical_intraday\minute_bars\20260323\161890.csv,20260323,20260320,9999,7.0748299319727925,False,False,False,False
2026-03-24,2026-03-25,1,373220,LG에너지솔루션,KOSPI,73.92,10.25,1.1,1.59,100.0,6.66,5.65,-13.74,-0.127,skipped_existing,381,20260325,,,0.0,0.0,0.0,,0.0,no_signal,0.0,0.0,396000.0,390000.0,0.0,no_vwap_reclaim_signal,D:\Users\PC2310\Desktop\multi AI agent\programs\kr_daypilot\data\historical_intraday\minute_bars\20260325\373220.csv,20260325,20260324,9999,1.538461538461533,False,False,False,False
2026-03-24,2026-03-25,2,097950,CJ제일제당,KOSPI,71.07,5.07,1.1,1.85,100.0,4.07,2.59,-7.45,0.23,skipped_existing,377,20260325,,,0.0,0.0,0.0,,0.0,no_signal,0.0,0.0,223500.0,217500.0,0.0,no_vwap_reclaim_signal,D:\Users\PC2310\Desktop\multi AI agent\programs\kr_daypilot\data\historical_intraday\minute_bars\20260325\097950.csv,20260325,20260324,9999,2.758620689655178,False,False,False,False
2026-03-25,2026-03-26,1,478340,나라스페이스테크놀로지,KOSDAQ,84.08,11.81,1.47,3.14,89.2,14.57,10.42,-24.54,0.0,skipped_existing,381,20260326,,,0.0,0.0,0.0,,0.0,no_signal,0.0,0.0,49950.0,47450.0,0.0,opening_range_too_wide,D:\Users\PC2310\Desktop\multi AI agent\programs\kr_daypilot\data\historical_intraday\minute_bars\20260326\478340.csv,20260326,20260325,9999,5.268703898840887,False,False,False,False
2026-03-25,2026-03-26,2,073490,이노와이어리스,KOSDAQ,72.09,14.13,1.47,2.24,84.8,11.61,11.48,-6.45,-0.767,skipped_existing,379,20260326,,,0.0,0.0,0.0,,0.0,no_signal,0.0,0.0,45300.0,43150.0,0.0,opening_range_too_wide,D:\Users\PC2310\Desktop\multi AI agent\programs\kr_daypilot\data\historical_intraday\minute_bars\20260326\073490.csv,20260326,20260325,9999,4.9826187717265435,False,False,False,False
2026-03-26,2026-03-27,1,100090,SK오션플랜트,KOSPI,72.96,14.57,-1.1,8.06,78.9,18.6,13.21,-5.12,0.0,skipped_existing,14,20260327,,,0.0,0.0,0.0,,0.0,no_signal,0.0,0.0,27050.0,27050.0,0.0,opening_range_too_narrow,D:\Users\PC2310\Desktop\multi AI agent\programs\kr_daypilot\data\historical_intraday\minute_bars\20260327\100090.csv,20260327,20260326,9999,0.0,False,False,False,False
2026-03-26,2026-03-27,2,009420,한올바이오파마,KOSPI,70.14,11.23,-1.1,4.15,74.7,11.23,10.09,0.63,-1.087,skipped_existing,381,20260327,,,0.0,0.0,0.0,,0.0,no_signal,0.0,0.0,64300.0,62100.0,0.0,opening_range_too_wide,D:\Users\PC2310\Desktop\multi AI agent\programs\kr_daypilot\data\historical_intraday\minute_bars\20260327\009420.csv,20260327,20260326,9999,3.5426731078904927,False,False,False,False
2026-03-27,2026-03-30,1,000040,엔비알모션,KOSDAQ,70.33,-2.95,0.0,3.37,86.0,7.7,0.23,-21.32,0.0,skipped_existing,152,20260330,,,0.0,0.0,0.0,,0.0,no_signal,0.0,0.0,397.0,392.0,0.0,no_vwap_reclaim_signal,D:\Users\PC2310\Desktop\multi AI agent\programs\kr_daypilot\data\historical_intraday\minute_bars\20260330\000040.csv,20260330,20260327,9999,1.2755102040816313,False,False,False,False
2026-03-27,2026-03-30,2,011070,LG이노텍,KOSPI,65.57,5.78,0.0,1.82,92.3,8.09,7.55,-9.34,0.0,skipped_existing,381,20260330,,,0.0,0.0,0.0,,0.0,no_signal,0.0,0.0,314000.0,302500.0,0.0,opening_range_too_wide,D:\Users\PC2310\Desktop\multi AI agent\programs\kr_daypilot\data\historical_intraday\minute_bars\20260330\011070.csv,20260330,20260327,9999,3.8016528925619797,False,False,False,False
2026-04-01,2026-04-02,1,329180,HD현대중공업,KOSPI,72.35,-2.9,3.29,6.29,72.3,5.49,-1.1,-30.75,0.0,skipped_existing,381,20260402,,,0.0,0.0,0.0,,0.0,no_signal,0.0,0.0,467000.0,454000.0,0.0,no_vwap_reclaim_signal,D:\Users\PC2310\Desktop\multi AI agent\programs\kr_daypilot\data\historical_intraday\minute_bars\20260402\329180.csv,20260402,20260401,9999,2.8634361233480066,False,False,False,False
2026-04-01,2026-04-02,2,028050,삼성E&A,KOSPI,64.58,6.16,3.29,1.79,85.7,4.99,1.61,-6.88,0.0,skipped_existing,380,20260402,,,0.0,0.0,0.0,,0.0,no_signal,0.0,0.0,38800.0,36900.0,0.0,opening_range_too_wide,D:\Users\PC2310\Desktop\multi AI agent\programs\kr_daypilot\data\historical_intraday\minute_bars\20260402\028050.csv,20260402,20260401,9999,5.1490514905149,False,False,False,False
2026-04-03,2026-04-06,1,018000,유니슨,KOSDAQ,72.69,12.89,0.79,3.44,72.8,11.32,11.32,-6.24,0.0,skipped_existing,380,20260406,,,0.0,0.0,0.0,,0.0,no_signal,0.0,0.0,1730.0,1601.0,0.0,opening_range_too_wide,D:\Users\PC2310\Desktop\multi AI agent\programs\kr_daypilot\data\historical_intraday\minute_bars\20260406\018000.csv,20260406,20260403,9999,8.057464084946918,False,False,False,False
2026-04-03,2026-04-06,2,388050,지투파워,KOSDAQ,64.1,12.79,0.79,2.25,77.7,11.49,9.63,-10.19,0.479,skipped_existing,381,20260406,,,0.0,0.0,0.0,,0.0,no_signal,0.0,0.0,13350.0,12580.0,0.0,opening_range_too_wide,D:\Users\PC2310\Desktop\multi AI agent\programs\kr_daypilot\data\historical_intraday\minute_bars\20260406\388050.csv,20260406,20260403,9999,6.120826709061999,False,False,False,False
2026-04-06,2026-04-07,1,340440,세림B&G,KOSDAQ,63.91,13.15,-0.53,4.18,61.1,22.84,11.22,-18.72,-3.509,skipped_existing,379,20260407,,,0.0,0.0,0.0,,0.0,no_signal,0.0,0.0,2330.0,2135.0,0.0,opening_range_too_wide,D:\Users\PC2310\Desktop\multi AI agent\programs\kr_daypilot\data\historical_intraday\minute_bars\20260407\340440.csv,20260407,20260406,9999,9.133489461358323,False,False,False,False
2026-04-06,2026-04-07,2,388050,지투파워,KOSDAQ,61.78,5.59,-0.53,1.78,91.2,11.37,5.09,-5.16,0.0,skipped_existing,381,20260407,,,0.0,0.0,0.0,,0.0,no_signal,0.0,0.0,13790.0,12930.0,0.0,opening_range_too_wide,D:\Users\PC2310\Desktop\multi AI agent\programs\kr_daypilot\data\historical_intraday\minute_bars\20260407\388050.csv,20260407,20260406,9999,6.651198762567678,False,False,False,False
2026-04-07,2026-04-08,1,483650,달바글로벌,KOSPI,59.2,6.66,-0.45,3.77,56.9,5.68,5.61,-10.11,0.0,skipped_existing,381,20260408,,,0.0,0.0,0.0,,0.0,no_signal,0.0,0.0,168100.0,163700.0,0.0,no_vwap_reclaim_signal,D:\Users\PC2310\Desktop\multi AI agent\programs\kr_daypilot\data\historical_intraday\minute_bars\20260408\483650.csv,20260408,20260407,9999,2.6878436163714214,False,False,False,False
2026-04-07,2026-04-08,2,021240,코웨이,KOSPI,58.55,7.46,-0.45,2.67,72.5,6.87,6.87,-14.03,0.0,skipped_existing,381,20260408,,,0.0,0.0,0.0,,0.0,no_signal,0.0,0.0,80600.0,79100.0,0.0,no_vwap_reclaim_signal,D:\Users\PC2310\Desktop\multi AI agent\programs\kr_daypilot\data\historical_intraday\minute_bars\20260408\021240.csv,20260408,20260407,9999,1.896333754740831,False,False,False,False
2026-04-08,2026-04-09,1,017670,SK텔레콤,KOSPI,83.48,9.07,2.48,3.01,90.0,5.33,3.97,0.45,0.0,skipped_existing,381,20260409,,,0.0,0.0,0.0,,0.0,no_signal,0.0,0.0,93000.0,91300.0,0.0,no_vwap_reclaim_signal,D:\Users\PC2310\Desktop\multi AI agent\programs\kr_daypilot\data\historical_intraday\minute_bars\20260409\017670.csv,20260409,20260408,9999,1.8619934282584794,False,False,False,False
2026-04-08,2026-04-09,2,010130,고려아연,KOSPI,83.12,7.6,2.48,14.75,84.5,3.93,2.39,-27.56,0.252,skipped_existing,381,20260409,,,0.0,0.0,0.0,,0.0,no_signal,0.0,0.0,1595000.0,1570000.0,0.0,no_vwap_reclaim_signal,D:\Users\PC2310\Desktop\multi AI agent\programs\kr_daypilot\data\historical_intraday\minute_bars\20260409\010130.csv,20260409,20260408,9999,1.5923566878981,False,False,False,False
2026-04-09,2026-04-10,1,101490,에스앤에스텍,KOSDAQ,80.81,12.57,-0.66,5.42,87.4,14.85,13.95,-5.02,-0.979,skipped_existing,381,20260410,,,0.0,0.0,0.0,,0.0,no_signal,0.0,0.0,101300.0,98600.0,0.0,no_vwap_reclaim_signal,D:\Users\PC2310\Desktop\multi AI agent\programs\kr_daypilot\data\historical_intraday\minute_bars\20260410\101490.csv,20260410,20260409,9999,2.738336713995948,False,False,False,False
2026-04-09,2026-04-10,2,454910,두산로보틱스,KOSPI,78.06,3.16,-0.24,2.68,100.0,7.02,3.74,-29.94,-0.437,skipped_existing,381,20260410,,,0.0,0.0,0.0,,0.0,no_signal,0.0,0.0,91300.0,89600.0,0.0,no_vwap_reclaim_signal,D:\Users\PC2310\Desktop\multi AI agent\programs\kr_daypilot\data\historical_intraday\minute_bars\20260410\454910.csv,20260410,20260409,9999,1.897321428571419,False,False,False,False
2026-04-10,2026-04-13,1,005290,동진쎄미켐,KOSDAQ,79.8,9.88,1.51,9.07,69.7,7.49,6.57,-17.09,0.0,skipped_existing,381,20260413,,,0.0,0.0,0.0,,0.0,no_signal,0.0,0.0,50900.0,49800.0,0.0,no_vwap_reclaim_signal,D:\Users\PC2310\Desktop\multi AI agent\programs\kr_daypilot\data\historical_intraday\minute_bars\20260413\005290.csv,20260413,20260410,9999,2.208835341365467,False,False,False,False
2026-04-10,2026-04-13,2,139130,iM금융지주,KOSPI,79.36,6.98,1.25,5.86,70.9,5.85,5.85,-17.82,-0.442,skipped_existing,381,20260413,,,0.0,0.0,0.0,,0.0,no_signal,0.0,0.0,18220.0,17900.0,0.0,no_vwap_reclaim_signal,D:\Users\PC2310\Desktop\multi AI agent\programs\kr_daypilot\data\historical_intraday\minute_bars\20260413\139130.csv,20260413,20260410,9999,1.787709497206702,False,False,False,False
2026-04-13,2026-04-14,1,257720,실리콘투,KOSDAQ,86.94,9.96,0.0,4.22,91.7,11.8,11.67,-16.4,0.746,skipped_existing,381,20260414,,,0.0,0.0,0.0,,0.0,no_signal,0.0,0.0,47250.0,45500.0,0.0,opening_range_too_wide,D:\Users\PC2310\Desktop\multi AI agent\programs\kr_daypilot\data\historical_intraday\minute_bars\20260414\257720.csv,20260414,20260413,9999,3.8461538461538547,False,False,False,False
2026-04-13,2026-04-14,2,062040,산일전기,KOSPI,72.23,12.64,-0.29,2.5,94.2,15.19,14.73,-6.79,0.0,skipped_existing,381,20260414,,,0.0,0.0,0.0,,0.0,no_signal,0.0,0.0,184000.0,179100.0,0.0,no_vwap_reclaim_signal,D:\Users\PC2310\Desktop\multi AI agent\programs\kr_daypilot\data\historical_intraday\minute_bars\20260414\062040.csv,20260414,20260413,9999,2.735901730876611,False,False,False,False
2026-04-14,2026-04-15,1,006800,미래에셋증권,KOSPI,79.15,10.87,0.93,3.82,75.7,7.9,7.42,-6.34,0.0,skipped_existing,381,20260415,,,0.0,0.0,0.0,,0.0,no_signal,0.0,0.0,73500.0,71400.0,0.0,no_vwap_reclaim_signal,D:\Users\PC2310\Desktop\multi AI agent\programs\kr_daypilot\data\historical_intraday\minute_bars\20260415\006800.csv,20260415,20260414,9999,2.941176470588225,False,False,False,False
2026-04-14,2026-04-15,2,348340,뉴로메카,KOSDAQ,78.9,14.18,1.23,3.22,82.1,12.0,10.46,-53.67,0.0,skipped_existing,381,20260415,,,0.0,0.0,0.0,,0.0,no_signal,0.0,0.0,66400.0,63000.0,0.0,opening_range_too_wide,D:\Users\PC2310\Desktop\multi AI agent\programs\kr_daypilot\data\historical_intraday\minute_bars\20260415\348340.csv,20260415,20260414,9999,5.3968253968254,False,False,False,False
2026-04-15,2026-04-16,1,281740,레이크머티리얼즈,KOSDAQ,85.44,9.2,0.75,3.13,96.9,7.6,7.07,-23.52,0.911,skipped_existing,381,20260416,,,0.0,0.0,0.0,,0.0,no_signal,0.0,0.0,22200.0,21500.0,0.0,no_vwap_reclaim_signal,D:\Users\PC2310\Desktop\multi AI agent\programs\kr_daypilot\data\historical_intraday\minute_bars\20260416\281740.csv,20260416,20260415,9999,3.2558139534883734,False,False,False,False
2026-04-15,2026-04-16,2,189300,인텔리안테크,KOSDAQ,76.66,13.22,0.75,3.01,85.5,8.9,8.47,-8.3,-0.584,skipped_existing,381,20260416,,,0.0,0.0,0.0,,0.0,no_signal,0.0,0.0,136300.0,133100.0,0.0,no_vwap_reclaim_signal,D:\Users\PC2310\Desktop\multi AI agent\programs\kr_daypilot\data\historical_intraday\minute_bars\20260416\189300.csv,20260416,20260415,9999,2.404207362885047,False,False,False,False
2026-04-16,2026-04-17,1,023530,롯데쇼핑,KOSPI,86.49,13.31,0.8,3.14,97.8,12.58,11.96,1.42,-1.233,skipped_existing,381,20260417,092700,092800,122300.0,124501.4,121199.3,095700,121199.3,stop_loss,-0.9,-1.5,122900.0,118800.0,121614.37,,D:\Users\PC2310\Desktop\multi AI agent\programs\kr_daypilot\data\historical_intraday\minute_bars\20260417\023530.csv,20260417,20260416,927,3.4511784511784604,True,False,True,False
2026-04-16,2026-04-17,2,388210,씨엠티엑스,KOSDAQ,72.26,12.52,0.79,1.82,96.5,14.38,11.45,-10.8,-0.856,skipped_existing,381,20260417,,,0.0,0.0,0.0,,0.0,no_signal,0.0,0.0,158900.0,149500.0,0.0,opening_range_too_wide,D:\Users\PC2310\Desktop\multi AI agent\programs\kr_daypilot\data\historical_intraday\minute_bars\20260417\388210.csv,20260417,20260416,9999,6.287625418060205,False,False,False,False
2026-04-17,2026-04-20,1,332570,PS일렉트로닉스,KOSDAQ,79.17,7.36,0.0,5.96,80.0,8.97,7.05,-14.24,0.0,skipped_existing,381,20260420,,,0.0,0.0,0.0,,0.0,no_signal,0.0,0.0,7950.0,7580.0,0.0,opening_range_too_wide,D:\Users\PC2310\Desktop\multi AI agent\programs\kr_daypilot\data\historical_intraday\minute_bars\20260420\332570.csv,20260420,20260417,9999,4.881266490765168,False,False,False,False
2026-04-17,2026-04-20,2,388210,씨엠티엑스,KOSDAQ,77.56,6.98,0.0,3.4,86.7,8.7,7.9,-4.58,-0.308,skipped_existing,381,20260420,,,0.0,0.0,0.0,,0.0,no_signal,0.0,0.0,164200.0,159800.0,0.0,no_vwap_reclaim_signal,D:\Users\PC2310\Desktop\multi AI agent\programs\kr_daypilot\data\historical_intraday\minute_bars\20260420\388210.csv,20260420,20260417,9999,2.7534418022528095,False,False,False,False
2026-04-20,2026-04-21,1,161580,필옵틱스,KOSDAQ,78.28,10.05,-0.12,4.27,79.6,8.21,5.29,-19.15,0.0,skipped_existing,381,20260421,,,0.0,0.0,0.0,,0.0,no_signal,0.0,0.0,49500.0,47900.0,0.0,no_vwap_reclaim_signal,D:\Users\PC2310\Desktop\multi AI agent\programs\kr_daypilot\data\historical_intraday\minute_bars\20260421\161580.csv,20260421,20260420,9999,3.3402922755741082,False,False,False,False
2026-04-20,2026-04-21,2,332570,PS일렉트로닉스,KOSDAQ,75.01,10.56,-0.12,6.94,74.7,7.47,6.19,-5.18,0.62,skipped_existing,381,20260421,,,0.0,0.0,0.0,,0.0,no_signal,0.0,0.0,8360.0,8020.0,0.0,opening_range_too_wide,D:\Users\PC2310\Desktop\multi AI agent\programs\kr_daypilot\data\historical_intraday\minute_bars\20260421\332570.csv,20260421,20260420,9999,4.239401496259343,False,False,False,False
2026-04-21,2026-04-22,1,281740,레이크머티리얼즈,KOSDAQ,75.77,8.35,-0.23,6.1,76.6,7.88,4.89,-14.11,0.203,skipped_existing,381,20260422,,,0.0,0.0,0.0,,0.0,no_signal,0.0,0.0,24750.0,23300.0,0.0,opening_range_too_wide,D:\Users\PC2310\Desktop\multi AI agent\programs\kr_daypilot\data\historical_intraday\minute_bars\20260422\281740.csv,20260422,20260421,9999,6.22317596566524,False,False,False,False
2026-04-21,2026-04-22,2,323280,태성,KOSDAQ,71.96,11.82,-0.23,3.45,79.1,11.45,9.78,-23.29,0.0,skipped_existing,379,20260422,,,0.0,0.0,0.0,,0.0,no_signal,0.0,0.0,79500.0,73200.0,0.0,opening_range_too_wide,D:\Users\PC2310\Desktop\multi AI agent\programs\kr_daypilot\data\historical_intraday\minute_bars\20260422\323280.csv,20260422,20260421,9999,8.606557377049185,False,False,False,False
2026-04-22,2026-04-23,1,417200,LS머트리얼즈,KOSDAQ,85.94,10.55,0.0,4.12,90.2,12.28,7.94,-6.85,0.0,skipped_existing,381,20260423,,,0.0,0.0,0.0,,0.0,no_signal,0.0,0.0,26700.0,24350.0,0.0,opening_range_too_wide,D:\Users\PC2310\Desktop\multi AI agent\programs\kr_daypilot\data\historical_intraday\minute_bars\20260423\417200.csv,20260423,20260422,9999,9.65092402464065,False,False,False,False
2026-04-22,2026-04-23,2,281740,레이크머티리얼즈,KOSDAQ,78.71,3.25,0.0,2.87,97.7,9.23,3.04,-11.32,-1.572,skipped_existing,381,20260423,,,0.0,0.0,0.0,,0.0,no_signal,0.0,0.0,25250.0,24600.0,0.0,no_vwap_reclaim_signal,D:\Users\PC2310\Desktop\multi AI agent\programs\kr_daypilot\data\historical_intraday\minute_bars\20260423\281740.csv,20260423,20260422,9999,2.6422764227642226,False,False,False,False
2026-04-23,2026-04-24,1,456160,지투지바이오,KOSDAQ,71.72,8.38,-0.53,3.01,87.7,7.52,7.24,-34.27,-1.35,skipped_existing,381,20260424,,,0.0,0.0,0.0,,0.0,no_signal,0.0,0.0,81700.0,79500.0,0.0,no_vwap_reclaim_signal,D:\Users\PC2310\Desktop\multi AI agent\programs\kr_daypilot\data\historical_intraday\minute_bars\20260424\456160.csv,20260424,20260423,9999,2.767295597484276,False,False,False,False
2026-04-23,2026-04-24,2,044490,태웅,KOSDAQ,70.73,12.77,-0.53,2.09,100.0,9.73,6.64,-9.86,-0.566,skipped_existing,381,20260424,092600,092700,52400.0,53343.2,51928.4,100600,53343.2,target_hit,1.8,1.2,52700.0,51200.0,51857.1,,D:\Users\PC2310\Desktop\multi AI agent\programs\kr_daypilot\data\historical_intraday\minute_bars\20260424\044490.csv,20260424,20260423,926,2.9296875,True,True,False,False
2026-04-24,2026-04-27,1,089030,테크윙,KOSDAQ,91.71,12.36,0.73,4.75,93.3,12.77,12.36,-16.49,0.0,skipped_existing,381,20260427,,,0.0,0.0,0.0,,0.0,no_signal,0.0,0.0,62600.0,60300.0,0.0,opening_range_too_wide,D:\Users\PC2310\Desktop\multi AI agent\programs\kr_daypilot\data\historical_intraday\minute_bars\20260427\089030.csv,20260427,20260424,9999,3.814262023217241,False,False,False,False
2026-04-24,2026-04-27,2,090430,아모레퍼시픽,KOSPI,88.67,8.85,0.7,3.6,95.0,8.6,8.6,-14.85,0.0,skipped_existing,381,20260427,,,0.0,0.0,0.0,,0.0,no_signal,0.0,0.0,146100.0,143000.0,0.0,no_vwap_reclaim_signal,D:\Users\PC2310\Desktop\multi AI agent\programs\kr_daypilot\data\historical_intraday\minute_bars\20260427\090430.csv,20260427,20260424,9999,2.167832167832162,False,False,False,False
2026-04-27,2026-04-28,1,237690,에스티팜,KOSDAQ,86.68,13.18,0.07,3.92,92.0,12.34,11.3,-2.33,0.0,skipped_existing,381,20260428,,,0.0,0.0,0.0,,0.0,no_signal,0.0,0.0,169100.0,164100.0,0.0,no_vwap_reclaim_signal,D:\Users\PC2310\Desktop\multi AI agent\programs\kr_daypilot\data\historical_intraday\minute_bars\20260428\237690.csv,20260428,20260427,9999,3.0469226081657474,False,False,False,False
2026-04-27,2026-04-28,2,466100,클로봇,KOSDAQ,83.83,12.63,0.07,3.87,88.4,10.91,9.57,-31.31,0.0,skipped_existing,381,20260428,,,0.0,0.0,0.0,,0.0,no_signal,0.0,0.0,57600.0,52700.0,0.0,opening_range_too_wide,D:\Users\PC2310\Desktop\multi AI agent\programs\kr_daypilot\data\historical_intraday\minute_bars\20260428\466100.csv,20260428,20260427,9999,9.297912713472488,False,False,False,False
2026-04-28,2026-04-29,1,307950,현대오토에버,KOSPI,67.1,8.39,0.0,5.72,61.9,7.3,5.87,-11.97,0.0,skipped_existing,381,20260429,,,0.0,0.0,0.0,,0.0,no_signal,0.0,0.0,485500.0,474500.0,0.0,no_vwap_reclaim_signal,D:\Users\PC2310\Desktop\multi AI agent\programs\kr_daypilot\data\historical_intraday\minute_bars\20260429\307950.csv,20260429,20260428,9999,2.3182297154899834,False,False,False,False
2026-04-28,2026-04-29,2,125490,한라캐스트,KOSDAQ,66.31,4.67,-0.42,3.51,71.2,7.44,3.74,-31.05,0.915,skipped_existing,381,20260429,,,0.0,0.0,0.0,,0.0,no_signal,0.0,0.0,18130.0,17300.0,0.0,opening_range_too_wide,D:\Users\PC2310\Desktop\multi AI agent\programs\kr_daypilot\data\historical_intraday\minute_bars\20260429\125490.csv,20260429,20260428,9999,4.797687861271682,False,False,False,False
2026-04-29,2026-04-30,1,033100,제룡전기,KOSDAQ,90.38,10.35,0.0,5.1,96.8,10.17,10.17,-5.71,0.0,skipped_existing,381,20260430,,,0.0,0.0,0.0,,0.0,no_signal,0.0,0.0,69600.0,67000.0,0.0,opening_range_too_wide,D:\Users\PC2310\Desktop\multi AI agent\programs\kr_daypilot\data\historical_intraday\minute_bars\20260430\033100.csv,20260430,20260429,9999,3.88059701492538,False,False,False,False
2026-04-29,2026-04-30,2,010950,S-Oil,KOSPI,88.27,13.14,0.07,4.06,93.1,9.99,9.63,-24.17,-0.447,skipped_existing,381,20260430,,,0.0,0.0,0.0,,0.0,no_signal,0.0,0.0,136600.0,132500.0,0.0,no_vwap_reclaim_signal,D:\Users\PC2310\Desktop\multi AI agent\programs\kr_daypilot\data\historical_intraday\minute_bars\20260430\010950.csv,20260430,20260429,9999,3.0943396226415176,False,False,False,False
2026-04-30,2026-05-04,1,047050,포스코인터내셔널,KOSPI,54.11,2.83,-1.04,1.75,85.7,5.05,2.95,0.11,0.802,skipped_existing,381,20260504,,,0.0,0.0,0.0,,0.0,no_signal,0.0,0.0,91200.0,86200.0,0.0,opening_range_too_wide,D:\Users\PC2310\Desktop\multi AI agent\programs\kr_daypilot\data\historical_intraday\minute_bars\20260504\047050.csv,20260504,20260430,9999,5.8004640371229765,False,False,False,False
2026-04-30,2026-05-04,2,456040,OCI,KOSPI,52.52,6.01,-1.04,1.53,84.8,5.93,5.56,-8.09,-1.267,skipped_existing,381,20260504,,,0.0,0.0,0.0,,0.0,no_signal,0.0,0.0,148200.0,141600.0,0.0,opening_range_too_wide,D:\Users\PC2310\Desktop\multi AI agent\programs\kr_daypilot\data\historical_intraday\minute_bars\20260504\456040.csv,20260504,20260430,9999,4.661016949152552,False,False,False,False
2026-05-04,2026-05-06,1,005940,NH투자증권,KOSPI,83.32,8.32,-0.07,3.24,98.1,7.52,6.11,-14.44,0.0,skipped_existing,381,20260506,,,0.0,0.0,0.0,,0.0,no_signal,0.0,0.0,38800.0,37150.0,0.0,opening_range_too_wide,D:\Users\PC2310\Desktop\multi AI agent\programs\kr_daypilot\data\historical_intraday\minute_bars\20260506\005940.csv,20260506,20260504,9999,4.4414535666218,False,False,False,False
2026-05-04,2026-05-06,2,018880,한온시스템,KOSPI,74.37,14.66,-0.07,12.63,73.3,12.79,12.66,-14.91,0.0,skipped_existing,380,20260506,,,0.0,0.0,0.0,,0.0,no_signal,0.0,0.0,5050.0,4750.0,0.0,opening_range_too_wide,D:\Users\PC2310\Desktop\multi AI agent\programs\kr_daypilot\data\historical_intraday\minute_bars\20260506\018880.csv,20260506,20260504,9999,6.315789473684208,False,False,False,False
2026-05-06,2026-05-07,1,240810,원익IPS,KOSDAQ,70.38,5.31,-1.48,2.66,97.9,7.95,4.79,-9.79,0.0,skipped_existing,381,20260507,,,0.0,0.0,0.0,,0.0,no_signal,0.0,0.0,130900.0,124700.0,0.0,opening_range_too_wide,D:\Users\PC2310\Desktop\multi AI agent\programs\kr_daypilot\data\historical_intraday\minute_bars\20260507\240810.csv,20260507,20260506,9999,4.9719326383319995,False,False,False,False
2026-05-06,2026-05-07,2,267320,나인테크,KOSDAQ,62.59,12.57,-1.48,11.61,66.2,13.54,10.52,-8.69,-0.127,skipped_existing,381,20260507,,,0.0,0.0,0.0,,0.0,no_signal,0.0,0.0,3935.0,3760.0,0.0,opening_range_too_wide,D:\Users\PC2310\Desktop\multi AI agent\programs\kr_daypilot\data\historical_intraday\minute_bars\20260507\267320.csv,20260507,20260506,9999,4.654255319148937,False,False,False,False
