window,rule,eligible,candidates,signals,successes,failure_exits,time_exits,no_signals,success_rate,candidate_success_rate,wilson_low,avg_net_return_pct
1,base,True,160,11,4,5,2,149,36.36,2.5,15.17,-0.267
1,rank<=2,True,160,11,4,5,2,149,36.36,2.5,15.17,-0.267
1,signal<=940,True,160,11,4,5,2,149,36.36,2.5,15.17,-0.267
1,signal<=940; rank<=2,True,160,11,4,5,2,149,36.36,2.5,15.17,-0.267
1,signal<=950,True,160,11,4,5,2,149,36.36,2.5,15.17,-0.267
1,signal<=950; rank<=2,True,160,11,4,5,2,149,36.36,2.5,15.17,-0.267
1,value_ratio<=5,True,126,9,3,4,2,117,33.33,2.38,12.06,-0.293
1,value_ratio<=5; rank<=2,True,126,9,3,4,2,117,33.33,2.38,12.06,-0.293
1,value_ratio<=5; signal<=940,True,126,9,3,4,2,117,33.33,2.38,12.06,-0.293
1,value_ratio<=5; signal<=940; rank<=2,True,126,9,3,4,2,117,33.33,2.38,12.06,-0.293
1,value_ratio<=5; signal<=950,True,126,9,3,4,2,117,33.33,2.38,12.06,-0.293
1,value_ratio<=5; signal<=950; rank<=2,True,126,9,3,4,2,117,33.33,2.38,12.06,-0.293
1,distance<=-3; value_ratio<=2.5,False,26,2,2,0,0,24,100.0,7.69,34.24,1.2
1,distance<=-3; value_ratio<=2.5; rank<=2,False,26,2,2,0,0,24,100.0,7.69,34.24,1.2
1,distance<=-3; value_ratio<=2.5; signal<=940,False,26,2,2,0,0,24,100.0,7.69,34.24,1.2
1,distance<=-3; value_ratio<=2.5; signal<=940; rank<=2,False,26,2,2,0,0,24,100.0,7.69,34.24,1.2
1,distance<=-3; value_ratio<=2.5; signal<=950,False,26,2,2,0,0,24,100.0,7.69,34.24,1.2
1,distance<=-3; value_ratio<=2.5; signal<=950; rank<=2,False,26,2,2,0,0,24,100.0,7.69,34.24,1.2
1,distance<=-3; value_ratio<=2.5; close_location>=80,False,25,2,2,0,0,23,100.0,8.0,34.24,1.2
1,distance<=-3; value_ratio<=2.5; close_location>=80; rank<=2,False,25,2,2,0,0,23,100.0,8.0,34.24,1.2
1,distance<=-3; value_ratio<=2.5; close_location>=80; signal<=940,False,25,2,2,0,0,23,100.0,8.0,34.24,1.2
1,distance<=-3; value_ratio<=2.5; close_location>=80; signal<=940; rank<=2,False,25,2,2,0,0,23,100.0,8.0,34.24,1.2
1,distance<=-3; value_ratio<=2.5; close_location>=80; signal<=950,False,25,2,2,0,0,23,100.0,8.0,34.24,1.2
1,distance<=-3; value_ratio<=2.5; close_location>=80; signal<=950; rank<=2,False,25,2,2,0,0,23,100.0,8.0,34.24,1.2
1,distance<=-3; value_ratio<=2.5; close_location>=88,False,18,2,2,0,0,16,100.0,11.11,34.24,1.2
1,distance<=-3; value_ratio<=2.5; close_location>=88; rank<=2,False,18,2,2,0,0,16,100.0,11.11,34.24,1.2
1,distance<=-3; value_ratio<=2.5; close_location>=88; signal<=940,False,18,2,2,0,0,16,100.0,11.11,34.24,1.2
1,distance<=-3; value_ratio<=2.5; close_location>=88; signal<=940; rank<=2,False,18,2,2,0,0,16,100.0,11.11,34.24,1.2
1,distance<=-3; value_ratio<=2.5; close_location>=88; signal<=950,False,18,2,2,0,0,16,100.0,11.11,34.24,1.2
1,distance<=-3; value_ratio<=2.5; close_location>=88; signal<=950; rank<=2,False,18,2,2,0,0,16,100.0,11.11,34.24,1.2
1,distance<=-3; value_ratio<=2.5; close_location>=90,False,16,2,2,0,0,14,100.0,12.5,34.24,1.2
1,distance<=-3; value_ratio<=2.5; close_location>=90; rank<=2,False,16,2,2,0,0,14,100.0,12.5,34.24,1.2
1,distance<=-3; value_ratio<=2.5; close_location>=90; signal<=940,False,16,2,2,0,0,14,100.0,12.5,34.24,1.2
1,distance<=-3; value_ratio<=2.5; close_location>=90; signal<=940; rank<=2,False,16,2,2,0,0,14,100.0,12.5,34.24,1.2
1,distance<=-3; value_ratio<=2.5; close_location>=90; signal<=950,False,16,2,2,0,0,14,100.0,12.5,34.24,1.2
1,distance<=-3; value_ratio<=2.5; close_location>=90; signal<=950; rank<=2,False,16,2,2,0,0,14,100.0,12.5,34.24,1.2
1,distance<=-5; value_ratio<=2.5,False,25,2,2,0,0,23,100.0,8.0,34.24,1.2
1,distance<=-5; value_ratio<=2.5; rank<=2,False,25,2,2,0,0,23,100.0,8.0,34.24,1.2
1,distance<=-5; value_ratio<=2.5; signal<=940,False,25,2,2,0,0,23,100.0,8.0,34.24,1.2
1,distance<=-5; value_ratio<=2.5; signal<=940; rank<=2,False,25,2,2,0,0,23,100.0,8.0,34.24,1.2
1,distance<=-5; value_ratio<=2.5; signal<=950,False,25,2,2,0,0,23,100.0,8.0,34.24,1.2
1,distance<=-5; value_ratio<=2.5; signal<=950; rank<=2,False,25,2,2,0,0,23,100.0,8.0,34.24,1.2
1,distance<=-5; value_ratio<=2.5; close_location>=80,False,24,2,2,0,0,22,100.0,8.33,34.24,1.2
1,distance<=-5; value_ratio<=2.5; close_location>=80; rank<=2,False,24,2,2,0,0,22,100.0,8.33,34.24,1.2
1,distance<=-5; value_ratio<=2.5; close_location>=80; signal<=940,False,24,2,2,0,0,22,100.0,8.33,34.24,1.2
1,distance<=-5; value_ratio<=2.5; close_location>=80; signal<=940; rank<=2,False,24,2,2,0,0,22,100.0,8.33,34.24,1.2
1,distance<=-5; value_ratio<=2.5; close_location>=80; signal<=950,False,24,2,2,0,0,22,100.0,8.33,34.24,1.2
1,distance<=-5; value_ratio<=2.5; close_location>=80; signal<=950; rank<=2,False,24,2,2,0,0,22,100.0,8.33,34.24,1.2
1,distance<=-5; value_ratio<=2.5; close_location>=88,False,17,2,2,0,0,15,100.0,11.76,34.24,1.2
1,distance<=-5; value_ratio<=2.5; close_location>=88; rank<=2,False,17,2,2,0,0,15,100.0,11.76,34.24,1.2
1,distance<=-5; value_ratio<=2.5; close_location>=88; signal<=940,False,17,2,2,0,0,15,100.0,11.76,34.24,1.2
1,distance<=-5; value_ratio<=2.5; close_location>=88; signal<=940; rank<=2,False,17,2,2,0,0,15,100.0,11.76,34.24,1.2
1,distance<=-5; value_ratio<=2.5; close_location>=88; signal<=950,False,17,2,2,0,0,15,100.0,11.76,34.24,1.2
1,distance<=-5; value_ratio<=2.5; close_location>=88; signal<=950; rank<=2,False,17,2,2,0,0,15,100.0,11.76,34.24,1.2
1,distance<=-5; value_ratio<=2.5; close_location>=90,False,15,2,2,0,0,13,100.0,13.33,34.24,1.2
1,distance<=-5; value_ratio<=2.5; close_location>=90; rank<=2,False,15,2,2,0,0,13,100.0,13.33,34.24,1.2
1,distance<=-5; value_ratio<=2.5; close_location>=90; signal<=940,False,15,2,2,0,0,13,100.0,13.33,34.24,1.2
1,distance<=-5; value_ratio<=2.5; close_location>=90; signal<=940; rank<=2,False,15,2,2,0,0,13,100.0,13.33,34.24,1.2
1,distance<=-5; value_ratio<=2.5; close_location>=90; signal<=950,False,15,2,2,0,0,13,100.0,13.33,34.24,1.2
1,distance<=-5; value_ratio<=2.5; close_location>=90; signal<=950; rank<=2,False,15,2,2,0,0,13,100.0,13.33,34.24,1.2
1,distance<=-8; value_ratio<=2.5,False,17,2,2,0,0,15,100.0,11.76,34.24,1.2
1,distance<=-8; value_ratio<=2.5; rank<=2,False,17,2,2,0,0,15,100.0,11.76,34.24,1.2
1,distance<=-8; value_ratio<=2.5; signal<=940,False,17,2,2,0,0,15,100.0,11.76,34.24,1.2
1,distance<=-8; value_ratio<=2.5; signal<=940; rank<=2,False,17,2,2,0,0,15,100.0,11.76,34.24,1.2
1,distance<=-8; value_ratio<=2.5; signal<=950,False,17,2,2,0,0,15,100.0,11.76,34.24,1.2
1,distance<=-8; value_ratio<=2.5; signal<=950; rank<=2,False,17,2,2,0,0,15,100.0,11.76,34.24,1.2
1,distance<=-8; value_ratio<=2.5; close_location>=80,False,16,2,2,0,0,14,100.0,12.5,34.24,1.2
1,distance<=-8; value_ratio<=2.5; close_location>=80; rank<=2,False,16,2,2,0,0,14,100.0,12.5,34.24,1.2
1,distance<=-8; value_ratio<=2.5; close_location>=80; signal<=940,False,16,2,2,0,0,14,100.0,12.5,34.24,1.2
1,distance<=-8; value_ratio<=2.5; close_location>=80; signal<=940; rank<=2,False,16,2,2,0,0,14,100.0,12.5,34.24,1.2
1,distance<=-8; value_ratio<=2.5; close_location>=80; signal<=950,False,16,2,2,0,0,14,100.0,12.5,34.24,1.2
1,distance<=-8; value_ratio<=2.5; close_location>=80; signal<=950; rank<=2,False,16,2,2,0,0,14,100.0,12.5,34.24,1.2
1,distance<=-8; value_ratio<=2.5; close_location>=88,False,11,2,2,0,0,9,100.0,18.18,34.24,1.2
1,distance<=-8; value_ratio<=2.5; close_location>=88; rank<=2,False,11,2,2,0,0,9,100.0,18.18,34.24,1.2
1,distance<=-8; value_ratio<=2.5; close_location>=88; signal<=940,False,11,2,2,0,0,9,100.0,18.18,34.24,1.2
1,distance<=-8; value_ratio<=2.5; close_location>=88; signal<=940; rank<=2,False,11,2,2,0,0,9,100.0,18.18,34.24,1.2
1,distance<=-8; value_ratio<=2.5; close_location>=88; signal<=950,False,11,2,2,0,0,9,100.0,18.18,34.24,1.2
1,distance<=-8; value_ratio<=2.5; close_location>=88; signal<=950; rank<=2,False,11,2,2,0,0,9,100.0,18.18,34.24,1.2
1,distance<=-8; value_ratio<=2.5; close_location>=90,False,9,2,2,0,0,7,100.0,22.22,34.24,1.2
1,distance<=-8; value_ratio<=2.5; close_location>=90; rank<=2,False,9,2,2,0,0,7,100.0,22.22,34.24,1.2
1,distance<=-8; value_ratio<=2.5; close_location>=90; signal<=940,False,9,2,2,0,0,7,100.0,22.22,34.24,1.2
1,distance<=-8; value_ratio<=2.5; close_location>=90; signal<=940; rank<=2,False,9,2,2,0,0,7,100.0,22.22,34.24,1.2
1,distance<=-8; value_ratio<=2.5; close_location>=90; signal<=950,False,9,2,2,0,0,7,100.0,22.22,34.24,1.2
1,distance<=-8; value_ratio<=2.5; close_location>=90; signal<=950; rank<=2,False,9,2,2,0,0,7,100.0,22.22,34.24,1.2
1,distance<=-10; value_ratio<=2.5,False,15,2,2,0,0,13,100.0,13.33,34.24,1.2
1,distance<=-10; value_ratio<=2.5; rank<=2,False,15,2,2,0,0,13,100.0,13.33,34.24,1.2
1,distance<=-10; value_ratio<=2.5; signal<=940,False,15,2,2,0,0,13,100.0,13.33,34.24,1.2
1,distance<=-10; value_ratio<=2.5; signal<=940; rank<=2,False,15,2,2,0,0,13,100.0,13.33,34.24,1.2
1,distance<=-10; value_ratio<=2.5; signal<=950,False,15,2,2,0,0,13,100.0,13.33,34.24,1.2
1,distance<=-10; value_ratio<=2.5; signal<=950; rank<=2,False,15,2,2,0,0,13,100.0,13.33,34.24,1.2
1,distance<=-10; value_ratio<=2.5; close_location>=80,False,14,2,2,0,0,12,100.0,14.29,34.24,1.2
1,distance<=-10; value_ratio<=2.5; close_location>=80; rank<=2,False,14,2,2,0,0,12,100.0,14.29,34.24,1.2
1,distance<=-10; value_ratio<=2.5; close_location>=80; signal<=940,False,14,2,2,0,0,12,100.0,14.29,34.24,1.2
1,distance<=-10; value_ratio<=2.5; close_location>=80; signal<=940; rank<=2,False,14,2,2,0,0,12,100.0,14.29,34.24,1.2
1,distance<=-10; value_ratio<=2.5; close_location>=80; signal<=950,False,14,2,2,0,0,12,100.0,14.29,34.24,1.2
1,distance<=-10; value_ratio<=2.5; close_location>=80; signal<=950; rank<=2,False,14,2,2,0,0,12,100.0,14.29,34.24,1.2
1,distance<=-10; value_ratio<=2.5; close_location>=88,False,11,2,2,0,0,9,100.0,18.18,34.24,1.2
1,distance<=-10; value_ratio<=2.5; close_location>=88; rank<=2,False,11,2,2,0,0,9,100.0,18.18,34.24,1.2
1,distance<=-10; value_ratio<=2.5; close_location>=88; signal<=940,False,11,2,2,0,0,9,100.0,18.18,34.24,1.2
1,distance<=-10; value_ratio<=2.5; close_location>=88; signal<=940; rank<=2,False,11,2,2,0,0,9,100.0,18.18,34.24,1.2
1,distance<=-10; value_ratio<=2.5; close_location>=88; signal<=950,False,11,2,2,0,0,9,100.0,18.18,34.24,1.2
1,distance<=-10; value_ratio<=2.5; close_location>=88; signal<=950; rank<=2,False,11,2,2,0,0,9,100.0,18.18,34.24,1.2
1,distance<=-10; value_ratio<=2.5; close_location>=90,False,9,2,2,0,0,7,100.0,22.22,34.24,1.2
1,distance<=-10; value_ratio<=2.5; close_location>=90; rank<=2,False,9,2,2,0,0,7,100.0,22.22,34.24,1.2
1,distance<=-10; value_ratio<=2.5; close_location>=90; signal<=940,False,9,2,2,0,0,7,100.0,22.22,34.24,1.2
1,distance<=-10; value_ratio<=2.5; close_location>=90; signal<=940; rank<=2,False,9,2,2,0,0,7,100.0,22.22,34.24,1.2
1,distance<=-10; value_ratio<=2.5; close_location>=90; signal<=950,False,9,2,2,0,0,7,100.0,22.22,34.24,1.2
1,distance<=-10; value_ratio<=2.5; close_location>=90; signal<=950; rank<=2,False,9,2,2,0,0,7,100.0,22.22,34.24,1.2
1,distance<=-12; value_ratio<=2.5,False,13,2,2,0,0,11,100.0,15.38,34.24,1.2
1,distance<=-12; value_ratio<=2.5; rank<=2,False,13,2,2,0,0,11,100.0,15.38,34.24,1.2
1,distance<=-12; value_ratio<=2.5; signal<=940,False,13,2,2,0,0,11,100.0,15.38,34.24,1.2
1,distance<=-12; value_ratio<=2.5; signal<=940; rank<=2,False,13,2,2,0,0,11,100.0,15.38,34.24,1.2
1,distance<=-12; value_ratio<=2.5; signal<=950,False,13,2,2,0,0,11,100.0,15.38,34.24,1.2
1,distance<=-12; value_ratio<=2.5; signal<=950; rank<=2,False,13,2,2,0,0,11,100.0,15.38,34.24,1.2
1,distance<=-12; value_ratio<=2.5; close_location>=80,False,12,2,2,0,0,10,100.0,16.67,34.24,1.2
1,distance<=-12; value_ratio<=2.5; close_location>=80; rank<=2,False,12,2,2,0,0,10,100.0,16.67,34.24,1.2
1,distance<=-12; value_ratio<=2.5; close_location>=80; signal<=940,False,12,2,2,0,0,10,100.0,16.67,34.24,1.2
1,distance<=-12; value_ratio<=2.5; close_location>=80; signal<=940; rank<=2,False,12,2,2,0,0,10,100.0,16.67,34.24,1.2
1,distance<=-12; value_ratio<=2.5; close_location>=80; signal<=950,False,12,2,2,0,0,10,100.0,16.67,34.24,1.2
1,distance<=-12; value_ratio<=2.5; close_location>=80; signal<=950; rank<=2,False,12,2,2,0,0,10,100.0,16.67,34.24,1.2
1,distance<=-12; value_ratio<=2.5; close_location>=88,False,10,2,2,0,0,8,100.0,20.0,34.24,1.2
1,distance<=-12; value_ratio<=2.5; close_location>=88; rank<=2,False,10,2,2,0,0,8,100.0,20.0,34.24,1.2
1,distance<=-12; value_ratio<=2.5; close_location>=88; signal<=940,False,10,2,2,0,0,8,100.0,20.0,34.24,1.2
1,distance<=-12; value_ratio<=2.5; close_location>=88; signal<=940; rank<=2,False,10,2,2,0,0,8,100.0,20.0,34.24,1.2
1,distance<=-12; value_ratio<=2.5; close_location>=88; signal<=950,False,10,2,2,0,0,8,100.0,20.0,34.24,1.2
1,distance<=-12; value_ratio<=2.5; close_location>=88; signal<=950; rank<=2,False,10,2,2,0,0,8,100.0,20.0,34.24,1.2
1,distance<=-12; value_ratio<=2.5; close_location>=90,False,8,2,2,0,0,6,100.0,25.0,34.24,1.2
1,distance<=-12; value_ratio<=2.5; close_location>=90; rank<=2,False,8,2,2,0,0,6,100.0,25.0,34.24,1.2
1,distance<=-12; value_ratio<=2.5; close_location>=90; signal<=940,False,8,2,2,0,0,6,100.0,25.0,34.24,1.2
1,distance<=-12; value_ratio<=2.5; close_location>=90; signal<=940; rank<=2,False,8,2,2,0,0,6,100.0,25.0,34.24,1.2
1,distance<=-12; value_ratio<=2.5; close_location>=90; signal<=950,False,8,2,2,0,0,6,100.0,25.0,34.24,1.2
1,distance<=-12; value_ratio<=2.5; close_location>=90; signal<=950; rank<=2,False,8,2,2,0,0,6,100.0,25.0,34.24,1.2
1,distance<=-15; value_ratio<=2.5,False,9,2,2,0,0,7,100.0,22.22,34.24,1.2
1,distance<=-15; value_ratio<=2.5; rank<=2,False,9,2,2,0,0,7,100.0,22.22,34.24,1.2
1,distance<=-15; value_ratio<=2.5; signal<=940,False,9,2,2,0,0,7,100.0,22.22,34.24,1.2
1,distance<=-15; value_ratio<=2.5; signal<=940; rank<=2,False,9,2,2,0,0,7,100.0,22.22,34.24,1.2
1,distance<=-15; value_ratio<=2.5; signal<=950,False,9,2,2,0,0,7,100.0,22.22,34.24,1.2
1,distance<=-15; value_ratio<=2.5; signal<=950; rank<=2,False,9,2,2,0,0,7,100.0,22.22,34.24,1.2
1,distance<=-15; value_ratio<=2.5; close_location>=80,False,8,2,2,0,0,6,100.0,25.0,34.24,1.2
1,distance<=-15; value_ratio<=2.5; close_location>=80; rank<=2,False,8,2,2,0,0,6,100.0,25.0,34.24,1.2
1,distance<=-15; value_ratio<=2.5; close_location>=80; signal<=940,False,8,2,2,0,0,6,100.0,25.0,34.24,1.2
1,distance<=-15; value_ratio<=2.5; close_location>=80; signal<=940; rank<=2,False,8,2,2,0,0,6,100.0,25.0,34.24,1.2
1,distance<=-15; value_ratio<=2.5; close_location>=80; signal<=950,False,8,2,2,0,0,6,100.0,25.0,34.24,1.2
1,distance<=-15; value_ratio<=2.5; close_location>=80; signal<=950; rank<=2,False,8,2,2,0,0,6,100.0,25.0,34.24,1.2
1,distance<=-15; value_ratio<=2.5; close_location>=88,False,6,2,2,0,0,4,100.0,33.33,34.24,1.2
1,distance<=-15; value_ratio<=2.5; close_location>=88; rank<=2,False,6,2,2,0,0,4,100.0,33.33,34.24,1.2
1,distance<=-15; value_ratio<=2.5; close_location>=88; signal<=940,False,6,2,2,0,0,4,100.0,33.33,34.24,1.2
1,distance<=-15; value_ratio<=2.5; close_location>=88; signal<=940; rank<=2,False,6,2,2,0,0,4,100.0,33.33,34.24,1.2
1,distance<=-15; value_ratio<=2.5; close_location>=88; signal<=950,False,6,2,2,0,0,4,100.0,33.33,34.24,1.2
1,distance<=-15; value_ratio<=2.5; close_location>=88; signal<=950; rank<=2,False,6,2,2,0,0,4,100.0,33.33,34.24,1.2
1,distance<=-15; value_ratio<=2.5; close_location>=90,False,4,2,2,0,0,2,100.0,50.0,34.24,1.2
1,distance<=-15; value_ratio<=2.5; close_location>=90; rank<=2,False,4,2,2,0,0,2,100.0,50.0,34.24,1.2
1,distance<=-15; value_ratio<=2.5; close_location>=90; signal<=940,False,4,2,2,0,0,2,100.0,50.0,34.24,1.2
1,distance<=-15; value_ratio<=2.5; close_location>=90; signal<=940; rank<=2,False,4,2,2,0,0,2,100.0,50.0,34.24,1.2
1,distance<=-15; value_ratio<=2.5; close_location>=90; signal<=950,False,4,2,2,0,0,2,100.0,50.0,34.24,1.2
1,distance<=-15; value_ratio<=2.5; close_location>=90; signal<=950; rank<=2,False,4,2,2,0,0,2,100.0,50.0,34.24,1.2
1,distance<=-3; close_location>=80,False,90,4,3,1,0,86,75.0,3.33,30.06,0.525
1,distance<=-3; close_location>=80; rank<=2,False,90,4,3,1,0,86,75.0,3.33,30.06,0.525
1,distance<=-3; close_location>=80; signal<=940,False,90,4,3,1,0,86,75.0,3.33,30.06,0.525
1,distance<=-3; close_location>=80; signal<=940; rank<=2,False,90,4,3,1,0,86,75.0,3.33,30.06,0.525
1,distance<=-3; close_location>=80; signal<=950,False,90,4,3,1,0,86,75.0,3.33,30.06,0.525
1,distance<=-3; close_location>=80; signal<=950; rank<=2,False,90,4,3,1,0,86,75.0,3.33,30.06,0.525
1,distance<=-5; close_location>=80,False,83,4,3,1,0,79,75.0,3.61,30.06,0.525
1,distance<=-5; close_location>=80; rank<=2,False,83,4,3,1,0,79,75.0,3.61,30.06,0.525
1,distance<=-5; close_location>=80; signal<=940,False,83,4,3,1,0,79,75.0,3.61,30.06,0.525
1,distance<=-5; close_location>=80; signal<=940; rank<=2,False,83,4,3,1,0,79,75.0,3.61,30.06,0.525
1,distance<=-5; close_location>=80; signal<=950,False,83,4,3,1,0,79,75.0,3.61,30.06,0.525
1,distance<=-5; close_location>=80; signal<=950; rank<=2,False,83,4,3,1,0,79,75.0,3.61,30.06,0.525
1,distance<=-8; close_location>=80,False,69,4,3,1,0,65,75.0,4.35,30.06,0.525
1,distance<=-8; close_location>=80; rank<=2,False,69,4,3,1,0,65,75.0,4.35,30.06,0.525
1,distance<=-8; close_location>=80; signal<=940,False,69,4,3,1,0,65,75.0,4.35,30.06,0.525
1,distance<=-8; close_location>=80; signal<=940; rank<=2,False,69,4,3,1,0,65,75.0,4.35,30.06,0.525
1,distance<=-8; close_location>=80; signal<=950,False,69,4,3,1,0,65,75.0,4.35,30.06,0.525
1,distance<=-8; close_location>=80; signal<=950; rank<=2,False,69,4,3,1,0,65,75.0,4.35,30.06,0.525
1,distance<=-10; close_location>=80,False,59,4,3,1,0,55,75.0,5.08,30.06,0.525
1,distance<=-10; close_location>=80; rank<=2,False,59,4,3,1,0,55,75.0,5.08,30.06,0.525
1,distance<=-10; close_location>=80; signal<=940,False,59,4,3,1,0,55,75.0,5.08,30.06,0.525
1,distance<=-10; close_location>=80; signal<=940; rank<=2,False,59,4,3,1,0,55,75.0,5.08,30.06,0.525
1,distance<=-10; close_location>=80; signal<=950,False,59,4,3,1,0,55,75.0,5.08,30.06,0.525
1,distance<=-10; close_location>=80; signal<=950; rank<=2,False,59,4,3,1,0,55,75.0,5.08,30.06,0.525
1,distance<=-12; close_location>=80,False,54,4,3,1,0,50,75.0,5.56,30.06,0.525
1,distance<=-12; close_location>=80; rank<=2,False,54,4,3,1,0,50,75.0,5.56,30.06,0.525
1,distance<=-12; close_location>=80; signal<=940,False,54,4,3,1,0,50,75.0,5.56,30.06,0.525
1,distance<=-12; close_location>=80; signal<=940; rank<=2,False,54,4,3,1,0,50,75.0,5.56,30.06,0.525
1,distance<=-12; close_location>=80; signal<=950,False,54,4,3,1,0,50,75.0,5.56,30.06,0.525
1,distance<=-12; close_location>=80; signal<=950; rank<=2,False,54,4,3,1,0,50,75.0,5.56,30.06,0.525
1,distance<=-15; close_location>=80,False,37,4,3,1,0,33,75.0,8.11,30.06,0.525
1,distance<=-15; close_location>=80; rank<=2,False,37,4,3,1,0,33,75.0,8.11,30.06,0.525
1,distance<=-15; close_location>=80; signal<=940,False,37,4,3,1,0,33,75.0,8.11,30.06,0.525
1,distance<=-15; close_location>=80; signal<=940; rank<=2,False,37,4,3,1,0,33,75.0,8.11,30.06,0.525
1,distance<=-15; close_location>=80; signal<=950,False,37,4,3,1,0,33,75.0,8.11,30.06,0.525
1,distance<=-15; close_location>=80; signal<=950; rank<=2,False,37,4,3,1,0,33,75.0,8.11,30.06,0.525
1,close_location>=80,False,124,7,4,3,0,117,57.14,3.23,25.05,0.043
1,close_location>=80; rank<=2,False,124,7,4,3,0,117,57.14,3.23,25.05,0.043
1,close_location>=80; signal<=940,False,124,7,4,3,0,117,57.14,3.23,25.05,0.043
1,close_location>=80; signal<=940; rank<=2,False,124,7,4,3,0,117,57.14,3.23,25.05,0.043
1,close_location>=80; signal<=950,False,124,7,4,3,0,117,57.14,3.23,25.05,0.043
1,close_location>=80; signal<=950; rank<=2,False,124,7,4,3,0,117,57.14,3.23,25.05,0.043
1,distance<=-12,False,66,5,3,2,0,61,60.0,4.55,23.07,0.12
1,distance<=-12; rank<=2,False,66,5,3,2,0,61,60.0,4.55,23.07,0.12
1,distance<=-12; signal<=940,False,66,5,3,2,0,61,60.0,4.55,23.07,0.12
1,distance<=-12; signal<=940; rank<=2,False,66,5,3,2,0,61,60.0,4.55,23.07,0.12
1,distance<=-12; signal<=950,False,66,5,3,2,0,61,60.0,4.55,23.07,0.12
1,distance<=-12; signal<=950; rank<=2,False,66,5,3,2,0,61,60.0,4.55,23.07,0.12
1,distance<=-15,False,47,5,3,2,0,42,60.0,6.38,23.07,0.12
1,distance<=-15; rank<=2,False,47,5,3,2,0,42,60.0,6.38,23.07,0.12
1,distance<=-15; signal<=940,False,47,5,3,2,0,42,60.0,6.38,23.07,0.12
1,distance<=-15; signal<=940; rank<=2,False,47,5,3,2,0,42,60.0,6.38,23.07,0.12
1,distance<=-15; signal<=950,False,47,5,3,2,0,42,60.0,6.38,23.07,0.12
1,distance<=-15; signal<=950; rank<=2,False,47,5,3,2,0,42,60.0,6.38,23.07,0.12
1,close_location>=80; rank<=1,False,64,3,2,1,0,61,66.67,3.12,20.77,0.3
1,close_location>=80; signal<=940; rank<=1,False,64,3,2,1,0,61,66.67,3.12,20.77,0.3
1,close_location>=80; signal<=950; rank<=1,False,64,3,2,1,0,61,66.67,3.12,20.77,0.3
1,close_location>=88; rank<=1,False,48,3,2,1,0,45,66.67,4.17,20.77,0.3
1,close_location>=88; signal<=940; rank<=1,False,48,3,2,1,0,45,66.67,4.17,20.77,0.3
1,close_location>=88; signal<=950; rank<=1,False,48,3,2,1,0,45,66.67,4.17,20.77,0.3
1,close_location>=90; rank<=1,False,42,3,2,1,0,39,66.67,4.76,20.77,0.3
1,close_location>=90; signal<=940; rank<=1,False,42,3,2,1,0,39,66.67,4.76,20.77,0.3
1,close_location>=90; signal<=950; rank<=1,False,42,3,2,1,0,39,66.67,4.76,20.77,0.3
1,value_ratio<=2.5,False,32,3,2,1,0,29,66.67,6.25,20.77,0.3
1,value_ratio<=2.5; rank<=2,False,32,3,2,1,0,29,66.67,6.25,20.77,0.3
1,value_ratio<=2.5; signal<=940,False,32,3,2,1,0,29,66.67,6.25,20.77,0.3
1,value_ratio<=2.5; signal<=940; rank<=2,False,32,3,2,1,0,29,66.67,6.25,20.77,0.3
1,value_ratio<=2.5; signal<=950,False,32,3,2,1,0,29,66.67,6.25,20.77,0.3
1,value_ratio<=2.5; signal<=950; rank<=2,False,32,3,2,1,0,29,66.67,6.25,20.77,0.3
1,value_ratio<=2.5; close_location>=80,False,30,3,2,1,0,27,66.67,6.67,20.77,0.3
1,value_ratio<=2.5; close_location>=80; rank<=2,False,30,3,2,1,0,27,66.67,6.67,20.77,0.3
1,value_ratio<=2.5; close_location>=80; signal<=940,False,30,3,2,1,0,27,66.67,6.67,20.77,0.3
1,value_ratio<=2.5; close_location>=80; signal<=940; rank<=2,False,30,3,2,1,0,27,66.67,6.67,20.77,0.3
1,value_ratio<=2.5; close_location>=80; signal<=950,False,30,3,2,1,0,27,66.67,6.67,20.77,0.3
1,value_ratio<=2.5; close_location>=80; signal<=950; rank<=2,False,30,3,2,1,0,27,66.67,6.67,20.77,0.3
1,value_ratio<=2.5; close_location>=88,False,23,3,2,1,0,20,66.67,8.7,20.77,0.3
1,value_ratio<=2.5; close_location>=88; rank<=2,False,23,3,2,1,0,20,66.67,8.7,20.77,0.3
1,value_ratio<=2.5; close_location>=88; signal<=940,False,23,3,2,1,0,20,66.67,8.7,20.77,0.3
1,value_ratio<=2.5; close_location>=88; signal<=940; rank<=2,False,23,3,2,1,0,20,66.67,8.7,20.77,0.3
1,value_ratio<=2.5; close_location>=88; signal<=950,False,23,3,2,1,0,20,66.67,8.7,20.77,0.3
1,value_ratio<=2.5; close_location>=88; signal<=950; rank<=2,False,23,3,2,1,0,20,66.67,8.7,20.77,0.3
1,value_ratio<=2.5; close_location>=90,False,20,3,2,1,0,17,66.67,10.0,20.77,0.3
1,value_ratio<=2.5; close_location>=90; rank<=2,False,20,3,2,1,0,17,66.67,10.0,20.77,0.3
1,value_ratio<=2.5; close_location>=90; signal<=940,False,20,3,2,1,0,17,66.67,10.0,20.77,0.3
1,value_ratio<=2.5; close_location>=90; signal<=940; rank<=2,False,20,3,2,1,0,17,66.67,10.0,20.77,0.3
1,value_ratio<=2.5; close_location>=90; signal<=950,False,20,3,2,1,0,17,66.67,10.0,20.77,0.3
1,value_ratio<=2.5; close_location>=90; signal<=950; rank<=2,False,20,3,2,1,0,17,66.67,10.0,20.77,0.3
1,value_ratio<=3; rank<=1,False,15,3,2,1,0,12,66.67,13.33,20.77,0.3
1,value_ratio<=3; signal<=940; rank<=1,False,15,3,2,1,0,12,66.67,13.33,20.77,0.3
1,value_ratio<=3; signal<=950; rank<=1,False,15,3,2,1,0,12,66.67,13.33,20.77,0.3
1,value_ratio<=3; close_location>=80; rank<=1,False,15,3,2,1,0,12,66.67,13.33,20.77,0.3
1,value_ratio<=3; close_location>=80; signal<=940; rank<=1,False,15,3,2,1,0,12,66.67,13.33,20.77,0.3
1,value_ratio<=3; close_location>=80; signal<=950; rank<=1,False,15,3,2,1,0,12,66.67,13.33,20.77,0.3
1,value_ratio<=3; close_location>=88; rank<=1,False,13,3,2,1,0,10,66.67,15.38,20.77,0.3
1,value_ratio<=3; close_location>=88; signal<=940; rank<=1,False,13,3,2,1,0,10,66.67,15.38,20.77,0.3
1,value_ratio<=3; close_location>=88; signal<=950; rank<=1,False,13,3,2,1,0,10,66.67,15.38,20.77,0.3
1,value_ratio<=3; close_location>=90; rank<=1,False,12,3,2,1,0,9,66.67,16.67,20.77,0.3
1,value_ratio<=3; close_location>=90; signal<=940; rank<=1,False,12,3,2,1,0,9,66.67,16.67,20.77,0.3
1,value_ratio<=3; close_location>=90; signal<=950; rank<=1,False,12,3,2,1,0,9,66.67,16.67,20.77,0.3
1,value_ratio<=3.5; rank<=1,False,29,3,2,1,0,26,66.67,6.9,20.77,0.3
1,value_ratio<=3.5; signal<=940; rank<=1,False,29,3,2,1,0,26,66.67,6.9,20.77,0.3
1,value_ratio<=3.5; signal<=950; rank<=1,False,29,3,2,1,0,26,66.67,6.9,20.77,0.3
1,value_ratio<=3.5; close_location>=80; rank<=1,False,28,3,2,1,0,25,66.67,7.14,20.77,0.3
1,value_ratio<=3.5; close_location>=80; signal<=940; rank<=1,False,28,3,2,1,0,25,66.67,7.14,20.77,0.3
1,value_ratio<=3.5; close_location>=80; signal<=950; rank<=1,False,28,3,2,1,0,25,66.67,7.14,20.77,0.3
1,value_ratio<=3.5; close_location>=88; rank<=1,False,22,3,2,1,0,19,66.67,9.09,20.77,0.3
1,value_ratio<=3.5; close_location>=88; signal<=940; rank<=1,False,22,3,2,1,0,19,66.67,9.09,20.77,0.3
1,value_ratio<=3.5; close_location>=88; signal<=950; rank<=1,False,22,3,2,1,0,19,66.67,9.09,20.77,0.3
1,value_ratio<=3.5; close_location>=90; rank<=1,False,19,3,2,1,0,16,66.67,10.53,20.77,0.3
1,value_ratio<=3.5; close_location>=90; signal<=940; rank<=1,False,19,3,2,1,0,16,66.67,10.53,20.77,0.3
1,value_ratio<=3.5; close_location>=90; signal<=950; rank<=1,False,19,3,2,1,0,16,66.67,10.53,20.77,0.3
1,value_ratio<=5; close_location>=80; rank<=1,False,55,3,2,1,0,52,66.67,3.64,20.77,0.3
1,value_ratio<=5; close_location>=80; signal<=940; rank<=1,False,55,3,2,1,0,52,66.67,3.64,20.77,0.3
1,value_ratio<=5; close_location>=80; signal<=950; rank<=1,False,55,3,2,1,0,52,66.67,3.64,20.77,0.3
1,value_ratio<=5; close_location>=88; rank<=1,False,41,3,2,1,0,38,66.67,4.88,20.77,0.3
1,value_ratio<=5; close_location>=88; signal<=940; rank<=1,False,41,3,2,1,0,38,66.67,4.88,20.77,0.3
1,value_ratio<=5; close_location>=88; signal<=950; rank<=1,False,41,3,2,1,0,38,66.67,4.88,20.77,0.3
1,value_ratio<=5; close_location>=90; rank<=1,False,35,3,2,1,0,32,66.67,5.71,20.77,0.3
1,value_ratio<=5; close_location>=90; signal<=940; rank<=1,False,35,3,2,1,0,32,66.67,5.71,20.77,0.3
1,value_ratio<=5; close_location>=90; signal<=950; rank<=1,False,35,3,2,1,0,32,66.67,5.71,20.77,0.3
1,distance<=-3; close_location>=88,False,57,3,2,1,0,54,66.67,3.51,20.77,0.3
1,distance<=-3; close_location>=88; rank<=2,False,57,3,2,1,0,54,66.67,3.51,20.77,0.3
1,distance<=-3; close_location>=88; signal<=940,False,57,3,2,1,0,54,66.67,3.51,20.77,0.3
1,distance<=-3; close_location>=88; signal<=940; rank<=2,False,57,3,2,1,0,54,66.67,3.51,20.77,0.3
1,distance<=-3; close_location>=88; signal<=950,False,57,3,2,1,0,54,66.67,3.51,20.77,0.3
1,distance<=-3; close_location>=88; signal<=950; rank<=2,False,57,3,2,1,0,54,66.67,3.51,20.77,0.3
1,distance<=-3; close_location>=90,False,51,3,2,1,0,48,66.67,3.92,20.77,0.3
1,distance<=-3; close_location>=90; rank<=2,False,51,3,2,1,0,48,66.67,3.92,20.77,0.3
1,distance<=-3; close_location>=90; signal<=940,False,51,3,2,1,0,48,66.67,3.92,20.77,0.3
1,distance<=-3; close_location>=90; signal<=940; rank<=2,False,51,3,2,1,0,48,66.67,3.92,20.77,0.3
1,distance<=-3; close_location>=90; signal<=950,False,51,3,2,1,0,48,66.67,3.92,20.77,0.3
1,distance<=-3; close_location>=90; signal<=950; rank<=2,False,51,3,2,1,0,48,66.67,3.92,20.77,0.3
1,distance<=-3; value_ratio<=3,False,37,3,2,1,0,34,66.67,5.41,20.77,0.3
1,distance<=-3; value_ratio<=3; rank<=2,False,37,3,2,1,0,34,66.67,5.41,20.77,0.3
1,distance<=-3; value_ratio<=3; signal<=940,False,37,3,2,1,0,34,66.67,5.41,20.77,0.3
1,distance<=-3; value_ratio<=3; signal<=940; rank<=2,False,37,3,2,1,0,34,66.67,5.41,20.77,0.3
1,distance<=-3; value_ratio<=3; signal<=950,False,37,3,2,1,0,34,66.67,5.41,20.77,0.3
1,distance<=-3; value_ratio<=3; signal<=950; rank<=2,False,37,3,2,1,0,34,66.67,5.41,20.77,0.3
1,distance<=-3; value_ratio<=3; close_location>=80,False,36,3,2,1,0,33,66.67,5.56,20.77,0.3
1,distance<=-3; value_ratio<=3; close_location>=80; rank<=2,False,36,3,2,1,0,33,66.67,5.56,20.77,0.3
1,distance<=-3; value_ratio<=3; close_location>=80; signal<=940,False,36,3,2,1,0,33,66.67,5.56,20.77,0.3
1,distance<=-3; value_ratio<=3; close_location>=80; signal<=940; rank<=2,False,36,3,2,1,0,33,66.67,5.56,20.77,0.3
1,distance<=-3; value_ratio<=3; close_location>=80; signal<=950,False,36,3,2,1,0,33,66.67,5.56,20.77,0.3
1,distance<=-3; value_ratio<=3; close_location>=80; signal<=950; rank<=2,False,36,3,2,1,0,33,66.67,5.56,20.77,0.3
1,distance<=-3; value_ratio<=3; close_location>=88,False,24,3,2,1,0,21,66.67,8.33,20.77,0.3
1,distance<=-3; value_ratio<=3; close_location>=88; rank<=2,False,24,3,2,1,0,21,66.67,8.33,20.77,0.3
1,distance<=-3; value_ratio<=3; close_location>=88; signal<=940,False,24,3,2,1,0,21,66.67,8.33,20.77,0.3
1,distance<=-3; value_ratio<=3; close_location>=88; signal<=940; rank<=2,False,24,3,2,1,0,21,66.67,8.33,20.77,0.3
1,distance<=-3; value_ratio<=3; close_location>=88; signal<=950,False,24,3,2,1,0,21,66.67,8.33,20.77,0.3
1,distance<=-3; value_ratio<=3; close_location>=88; signal<=950; rank<=2,False,24,3,2,1,0,21,66.67,8.33,20.77,0.3
1,distance<=-3; value_ratio<=3; close_location>=90,False,22,3,2,1,0,19,66.67,9.09,20.77,0.3
1,distance<=-3; value_ratio<=3; close_location>=90; rank<=2,False,22,3,2,1,0,19,66.67,9.09,20.77,0.3
1,distance<=-3; value_ratio<=3; close_location>=90; signal<=940,False,22,3,2,1,0,19,66.67,9.09,20.77,0.3
1,distance<=-3; value_ratio<=3; close_location>=90; signal<=940; rank<=2,False,22,3,2,1,0,19,66.67,9.09,20.77,0.3
1,distance<=-3; value_ratio<=3; close_location>=90; signal<=950,False,22,3,2,1,0,19,66.67,9.09,20.77,0.3
1,distance<=-3; value_ratio<=3; close_location>=90; signal<=950; rank<=2,False,22,3,2,1,0,19,66.67,9.09,20.77,0.3
1,distance<=-3; value_ratio<=3.5; close_location>=80,False,53,3,2,1,0,50,66.67,3.77,20.77,0.3
1,distance<=-3; value_ratio<=3.5; close_location>=80; rank<=2,False,53,3,2,1,0,50,66.67,3.77,20.77,0.3
1,distance<=-3; value_ratio<=3.5; close_location>=80; signal<=940,False,53,3,2,1,0,50,66.67,3.77,20.77,0.3
1,distance<=-3; value_ratio<=3.5; close_location>=80; signal<=940; rank<=2,False,53,3,2,1,0,50,66.67,3.77,20.77,0.3
1,distance<=-3; value_ratio<=3.5; close_location>=80; signal<=950,False,53,3,2,1,0,50,66.67,3.77,20.77,0.3
1,distance<=-3; value_ratio<=3.5; close_location>=80; signal<=950; rank<=2,False,53,3,2,1,0,50,66.67,3.77,20.77,0.3
1,distance<=-3; value_ratio<=3.5; close_location>=88,False,35,3,2,1,0,32,66.67,5.71,20.77,0.3
1,distance<=-3; value_ratio<=3.5; close_location>=88; rank<=2,False,35,3,2,1,0,32,66.67,5.71,20.77,0.3
1,distance<=-3; value_ratio<=3.5; close_location>=88; signal<=940,False,35,3,2,1,0,32,66.67,5.71,20.77,0.3
1,distance<=-3; value_ratio<=3.5; close_location>=88; signal<=940; rank<=2,False,35,3,2,1,0,32,66.67,5.71,20.77,0.3
1,distance<=-3; value_ratio<=3.5; close_location>=88; signal<=950,False,35,3,2,1,0,32,66.67,5.71,20.77,0.3
1,distance<=-3; value_ratio<=3.5; close_location>=88; signal<=950; rank<=2,False,35,3,2,1,0,32,66.67,5.71,20.77,0.3
1,distance<=-3; value_ratio<=3.5; close_location>=90,False,31,3,2,1,0,28,66.67,6.45,20.77,0.3
1,distance<=-3; value_ratio<=3.5; close_location>=90; rank<=2,False,31,3,2,1,0,28,66.67,6.45,20.77,0.3
1,distance<=-3; value_ratio<=3.5; close_location>=90; signal<=940,False,31,3,2,1,0,28,66.67,6.45,20.77,0.3
1,distance<=-3; value_ratio<=3.5; close_location>=90; signal<=940; rank<=2,False,31,3,2,1,0,28,66.67,6.45,20.77,0.3
1,distance<=-3; value_ratio<=3.5; close_location>=90; signal<=950,False,31,3,2,1,0,28,66.67,6.45,20.77,0.3
1,distance<=-3; value_ratio<=3.5; close_location>=90; signal<=950; rank<=2,False,31,3,2,1,0,28,66.67,6.45,20.77,0.3
1,distance<=-3; value_ratio<=5; close_location>=80,False,78,3,2,1,0,75,66.67,2.56,20.77,0.3
1,distance<=-3; value_ratio<=5; close_location>=80; rank<=2,False,78,3,2,1,0,75,66.67,2.56,20.77,0.3
1,distance<=-3; value_ratio<=5; close_location>=80; signal<=940,False,78,3,2,1,0,75,66.67,2.56,20.77,0.3
1,distance<=-3; value_ratio<=5; close_location>=80; signal<=940; rank<=2,False,78,3,2,1,0,75,66.67,2.56,20.77,0.3
1,distance<=-3; value_ratio<=5; close_location>=80; signal<=950,False,78,3,2,1,0,75,66.67,2.56,20.77,0.3
1,distance<=-3; value_ratio<=5; close_location>=80; signal<=950; rank<=2,False,78,3,2,1,0,75,66.67,2.56,20.77,0.3
1,distance<=-3; value_ratio<=5; close_location>=88,False,52,3,2,1,0,49,66.67,3.85,20.77,0.3
1,distance<=-3; value_ratio<=5; close_location>=88; rank<=2,False,52,3,2,1,0,49,66.67,3.85,20.77,0.3
1,distance<=-3; value_ratio<=5; close_location>=88; signal<=940,False,52,3,2,1,0,49,66.67,3.85,20.77,0.3
1,distance<=-3; value_ratio<=5; close_location>=88; signal<=940; rank<=2,False,52,3,2,1,0,49,66.67,3.85,20.77,0.3
1,distance<=-3; value_ratio<=5; close_location>=88; signal<=950,False,52,3,2,1,0,49,66.67,3.85,20.77,0.3
1,distance<=-3; value_ratio<=5; close_location>=88; signal<=950; rank<=2,False,52,3,2,1,0,49,66.67,3.85,20.77,0.3
1,distance<=-3; value_ratio<=5; close_location>=90,False,46,3,2,1,0,43,66.67,4.35,20.77,0.3
1,distance<=-3; value_ratio<=5; close_location>=90; rank<=2,False,46,3,2,1,0,43,66.67,4.35,20.77,0.3
1,distance<=-3; value_ratio<=5; close_location>=90; signal<=940,False,46,3,2,1,0,43,66.67,4.35,20.77,0.3
1,distance<=-3; value_ratio<=5; close_location>=90; signal<=940; rank<=2,False,46,3,2,1,0,43,66.67,4.35,20.77,0.3
1,distance<=-3; value_ratio<=5; close_location>=90; signal<=950,False,46,3,2,1,0,43,66.67,4.35,20.77,0.3
1,distance<=-3; value_ratio<=5; close_location>=90; signal<=950; rank<=2,False,46,3,2,1,0,43,66.67,4.35,20.77,0.3
1,distance<=-5; close_location>=88,False,52,3,2,1,0,49,66.67,3.85,20.77,0.3
1,distance<=-5; close_location>=88; rank<=2,False,52,3,2,1,0,49,66.67,3.85,20.77,0.3
1,distance<=-5; close_location>=88; signal<=940,False,52,3,2,1,0,49,66.67,3.85,20.77,0.3
1,distance<=-5; close_location>=88; signal<=940; rank<=2,False,52,3,2,1,0,49,66.67,3.85,20.77,0.3
1,distance<=-5; close_location>=88; signal<=950,False,52,3,2,1,0,49,66.67,3.85,20.77,0.3
1,distance<=-5; close_location>=88; signal<=950; rank<=2,False,52,3,2,1,0,49,66.67,3.85,20.77,0.3
1,distance<=-5; close_location>=90,False,46,3,2,1,0,43,66.67,4.35,20.77,0.3
1,distance<=-5; close_location>=90; rank<=2,False,46,3,2,1,0,43,66.67,4.35,20.77,0.3
1,distance<=-5; close_location>=90; signal<=940,False,46,3,2,1,0,43,66.67,4.35,20.77,0.3
1,distance<=-5; close_location>=90; signal<=940; rank<=2,False,46,3,2,1,0,43,66.67,4.35,20.77,0.3
1,distance<=-5; close_location>=90; signal<=950,False,46,3,2,1,0,43,66.67,4.35,20.77,0.3
1,distance<=-5; close_location>=90; signal<=950; rank<=2,False,46,3,2,1,0,43,66.67,4.35,20.77,0.3
1,distance<=-5; value_ratio<=3,False,35,3,2,1,0,32,66.67,5.71,20.77,0.3
1,distance<=-5; value_ratio<=3; rank<=2,False,35,3,2,1,0,32,66.67,5.71,20.77,0.3
1,distance<=-5; value_ratio<=3; signal<=940,False,35,3,2,1,0,32,66.67,5.71,20.77,0.3
1,distance<=-5; value_ratio<=3; signal<=940; rank<=2,False,35,3,2,1,0,32,66.67,5.71,20.77,0.3
1,distance<=-5; value_ratio<=3; signal<=950,False,35,3,2,1,0,32,66.67,5.71,20.77,0.3
1,distance<=-5; value_ratio<=3; signal<=950; rank<=2,False,35,3,2,1,0,32,66.67,5.71,20.77,0.3
1,distance<=-5; value_ratio<=3; close_location>=80,False,34,3,2,1,0,31,66.67,5.88,20.77,0.3
1,distance<=-5; value_ratio<=3; close_location>=80; rank<=2,False,34,3,2,1,0,31,66.67,5.88,20.77,0.3
1,distance<=-5; value_ratio<=3; close_location>=80; signal<=940,False,34,3,2,1,0,31,66.67,5.88,20.77,0.3
1,distance<=-5; value_ratio<=3; close_location>=80; signal<=940; rank<=2,False,34,3,2,1,0,31,66.67,5.88,20.77,0.3
1,distance<=-5; value_ratio<=3; close_location>=80; signal<=950,False,34,3,2,1,0,31,66.67,5.88,20.77,0.3
1,distance<=-5; value_ratio<=3; close_location>=80; signal<=950; rank<=2,False,34,3,2,1,0,31,66.67,5.88,20.77,0.3
1,distance<=-5; value_ratio<=3; close_location>=88,False,22,3,2,1,0,19,66.67,9.09,20.77,0.3
1,distance<=-5; value_ratio<=3; close_location>=88; rank<=2,False,22,3,2,1,0,19,66.67,9.09,20.77,0.3
1,distance<=-5; value_ratio<=3; close_location>=88; signal<=940,False,22,3,2,1,0,19,66.67,9.09,20.77,0.3
1,distance<=-5; value_ratio<=3; close_location>=88; signal<=940; rank<=2,False,22,3,2,1,0,19,66.67,9.09,20.77,0.3
1,distance<=-5; value_ratio<=3; close_location>=88; signal<=950,False,22,3,2,1,0,19,66.67,9.09,20.77,0.3
1,distance<=-5; value_ratio<=3; close_location>=88; signal<=950; rank<=2,False,22,3,2,1,0,19,66.67,9.09,20.77,0.3
1,distance<=-5; value_ratio<=3; close_location>=90,False,20,3,2,1,0,17,66.67,10.0,20.77,0.3
1,distance<=-5; value_ratio<=3; close_location>=90; rank<=2,False,20,3,2,1,0,17,66.67,10.0,20.77,0.3
1,distance<=-5; value_ratio<=3; close_location>=90; signal<=940,False,20,3,2,1,0,17,66.67,10.0,20.77,0.3
1,distance<=-5; value_ratio<=3; close_location>=90; signal<=940; rank<=2,False,20,3,2,1,0,17,66.67,10.0,20.77,0.3
1,distance<=-5; value_ratio<=3; close_location>=90; signal<=950,False,20,3,2,1,0,17,66.67,10.0,20.77,0.3
1,distance<=-5; value_ratio<=3; close_location>=90; signal<=950; rank<=2,False,20,3,2,1,0,17,66.67,10.0,20.77,0.3
1,distance<=-5; value_ratio<=3.5; close_location>=80,False,50,3,2,1,0,47,66.67,4.0,20.77,0.3
1,distance<=-5; value_ratio<=3.5; close_location>=80; rank<=2,False,50,3,2,1,0,47,66.67,4.0,20.77,0.3
1,distance<=-5; value_ratio<=3.5; close_location>=80; signal<=940,False,50,3,2,1,0,47,66.67,4.0,20.77,0.3
1,distance<=-5; value_ratio<=3.5; close_location>=80; signal<=940; rank<=2,False,50,3,2,1,0,47,66.67,4.0,20.77,0.3
1,distance<=-5; value_ratio<=3.5; close_location>=80; signal<=950,False,50,3,2,1,0,47,66.67,4.0,20.77,0.3
1,distance<=-5; value_ratio<=3.5; close_location>=80; signal<=950; rank<=2,False,50,3,2,1,0,47,66.67,4.0,20.77,0.3
1,distance<=-5; value_ratio<=3.5; close_location>=88,False,33,3,2,1,0,30,66.67,6.06,20.77,0.3
1,distance<=-5; value_ratio<=3.5; close_location>=88; rank<=2,False,33,3,2,1,0,30,66.67,6.06,20.77,0.3
1,distance<=-5; value_ratio<=3.5; close_location>=88; signal<=940,False,33,3,2,1,0,30,66.67,6.06,20.77,0.3
1,distance<=-5; value_ratio<=3.5; close_location>=88; signal<=940; rank<=2,False,33,3,2,1,0,30,66.67,6.06,20.77,0.3
1,distance<=-5; value_ratio<=3.5; close_location>=88; signal<=950,False,33,3,2,1,0,30,66.67,6.06,20.77,0.3
1,distance<=-5; value_ratio<=3.5; close_location>=88; signal<=950; rank<=2,False,33,3,2,1,0,30,66.67,6.06,20.77,0.3
1,distance<=-5; value_ratio<=3.5; close_location>=90,False,29,3,2,1,0,26,66.67,6.9,20.77,0.3
1,distance<=-5; value_ratio<=3.5; close_location>=90; rank<=2,False,29,3,2,1,0,26,66.67,6.9,20.77,0.3
1,distance<=-5; value_ratio<=3.5; close_location>=90; signal<=940,False,29,3,2,1,0,26,66.67,6.9,20.77,0.3
1,distance<=-5; value_ratio<=3.5; close_location>=90; signal<=940; rank<=2,False,29,3,2,1,0,26,66.67,6.9,20.77,0.3
1,distance<=-5; value_ratio<=3.5; close_location>=90; signal<=950,False,29,3,2,1,0,26,66.67,6.9,20.77,0.3
1,distance<=-5; value_ratio<=3.5; close_location>=90; signal<=950; rank<=2,False,29,3,2,1,0,26,66.67,6.9,20.77,0.3
1,distance<=-5; value_ratio<=5; close_location>=80,False,71,3,2,1,0,68,66.67,2.82,20.77,0.3
1,distance<=-5; value_ratio<=5; close_location>=80; rank<=2,False,71,3,2,1,0,68,66.67,2.82,20.77,0.3
1,distance<=-5; value_ratio<=5; close_location>=80; signal<=940,False,71,3,2,1,0,68,66.67,2.82,20.77,0.3
1,distance<=-5; value_ratio<=5; close_location>=80; signal<=940; rank<=2,False,71,3,2,1,0,68,66.67,2.82,20.77,0.3
1,distance<=-5; value_ratio<=5; close_location>=80; signal<=950,False,71,3,2,1,0,68,66.67,2.82,20.77,0.3
1,distance<=-5; value_ratio<=5; close_location>=80; signal<=950; rank<=2,False,71,3,2,1,0,68,66.67,2.82,20.77,0.3
1,distance<=-5; value_ratio<=5; close_location>=88,False,47,3,2,1,0,44,66.67,4.26,20.77,0.3
1,distance<=-5; value_ratio<=5; close_location>=88; rank<=2,False,47,3,2,1,0,44,66.67,4.26,20.77,0.3
1,distance<=-5; value_ratio<=5; close_location>=88; signal<=940,False,47,3,2,1,0,44,66.67,4.26,20.77,0.3
1,distance<=-5; value_ratio<=5; close_location>=88; signal<=940; rank<=2,False,47,3,2,1,0,44,66.67,4.26,20.77,0.3
1,distance<=-5; value_ratio<=5; close_location>=88; signal<=950,False,47,3,2,1,0,44,66.67,4.26,20.77,0.3
1,distance<=-5; value_ratio<=5; close_location>=88; signal<=950; rank<=2,False,47,3,2,1,0,44,66.67,4.26,20.77,0.3
1,distance<=-5; value_ratio<=5; close_location>=90,False,41,3,2,1,0,38,66.67,4.88,20.77,0.3
1,distance<=-5; value_ratio<=5; close_location>=90; rank<=2,False,41,3,2,1,0,38,66.67,4.88,20.77,0.3
1,distance<=-5; value_ratio<=5; close_location>=90; signal<=940,False,41,3,2,1,0,38,66.67,4.88,20.77,0.3
1,distance<=-5; value_ratio<=5; close_location>=90; signal<=940; rank<=2,False,41,3,2,1,0,38,66.67,4.88,20.77,0.3
1,distance<=-5; value_ratio<=5; close_location>=90; signal<=950,False,41,3,2,1,0,38,66.67,4.88,20.77,0.3
1,distance<=-5; value_ratio<=5; close_location>=90; signal<=950; rank<=2,False,41,3,2,1,0,38,66.67,4.88,20.77,0.3
1,distance<=-8; close_location>=88,False,44,3,2,1,0,41,66.67,4.55,20.77,0.3
1,distance<=-8; close_location>=88; rank<=2,False,44,3,2,1,0,41,66.67,4.55,20.77,0.3
1,distance<=-8; close_location>=88; signal<=940,False,44,3,2,1,0,41,66.67,4.55,20.77,0.3
1,distance<=-8; close_location>=88; signal<=940; rank<=2,False,44,3,2,1,0,41,66.67,4.55,20.77,0.3
1,distance<=-8; close_location>=88; signal<=950,False,44,3,2,1,0,41,66.67,4.55,20.77,0.3
1,distance<=-8; close_location>=88; signal<=950; rank<=2,False,44,3,2,1,0,41,66.67,4.55,20.77,0.3
1,distance<=-8; close_location>=90,False,38,3,2,1,0,35,66.67,5.26,20.77,0.3
1,distance<=-8; close_location>=90; rank<=2,False,38,3,2,1,0,35,66.67,5.26,20.77,0.3
1,distance<=-8; close_location>=90; signal<=940,False,38,3,2,1,0,35,66.67,5.26,20.77,0.3
1,distance<=-8; close_location>=90; signal<=940; rank<=2,False,38,3,2,1,0,35,66.67,5.26,20.77,0.3
1,distance<=-8; close_location>=90; signal<=950,False,38,3,2,1,0,35,66.67,5.26,20.77,0.3
1,distance<=-8; close_location>=90; signal<=950; rank<=2,False,38,3,2,1,0,35,66.67,5.26,20.77,0.3
1,distance<=-8; value_ratio<=3,False,26,3,2,1,0,23,66.67,7.69,20.77,0.3
1,distance<=-8; value_ratio<=3; rank<=2,False,26,3,2,1,0,23,66.67,7.69,20.77,0.3
1,distance<=-8; value_ratio<=3; signal<=940,False,26,3,2,1,0,23,66.67,7.69,20.77,0.3
1,distance<=-8; value_ratio<=3; signal<=940; rank<=2,False,26,3,2,1,0,23,66.67,7.69,20.77,0.3
1,distance<=-8; value_ratio<=3; signal<=950,False,26,3,2,1,0,23,66.67,7.69,20.77,0.3
1,distance<=-8; value_ratio<=3; signal<=950; rank<=2,False,26,3,2,1,0,23,66.67,7.69,20.77,0.3
1,distance<=-8; value_ratio<=3; close_location>=80,False,25,3,2,1,0,22,66.67,8.0,20.77,0.3
1,distance<=-8; value_ratio<=3; close_location>=80; rank<=2,False,25,3,2,1,0,22,66.67,8.0,20.77,0.3
1,distance<=-8; value_ratio<=3; close_location>=80; signal<=940,False,25,3,2,1,0,22,66.67,8.0,20.77,0.3
1,distance<=-8; value_ratio<=3; close_location>=80; signal<=940; rank<=2,False,25,3,2,1,0,22,66.67,8.0,20.77,0.3
1,distance<=-8; value_ratio<=3; close_location>=80; signal<=950,False,25,3,2,1,0,22,66.67,8.0,20.77,0.3
1,distance<=-8; value_ratio<=3; close_location>=80; signal<=950; rank<=2,False,25,3,2,1,0,22,66.67,8.0,20.77,0.3
1,distance<=-8; value_ratio<=3; close_location>=88,False,16,3,2,1,0,13,66.67,12.5,20.77,0.3
1,distance<=-8; value_ratio<=3; close_location>=88; rank<=2,False,16,3,2,1,0,13,66.67,12.5,20.77,0.3
1,distance<=-8; value_ratio<=3; close_location>=88; signal<=940,False,16,3,2,1,0,13,66.67,12.5,20.77,0.3
1,distance<=-8; value_ratio<=3; close_location>=88; signal<=940; rank<=2,False,16,3,2,1,0,13,66.67,12.5,20.77,0.3
1,distance<=-8; value_ratio<=3; close_location>=88; signal<=950,False,16,3,2,1,0,13,66.67,12.5,20.77,0.3
1,distance<=-8; value_ratio<=3; close_location>=88; signal<=950; rank<=2,False,16,3,2,1,0,13,66.67,12.5,20.77,0.3
1,distance<=-8; value_ratio<=3; close_location>=90,False,14,3,2,1,0,11,66.67,14.29,20.77,0.3
1,distance<=-8; value_ratio<=3; close_location>=90; rank<=2,False,14,3,2,1,0,11,66.67,14.29,20.77,0.3
1,distance<=-8; value_ratio<=3; close_location>=90; signal<=940,False,14,3,2,1,0,11,66.67,14.29,20.77,0.3
1,distance<=-8; value_ratio<=3; close_location>=90; signal<=940; rank<=2,False,14,3,2,1,0,11,66.67,14.29,20.77,0.3
1,distance<=-8; value_ratio<=3; close_location>=90; signal<=950,False,14,3,2,1,0,11,66.67,14.29,20.77,0.3
1,distance<=-8; value_ratio<=3; close_location>=90; signal<=950; rank<=2,False,14,3,2,1,0,11,66.67,14.29,20.77,0.3
1,distance<=-8; value_ratio<=3.5; close_location>=80,False,40,3,2,1,0,37,66.67,5.0,20.77,0.3
1,distance<=-8; value_ratio<=3.5; close_location>=80; rank<=2,False,40,3,2,1,0,37,66.67,5.0,20.77,0.3
1,distance<=-8; value_ratio<=3.5; close_location>=80; signal<=940,False,40,3,2,1,0,37,66.67,5.0,20.77,0.3
1,distance<=-8; value_ratio<=3.5; close_location>=80; signal<=940; rank<=2,False,40,3,2,1,0,37,66.67,5.0,20.77,0.3
1,distance<=-8; value_ratio<=3.5; close_location>=80; signal<=950,False,40,3,2,1,0,37,66.67,5.0,20.77,0.3
1,distance<=-8; value_ratio<=3.5; close_location>=80; signal<=950; rank<=2,False,40,3,2,1,0,37,66.67,5.0,20.77,0.3
1,distance<=-8; value_ratio<=3.5; close_location>=88,False,27,3,2,1,0,24,66.67,7.41,20.77,0.3
1,distance<=-8; value_ratio<=3.5; close_location>=88; rank<=2,False,27,3,2,1,0,24,66.67,7.41,20.77,0.3
1,distance<=-8; value_ratio<=3.5; close_location>=88; signal<=940,False,27,3,2,1,0,24,66.67,7.41,20.77,0.3
1,distance<=-8; value_ratio<=3.5; close_location>=88; signal<=940; rank<=2,False,27,3,2,1,0,24,66.67,7.41,20.77,0.3
1,distance<=-8; value_ratio<=3.5; close_location>=88; signal<=950,False,27,3,2,1,0,24,66.67,7.41,20.77,0.3
1,distance<=-8; value_ratio<=3.5; close_location>=88; signal<=950; rank<=2,False,27,3,2,1,0,24,66.67,7.41,20.77,0.3
1,distance<=-8; value_ratio<=3.5; close_location>=90,False,23,3,2,1,0,20,66.67,8.7,20.77,0.3
1,distance<=-8; value_ratio<=3.5; close_location>=90; rank<=2,False,23,3,2,1,0,20,66.67,8.7,20.77,0.3
1,distance<=-8; value_ratio<=3.5; close_location>=90; signal<=940,False,23,3,2,1,0,20,66.67,8.7,20.77,0.3
1,distance<=-8; value_ratio<=3.5; close_location>=90; signal<=940; rank<=2,False,23,3,2,1,0,20,66.67,8.7,20.77,0.3
1,distance<=-8; value_ratio<=3.5; close_location>=90; signal<=950,False,23,3,2,1,0,20,66.67,8.7,20.77,0.3
1,distance<=-8; value_ratio<=3.5; close_location>=90; signal<=950; rank<=2,False,23,3,2,1,0,20,66.67,8.7,20.77,0.3
1,distance<=-8; value_ratio<=5; close_location>=80,False,58,3,2,1,0,55,66.67,3.45,20.77,0.3
1,distance<=-8; value_ratio<=5; close_location>=80; rank<=2,False,58,3,2,1,0,55,66.67,3.45,20.77,0.3
1,distance<=-8; value_ratio<=5; close_location>=80; signal<=940,False,58,3,2,1,0,55,66.67,3.45,20.77,0.3
1,distance<=-8; value_ratio<=5; close_location>=80; signal<=940; rank<=2,False,58,3,2,1,0,55,66.67,3.45,20.77,0.3
1,distance<=-8; value_ratio<=5; close_location>=80; signal<=950,False,58,3,2,1,0,55,66.67,3.45,20.77,0.3
1,distance<=-8; value_ratio<=5; close_location>=80; signal<=950; rank<=2,False,58,3,2,1,0,55,66.67,3.45,20.77,0.3
1,distance<=-8; value_ratio<=5; close_location>=88,False,39,3,2,1,0,36,66.67,5.13,20.77,0.3
1,distance<=-8; value_ratio<=5; close_location>=88; rank<=2,False,39,3,2,1,0,36,66.67,5.13,20.77,0.3
1,distance<=-8; value_ratio<=5; close_location>=88; signal<=940,False,39,3,2,1,0,36,66.67,5.13,20.77,0.3
1,distance<=-8; value_ratio<=5; close_location>=88; signal<=940; rank<=2,False,39,3,2,1,0,36,66.67,5.13,20.77,0.3
1,distance<=-8; value_ratio<=5; close_location>=88; signal<=950,False,39,3,2,1,0,36,66.67,5.13,20.77,0.3
1,distance<=-8; value_ratio<=5; close_location>=88; signal<=950; rank<=2,False,39,3,2,1,0,36,66.67,5.13,20.77,0.3
1,distance<=-8; value_ratio<=5; close_location>=90,False,33,3,2,1,0,30,66.67,6.06,20.77,0.3
1,distance<=-8; value_ratio<=5; close_location>=90; rank<=2,False,33,3,2,1,0,30,66.67,6.06,20.77,0.3
1,distance<=-8; value_ratio<=5; close_location>=90; signal<=940,False,33,3,2,1,0,30,66.67,6.06,20.77,0.3
1,distance<=-8; value_ratio<=5; close_location>=90; signal<=940; rank<=2,False,33,3,2,1,0,30,66.67,6.06,20.77,0.3
1,distance<=-8; value_ratio<=5; close_location>=90; signal<=950,False,33,3,2,1,0,30,66.67,6.06,20.77,0.3
1,distance<=-8; value_ratio<=5; close_location>=90; signal<=950; rank<=2,False,33,3,2,1,0,30,66.67,6.06,20.77,0.3
1,distance<=-10; close_location>=88,False,39,3,2,1,0,36,66.67,5.13,20.77,0.3
1,distance<=-10; close_location>=88; rank<=2,False,39,3,2,1,0,36,66.67,5.13,20.77,0.3
1,distance<=-10; close_location>=88; signal<=940,False,39,3,2,1,0,36,66.67,5.13,20.77,0.3
1,distance<=-10; close_location>=88; signal<=940; rank<=2,False,39,3,2,1,0,36,66.67,5.13,20.77,0.3
1,distance<=-10; close_location>=88; signal<=950,False,39,3,2,1,0,36,66.67,5.13,20.77,0.3
1,distance<=-10; close_location>=88; signal<=950; rank<=2,False,39,3,2,1,0,36,66.67,5.13,20.77,0.3
1,distance<=-10; close_location>=90,False,33,3,2,1,0,30,66.67,6.06,20.77,0.3
1,distance<=-10; close_location>=90; rank<=2,False,33,3,2,1,0,30,66.67,6.06,20.77,0.3
1,distance<=-10; close_location>=90; signal<=940,False,33,3,2,1,0,30,66.67,6.06,20.77,0.3
1,distance<=-10; close_location>=90; signal<=940; rank<=2,False,33,3,2,1,0,30,66.67,6.06,20.77,0.3
1,distance<=-10; close_location>=90; signal<=950,False,33,3,2,1,0,30,66.67,6.06,20.77,0.3
1,distance<=-10; close_location>=90; signal<=950; rank<=2,False,33,3,2,1,0,30,66.67,6.06,20.77,0.3
1,distance<=-10; value_ratio<=3,False,23,3,2,1,0,20,66.67,8.7,20.77,0.3
1,distance<=-10; value_ratio<=3; rank<=2,False,23,3,2,1,0,20,66.67,8.7,20.77,0.3
1,distance<=-10; value_ratio<=3; signal<=940,False,23,3,2,1,0,20,66.67,8.7,20.77,0.3
1,distance<=-10; value_ratio<=3; signal<=940; rank<=2,False,23,3,2,1,0,20,66.67,8.7,20.77,0.3
1,distance<=-10; value_ratio<=3; signal<=950,False,23,3,2,1,0,20,66.67,8.7,20.77,0.3
1,distance<=-10; value_ratio<=3; signal<=950; rank<=2,False,23,3,2,1,0,20,66.67,8.7,20.77,0.3
1,distance<=-10; value_ratio<=3; close_location>=80,False,22,3,2,1,0,19,66.67,9.09,20.77,0.3
1,distance<=-10; value_ratio<=3; close_location>=80; rank<=2,False,22,3,2,1,0,19,66.67,9.09,20.77,0.3
1,distance<=-10; value_ratio<=3; close_location>=80; signal<=940,False,22,3,2,1,0,19,66.67,9.09,20.77,0.3
1,distance<=-10; value_ratio<=3; close_location>=80; signal<=940; rank<=2,False,22,3,2,1,0,19,66.67,9.09,20.77,0.3
1,distance<=-10; value_ratio<=3; close_location>=80; signal<=950,False,22,3,2,1,0,19,66.67,9.09,20.77,0.3
1,distance<=-10; value_ratio<=3; close_location>=80; signal<=950; rank<=2,False,22,3,2,1,0,19,66.67,9.09,20.77,0.3
1,distance<=-10; value_ratio<=3; close_location>=88,False,16,3,2,1,0,13,66.67,12.5,20.77,0.3
1,distance<=-10; value_ratio<=3; close_location>=88; rank<=2,False,16,3,2,1,0,13,66.67,12.5,20.77,0.3
1,distance<=-10; value_ratio<=3; close_location>=88; signal<=940,False,16,3,2,1,0,13,66.67,12.5,20.77,0.3
1,distance<=-10; value_ratio<=3; close_location>=88; signal<=940; rank<=2,False,16,3,2,1,0,13,66.67,12.5,20.77,0.3
1,distance<=-10; value_ratio<=3; close_location>=88; signal<=950,False,16,3,2,1,0,13,66.67,12.5,20.77,0.3
1,distance<=-10; value_ratio<=3; close_location>=88; signal<=950; rank<=2,False,16,3,2,1,0,13,66.67,12.5,20.77,0.3
1,distance<=-10; value_ratio<=3; close_location>=90,False,14,3,2,1,0,11,66.67,14.29,20.77,0.3
1,distance<=-10; value_ratio<=3; close_location>=90; rank<=2,False,14,3,2,1,0,11,66.67,14.29,20.77,0.3
1,distance<=-10; value_ratio<=3; close_location>=90; signal<=940,False,14,3,2,1,0,11,66.67,14.29,20.77,0.3
1,distance<=-10; value_ratio<=3; close_location>=90; signal<=940; rank<=2,False,14,3,2,1,0,11,66.67,14.29,20.77,0.3
1,distance<=-10; value_ratio<=3; close_location>=90; signal<=950,False,14,3,2,1,0,11,66.67,14.29,20.77,0.3
1,distance<=-10; value_ratio<=3; close_location>=90; signal<=950; rank<=2,False,14,3,2,1,0,11,66.67,14.29,20.77,0.3
1,distance<=-10; value_ratio<=3.5; close_location>=80,False,31,3,2,1,0,28,66.67,6.45,20.77,0.3
1,distance<=-10; value_ratio<=3.5; close_location>=80; rank<=2,False,31,3,2,1,0,28,66.67,6.45,20.77,0.3
1,distance<=-10; value_ratio<=3.5; close_location>=80; signal<=940,False,31,3,2,1,0,28,66.67,6.45,20.77,0.3
1,distance<=-10; value_ratio<=3.5; close_location>=80; signal<=940; rank<=2,False,31,3,2,1,0,28,66.67,6.45,20.77,0.3
1,distance<=-10; value_ratio<=3.5; close_location>=80; signal<=950,False,31,3,2,1,0,28,66.67,6.45,20.77,0.3
1,distance<=-10; value_ratio<=3.5; close_location>=80; signal<=950; rank<=2,False,31,3,2,1,0,28,66.67,6.45,20.77,0.3
1,distance<=-10; value_ratio<=3.5; close_location>=88,False,23,3,2,1,0,20,66.67,8.7,20.77,0.3
1,distance<=-10; value_ratio<=3.5; close_location>=88; rank<=2,False,23,3,2,1,0,20,66.67,8.7,20.77,0.3
1,distance<=-10; value_ratio<=3.5; close_location>=88; signal<=940,False,23,3,2,1,0,20,66.67,8.7,20.77,0.3
1,distance<=-10; value_ratio<=3.5; close_location>=88; signal<=940; rank<=2,False,23,3,2,1,0,20,66.67,8.7,20.77,0.3
1,distance<=-10; value_ratio<=3.5; close_location>=88; signal<=950,False,23,3,2,1,0,20,66.67,8.7,20.77,0.3
1,distance<=-10; value_ratio<=3.5; close_location>=88; signal<=950; rank<=2,False,23,3,2,1,0,20,66.67,8.7,20.77,0.3
1,distance<=-10; value_ratio<=3.5; close_location>=90,False,19,3,2,1,0,16,66.67,10.53,20.77,0.3
1,distance<=-10; value_ratio<=3.5; close_location>=90; rank<=2,False,19,3,2,1,0,16,66.67,10.53,20.77,0.3
1,distance<=-10; value_ratio<=3.5; close_location>=90; signal<=940,False,19,3,2,1,0,16,66.67,10.53,20.77,0.3
1,distance<=-10; value_ratio<=3.5; close_location>=90; signal<=940; rank<=2,False,19,3,2,1,0,16,66.67,10.53,20.77,0.3
1,distance<=-10; value_ratio<=3.5; close_location>=90; signal<=950,False,19,3,2,1,0,16,66.67,10.53,20.77,0.3
1,distance<=-10; value_ratio<=3.5; close_location>=90; signal<=950; rank<=2,False,19,3,2,1,0,16,66.67,10.53,20.77,0.3
1,distance<=-10; value_ratio<=5; close_location>=80,False,48,3,2,1,0,45,66.67,4.17,20.77,0.3
1,distance<=-10; value_ratio<=5; close_location>=80; rank<=2,False,48,3,2,1,0,45,66.67,4.17,20.77,0.3
1,distance<=-10; value_ratio<=5; close_location>=80; signal<=940,False,48,3,2,1,0,45,66.67,4.17,20.77,0.3
1,distance<=-10; value_ratio<=5; close_location>=80; signal<=940; rank<=2,False,48,3,2,1,0,45,66.67,4.17,20.77,0.3
1,distance<=-10; value_ratio<=5; close_location>=80; signal<=950,False,48,3,2,1,0,45,66.67,4.17,20.77,0.3
1,distance<=-10; value_ratio<=5; close_location>=80; signal<=950; rank<=2,False,48,3,2,1,0,45,66.67,4.17,20.77,0.3
1,distance<=-10; value_ratio<=5; close_location>=88,False,34,3,2,1,0,31,66.67,5.88,20.77,0.3
1,distance<=-10; value_ratio<=5; close_location>=88; rank<=2,False,34,3,2,1,0,31,66.67,5.88,20.77,0.3
1,distance<=-10; value_ratio<=5; close_location>=88; signal<=940,False,34,3,2,1,0,31,66.67,5.88,20.77,0.3
1,distance<=-10; value_ratio<=5; close_location>=88; signal<=940; rank<=2,False,34,3,2,1,0,31,66.67,5.88,20.77,0.3
1,distance<=-10; value_ratio<=5; close_location>=88; signal<=950,False,34,3,2,1,0,31,66.67,5.88,20.77,0.3
1,distance<=-10; value_ratio<=5; close_location>=88; signal<=950; rank<=2,False,34,3,2,1,0,31,66.67,5.88,20.77,0.3
1,distance<=-10; value_ratio<=5; close_location>=90,False,28,3,2,1,0,25,66.67,7.14,20.77,0.3
1,distance<=-10; value_ratio<=5; close_location>=90; rank<=2,False,28,3,2,1,0,25,66.67,7.14,20.77,0.3
1,distance<=-10; value_ratio<=5; close_location>=90; signal<=940,False,28,3,2,1,0,25,66.67,7.14,20.77,0.3
1,distance<=-10; value_ratio<=5; close_location>=90; signal<=940; rank<=2,False,28,3,2,1,0,25,66.67,7.14,20.77,0.3
1,distance<=-10; value_ratio<=5; close_location>=90; signal<=950,False,28,3,2,1,0,25,66.67,7.14,20.77,0.3
1,distance<=-10; value_ratio<=5; close_location>=90; signal<=950; rank<=2,False,28,3,2,1,0,25,66.67,7.14,20.77,0.3
1,distance<=-12; close_location>=88,False,36,3,2,1,0,33,66.67,5.56,20.77,0.3
1,distance<=-12; close_location>=88; rank<=2,False,36,3,2,1,0,33,66.67,5.56,20.77,0.3
1,distance<=-12; close_location>=88; signal<=940,False,36,3,2,1,0,33,66.67,5.56,20.77,0.3
1,distance<=-12; close_location>=88; signal<=940; rank<=2,False,36,3,2,1,0,33,66.67,5.56,20.77,0.3
1,distance<=-12; close_location>=88; signal<=950,False,36,3,2,1,0,33,66.67,5.56,20.77,0.3
1,distance<=-12; close_location>=88; signal<=950; rank<=2,False,36,3,2,1,0,33,66.67,5.56,20.77,0.3
1,distance<=-12; close_location>=90,False,30,3,2,1,0,27,66.67,6.67,20.77,0.3
1,distance<=-12; close_location>=90; rank<=2,False,30,3,2,1,0,27,66.67,6.67,20.77,0.3
1,distance<=-12; close_location>=90; signal<=940,False,30,3,2,1,0,27,66.67,6.67,20.77,0.3
1,distance<=-12; close_location>=90; signal<=940; rank<=2,False,30,3,2,1,0,27,66.67,6.67,20.77,0.3
1,distance<=-12; close_location>=90; signal<=950,False,30,3,2,1,0,27,66.67,6.67,20.77,0.3
1,distance<=-12; close_location>=90; signal<=950; rank<=2,False,30,3,2,1,0,27,66.67,6.67,20.77,0.3
1,distance<=-12; value_ratio<=3,False,20,3,2,1,0,17,66.67,10.0,20.77,0.3
1,distance<=-12; value_ratio<=3; rank<=2,False,20,3,2,1,0,17,66.67,10.0,20.77,0.3
1,distance<=-12; value_ratio<=3; signal<=940,False,20,3,2,1,0,17,66.67,10.0,20.77,0.3
1,distance<=-12; value_ratio<=3; signal<=940; rank<=2,False,20,3,2,1,0,17,66.67,10.0,20.77,0.3
1,distance<=-12; value_ratio<=3; signal<=950,False,20,3,2,1,0,17,66.67,10.0,20.77,0.3
1,distance<=-12; value_ratio<=3; signal<=950; rank<=2,False,20,3,2,1,0,17,66.67,10.0,20.77,0.3
1,distance<=-12; value_ratio<=3; close_location>=80,False,19,3,2,1,0,16,66.67,10.53,20.77,0.3
1,distance<=-12; value_ratio<=3; close_location>=80; rank<=2,False,19,3,2,1,0,16,66.67,10.53,20.77,0.3
1,distance<=-12; value_ratio<=3; close_location>=80; signal<=940,False,19,3,2,1,0,16,66.67,10.53,20.77,0.3
1,distance<=-12; value_ratio<=3; close_location>=80; signal<=940; rank<=2,False,19,3,2,1,0,16,66.67,10.53,20.77,0.3
1,distance<=-12; value_ratio<=3; close_location>=80; signal<=950,False,19,3,2,1,0,16,66.67,10.53,20.77,0.3
1,distance<=-12; value_ratio<=3; close_location>=80; signal<=950; rank<=2,False,19,3,2,1,0,16,66.67,10.53,20.77,0.3
1,distance<=-12; value_ratio<=3; close_location>=88,False,14,3,2,1,0,11,66.67,14.29,20.77,0.3
1,distance<=-12; value_ratio<=3; close_location>=88; rank<=2,False,14,3,2,1,0,11,66.67,14.29,20.77,0.3
1,distance<=-12; value_ratio<=3; close_location>=88; signal<=940,False,14,3,2,1,0,11,66.67,14.29,20.77,0.3
1,distance<=-12; value_ratio<=3; close_location>=88; signal<=940; rank<=2,False,14,3,2,1,0,11,66.67,14.29,20.77,0.3
1,distance<=-12; value_ratio<=3; close_location>=88; signal<=950,False,14,3,2,1,0,11,66.67,14.29,20.77,0.3
1,distance<=-12; value_ratio<=3; close_location>=88; signal<=950; rank<=2,False,14,3,2,1,0,11,66.67,14.29,20.77,0.3
1,distance<=-12; value_ratio<=3; close_location>=90,False,12,3,2,1,0,9,66.67,16.67,20.77,0.3
1,distance<=-12; value_ratio<=3; close_location>=90; rank<=2,False,12,3,2,1,0,9,66.67,16.67,20.77,0.3
1,distance<=-12; value_ratio<=3; close_location>=90; signal<=940,False,12,3,2,1,0,9,66.67,16.67,20.77,0.3
1,distance<=-12; value_ratio<=3; close_location>=90; signal<=940; rank<=2,False,12,3,2,1,0,9,66.67,16.67,20.77,0.3
1,distance<=-12; value_ratio<=3; close_location>=90; signal<=950,False,12,3,2,1,0,9,66.67,16.67,20.77,0.3
1,distance<=-12; value_ratio<=3; close_location>=90; signal<=950; rank<=2,False,12,3,2,1,0,9,66.67,16.67,20.77,0.3
1,distance<=-12; value_ratio<=3.5,False,30,3,2,1,0,27,66.67,6.67,20.77,0.3
1,distance<=-12; value_ratio<=3.5; rank<=2,False,30,3,2,1,0,27,66.67,6.67,20.77,0.3
1,distance<=-12; value_ratio<=3.5; signal<=940,False,30,3,2,1,0,27,66.67,6.67,20.77,0.3
1,distance<=-12; value_ratio<=3.5; signal<=940; rank<=2,False,30,3,2,1,0,27,66.67,6.67,20.77,0.3
1,distance<=-12; value_ratio<=3.5; signal<=950,False,30,3,2,1,0,27,66.67,6.67,20.77,0.3
1,distance<=-12; value_ratio<=3.5; signal<=950; rank<=2,False,30,3,2,1,0,27,66.67,6.67,20.77,0.3
1,distance<=-12; value_ratio<=3.5; close_location>=80,False,28,3,2,1,0,25,66.67,7.14,20.77,0.3
1,distance<=-12; value_ratio<=3.5; close_location>=80; rank<=2,False,28,3,2,1,0,25,66.67,7.14,20.77,0.3
1,distance<=-12; value_ratio<=3.5; close_location>=80; signal<=940,False,28,3,2,1,0,25,66.67,7.14,20.77,0.3
1,distance<=-12; value_ratio<=3.5; close_location>=80; signal<=940; rank<=2,False,28,3,2,1,0,25,66.67,7.14,20.77,0.3
1,distance<=-12; value_ratio<=3.5; close_location>=80; signal<=950,False,28,3,2,1,0,25,66.67,7.14,20.77,0.3
1,distance<=-12; value_ratio<=3.5; close_location>=80; signal<=950; rank<=2,False,28,3,2,1,0,25,66.67,7.14,20.77,0.3
1,distance<=-12; value_ratio<=3.5; close_location>=88,False,21,3,2,1,0,18,66.67,9.52,20.77,0.3
1,distance<=-12; value_ratio<=3.5; close_location>=88; rank<=2,False,21,3,2,1,0,18,66.67,9.52,20.77,0.3
1,distance<=-12; value_ratio<=3.5; close_location>=88; signal<=940,False,21,3,2,1,0,18,66.67,9.52,20.77,0.3
1,distance<=-12; value_ratio<=3.5; close_location>=88; signal<=940; rank<=2,False,21,3,2,1,0,18,66.67,9.52,20.77,0.3
1,distance<=-12; value_ratio<=3.5; close_location>=88; signal<=950,False,21,3,2,1,0,18,66.67,9.52,20.77,0.3
1,distance<=-12; value_ratio<=3.5; close_location>=88; signal<=950; rank<=2,False,21,3,2,1,0,18,66.67,9.52,20.77,0.3
1,distance<=-12; value_ratio<=3.5; close_location>=90,False,17,3,2,1,0,14,66.67,11.76,20.77,0.3
1,distance<=-12; value_ratio<=3.5; close_location>=90; rank<=2,False,17,3,2,1,0,14,66.67,11.76,20.77,0.3
1,distance<=-12; value_ratio<=3.5; close_location>=90; signal<=940,False,17,3,2,1,0,14,66.67,11.76,20.77,0.3
1,distance<=-12; value_ratio<=3.5; close_location>=90; signal<=940; rank<=2,False,17,3,2,1,0,14,66.67,11.76,20.77,0.3
1,distance<=-12; value_ratio<=3.5; close_location>=90; signal<=950,False,17,3,2,1,0,14,66.67,11.76,20.77,0.3
1,distance<=-12; value_ratio<=3.5; close_location>=90; signal<=950; rank<=2,False,17,3,2,1,0,14,66.67,11.76,20.77,0.3
1,distance<=-12; value_ratio<=5,False,52,3,2,1,0,49,66.67,3.85,20.77,0.3
1,distance<=-12; value_ratio<=5; rank<=2,False,52,3,2,1,0,49,66.67,3.85,20.77,0.3
1,distance<=-12; value_ratio<=5; signal<=940,False,52,3,2,1,0,49,66.67,3.85,20.77,0.3
1,distance<=-12; value_ratio<=5; signal<=940; rank<=2,False,52,3,2,1,0,49,66.67,3.85,20.77,0.3
1,distance<=-12; value_ratio<=5; signal<=950,False,52,3,2,1,0,49,66.67,3.85,20.77,0.3
1,distance<=-12; value_ratio<=5; signal<=950; rank<=2,False,52,3,2,1,0,49,66.67,3.85,20.77,0.3
1,distance<=-12; value_ratio<=5; close_location>=80,False,44,3,2,1,0,41,66.67,4.55,20.77,0.3
1,distance<=-12; value_ratio<=5; close_location>=80; rank<=2,False,44,3,2,1,0,41,66.67,4.55,20.77,0.3
1,distance<=-12; value_ratio<=5; close_location>=80; signal<=940,False,44,3,2,1,0,41,66.67,4.55,20.77,0.3
1,distance<=-12; value_ratio<=5; close_location>=80; signal<=940; rank<=2,False,44,3,2,1,0,41,66.67,4.55,20.77,0.3
1,distance<=-12; value_ratio<=5; close_location>=80; signal<=950,False,44,3,2,1,0,41,66.67,4.55,20.77,0.3
1,distance<=-12; value_ratio<=5; close_location>=80; signal<=950; rank<=2,False,44,3,2,1,0,41,66.67,4.55,20.77,0.3
1,distance<=-12; value_ratio<=5; close_location>=88,False,31,3,2,1,0,28,66.67,6.45,20.77,0.3
1,distance<=-12; value_ratio<=5; close_location>=88; rank<=2,False,31,3,2,1,0,28,66.67,6.45,20.77,0.3
1,distance<=-12; value_ratio<=5; close_location>=88; signal<=940,False,31,3,2,1,0,28,66.67,6.45,20.77,0.3
1,distance<=-12; value_ratio<=5; close_location>=88; signal<=940; rank<=2,False,31,3,2,1,0,28,66.67,6.45,20.77,0.3
1,distance<=-12; value_ratio<=5; close_location>=88; signal<=950,False,31,3,2,1,0,28,66.67,6.45,20.77,0.3
1,distance<=-12; value_ratio<=5; close_location>=88; signal<=950; rank<=2,False,31,3,2,1,0,28,66.67,6.45,20.77,0.3
1,distance<=-12; value_ratio<=5; close_location>=90,False,25,3,2,1,0,22,66.67,8.0,20.77,0.3
1,distance<=-12; value_ratio<=5; close_location>=90; rank<=2,False,25,3,2,1,0,22,66.67,8.0,20.77,0.3
1,distance<=-12; value_ratio<=5; close_location>=90; signal<=940,False,25,3,2,1,0,22,66.67,8.0,20.77,0.3
1,distance<=-12; value_ratio<=5; close_location>=90; signal<=940; rank<=2,False,25,3,2,1,0,22,66.67,8.0,20.77,0.3
1,distance<=-12; value_ratio<=5; close_location>=90; signal<=950,False,25,3,2,1,0,22,66.67,8.0,20.77,0.3
1,distance<=-12; value_ratio<=5; close_location>=90; signal<=950; rank<=2,False,25,3,2,1,0,22,66.67,8.0,20.77,0.3
1,distance<=-15; close_location>=88,False,24,3,2,1,0,21,66.67,8.33,20.77,0.3
1,distance<=-15; close_location>=88; rank<=2,False,24,3,2,1,0,21,66.67,8.33,20.77,0.3
1,distance<=-15; close_location>=88; signal<=940,False,24,3,2,1,0,21,66.67,8.33,20.77,0.3
1,distance<=-15; close_location>=88; signal<=940; rank<=2,False,24,3,2,1,0,21,66.67,8.33,20.77,0.3
1,distance<=-15; close_location>=88; signal<=950,False,24,3,2,1,0,21,66.67,8.33,20.77,0.3
1,distance<=-15; close_location>=88; signal<=950; rank<=2,False,24,3,2,1,0,21,66.67,8.33,20.77,0.3
1,distance<=-15; close_location>=90,False,19,3,2,1,0,16,66.67,10.53,20.77,0.3
1,distance<=-15; close_location>=90; rank<=2,False,19,3,2,1,0,16,66.67,10.53,20.77,0.3
1,distance<=-15; close_location>=90; signal<=940,False,19,3,2,1,0,16,66.67,10.53,20.77,0.3
1,distance<=-15; close_location>=90; signal<=940; rank<=2,False,19,3,2,1,0,16,66.67,10.53,20.77,0.3
1,distance<=-15; close_location>=90; signal<=950,False,19,3,2,1,0,16,66.67,10.53,20.77,0.3
1,distance<=-15; close_location>=90; signal<=950; rank<=2,False,19,3,2,1,0,16,66.67,10.53,20.77,0.3
1,distance<=-15; value_ratio<=3,False,15,3,2,1,0,12,66.67,13.33,20.77,0.3
1,distance<=-15; value_ratio<=3; rank<=2,False,15,3,2,1,0,12,66.67,13.33,20.77,0.3
1,distance<=-15; value_ratio<=3; signal<=940,False,15,3,2,1,0,12,66.67,13.33,20.77,0.3
1,distance<=-15; value_ratio<=3; signal<=940; rank<=2,False,15,3,2,1,0,12,66.67,13.33,20.77,0.3
1,distance<=-15; value_ratio<=3; signal<=950,False,15,3,2,1,0,12,66.67,13.33,20.77,0.3
1,distance<=-15; value_ratio<=3; signal<=950; rank<=2,False,15,3,2,1,0,12,66.67,13.33,20.77,0.3
1,distance<=-15; value_ratio<=3; close_location>=80,False,14,3,2,1,0,11,66.67,14.29,20.77,0.3
1,distance<=-15; value_ratio<=3; close_location>=80; rank<=2,False,14,3,2,1,0,11,66.67,14.29,20.77,0.3
1,distance<=-15; value_ratio<=3; close_location>=80; signal<=940,False,14,3,2,1,0,11,66.67,14.29,20.77,0.3
1,distance<=-15; value_ratio<=3; close_location>=80; signal<=940; rank<=2,False,14,3,2,1,0,11,66.67,14.29,20.77,0.3
1,distance<=-15; value_ratio<=3; close_location>=80; signal<=950,False,14,3,2,1,0,11,66.67,14.29,20.77,0.3
1,distance<=-15; value_ratio<=3; close_location>=80; signal<=950; rank<=2,False,14,3,2,1,0,11,66.67,14.29,20.77,0.3
1,distance<=-15; value_ratio<=3; close_location>=88,False,10,3,2,1,0,7,66.67,20.0,20.77,0.3
1,distance<=-15; value_ratio<=3; close_location>=88; rank<=2,False,10,3,2,1,0,7,66.67,20.0,20.77,0.3
1,distance<=-15; value_ratio<=3; close_location>=88; signal<=940,False,10,3,2,1,0,7,66.67,20.0,20.77,0.3
1,distance<=-15; value_ratio<=3; close_location>=88; signal<=940; rank<=2,False,10,3,2,1,0,7,66.67,20.0,20.77,0.3
1,distance<=-15; value_ratio<=3; close_location>=88; signal<=950,False,10,3,2,1,0,7,66.67,20.0,20.77,0.3
1,distance<=-15; value_ratio<=3; close_location>=88; signal<=950; rank<=2,False,10,3,2,1,0,7,66.67,20.0,20.77,0.3
1,distance<=-15; value_ratio<=3; close_location>=90,False,8,3,2,1,0,5,66.67,25.0,20.77,0.3
1,distance<=-15; value_ratio<=3; close_location>=90; rank<=2,False,8,3,2,1,0,5,66.67,25.0,20.77,0.3
1,distance<=-15; value_ratio<=3; close_location>=90; signal<=940,False,8,3,2,1,0,5,66.67,25.0,20.77,0.3
1,distance<=-15; value_ratio<=3; close_location>=90; signal<=940; rank<=2,False,8,3,2,1,0,5,66.67,25.0,20.77,0.3
1,distance<=-15; value_ratio<=3; close_location>=90; signal<=950,False,8,3,2,1,0,5,66.67,25.0,20.77,0.3
1,distance<=-15; value_ratio<=3; close_location>=90; signal<=950; rank<=2,False,8,3,2,1,0,5,66.67,25.0,20.77,0.3
1,distance<=-15; value_ratio<=3.5,False,22,3,2,1,0,19,66.67,9.09,20.77,0.3
1,distance<=-15; value_ratio<=3.5; rank<=2,False,22,3,2,1,0,19,66.67,9.09,20.77,0.3
1,distance<=-15; value_ratio<=3.5; signal<=940,False,22,3,2,1,0,19,66.67,9.09,20.77,0.3
1,distance<=-15; value_ratio<=3.5; signal<=940; rank<=2,False,22,3,2,1,0,19,66.67,9.09,20.77,0.3
1,distance<=-15; value_ratio<=3.5; signal<=950,False,22,3,2,1,0,19,66.67,9.09,20.77,0.3
1,distance<=-15; value_ratio<=3.5; signal<=950; rank<=2,False,22,3,2,1,0,19,66.67,9.09,20.77,0.3
1,distance<=-15; value_ratio<=3.5; close_location>=80,False,21,3,2,1,0,18,66.67,9.52,20.77,0.3
1,distance<=-15; value_ratio<=3.5; close_location>=80; rank<=2,False,21,3,2,1,0,18,66.67,9.52,20.77,0.3
1,distance<=-15; value_ratio<=3.5; close_location>=80; signal<=940,False,21,3,2,1,0,18,66.67,9.52,20.77,0.3
1,distance<=-15; value_ratio<=3.5; close_location>=80; signal<=940; rank<=2,False,21,3,2,1,0,18,66.67,9.52,20.77,0.3
1,distance<=-15; value_ratio<=3.5; close_location>=80; signal<=950,False,21,3,2,1,0,18,66.67,9.52,20.77,0.3
1,distance<=-15; value_ratio<=3.5; close_location>=80; signal<=950; rank<=2,False,21,3,2,1,0,18,66.67,9.52,20.77,0.3
1,distance<=-15; value_ratio<=3.5; close_location>=88,False,16,3,2,1,0,13,66.67,12.5,20.77,0.3
1,distance<=-15; value_ratio<=3.5; close_location>=88; rank<=2,False,16,3,2,1,0,13,66.67,12.5,20.77,0.3
1,distance<=-15; value_ratio<=3.5; close_location>=88; signal<=940,False,16,3,2,1,0,13,66.67,12.5,20.77,0.3
1,distance<=-15; value_ratio<=3.5; close_location>=88; signal<=940; rank<=2,False,16,3,2,1,0,13,66.67,12.5,20.77,0.3
1,distance<=-15; value_ratio<=3.5; close_location>=88; signal<=950,False,16,3,2,1,0,13,66.67,12.5,20.77,0.3
1,distance<=-15; value_ratio<=3.5; close_location>=88; signal<=950; rank<=2,False,16,3,2,1,0,13,66.67,12.5,20.77,0.3
1,distance<=-15; value_ratio<=3.5; close_location>=90,False,13,3,2,1,0,10,66.67,15.38,20.77,0.3
1,distance<=-15; value_ratio<=3.5; close_location>=90; rank<=2,False,13,3,2,1,0,10,66.67,15.38,20.77,0.3
1,distance<=-15; value_ratio<=3.5; close_location>=90; signal<=940,False,13,3,2,1,0,10,66.67,15.38,20.77,0.3
1,distance<=-15; value_ratio<=3.5; close_location>=90; signal<=940; rank<=2,False,13,3,2,1,0,10,66.67,15.38,20.77,0.3
1,distance<=-15; value_ratio<=3.5; close_location>=90; signal<=950,False,13,3,2,1,0,10,66.67,15.38,20.77,0.3
1,distance<=-15; value_ratio<=3.5; close_location>=90; signal<=950; rank<=2,False,13,3,2,1,0,10,66.67,15.38,20.77,0.3
1,distance<=-15; value_ratio<=5,False,36,3,2,1,0,33,66.67,5.56,20.77,0.3
1,distance<=-15; value_ratio<=5; rank<=2,False,36,3,2,1,0,33,66.67,5.56,20.77,0.3
1,distance<=-15; value_ratio<=5; signal<=940,False,36,3,2,1,0,33,66.67,5.56,20.77,0.3
1,distance<=-15; value_ratio<=5; signal<=940; rank<=2,False,36,3,2,1,0,33,66.67,5.56,20.77,0.3
1,distance<=-15; value_ratio<=5; signal<=950,False,36,3,2,1,0,33,66.67,5.56,20.77,0.3
1,distance<=-15; value_ratio<=5; signal<=950; rank<=2,False,36,3,2,1,0,33,66.67,5.56,20.77,0.3
1,distance<=-15; value_ratio<=5; close_location>=80,False,30,3,2,1,0,27,66.67,6.67,20.77,0.3
1,distance<=-15; value_ratio<=5; close_location>=80; rank<=2,False,30,3,2,1,0,27,66.67,6.67,20.77,0.3
1,distance<=-15; value_ratio<=5; close_location>=80; signal<=940,False,30,3,2,1,0,27,66.67,6.67,20.77,0.3
1,distance<=-15; value_ratio<=5; close_location>=80; signal<=940; rank<=2,False,30,3,2,1,0,27,66.67,6.67,20.77,0.3
1,distance<=-15; value_ratio<=5; close_location>=80; signal<=950,False,30,3,2,1,0,27,66.67,6.67,20.77,0.3
1,distance<=-15; value_ratio<=5; close_location>=80; signal<=950; rank<=2,False,30,3,2,1,0,27,66.67,6.67,20.77,0.3
1,distance<=-15; value_ratio<=5; close_location>=88,False,21,3,2,1,0,18,66.67,9.52,20.77,0.3
1,distance<=-15; value_ratio<=5; close_location>=88; rank<=2,False,21,3,2,1,0,18,66.67,9.52,20.77,0.3
1,distance<=-15; value_ratio<=5; close_location>=88; signal<=940,False,21,3,2,1,0,18,66.67,9.52,20.77,0.3
1,distance<=-15; value_ratio<=5; close_location>=88; signal<=940; rank<=2,False,21,3,2,1,0,18,66.67,9.52,20.77,0.3
1,distance<=-15; value_ratio<=5; close_location>=88; signal<=950,False,21,3,2,1,0,18,66.67,9.52,20.77,0.3
1,distance<=-15; value_ratio<=5; close_location>=88; signal<=950; rank<=2,False,21,3,2,1,0,18,66.67,9.52,20.77,0.3
1,distance<=-15; value_ratio<=5; close_location>=90,False,16,3,2,1,0,13,66.67,12.5,20.77,0.3
1,distance<=-15; value_ratio<=5; close_location>=90; rank<=2,False,16,3,2,1,0,13,66.67,12.5,20.77,0.3
1,distance<=-15; value_ratio<=5; close_location>=90; signal<=940,False,16,3,2,1,0,13,66.67,12.5,20.77,0.3
1,distance<=-15; value_ratio<=5; close_location>=90; signal<=940; rank<=2,False,16,3,2,1,0,13,66.67,12.5,20.77,0.3
1,distance<=-15; value_ratio<=5; close_location>=90; signal<=950,False,16,3,2,1,0,13,66.67,12.5,20.77,0.3
1,distance<=-15; value_ratio<=5; close_location>=90; signal<=950; rank<=2,False,16,3,2,1,0,13,66.67,12.5,20.77,0.3
1,value_ratio<=2.5; rank<=1,False,7,1,1,0,0,6,100.0,14.29,20.65,1.2
1,value_ratio<=2.5; signal<=940; rank<=1,False,7,1,1,0,0,6,100.0,14.29,20.65,1.2
1,value_ratio<=2.5; signal<=950; rank<=1,False,7,1,1,0,0,6,100.0,14.29,20.65,1.2
1,value_ratio<=2.5; close_location>=80; rank<=1,False,7,1,1,0,0,6,100.0,14.29,20.65,1.2
1,value_ratio<=2.5; close_location>=80; signal<=940; rank<=1,False,7,1,1,0,0,6,100.0,14.29,20.65,1.2
1,value_ratio<=2.5; close_location>=80; signal<=950; rank<=1,False,7,1,1,0,0,6,100.0,14.29,20.65,1.2
1,value_ratio<=2.5; close_location>=88; rank<=1,False,6,1,1,0,0,5,100.0,16.67,20.65,1.2
1,value_ratio<=2.5; close_location>=88; signal<=940; rank<=1,False,6,1,1,0,0,5,100.0,16.67,20.65,1.2
1,value_ratio<=2.5; close_location>=88; signal<=950; rank<=1,False,6,1,1,0,0,5,100.0,16.67,20.65,1.2
1,value_ratio<=2.5; close_location>=90; rank<=1,False,5,1,1,0,0,4,100.0,20.0,20.65,1.2
1,value_ratio<=2.5; close_location>=90; signal<=940; rank<=1,False,5,1,1,0,0,4,100.0,20.0,20.65,1.2
1,value_ratio<=2.5; close_location>=90; signal<=950; rank<=1,False,5,1,1,0,0,4,100.0,20.0,20.65,1.2
1,distance<=-3; close_location>=80; rank<=1,False,44,1,1,0,0,43,100.0,2.27,20.65,1.2
1,distance<=-3; close_location>=80; signal<=930,False,90,1,1,0,0,89,100.0,1.11,20.65,1.2
1,distance<=-3; close_location>=80; signal<=930; rank<=2,False,90,1,1,0,0,89,100.0,1.11,20.65,1.2
1,distance<=-3; close_location>=80; signal<=940; rank<=1,False,44,1,1,0,0,43,100.0,2.27,20.65,1.2
1,distance<=-3; close_location>=80; signal<=950; rank<=1,False,44,1,1,0,0,43,100.0,2.27,20.65,1.2
1,distance<=-3; close_location>=88; rank<=1,False,34,1,1,0,0,33,100.0,2.94,20.65,1.2
1,distance<=-3; close_location>=88; signal<=930,False,57,1,1,0,0,56,100.0,1.75,20.65,1.2
1,distance<=-3; close_location>=88; signal<=930; rank<=2,False,57,1,1,0,0,56,100.0,1.75,20.65,1.2
1,distance<=-3; close_location>=88; signal<=940; rank<=1,False,34,1,1,0,0,33,100.0,2.94,20.65,1.2
1,distance<=-3; close_location>=88; signal<=950; rank<=1,False,34,1,1,0,0,33,100.0,2.94,20.65,1.2
1,distance<=-3; close_location>=90; rank<=1,False,29,1,1,0,0,28,100.0,3.45,20.65,1.2
1,distance<=-3; close_location>=90; signal<=930,False,51,1,1,0,0,50,100.0,1.96,20.65,1.2
1,distance<=-3; close_location>=90; signal<=930; rank<=2,False,51,1,1,0,0,50,100.0,1.96,20.65,1.2
1,distance<=-3; close_location>=90; signal<=940; rank<=1,False,29,1,1,0,0,28,100.0,3.45,20.65,1.2
1,distance<=-3; close_location>=90; signal<=950; rank<=1,False,29,1,1,0,0,28,100.0,3.45,20.65,1.2
1,distance<=-3; value_ratio<=2.5; rank<=1,False,5,1,1,0,0,4,100.0,20.0,20.65,1.2
1,distance<=-3; value_ratio<=2.5; signal<=930,False,26,1,1,0,0,25,100.0,3.85,20.65,1.2
1,distance<=-3; value_ratio<=2.5; signal<=930; rank<=2,False,26,1,1,0,0,25,100.0,3.85,20.65,1.2
1,distance<=-3; value_ratio<=2.5; signal<=940; rank<=1,False,5,1,1,0,0,4,100.0,20.0,20.65,1.2
1,distance<=-3; value_ratio<=2.5; signal<=950; rank<=1,False,5,1,1,0,0,4,100.0,20.0,20.65,1.2
1,distance<=-3; value_ratio<=2.5; close_location>=80; rank<=1,False,5,1,1,0,0,4,100.0,20.0,20.65,1.2
1,distance<=-3; value_ratio<=2.5; close_location>=80; signal<=930,False,25,1,1,0,0,24,100.0,4.0,20.65,1.2
1,distance<=-3; value_ratio<=2.5; close_location>=80; signal<=930; rank<=2,False,25,1,1,0,0,24,100.0,4.0,20.65,1.2
1,distance<=-3; value_ratio<=2.5; close_location>=80; signal<=940; rank<=1,False,5,1,1,0,0,4,100.0,20.0,20.65,1.2
1,distance<=-3; value_ratio<=2.5; close_location>=80; signal<=950; rank<=1,False,5,1,1,0,0,4,100.0,20.0,20.65,1.2
1,distance<=-3; value_ratio<=2.5; close_location>=88; rank<=1,False,4,1,1,0,0,3,100.0,25.0,20.65,1.2
1,distance<=-3; value_ratio<=2.5; close_location>=88; signal<=930,False,18,1,1,0,0,17,100.0,5.56,20.65,1.2
1,distance<=-3; value_ratio<=2.5; close_location>=88; signal<=930; rank<=2,False,18,1,1,0,0,17,100.0,5.56,20.65,1.2
1,distance<=-3; value_ratio<=2.5; close_location>=88; signal<=940; rank<=1,False,4,1,1,0,0,3,100.0,25.0,20.65,1.2
1,distance<=-3; value_ratio<=2.5; close_location>=88; signal<=950; rank<=1,False,4,1,1,0,0,3,100.0,25.0,20.65,1.2
1,distance<=-3; value_ratio<=2.5; close_location>=90; rank<=1,False,3,1,1,0,0,2,100.0,33.33,20.65,1.2
1,distance<=-3; value_ratio<=2.5; close_location>=90; signal<=930,False,16,1,1,0,0,15,100.0,6.25,20.65,1.2
1,distance<=-3; value_ratio<=2.5; close_location>=90; signal<=930; rank<=2,False,16,1,1,0,0,15,100.0,6.25,20.65,1.2
1,distance<=-3; value_ratio<=2.5; close_location>=90; signal<=940; rank<=1,False,3,1,1,0,0,2,100.0,33.33,20.65,1.2
1,distance<=-3; value_ratio<=2.5; close_location>=90; signal<=950; rank<=1,False,3,1,1,0,0,2,100.0,33.33,20.65,1.2
1,distance<=-3; value_ratio<=3; rank<=1,False,10,1,1,0,0,9,100.0,10.0,20.65,1.2
1,distance<=-3; value_ratio<=3; signal<=930,False,37,1,1,0,0,36,100.0,2.7,20.65,1.2
1,distance<=-3; value_ratio<=3; signal<=930; rank<=2,False,37,1,1,0,0,36,100.0,2.7,20.65,1.2
1,distance<=-3; value_ratio<=3; signal<=940; rank<=1,False,10,1,1,0,0,9,100.0,10.0,20.65,1.2
1,distance<=-3; value_ratio<=3; signal<=950; rank<=1,False,10,1,1,0,0,9,100.0,10.0,20.65,1.2
1,distance<=-3; value_ratio<=3; close_location>=80; rank<=1,False,10,1,1,0,0,9,100.0,10.0,20.65,1.2
1,distance<=-3; value_ratio<=3; close_location>=80; signal<=930,False,36,1,1,0,0,35,100.0,2.78,20.65,1.2
1,distance<=-3; value_ratio<=3; close_location>=80; signal<=930; rank<=2,False,36,1,1,0,0,35,100.0,2.78,20.65,1.2
1,distance<=-3; value_ratio<=3; close_location>=80; signal<=940; rank<=1,False,10,1,1,0,0,9,100.0,10.0,20.65,1.2
1,distance<=-3; value_ratio<=3; close_location>=80; signal<=950; rank<=1,False,10,1,1,0,0,9,100.0,10.0,20.65,1.2
1,distance<=-3; value_ratio<=3; close_location>=88; rank<=1,False,8,1,1,0,0,7,100.0,12.5,20.65,1.2
1,distance<=-3; value_ratio<=3; close_location>=88; signal<=930,False,24,1,1,0,0,23,100.0,4.17,20.65,1.2
1,distance<=-3; value_ratio<=3; close_location>=88; signal<=930; rank<=2,False,24,1,1,0,0,23,100.0,4.17,20.65,1.2
1,distance<=-3; value_ratio<=3; close_location>=88; signal<=940; rank<=1,False,8,1,1,0,0,7,100.0,12.5,20.65,1.2
1,distance<=-3; value_ratio<=3; close_location>=88; signal<=950; rank<=1,False,8,1,1,0,0,7,100.0,12.5,20.65,1.2
1,distance<=-3; value_ratio<=3; close_location>=90; rank<=1,False,7,1,1,0,0,6,100.0,14.29,20.65,1.2
1,distance<=-3; value_ratio<=3; close_location>=90; signal<=930,False,22,1,1,0,0,21,100.0,4.55,20.65,1.2
1,distance<=-3; value_ratio<=3; close_location>=90; signal<=930; rank<=2,False,22,1,1,0,0,21,100.0,4.55,20.65,1.2
1,distance<=-3; value_ratio<=3; close_location>=90; signal<=940; rank<=1,False,7,1,1,0,0,6,100.0,14.29,20.65,1.2
1,distance<=-3; value_ratio<=3; close_location>=90; signal<=950; rank<=1,False,7,1,1,0,0,6,100.0,14.29,20.65,1.2
1,distance<=-3; value_ratio<=3.5; rank<=1,False,20,1,1,0,0,19,100.0,5.0,20.65,1.2
1,distance<=-3; value_ratio<=3.5; signal<=940; rank<=1,False,20,1,1,0,0,19,100.0,5.0,20.65,1.2
1,distance<=-3; value_ratio<=3.5; signal<=950; rank<=1,False,20,1,1,0,0,19,100.0,5.0,20.65,1.2
1,distance<=-3; value_ratio<=3.5; close_location>=80; rank<=1,False,19,1,1,0,0,18,100.0,5.26,20.65,1.2
1,distance<=-3; value_ratio<=3.5; close_location>=80; signal<=930,False,53,1,1,0,0,52,100.0,1.89,20.65,1.2
1,distance<=-3; value_ratio<=3.5; close_location>=80; signal<=930; rank<=2,False,53,1,1,0,0,52,100.0,1.89,20.65,1.2
1,distance<=-3; value_ratio<=3.5; close_location>=80; signal<=940; rank<=1,False,19,1,1,0,0,18,100.0,5.26,20.65,1.2
1,distance<=-3; value_ratio<=3.5; close_location>=80; signal<=950; rank<=1,False,19,1,1,0,0,18,100.0,5.26,20.65,1.2
1,distance<=-3; value_ratio<=3.5; close_location>=88; rank<=1,False,14,1,1,0,0,13,100.0,7.14,20.65,1.2
1,distance<=-3; value_ratio<=3.5; close_location>=88; signal<=930,False,35,1,1,0,0,34,100.0,2.86,20.65,1.2
1,distance<=-3; value_ratio<=3.5; close_location>=88; signal<=930; rank<=2,False,35,1,1,0,0,34,100.0,2.86,20.65,1.2
1,distance<=-3; value_ratio<=3.5; close_location>=88; signal<=940; rank<=1,False,14,1,1,0,0,13,100.0,7.14,20.65,1.2
1,distance<=-3; value_ratio<=3.5; close_location>=88; signal<=950; rank<=1,False,14,1,1,0,0,13,100.0,7.14,20.65,1.2
1,distance<=-3; value_ratio<=3.5; close_location>=90; rank<=1,False,11,1,1,0,0,10,100.0,9.09,20.65,1.2
1,distance<=-3; value_ratio<=3.5; close_location>=90; signal<=930,False,31,1,1,0,0,30,100.0,3.23,20.65,1.2
1,distance<=-3; value_ratio<=3.5; close_location>=90; signal<=930; rank<=2,False,31,1,1,0,0,30,100.0,3.23,20.65,1.2
1,distance<=-3; value_ratio<=3.5; close_location>=90; signal<=940; rank<=1,False,11,1,1,0,0,10,100.0,9.09,20.65,1.2
1,distance<=-3; value_ratio<=3.5; close_location>=90; signal<=950; rank<=1,False,11,1,1,0,0,10,100.0,9.09,20.65,1.2
1,distance<=-3; value_ratio<=5; close_location>=80; rank<=1,False,38,1,1,0,0,37,100.0,2.63,20.65,1.2
1,distance<=-3; value_ratio<=5; close_location>=80; signal<=930,False,78,1,1,0,0,77,100.0,1.28,20.65,1.2
1,distance<=-3; value_ratio<=5; close_location>=80; signal<=930; rank<=2,False,78,1,1,0,0,77,100.0,1.28,20.65,1.2
1,distance<=-3; value_ratio<=5; close_location>=80; signal<=940; rank<=1,False,38,1,1,0,0,37,100.0,2.63,20.65,1.2
1,distance<=-3; value_ratio<=5; close_location>=80; signal<=950; rank<=1,False,38,1,1,0,0,37,100.0,2.63,20.65,1.2
1,distance<=-3; value_ratio<=5; close_location>=88; rank<=1,False,29,1,1,0,0,28,100.0,3.45,20.65,1.2
1,distance<=-3; value_ratio<=5; close_location>=88; signal<=930,False,52,1,1,0,0,51,100.0,1.92,20.65,1.2
1,distance<=-3; value_ratio<=5; close_location>=88; signal<=930; rank<=2,False,52,1,1,0,0,51,100.0,1.92,20.65,1.2
1,distance<=-3; value_ratio<=5; close_location>=88; signal<=940; rank<=1,False,29,1,1,0,0,28,100.0,3.45,20.65,1.2
1,distance<=-3; value_ratio<=5; close_location>=88; signal<=950; rank<=1,False,29,1,1,0,0,28,100.0,3.45,20.65,1.2
1,distance<=-3; value_ratio<=5; close_location>=90; rank<=1,False,24,1,1,0,0,23,100.0,4.17,20.65,1.2
1,distance<=-3; value_ratio<=5; close_location>=90; signal<=930,False,46,1,1,0,0,45,100.0,2.17,20.65,1.2
1,distance<=-3; value_ratio<=5; close_location>=90; signal<=930; rank<=2,False,46,1,1,0,0,45,100.0,2.17,20.65,1.2
1,distance<=-3; value_ratio<=5; close_location>=90; signal<=940; rank<=1,False,24,1,1,0,0,23,100.0,4.17,20.65,1.2
1,distance<=-3; value_ratio<=5; close_location>=90; signal<=950; rank<=1,False,24,1,1,0,0,23,100.0,4.17,20.65,1.2
1,distance<=-5; close_location>=80; rank<=1,False,40,1,1,0,0,39,100.0,2.5,20.65,1.2
1,distance<=-5; close_location>=80; signal<=930,False,83,1,1,0,0,82,100.0,1.2,20.65,1.2
1,distance<=-5; close_location>=80; signal<=930; rank<=2,False,83,1,1,0,0,82,100.0,1.2,20.65,1.2
1,distance<=-5; close_location>=80; signal<=940; rank<=1,False,40,1,1,0,0,39,100.0,2.5,20.65,1.2
1,distance<=-5; close_location>=80; signal<=950; rank<=1,False,40,1,1,0,0,39,100.0,2.5,20.65,1.2
1,distance<=-5; close_location>=88; rank<=1,False,30,1,1,0,0,29,100.0,3.33,20.65,1.2
1,distance<=-5; close_location>=88; signal<=930,False,52,1,1,0,0,51,100.0,1.92,20.65,1.2
1,distance<=-5; close_location>=88; signal<=930; rank<=2,False,52,1,1,0,0,51,100.0,1.92,20.65,1.2
1,distance<=-5; close_location>=88; signal<=940; rank<=1,False,30,1,1,0,0,29,100.0,3.33,20.65,1.2
1,distance<=-5; close_location>=88; signal<=950; rank<=1,False,30,1,1,0,0,29,100.0,3.33,20.65,1.2
1,distance<=-5; close_location>=90; rank<=1,False,25,1,1,0,0,24,100.0,4.0,20.65,1.2
1,distance<=-5; close_location>=90; signal<=930,False,46,1,1,0,0,45,100.0,2.17,20.65,1.2
1,distance<=-5; close_location>=90; signal<=930; rank<=2,False,46,1,1,0,0,45,100.0,2.17,20.65,1.2
1,distance<=-5; close_location>=90; signal<=940; rank<=1,False,25,1,1,0,0,24,100.0,4.0,20.65,1.2
1,distance<=-5; close_location>=90; signal<=950; rank<=1,False,25,1,1,0,0,24,100.0,4.0,20.65,1.2
1,distance<=-5; value_ratio<=2.5; rank<=1,False,5,1,1,0,0,4,100.0,20.0,20.65,1.2
1,distance<=-5; value_ratio<=2.5; signal<=930,False,25,1,1,0,0,24,100.0,4.0,20.65,1.2
1,distance<=-5; value_ratio<=2.5; signal<=930; rank<=2,False,25,1,1,0,0,24,100.0,4.0,20.65,1.2
1,distance<=-5; value_ratio<=2.5; signal<=940; rank<=1,False,5,1,1,0,0,4,100.0,20.0,20.65,1.2
1,distance<=-5; value_ratio<=2.5; signal<=950; rank<=1,False,5,1,1,0,0,4,100.0,20.0,20.65,1.2
1,distance<=-5; value_ratio<=2.5; close_location>=80; rank<=1,False,5,1,1,0,0,4,100.0,20.0,20.65,1.2
1,distance<=-5; value_ratio<=2.5; close_location>=80; signal<=930,False,24,1,1,0,0,23,100.0,4.17,20.65,1.2
1,distance<=-5; value_ratio<=2.5; close_location>=80; signal<=930; rank<=2,False,24,1,1,0,0,23,100.0,4.17,20.65,1.2
1,distance<=-5; value_ratio<=2.5; close_location>=80; signal<=940; rank<=1,False,5,1,1,0,0,4,100.0,20.0,20.65,1.2
1,distance<=-5; value_ratio<=2.5; close_location>=80; signal<=950; rank<=1,False,5,1,1,0,0,4,100.0,20.0,20.65,1.2
1,distance<=-5; value_ratio<=2.5; close_location>=88; rank<=1,False,4,1,1,0,0,3,100.0,25.0,20.65,1.2
1,distance<=-5; value_ratio<=2.5; close_location>=88; signal<=930,False,17,1,1,0,0,16,100.0,5.88,20.65,1.2
1,distance<=-5; value_ratio<=2.5; close_location>=88; signal<=930; rank<=2,False,17,1,1,0,0,16,100.0,5.88,20.65,1.2
1,distance<=-5; value_ratio<=2.5; close_location>=88; signal<=940; rank<=1,False,4,1,1,0,0,3,100.0,25.0,20.65,1.2
1,distance<=-5; value_ratio<=2.5; close_location>=88; signal<=950; rank<=1,False,4,1,1,0,0,3,100.0,25.0,20.65,1.2
1,distance<=-5; value_ratio<=2.5; close_location>=90; rank<=1,False,3,1,1,0,0,2,100.0,33.33,20.65,1.2
1,distance<=-5; value_ratio<=2.5; close_location>=90; signal<=930,False,15,1,1,0,0,14,100.0,6.67,20.65,1.2
1,distance<=-5; value_ratio<=2.5; close_location>=90; signal<=930; rank<=2,False,15,1,1,0,0,14,100.0,6.67,20.65,1.2
1,distance<=-5; value_ratio<=2.5; close_location>=90; signal<=940; rank<=1,False,3,1,1,0,0,2,100.0,33.33,20.65,1.2
1,distance<=-5; value_ratio<=2.5; close_location>=90; signal<=950; rank<=1,False,3,1,1,0,0,2,100.0,33.33,20.65,1.2
1,distance<=-5; value_ratio<=3; rank<=1,False,9,1,1,0,0,8,100.0,11.11,20.65,1.2
1,distance<=-5; value_ratio<=3; signal<=930,False,35,1,1,0,0,34,100.0,2.86,20.65,1.2
1,distance<=-5; value_ratio<=3; signal<=930; rank<=2,False,35,1,1,0,0,34,100.0,2.86,20.65,1.2
1,distance<=-5; value_ratio<=3; signal<=940; rank<=1,False,9,1,1,0,0,8,100.0,11.11,20.65,1.2
1,distance<=-5; value_ratio<=3; signal<=950; rank<=1,False,9,1,1,0,0,8,100.0,11.11,20.65,1.2
1,distance<=-5; value_ratio<=3; close_location>=80; rank<=1,False,9,1,1,0,0,8,100.0,11.11,20.65,1.2
1,distance<=-5; value_ratio<=3; close_location>=80; signal<=930,False,34,1,1,0,0,33,100.0,2.94,20.65,1.2
1,distance<=-5; value_ratio<=3; close_location>=80; signal<=930; rank<=2,False,34,1,1,0,0,33,100.0,2.94,20.65,1.2
1,distance<=-5; value_ratio<=3; close_location>=80; signal<=940; rank<=1,False,9,1,1,0,0,8,100.0,11.11,20.65,1.2
1,distance<=-5; value_ratio<=3; close_location>=80; signal<=950; rank<=1,False,9,1,1,0,0,8,100.0,11.11,20.65,1.2
1,distance<=-5; value_ratio<=3; close_location>=88; rank<=1,False,7,1,1,0,0,6,100.0,14.29,20.65,1.2
1,distance<=-5; value_ratio<=3; close_location>=88; signal<=930,False,22,1,1,0,0,21,100.0,4.55,20.65,1.2
1,distance<=-5; value_ratio<=3; close_location>=88; signal<=930; rank<=2,False,22,1,1,0,0,21,100.0,4.55,20.65,1.2
1,distance<=-5; value_ratio<=3; close_location>=88; signal<=940; rank<=1,False,7,1,1,0,0,6,100.0,14.29,20.65,1.2
1,distance<=-5; value_ratio<=3; close_location>=88; signal<=950; rank<=1,False,7,1,1,0,0,6,100.0,14.29,20.65,1.2
1,distance<=-5; value_ratio<=3; close_location>=90; rank<=1,False,6,1,1,0,0,5,100.0,16.67,20.65,1.2
1,distance<=-5; value_ratio<=3; close_location>=90; signal<=930,False,20,1,1,0,0,19,100.0,5.0,20.65,1.2
1,distance<=-5; value_ratio<=3; close_location>=90; signal<=930; rank<=2,False,20,1,1,0,0,19,100.0,5.0,20.65,1.2
1,distance<=-5; value_ratio<=3; close_location>=90; signal<=940; rank<=1,False,6,1,1,0,0,5,100.0,16.67,20.65,1.2
1,distance<=-5; value_ratio<=3; close_location>=90; signal<=950; rank<=1,False,6,1,1,0,0,5,100.0,16.67,20.65,1.2
1,distance<=-5; value_ratio<=3.5; rank<=1,False,19,1,1,0,0,18,100.0,5.26,20.65,1.2
1,distance<=-5; value_ratio<=3.5; signal<=940; rank<=1,False,19,1,1,0,0,18,100.0,5.26,20.65,1.2
1,distance<=-5; value_ratio<=3.5; signal<=950; rank<=1,False,19,1,1,0,0,18,100.0,5.26,20.65,1.2
1,distance<=-5; value_ratio<=3.5; close_location>=80; rank<=1,False,18,1,1,0,0,17,100.0,5.56,20.65,1.2
1,distance<=-5; value_ratio<=3.5; close_location>=80; signal<=930,False,50,1,1,0,0,49,100.0,2.0,20.65,1.2
1,distance<=-5; value_ratio<=3.5; close_location>=80; signal<=930; rank<=2,False,50,1,1,0,0,49,100.0,2.0,20.65,1.2
1,distance<=-5; value_ratio<=3.5; close_location>=80; signal<=940; rank<=1,False,18,1,1,0,0,17,100.0,5.56,20.65,1.2
1,distance<=-5; value_ratio<=3.5; close_location>=80; signal<=950; rank<=1,False,18,1,1,0,0,17,100.0,5.56,20.65,1.2
1,distance<=-5; value_ratio<=3.5; close_location>=88; rank<=1,False,13,1,1,0,0,12,100.0,7.69,20.65,1.2
1,distance<=-5; value_ratio<=3.5; close_location>=88; signal<=930,False,33,1,1,0,0,32,100.0,3.03,20.65,1.2
1,distance<=-5; value_ratio<=3.5; close_location>=88; signal<=930; rank<=2,False,33,1,1,0,0,32,100.0,3.03,20.65,1.2
1,distance<=-5; value_ratio<=3.5; close_location>=88; signal<=940; rank<=1,False,13,1,1,0,0,12,100.0,7.69,20.65,1.2
1,distance<=-5; value_ratio<=3.5; close_location>=88; signal<=950; rank<=1,False,13,1,1,0,0,12,100.0,7.69,20.65,1.2
1,distance<=-5; value_ratio<=3.5; close_location>=90; rank<=1,False,10,1,1,0,0,9,100.0,10.0,20.65,1.2
1,distance<=-5; value_ratio<=3.5; close_location>=90; signal<=930,False,29,1,1,0,0,28,100.0,3.45,20.65,1.2
1,distance<=-5; value_ratio<=3.5; close_location>=90; signal<=930; rank<=2,False,29,1,1,0,0,28,100.0,3.45,20.65,1.2
1,distance<=-5; value_ratio<=3.5; close_location>=90; signal<=940; rank<=1,False,10,1,1,0,0,9,100.0,10.0,20.65,1.2
1,distance<=-5; value_ratio<=3.5; close_location>=90; signal<=950; rank<=1,False,10,1,1,0,0,9,100.0,10.0,20.65,1.2
1,distance<=-5; value_ratio<=5; close_location>=80; rank<=1,False,34,1,1,0,0,33,100.0,2.94,20.65,1.2
1,distance<=-5; value_ratio<=5; close_location>=80; signal<=930,False,71,1,1,0,0,70,100.0,1.41,20.65,1.2
1,distance<=-5; value_ratio<=5; close_location>=80; signal<=930; rank<=2,False,71,1,1,0,0,70,100.0,1.41,20.65,1.2
1,distance<=-5; value_ratio<=5; close_location>=80; signal<=940; rank<=1,False,34,1,1,0,0,33,100.0,2.94,20.65,1.2
1,distance<=-5; value_ratio<=5; close_location>=80; signal<=950; rank<=1,False,34,1,1,0,0,33,100.0,2.94,20.65,1.2
1,distance<=-5; value_ratio<=5; close_location>=88; rank<=1,False,25,1,1,0,0,24,100.0,4.0,20.65,1.2
1,distance<=-5; value_ratio<=5; close_location>=88; signal<=930,False,47,1,1,0,0,46,100.0,2.13,20.65,1.2
1,distance<=-5; value_ratio<=5; close_location>=88; signal<=930; rank<=2,False,47,1,1,0,0,46,100.0,2.13,20.65,1.2
1,distance<=-5; value_ratio<=5; close_location>=88; signal<=940; rank<=1,False,25,1,1,0,0,24,100.0,4.0,20.65,1.2
1,distance<=-5; value_ratio<=5; close_location>=88; signal<=950; rank<=1,False,25,1,1,0,0,24,100.0,4.0,20.65,1.2
1,distance<=-5; value_ratio<=5; close_location>=90; rank<=1,False,20,1,1,0,0,19,100.0,5.0,20.65,1.2
1,distance<=-5; value_ratio<=5; close_location>=90; signal<=930,False,41,1,1,0,0,40,100.0,2.44,20.65,1.2
1,distance<=-5; value_ratio<=5; close_location>=90; signal<=930; rank<=2,False,41,1,1,0,0,40,100.0,2.44,20.65,1.2
1,distance<=-5; value_ratio<=5; close_location>=90; signal<=940; rank<=1,False,20,1,1,0,0,19,100.0,5.0,20.65,1.2
1,distance<=-5; value_ratio<=5; close_location>=90; signal<=950; rank<=1,False,20,1,1,0,0,19,100.0,5.0,20.65,1.2
1,distance<=-8; close_location>=80; rank<=1,False,34,1,1,0,0,33,100.0,2.94,20.65,1.2
1,distance<=-8; close_location>=80; signal<=930,False,69,1,1,0,0,68,100.0,1.45,20.65,1.2
1,distance<=-8; close_location>=80; signal<=930; rank<=2,False,69,1,1,0,0,68,100.0,1.45,20.65,1.2
1,distance<=-8; close_location>=80; signal<=940; rank<=1,False,34,1,1,0,0,33,100.0,2.94,20.65,1.2
1,distance<=-8; close_location>=80; signal<=950; rank<=1,False,34,1,1,0,0,33,100.0,2.94,20.65,1.2
1,distance<=-8; close_location>=88; rank<=1,False,27,1,1,0,0,26,100.0,3.7,20.65,1.2
1,distance<=-8; close_location>=88; signal<=930,False,44,1,1,0,0,43,100.0,2.27,20.65,1.2
1,distance<=-8; close_location>=88; signal<=930; rank<=2,False,44,1,1,0,0,43,100.0,2.27,20.65,1.2
1,distance<=-8; close_location>=88; signal<=940; rank<=1,False,27,1,1,0,0,26,100.0,3.7,20.65,1.2
1,distance<=-8; close_location>=88; signal<=950; rank<=1,False,27,1,1,0,0,26,100.0,3.7,20.65,1.2
1,distance<=-8; close_location>=90; rank<=1,False,22,1,1,0,0,21,100.0,4.55,20.65,1.2
1,distance<=-8; close_location>=90; signal<=930,False,38,1,1,0,0,37,100.0,2.63,20.65,1.2
1,distance<=-8; close_location>=90; signal<=930; rank<=2,False,38,1,1,0,0,37,100.0,2.63,20.65,1.2
1,distance<=-8; close_location>=90; signal<=940; rank<=1,False,22,1,1,0,0,21,100.0,4.55,20.65,1.2
1,distance<=-8; close_location>=90; signal<=950; rank<=1,False,22,1,1,0,0,21,100.0,4.55,20.65,1.2
1,distance<=-8; value_ratio<=2.5; rank<=1,False,3,1,1,0,0,2,100.0,33.33,20.65,1.2
1,distance<=-8; value_ratio<=2.5; signal<=930,False,17,1,1,0,0,16,100.0,5.88,20.65,1.2
1,distance<=-8; value_ratio<=2.5; signal<=930; rank<=2,False,17,1,1,0,0,16,100.0,5.88,20.65,1.2
1,distance<=-8; value_ratio<=2.5; signal<=940; rank<=1,False,3,1,1,0,0,2,100.0,33.33,20.65,1.2
1,distance<=-8; value_ratio<=2.5; signal<=950; rank<=1,False,3,1,1,0,0,2,100.0,33.33,20.65,1.2
1,distance<=-8; value_ratio<=2.5; close_location>=80; rank<=1,False,3,1,1,0,0,2,100.0,33.33,20.65,1.2
1,distance<=-8; value_ratio<=2.5; close_location>=80; signal<=930,False,16,1,1,0,0,15,100.0,6.25,20.65,1.2
1,distance<=-8; value_ratio<=2.5; close_location>=80; signal<=930; rank<=2,False,16,1,1,0,0,15,100.0,6.25,20.65,1.2
1,distance<=-8; value_ratio<=2.5; close_location>=80; signal<=940; rank<=1,False,3,1,1,0,0,2,100.0,33.33,20.65,1.2
1,distance<=-8; value_ratio<=2.5; close_location>=80; signal<=950; rank<=1,False,3,1,1,0,0,2,100.0,33.33,20.65,1.2
1,distance<=-8; value_ratio<=2.5; close_location>=88; rank<=1,False,3,1,1,0,0,2,100.0,33.33,20.65,1.2
1,distance<=-8; value_ratio<=2.5; close_location>=88; signal<=930,False,11,1,1,0,0,10,100.0,9.09,20.65,1.2
1,distance<=-8; value_ratio<=2.5; close_location>=88; signal<=930; rank<=2,False,11,1,1,0,0,10,100.0,9.09,20.65,1.2
1,distance<=-8; value_ratio<=2.5; close_location>=88; signal<=940; rank<=1,False,3,1,1,0,0,2,100.0,33.33,20.65,1.2
1,distance<=-8; value_ratio<=2.5; close_location>=88; signal<=950; rank<=1,False,3,1,1,0,0,2,100.0,33.33,20.65,1.2
1,distance<=-8; value_ratio<=2.5; close_location>=90; rank<=1,False,2,1,1,0,0,1,100.0,50.0,20.65,1.2
1,distance<=-8; value_ratio<=2.5; close_location>=90; signal<=930,False,9,1,1,0,0,8,100.0,11.11,20.65,1.2
1,distance<=-8; value_ratio<=2.5; close_location>=90; signal<=930; rank<=2,False,9,1,1,0,0,8,100.0,11.11,20.65,1.2
1,distance<=-8; value_ratio<=2.5; close_location>=90; signal<=940; rank<=1,False,2,1,1,0,0,1,100.0,50.0,20.65,1.2
1,distance<=-8; value_ratio<=2.5; close_location>=90; signal<=950; rank<=1,False,2,1,1,0,0,1,100.0,50.0,20.65,1.2
1,distance<=-8; value_ratio<=3; rank<=1,False,6,1,1,0,0,5,100.0,16.67,20.65,1.2
1,distance<=-8; value_ratio<=3; signal<=930,False,26,1,1,0,0,25,100.0,3.85,20.65,1.2
1,distance<=-8; value_ratio<=3; signal<=930; rank<=2,False,26,1,1,0,0,25,100.0,3.85,20.65,1.2
1,distance<=-8; value_ratio<=3; signal<=940; rank<=1,False,6,1,1,0,0,5,100.0,16.67,20.65,1.2
1,distance<=-8; value_ratio<=3; signal<=950; rank<=1,False,6,1,1,0,0,5,100.0,16.67,20.65,1.2
1,distance<=-8; value_ratio<=3; close_location>=80; rank<=1,False,6,1,1,0,0,5,100.0,16.67,20.65,1.2
1,distance<=-8; value_ratio<=3; close_location>=80; signal<=930,False,25,1,1,0,0,24,100.0,4.0,20.65,1.2
1,distance<=-8; value_ratio<=3; close_location>=80; signal<=930; rank<=2,False,25,1,1,0,0,24,100.0,4.0,20.65,1.2
1,distance<=-8; value_ratio<=3; close_location>=80; signal<=940; rank<=1,False,6,1,1,0,0,5,100.0,16.67,20.65,1.2
1,distance<=-8; value_ratio<=3; close_location>=80; signal<=950; rank<=1,False,6,1,1,0,0,5,100.0,16.67,20.65,1.2
1,distance<=-8; value_ratio<=3; close_location>=88; rank<=1,False,6,1,1,0,0,5,100.0,16.67,20.65,1.2
1,distance<=-8; value_ratio<=3; close_location>=88; signal<=930,False,16,1,1,0,0,15,100.0,6.25,20.65,1.2
1,distance<=-8; value_ratio<=3; close_location>=88; signal<=930; rank<=2,False,16,1,1,0,0,15,100.0,6.25,20.65,1.2
1,distance<=-8; value_ratio<=3; close_location>=88; signal<=940; rank<=1,False,6,1,1,0,0,5,100.0,16.67,20.65,1.2
1,distance<=-8; value_ratio<=3; close_location>=88; signal<=950; rank<=1,False,6,1,1,0,0,5,100.0,16.67,20.65,1.2
1,distance<=-8; value_ratio<=3; close_location>=90; rank<=1,False,5,1,1,0,0,4,100.0,20.0,20.65,1.2
1,distance<=-8; value_ratio<=3; close_location>=90; signal<=930,False,14,1,1,0,0,13,100.0,7.14,20.65,1.2
1,distance<=-8; value_ratio<=3; close_location>=90; signal<=930; rank<=2,False,14,1,1,0,0,13,100.0,7.14,20.65,1.2
1,distance<=-8; value_ratio<=3; close_location>=90; signal<=940; rank<=1,False,5,1,1,0,0,4,100.0,20.0,20.65,1.2
1,distance<=-8; value_ratio<=3; close_location>=90; signal<=950; rank<=1,False,5,1,1,0,0,4,100.0,20.0,20.65,1.2
1,distance<=-8; value_ratio<=3.5; rank<=1,False,14,1,1,0,0,13,100.0,7.14,20.65,1.2
1,distance<=-8; value_ratio<=3.5; signal<=940; rank<=1,False,14,1,1,0,0,13,100.0,7.14,20.65,1.2
1,distance<=-8; value_ratio<=3.5; signal<=950; rank<=1,False,14,1,1,0,0,13,100.0,7.14,20.65,1.2
1,distance<=-8; value_ratio<=3.5; close_location>=80; rank<=1,False,14,1,1,0,0,13,100.0,7.14,20.65,1.2
1,distance<=-8; value_ratio<=3.5; close_location>=80; signal<=930,False,40,1,1,0,0,39,100.0,2.5,20.65,1.2
1,distance<=-8; value_ratio<=3.5; close_location>=80; signal<=930; rank<=2,False,40,1,1,0,0,39,100.0,2.5,20.65,1.2
1,distance<=-8; value_ratio<=3.5; close_location>=80; signal<=940; rank<=1,False,14,1,1,0,0,13,100.0,7.14,20.65,1.2
1,distance<=-8; value_ratio<=3.5; close_location>=80; signal<=950; rank<=1,False,14,1,1,0,0,13,100.0,7.14,20.65,1.2
1,distance<=-8; value_ratio<=3.5; close_location>=88; rank<=1,False,12,1,1,0,0,11,100.0,8.33,20.65,1.2
1,distance<=-8; value_ratio<=3.5; close_location>=88; signal<=930,False,27,1,1,0,0,26,100.0,3.7,20.65,1.2
1,distance<=-8; value_ratio<=3.5; close_location>=88; signal<=930; rank<=2,False,27,1,1,0,0,26,100.0,3.7,20.65,1.2
1,distance<=-8; value_ratio<=3.5; close_location>=88; signal<=940; rank<=1,False,12,1,1,0,0,11,100.0,8.33,20.65,1.2
1,distance<=-8; value_ratio<=3.5; close_location>=88; signal<=950; rank<=1,False,12,1,1,0,0,11,100.0,8.33,20.65,1.2
1,distance<=-8; value_ratio<=3.5; close_location>=90; rank<=1,False,9,1,1,0,0,8,100.0,11.11,20.65,1.2
1,distance<=-8; value_ratio<=3.5; close_location>=90; signal<=930,False,23,1,1,0,0,22,100.0,4.35,20.65,1.2
1,distance<=-8; value_ratio<=3.5; close_location>=90; signal<=930; rank<=2,False,23,1,1,0,0,22,100.0,4.35,20.65,1.2
1,distance<=-8; value_ratio<=3.5; close_location>=90; signal<=940; rank<=1,False,9,1,1,0,0,8,100.0,11.11,20.65,1.2
1,distance<=-8; value_ratio<=3.5; close_location>=90; signal<=950; rank<=1,False,9,1,1,0,0,8,100.0,11.11,20.65,1.2
1,distance<=-8; value_ratio<=5; close_location>=80; rank<=1,False,28,1,1,0,0,27,100.0,3.57,20.65,1.2
1,distance<=-8; value_ratio<=5; close_location>=80; signal<=930,False,58,1,1,0,0,57,100.0,1.72,20.65,1.2
1,distance<=-8; value_ratio<=5; close_location>=80; signal<=930; rank<=2,False,58,1,1,0,0,57,100.0,1.72,20.65,1.2
1,distance<=-8; value_ratio<=5; close_location>=80; signal<=940; rank<=1,False,28,1,1,0,0,27,100.0,3.57,20.65,1.2
1,distance<=-8; value_ratio<=5; close_location>=80; signal<=950; rank<=1,False,28,1,1,0,0,27,100.0,3.57,20.65,1.2
1,distance<=-8; value_ratio<=5; close_location>=88; rank<=1,False,22,1,1,0,0,21,100.0,4.55,20.65,1.2
1,distance<=-8; value_ratio<=5; close_location>=88; signal<=930,False,39,1,1,0,0,38,100.0,2.56,20.65,1.2
1,distance<=-8; value_ratio<=5; close_location>=88; signal<=930; rank<=2,False,39,1,1,0,0,38,100.0,2.56,20.65,1.2
1,distance<=-8; value_ratio<=5; close_location>=88; signal<=940; rank<=1,False,22,1,1,0,0,21,100.0,4.55,20.65,1.2
1,distance<=-8; value_ratio<=5; close_location>=88; signal<=950; rank<=1,False,22,1,1,0,0,21,100.0,4.55,20.65,1.2
1,distance<=-8; value_ratio<=5; close_location>=90; rank<=1,False,17,1,1,0,0,16,100.0,5.88,20.65,1.2
1,distance<=-8; value_ratio<=5; close_location>=90; signal<=930,False,33,1,1,0,0,32,100.0,3.03,20.65,1.2
1,distance<=-8; value_ratio<=5; close_location>=90; signal<=930; rank<=2,False,33,1,1,0,0,32,100.0,3.03,20.65,1.2
1,distance<=-8; value_ratio<=5; close_location>=90; signal<=940; rank<=1,False,17,1,1,0,0,16,100.0,5.88,20.65,1.2
1,distance<=-8; value_ratio<=5; close_location>=90; signal<=950; rank<=1,False,17,1,1,0,0,16,100.0,5.88,20.65,1.2
1,distance<=-10; close_location>=80; rank<=1,False,29,1,1,0,0,28,100.0,3.45,20.65,1.2
1,distance<=-10; close_location>=80; signal<=930,False,59,1,1,0,0,58,100.0,1.69,20.65,1.2
1,distance<=-10; close_location>=80; signal<=930; rank<=2,False,59,1,1,0,0,58,100.0,1.69,20.65,1.2
1,distance<=-10; close_location>=80; signal<=940; rank<=1,False,29,1,1,0,0,28,100.0,3.45,20.65,1.2
1,distance<=-10; close_location>=80; signal<=950; rank<=1,False,29,1,1,0,0,28,100.0,3.45,20.65,1.2
1,distance<=-10; close_location>=88; rank<=1,False,23,1,1,0,0,22,100.0,4.35,20.65,1.2
1,distance<=-10; close_location>=88; signal<=930,False,39,1,1,0,0,38,100.0,2.56,20.65,1.2
1,distance<=-10; close_location>=88; signal<=930; rank<=2,False,39,1,1,0,0,38,100.0,2.56,20.65,1.2
1,distance<=-10; close_location>=88; signal<=940; rank<=1,False,23,1,1,0,0,22,100.0,4.35,20.65,1.2
1,distance<=-10; close_location>=88; signal<=950; rank<=1,False,23,1,1,0,0,22,100.0,4.35,20.65,1.2
1,distance<=-10; close_location>=90; rank<=1,False,18,1,1,0,0,17,100.0,5.56,20.65,1.2
1,distance<=-10; close_location>=90; signal<=930,False,33,1,1,0,0,32,100.0,3.03,20.65,1.2
1,distance<=-10; close_location>=90; signal<=930; rank<=2,False,33,1,1,0,0,32,100.0,3.03,20.65,1.2
1,distance<=-10; close_location>=90; signal<=940; rank<=1,False,18,1,1,0,0,17,100.0,5.56,20.65,1.2
1,distance<=-10; close_location>=90; signal<=950; rank<=1,False,18,1,1,0,0,17,100.0,5.56,20.65,1.2
1,distance<=-10; value_ratio<=2.5; rank<=1,False,3,1,1,0,0,2,100.0,33.33,20.65,1.2
1,distance<=-10; value_ratio<=2.5; signal<=930,False,15,1,1,0,0,14,100.0,6.67,20.65,1.2
1,distance<=-10; value_ratio<=2.5; signal<=930; rank<=2,False,15,1,1,0,0,14,100.0,6.67,20.65,1.2
1,distance<=-10; value_ratio<=2.5; signal<=940; rank<=1,False,3,1,1,0,0,2,100.0,33.33,20.65,1.2
1,distance<=-10; value_ratio<=2.5; signal<=950; rank<=1,False,3,1,1,0,0,2,100.0,33.33,20.65,1.2
1,distance<=-10; value_ratio<=2.5; close_location>=80; rank<=1,False,3,1,1,0,0,2,100.0,33.33,20.65,1.2
1,distance<=-10; value_ratio<=2.5; close_location>=80; signal<=930,False,14,1,1,0,0,13,100.0,7.14,20.65,1.2
1,distance<=-10; value_ratio<=2.5; close_location>=80; signal<=930; rank<=2,False,14,1,1,0,0,13,100.0,7.14,20.65,1.2
1,distance<=-10; value_ratio<=2.5; close_location>=80; signal<=940; rank<=1,False,3,1,1,0,0,2,100.0,33.33,20.65,1.2
1,distance<=-10; value_ratio<=2.5; close_location>=80; signal<=950; rank<=1,False,3,1,1,0,0,2,100.0,33.33,20.65,1.2
1,distance<=-10; value_ratio<=2.5; close_location>=88; rank<=1,False,3,1,1,0,0,2,100.0,33.33,20.65,1.2
1,distance<=-10; value_ratio<=2.5; close_location>=88; signal<=930,False,11,1,1,0,0,10,100.0,9.09,20.65,1.2
1,distance<=-10; value_ratio<=2.5; close_location>=88; signal<=930; rank<=2,False,11,1,1,0,0,10,100.0,9.09,20.65,1.2
1,distance<=-10; value_ratio<=2.5; close_location>=88; signal<=940; rank<=1,False,3,1,1,0,0,2,100.0,33.33,20.65,1.2
1,distance<=-10; value_ratio<=2.5; close_location>=88; signal<=950; rank<=1,False,3,1,1,0,0,2,100.0,33.33,20.65,1.2
1,distance<=-10; value_ratio<=2.5; close_location>=90; rank<=1,False,2,1,1,0,0,1,100.0,50.0,20.65,1.2
1,distance<=-10; value_ratio<=2.5; close_location>=90; signal<=930,False,9,1,1,0,0,8,100.0,11.11,20.65,1.2
1,distance<=-10; value_ratio<=2.5; close_location>=90; signal<=930; rank<=2,False,9,1,1,0,0,8,100.0,11.11,20.65,1.2
1,distance<=-10; value_ratio<=2.5; close_location>=90; signal<=940; rank<=1,False,2,1,1,0,0,1,100.0,50.0,20.65,1.2
1,distance<=-10; value_ratio<=2.5; close_location>=90; signal<=950; rank<=1,False,2,1,1,0,0,1,100.0,50.0,20.65,1.2
1,distance<=-10; value_ratio<=3; rank<=1,False,6,1,1,0,0,5,100.0,16.67,20.65,1.2
1,distance<=-10; value_ratio<=3; signal<=930,False,23,1,1,0,0,22,100.0,4.35,20.65,1.2
1,distance<=-10; value_ratio<=3; signal<=930; rank<=2,False,23,1,1,0,0,22,100.0,4.35,20.65,1.2
1,distance<=-10; value_ratio<=3; signal<=940; rank<=1,False,6,1,1,0,0,5,100.0,16.67,20.65,1.2
1,distance<=-10; value_ratio<=3; signal<=950; rank<=1,False,6,1,1,0,0,5,100.0,16.67,20.65,1.2
1,distance<=-10; value_ratio<=3; close_location>=80; rank<=1,False,6,1,1,0,0,5,100.0,16.67,20.65,1.2
1,distance<=-10; value_ratio<=3; close_location>=80; signal<=930,False,22,1,1,0,0,21,100.0,4.55,20.65,1.2
1,distance<=-10; value_ratio<=3; close_location>=80; signal<=930; rank<=2,False,22,1,1,0,0,21,100.0,4.55,20.65,1.2
1,distance<=-10; value_ratio<=3; close_location>=80; signal<=940; rank<=1,False,6,1,1,0,0,5,100.0,16.67,20.65,1.2
1,distance<=-10; value_ratio<=3; close_location>=80; signal<=950; rank<=1,False,6,1,1,0,0,5,100.0,16.67,20.65,1.2
1,distance<=-10; value_ratio<=3; close_location>=88; rank<=1,False,6,1,1,0,0,5,100.0,16.67,20.65,1.2
1,distance<=-10; value_ratio<=3; close_location>=88; signal<=930,False,16,1,1,0,0,15,100.0,6.25,20.65,1.2
1,distance<=-10; value_ratio<=3; close_location>=88; signal<=930; rank<=2,False,16,1,1,0,0,15,100.0,6.25,20.65,1.2
1,distance<=-10; value_ratio<=3; close_location>=88; signal<=940; rank<=1,False,6,1,1,0,0,5,100.0,16.67,20.65,1.2
1,distance<=-10; value_ratio<=3; close_location>=88; signal<=950; rank<=1,False,6,1,1,0,0,5,100.0,16.67,20.65,1.2
1,distance<=-10; value_ratio<=3; close_location>=90; rank<=1,False,5,1,1,0,0,4,100.0,20.0,20.65,1.2
1,distance<=-10; value_ratio<=3; close_location>=90; signal<=930,False,14,1,1,0,0,13,100.0,7.14,20.65,1.2
1,distance<=-10; value_ratio<=3; close_location>=90; signal<=930; rank<=2,False,14,1,1,0,0,13,100.0,7.14,20.65,1.2
1,distance<=-10; value_ratio<=3; close_location>=90; signal<=940; rank<=1,False,5,1,1,0,0,4,100.0,20.0,20.65,1.2
1,distance<=-10; value_ratio<=3; close_location>=90; signal<=950; rank<=1,False,5,1,1,0,0,4,100.0,20.0,20.65,1.2
1,distance<=-10; value_ratio<=3.5; rank<=1,False,10,1,1,0,0,9,100.0,10.0,20.65,1.2
1,distance<=-10; value_ratio<=3.5; signal<=940; rank<=1,False,10,1,1,0,0,9,100.0,10.0,20.65,1.2
1,distance<=-10; value_ratio<=3.5; signal<=950; rank<=1,False,10,1,1,0,0,9,100.0,10.0,20.65,1.2
1,distance<=-10; value_ratio<=3.5; close_location>=80; rank<=1,False,10,1,1,0,0,9,100.0,10.0,20.65,1.2
1,distance<=-10; value_ratio<=3.5; close_location>=80; signal<=930,False,31,1,1,0,0,30,100.0,3.23,20.65,1.2
1,distance<=-10; value_ratio<=3.5; close_location>=80; signal<=930; rank<=2,False,31,1,1,0,0,30,100.0,3.23,20.65,1.2
1,distance<=-10; value_ratio<=3.5; close_location>=80; signal<=940; rank<=1,False,10,1,1,0,0,9,100.0,10.0,20.65,1.2
1,distance<=-10; value_ratio<=3.5; close_location>=80; signal<=950; rank<=1,False,10,1,1,0,0,9,100.0,10.0,20.65,1.2
1,distance<=-10; value_ratio<=3.5; close_location>=88; rank<=1,False,9,1,1,0,0,8,100.0,11.11,20.65,1.2
1,distance<=-10; value_ratio<=3.5; close_location>=88; signal<=930,False,23,1,1,0,0,22,100.0,4.35,20.65,1.2
1,distance<=-10; value_ratio<=3.5; close_location>=88; signal<=930; rank<=2,False,23,1,1,0,0,22,100.0,4.35,20.65,1.2
1,distance<=-10; value_ratio<=3.5; close_location>=88; signal<=940; rank<=1,False,9,1,1,0,0,8,100.0,11.11,20.65,1.2
1,distance<=-10; value_ratio<=3.5; close_location>=88; signal<=950; rank<=1,False,9,1,1,0,0,8,100.0,11.11,20.65,1.2
1,distance<=-10; value_ratio<=3.5; close_location>=90; rank<=1,False,6,1,1,0,0,5,100.0,16.67,20.65,1.2
1,distance<=-10; value_ratio<=3.5; close_location>=90; signal<=930,False,19,1,1,0,0,18,100.0,5.26,20.65,1.2
1,distance<=-10; value_ratio<=3.5; close_location>=90; signal<=930; rank<=2,False,19,1,1,0,0,18,100.0,5.26,20.65,1.2
1,distance<=-10; value_ratio<=3.5; close_location>=90; signal<=940; rank<=1,False,6,1,1,0,0,5,100.0,16.67,20.65,1.2
1,distance<=-10; value_ratio<=3.5; close_location>=90; signal<=950; rank<=1,False,6,1,1,0,0,5,100.0,16.67,20.65,1.2
1,distance<=-10; value_ratio<=5; rank<=1,False,24,1,1,0,0,23,100.0,4.17,20.65,1.2
1,distance<=-10; value_ratio<=5; signal<=940; rank<=1,False,24,1,1,0,0,23,100.0,4.17,20.65,1.2
1,distance<=-10; value_ratio<=5; signal<=950; rank<=1,False,24,1,1,0,0,23,100.0,4.17,20.65,1.2
1,distance<=-10; value_ratio<=5; close_location>=80; rank<=1,False,23,1,1,0,0,22,100.0,4.35,20.65,1.2
1,distance<=-10; value_ratio<=5; close_location>=80; signal<=930,False,48,1,1,0,0,47,100.0,2.08,20.65,1.2
1,distance<=-10; value_ratio<=5; close_location>=80; signal<=930; rank<=2,False,48,1,1,0,0,47,100.0,2.08,20.65,1.2
1,distance<=-10; value_ratio<=5; close_location>=80; signal<=940; rank<=1,False,23,1,1,0,0,22,100.0,4.35,20.65,1.2
1,distance<=-10; value_ratio<=5; close_location>=80; signal<=950; rank<=1,False,23,1,1,0,0,22,100.0,4.35,20.65,1.2
1,distance<=-10; value_ratio<=5; close_location>=88; rank<=1,False,18,1,1,0,0,17,100.0,5.56,20.65,1.2
1,distance<=-10; value_ratio<=5; close_location>=88; signal<=930,False,34,1,1,0,0,33,100.0,2.94,20.65,1.2
1,distance<=-10; value_ratio<=5; close_location>=88; signal<=930; rank<=2,False,34,1,1,0,0,33,100.0,2.94,20.65,1.2
1,distance<=-10; value_ratio<=5; close_location>=88; signal<=940; rank<=1,False,18,1,1,0,0,17,100.0,5.56,20.65,1.2
1,distance<=-10; value_ratio<=5; close_location>=88; signal<=950; rank<=1,False,18,1,1,0,0,17,100.0,5.56,20.65,1.2
1,distance<=-10; value_ratio<=5; close_location>=90; rank<=1,False,13,1,1,0,0,12,100.0,7.69,20.65,1.2
1,distance<=-10; value_ratio<=5; close_location>=90; signal<=930,False,28,1,1,0,0,27,100.0,3.57,20.65,1.2
1,distance<=-10; value_ratio<=5; close_location>=90; signal<=930; rank<=2,False,28,1,1,0,0,27,100.0,3.57,20.65,1.2
1,distance<=-10; value_ratio<=5; close_location>=90; signal<=940; rank<=1,False,13,1,1,0,0,12,100.0,7.69,20.65,1.2
1,distance<=-10; value_ratio<=5; close_location>=90; signal<=950; rank<=1,False,13,1,1,0,0,12,100.0,7.69,20.65,1.2
1,distance<=-12; signal<=930,False,66,1,1,0,0,65,100.0,1.52,20.65,1.2
1,distance<=-12; signal<=930; rank<=2,False,66,1,1,0,0,65,100.0,1.52,20.65,1.2
1,distance<=-12; close_location>=80; rank<=1,False,27,1,1,0,0,26,100.0,3.7,20.65,1.2
1,distance<=-12; close_location>=80; signal<=930,False,54,1,1,0,0,53,100.0,1.85,20.65,1.2
1,distance<=-12; close_location>=80; signal<=930; rank<=2,False,54,1,1,0,0,53,100.0,1.85,20.65,1.2
1,distance<=-12; close_location>=80; signal<=940; rank<=1,False,27,1,1,0,0,26,100.0,3.7,20.65,1.2
1,distance<=-12; close_location>=80; signal<=950; rank<=1,False,27,1,1,0,0,26,100.0,3.7,20.65,1.2
1,distance<=-12; close_location>=88; rank<=1,False,21,1,1,0,0,20,100.0,4.76,20.65,1.2
1,distance<=-12; close_location>=88; signal<=930,False,36,1,1,0,0,35,100.0,2.78,20.65,1.2
1,distance<=-12; close_location>=88; signal<=930; rank<=2,False,36,1,1,0,0,35,100.0,2.78,20.65,1.2
1,distance<=-12; close_location>=88; signal<=940; rank<=1,False,21,1,1,0,0,20,100.0,4.76,20.65,1.2
1,distance<=-12; close_location>=88; signal<=950; rank<=1,False,21,1,1,0,0,20,100.0,4.76,20.65,1.2
1,distance<=-12; close_location>=90; rank<=1,False,16,1,1,0,0,15,100.0,6.25,20.65,1.2
1,distance<=-12; close_location>=90; signal<=930,False,30,1,1,0,0,29,100.0,3.33,20.65,1.2
1,distance<=-12; close_location>=90; signal<=930; rank<=2,False,30,1,1,0,0,29,100.0,3.33,20.65,1.2
1,distance<=-12; close_location>=90; signal<=940; rank<=1,False,16,1,1,0,0,15,100.0,6.25,20.65,1.2
1,distance<=-12; close_location>=90; signal<=950; rank<=1,False,16,1,1,0,0,15,100.0,6.25,20.65,1.2
1,distance<=-12; value_ratio<=2.5; rank<=1,False,3,1,1,0,0,2,100.0,33.33,20.65,1.2
1,distance<=-12; value_ratio<=2.5; signal<=930,False,13,1,1,0,0,12,100.0,7.69,20.65,1.2
1,distance<=-12; value_ratio<=2.5; signal<=930; rank<=2,False,13,1,1,0,0,12,100.0,7.69,20.65,1.2
1,distance<=-12; value_ratio<=2.5; signal<=940; rank<=1,False,3,1,1,0,0,2,100.0,33.33,20.65,1.2
1,distance<=-12; value_ratio<=2.5; signal<=950; rank<=1,False,3,1,1,0,0,2,100.0,33.33,20.65,1.2
1,distance<=-12; value_ratio<=2.5; close_location>=80; rank<=1,False,3,1,1,0,0,2,100.0,33.33,20.65,1.2
1,distance<=-12; value_ratio<=2.5; close_location>=80; signal<=930,False,12,1,1,0,0,11,100.0,8.33,20.65,1.2
1,distance<=-12; value_ratio<=2.5; close_location>=80; signal<=930; rank<=2,False,12,1,1,0,0,11,100.0,8.33,20.65,1.2
1,distance<=-12; value_ratio<=2.5; close_location>=80; signal<=940; rank<=1,False,3,1,1,0,0,2,100.0,33.33,20.65,1.2
1,distance<=-12; value_ratio<=2.5; close_location>=80; signal<=950; rank<=1,False,3,1,1,0,0,2,100.0,33.33,20.65,1.2
1,distance<=-12; value_ratio<=2.5; close_location>=88; rank<=1,False,3,1,1,0,0,2,100.0,33.33,20.65,1.2
1,distance<=-12; value_ratio<=2.5; close_location>=88; signal<=930,False,10,1,1,0,0,9,100.0,10.0,20.65,1.2
1,distance<=-12; value_ratio<=2.5; close_location>=88; signal<=930; rank<=2,False,10,1,1,0,0,9,100.0,10.0,20.65,1.2
1,distance<=-12; value_ratio<=2.5; close_location>=88; signal<=940; rank<=1,False,3,1,1,0,0,2,100.0,33.33,20.65,1.2
1,distance<=-12; value_ratio<=2.5; close_location>=88; signal<=950; rank<=1,False,3,1,1,0,0,2,100.0,33.33,20.65,1.2
1,distance<=-12; value_ratio<=2.5; close_location>=90; rank<=1,False,2,1,1,0,0,1,100.0,50.0,20.65,1.2
1,distance<=-12; value_ratio<=2.5; close_location>=90; signal<=930,False,8,1,1,0,0,7,100.0,12.5,20.65,1.2
1,distance<=-12; value_ratio<=2.5; close_location>=90; signal<=930; rank<=2,False,8,1,1,0,0,7,100.0,12.5,20.65,1.2
1,distance<=-12; value_ratio<=2.5; close_location>=90; signal<=940; rank<=1,False,2,1,1,0,0,1,100.0,50.0,20.65,1.2
1,distance<=-12; value_ratio<=2.5; close_location>=90; signal<=950; rank<=1,False,2,1,1,0,0,1,100.0,50.0,20.65,1.2
1,distance<=-12; value_ratio<=3; rank<=1,False,5,1,1,0,0,4,100.0,20.0,20.65,1.2
1,distance<=-12; value_ratio<=3; signal<=930,False,20,1,1,0,0,19,100.0,5.0,20.65,1.2
1,distance<=-12; value_ratio<=3; signal<=930; rank<=2,False,20,1,1,0,0,19,100.0,5.0,20.65,1.2
1,distance<=-12; value_ratio<=3; signal<=940; rank<=1,False,5,1,1,0,0,4,100.0,20.0,20.65,1.2
1,distance<=-12; value_ratio<=3; signal<=950; rank<=1,False,5,1,1,0,0,4,100.0,20.0,20.65,1.2
1,distance<=-12; value_ratio<=3; close_location>=80; rank<=1,False,5,1,1,0,0,4,100.0,20.0,20.65,1.2
1,distance<=-12; value_ratio<=3; close_location>=80; signal<=930,False,19,1,1,0,0,18,100.0,5.26,20.65,1.2
1,distance<=-12; value_ratio<=3; close_location>=80; signal<=930; rank<=2,False,19,1,1,0,0,18,100.0,5.26,20.65,1.2
1,distance<=-12; value_ratio<=3; close_location>=80; signal<=940; rank<=1,False,5,1,1,0,0,4,100.0,20.0,20.65,1.2
1,distance<=-12; value_ratio<=3; close_location>=80; signal<=950; rank<=1,False,5,1,1,0,0,4,100.0,20.0,20.65,1.2
1,distance<=-12; value_ratio<=3; close_location>=88; rank<=1,False,5,1,1,0,0,4,100.0,20.0,20.65,1.2
1,distance<=-12; value_ratio<=3; close_location>=88; signal<=930,False,14,1,1,0,0,13,100.0,7.14,20.65,1.2
1,distance<=-12; value_ratio<=3; close_location>=88; signal<=930; rank<=2,False,14,1,1,0,0,13,100.0,7.14,20.65,1.2
1,distance<=-12; value_ratio<=3; close_location>=88; signal<=940; rank<=1,False,5,1,1,0,0,4,100.0,20.0,20.65,1.2
1,distance<=-12; value_ratio<=3; close_location>=88; signal<=950; rank<=1,False,5,1,1,0,0,4,100.0,20.0,20.65,1.2
1,distance<=-12; value_ratio<=3; close_location>=90; rank<=1,False,4,1,1,0,0,3,100.0,25.0,20.65,1.2
1,distance<=-12; value_ratio<=3; close_location>=90; signal<=930,False,12,1,1,0,0,11,100.0,8.33,20.65,1.2
1,distance<=-12; value_ratio<=3; close_location>=90; signal<=930; rank<=2,False,12,1,1,0,0,11,100.0,8.33,20.65,1.2
1,distance<=-12; value_ratio<=3; close_location>=90; signal<=940; rank<=1,False,4,1,1,0,0,3,100.0,25.0,20.65,1.2
1,distance<=-12; value_ratio<=3; close_location>=90; signal<=950; rank<=1,False,4,1,1,0,0,3,100.0,25.0,20.65,1.2
1,distance<=-12; value_ratio<=3.5; rank<=1,False,9,1,1,0,0,8,100.0,11.11,20.65,1.2
1,distance<=-12; value_ratio<=3.5; signal<=930,False,30,1,1,0,0,29,100.0,3.33,20.65,1.2
1,distance<=-12; value_ratio<=3.5; signal<=930; rank<=2,False,30,1,1,0,0,29,100.0,3.33,20.65,1.2
1,distance<=-12; value_ratio<=3.5; signal<=940; rank<=1,False,9,1,1,0,0,8,100.0,11.11,20.65,1.2
1,distance<=-12; value_ratio<=3.5; signal<=950; rank<=1,False,9,1,1,0,0,8,100.0,11.11,20.65,1.2
1,distance<=-12; value_ratio<=3.5; close_location>=80; rank<=1,False,9,1,1,0,0,8,100.0,11.11,20.65,1.2
1,distance<=-12; value_ratio<=3.5; close_location>=80; signal<=930,False,28,1,1,0,0,27,100.0,3.57,20.65,1.2
1,distance<=-12; value_ratio<=3.5; close_location>=80; signal<=930; rank<=2,False,28,1,1,0,0,27,100.0,3.57,20.65,1.2
1,distance<=-12; value_ratio<=3.5; close_location>=80; signal<=940; rank<=1,False,9,1,1,0,0,8,100.0,11.11,20.65,1.2
1,distance<=-12; value_ratio<=3.5; close_location>=80; signal<=950; rank<=1,False,9,1,1,0,0,8,100.0,11.11,20.65,1.2
1,distance<=-12; value_ratio<=3.5; close_location>=88; rank<=1,False,8,1,1,0,0,7,100.0,12.5,20.65,1.2
1,distance<=-12; value_ratio<=3.5; close_location>=88; signal<=930,False,21,1,1,0,0,20,100.0,4.76,20.65,1.2
1,distance<=-12; value_ratio<=3.5; close_location>=88; signal<=930; rank<=2,False,21,1,1,0,0,20,100.0,4.76,20.65,1.2
1,distance<=-12; value_ratio<=3.5; close_location>=88; signal<=940; rank<=1,False,8,1,1,0,0,7,100.0,12.5,20.65,1.2
1,distance<=-12; value_ratio<=3.5; close_location>=88; signal<=950; rank<=1,False,8,1,1,0,0,7,100.0,12.5,20.65,1.2
1,distance<=-12; value_ratio<=3.5; close_location>=90; rank<=1,False,5,1,1,0,0,4,100.0,20.0,20.65,1.2
1,distance<=-12; value_ratio<=3.5; close_location>=90; signal<=930,False,17,1,1,0,0,16,100.0,5.88,20.65,1.2
1,distance<=-12; value_ratio<=3.5; close_location>=90; signal<=930; rank<=2,False,17,1,1,0,0,16,100.0,5.88,20.65,1.2
1,distance<=-12; value_ratio<=3.5; close_location>=90; signal<=940; rank<=1,False,5,1,1,0,0,4,100.0,20.0,20.65,1.2
1,distance<=-12; value_ratio<=3.5; close_location>=90; signal<=950; rank<=1,False,5,1,1,0,0,4,100.0,20.0,20.65,1.2
1,distance<=-12; value_ratio<=5; rank<=1,False,22,1,1,0,0,21,100.0,4.55,20.65,1.2
1,distance<=-12; value_ratio<=5; signal<=930,False,52,1,1,0,0,51,100.0,1.92,20.65,1.2
1,distance<=-12; value_ratio<=5; signal<=930; rank<=2,False,52,1,1,0,0,51,100.0,1.92,20.65,1.2
1,distance<=-12; value_ratio<=5; signal<=940; rank<=1,False,22,1,1,0,0,21,100.0,4.55,20.65,1.2
1,distance<=-12; value_ratio<=5; signal<=950; rank<=1,False,22,1,1,0,0,21,100.0,4.55,20.65,1.2
1,distance<=-12; value_ratio<=5; close_location>=80; rank<=1,False,21,1,1,0,0,20,100.0,4.76,20.65,1.2
1,distance<=-12; value_ratio<=5; close_location>=80; signal<=930,False,44,1,1,0,0,43,100.0,2.27,20.65,1.2
1,distance<=-12; value_ratio<=5; close_location>=80; signal<=930; rank<=2,False,44,1,1,0,0,43,100.0,2.27,20.65,1.2
1,distance<=-12; value_ratio<=5; close_location>=80; signal<=940; rank<=1,False,21,1,1,0,0,20,100.0,4.76,20.65,1.2
1,distance<=-12; value_ratio<=5; close_location>=80; signal<=950; rank<=1,False,21,1,1,0,0,20,100.0,4.76,20.65,1.2
1,distance<=-12; value_ratio<=5; close_location>=88; rank<=1,False,16,1,1,0,0,15,100.0,6.25,20.65,1.2
1,distance<=-12; value_ratio<=5; close_location>=88; signal<=930,False,31,1,1,0,0,30,100.0,3.23,20.65,1.2
1,distance<=-12; value_ratio<=5; close_location>=88; signal<=930; rank<=2,False,31,1,1,0,0,30,100.0,3.23,20.65,1.2
1,distance<=-12; value_ratio<=5; close_location>=88; signal<=940; rank<=1,False,16,1,1,0,0,15,100.0,6.25,20.65,1.2
1,distance<=-12; value_ratio<=5; close_location>=88; signal<=950; rank<=1,False,16,1,1,0,0,15,100.0,6.25,20.65,1.2
1,distance<=-12; value_ratio<=5; close_location>=90; rank<=1,False,11,1,1,0,0,10,100.0,9.09,20.65,1.2
1,distance<=-12; value_ratio<=5; close_location>=90; signal<=930,False,25,1,1,0,0,24,100.0,4.0,20.65,1.2
1,distance<=-12; value_ratio<=5; close_location>=90; signal<=930; rank<=2,False,25,1,1,0,0,24,100.0,4.0,20.65,1.2
1,distance<=-12; value_ratio<=5; close_location>=90; signal<=940; rank<=1,False,11,1,1,0,0,10,100.0,9.09,20.65,1.2
1,distance<=-12; value_ratio<=5; close_location>=90; signal<=950; rank<=1,False,11,1,1,0,0,10,100.0,9.09,20.65,1.2
1,distance<=-15; signal<=930,False,47,1,1,0,0,46,100.0,2.13,20.65,1.2
1,distance<=-15; signal<=930; rank<=2,False,47,1,1,0,0,46,100.0,2.13,20.65,1.2
1,distance<=-15; close_location>=80; rank<=1,False,16,1,1,0,0,15,100.0,6.25,20.65,1.2
1,distance<=-15; close_location>=80; signal<=930,False,37,1,1,0,0,36,100.0,2.7,20.65,1.2
1,distance<=-15; close_location>=80; signal<=930; rank<=2,False,37,1,1,0,0,36,100.0,2.7,20.65,1.2
1,distance<=-15; close_location>=80; signal<=940; rank<=1,False,16,1,1,0,0,15,100.0,6.25,20.65,1.2
1,distance<=-15; close_location>=80; signal<=950; rank<=1,False,16,1,1,0,0,15,100.0,6.25,20.65,1.2
1,distance<=-15; close_location>=88; rank<=1,False,13,1,1,0,0,12,100.0,7.69,20.65,1.2
1,distance<=-15; close_location>=88; signal<=930,False,24,1,1,0,0,23,100.0,4.17,20.65,1.2
1,distance<=-15; close_location>=88; signal<=930; rank<=2,False,24,1,1,0,0,23,100.0,4.17,20.65,1.2
1,distance<=-15; close_location>=88; signal<=940; rank<=1,False,13,1,1,0,0,12,100.0,7.69,20.65,1.2
1,distance<=-15; close_location>=88; signal<=950; rank<=1,False,13,1,1,0,0,12,100.0,7.69,20.65,1.2
1,distance<=-15; close_location>=90; rank<=1,False,9,1,1,0,0,8,100.0,11.11,20.65,1.2
1,distance<=-15; close_location>=90; signal<=930,False,19,1,1,0,0,18,100.0,5.26,20.65,1.2
1,distance<=-15; close_location>=90; signal<=930; rank<=2,False,19,1,1,0,0,18,100.0,5.26,20.65,1.2
1,distance<=-15; close_location>=90; signal<=940; rank<=1,False,9,1,1,0,0,8,100.0,11.11,20.65,1.2
1,distance<=-15; close_location>=90; signal<=950; rank<=1,False,9,1,1,0,0,8,100.0,11.11,20.65,1.2
1,distance<=-15; value_ratio<=2.5; rank<=1,False,2,1,1,0,0,1,100.0,50.0,20.65,1.2
1,distance<=-15; value_ratio<=2.5; signal<=930,False,9,1,1,0,0,8,100.0,11.11,20.65,1.2
1,distance<=-15; value_ratio<=2.5; signal<=930; rank<=2,False,9,1,1,0,0,8,100.0,11.11,20.65,1.2
1,distance<=-15; value_ratio<=2.5; signal<=940; rank<=1,False,2,1,1,0,0,1,100.0,50.0,20.65,1.2
1,distance<=-15; value_ratio<=2.5; signal<=950; rank<=1,False,2,1,1,0,0,1,100.0,50.0,20.65,1.2
1,distance<=-15; value_ratio<=2.5; close_location>=80; rank<=1,False,2,1,1,0,0,1,100.0,50.0,20.65,1.2
1,distance<=-15; value_ratio<=2.5; close_location>=80; signal<=930,False,8,1,1,0,0,7,100.0,12.5,20.65,1.2
1,distance<=-15; value_ratio<=2.5; close_location>=80; signal<=930; rank<=2,False,8,1,1,0,0,7,100.0,12.5,20.65,1.2
1,distance<=-15; value_ratio<=2.5; close_location>=80; signal<=940; rank<=1,False,2,1,1,0,0,1,100.0,50.0,20.65,1.2
1,distance<=-15; value_ratio<=2.5; close_location>=80; signal<=950; rank<=1,False,2,1,1,0,0,1,100.0,50.0,20.65,1.2
1,distance<=-15; value_ratio<=2.5; close_location>=88; rank<=1,False,2,1,1,0,0,1,100.0,50.0,20.65,1.2
1,distance<=-15; value_ratio<=2.5; close_location>=88; signal<=930,False,6,1,1,0,0,5,100.0,16.67,20.65,1.2
1,distance<=-15; value_ratio<=2.5; close_location>=88; signal<=930; rank<=2,False,6,1,1,0,0,5,100.0,16.67,20.65,1.2
1,distance<=-15; value_ratio<=2.5; close_location>=88; signal<=940; rank<=1,False,2,1,1,0,0,1,100.0,50.0,20.65,1.2
1,distance<=-15; value_ratio<=2.5; close_location>=88; signal<=950; rank<=1,False,2,1,1,0,0,1,100.0,50.0,20.65,1.2
1,distance<=-15; value_ratio<=2.5; close_location>=90; rank<=1,False,1,1,1,0,0,0,100.0,100.0,20.65,1.2
1,distance<=-15; value_ratio<=2.5; close_location>=90; signal<=930,False,4,1,1,0,0,3,100.0,25.0,20.65,1.2
1,distance<=-15; value_ratio<=2.5; close_location>=90; signal<=930; rank<=2,False,4,1,1,0,0,3,100.0,25.0,20.65,1.2
1,distance<=-15; value_ratio<=2.5; close_location>=90; signal<=940; rank<=1,False,1,1,1,0,0,0,100.0,100.0,20.65,1.2
1,distance<=-15; value_ratio<=2.5; close_location>=90; signal<=950; rank<=1,False,1,1,1,0,0,0,100.0,100.0,20.65,1.2
1,distance<=-15; value_ratio<=3; rank<=1,False,4,1,1,0,0,3,100.0,25.0,20.65,1.2
1,distance<=-15; value_ratio<=3; signal<=930,False,15,1,1,0,0,14,100.0,6.67,20.65,1.2
1,distance<=-15; value_ratio<=3; signal<=930; rank<=2,False,15,1,1,0,0,14,100.0,6.67,20.65,1.2
1,distance<=-15; value_ratio<=3; signal<=940; rank<=1,False,4,1,1,0,0,3,100.0,25.0,20.65,1.2
1,distance<=-15; value_ratio<=3; signal<=950; rank<=1,False,4,1,1,0,0,3,100.0,25.0,20.65,1.2
1,distance<=-15; value_ratio<=3; close_location>=80; rank<=1,False,4,1,1,0,0,3,100.0,25.0,20.65,1.2
1,distance<=-15; value_ratio<=3; close_location>=80; signal<=930,False,14,1,1,0,0,13,100.0,7.14,20.65,1.2
1,distance<=-15; value_ratio<=3; close_location>=80; signal<=930; rank<=2,False,14,1,1,0,0,13,100.0,7.14,20.65,1.2
1,distance<=-15; value_ratio<=3; close_location>=80; signal<=940; rank<=1,False,4,1,1,0,0,3,100.0,25.0,20.65,1.2
1,distance<=-15; value_ratio<=3; close_location>=80; signal<=950; rank<=1,False,4,1,1,0,0,3,100.0,25.0,20.65,1.2
1,distance<=-15; value_ratio<=3; close_location>=88; rank<=1,False,4,1,1,0,0,3,100.0,25.0,20.65,1.2
1,distance<=-15; value_ratio<=3; close_location>=88; signal<=930,False,10,1,1,0,0,9,100.0,10.0,20.65,1.2
1,distance<=-15; value_ratio<=3; close_location>=88; signal<=930; rank<=2,False,10,1,1,0,0,9,100.0,10.0,20.65,1.2
1,distance<=-15; value_ratio<=3; close_location>=88; signal<=940; rank<=1,False,4,1,1,0,0,3,100.0,25.0,20.65,1.2
1,distance<=-15; value_ratio<=3; close_location>=88; signal<=950; rank<=1,False,4,1,1,0,0,3,100.0,25.0,20.65,1.2
1,distance<=-15; value_ratio<=3; close_location>=90; rank<=1,False,3,1,1,0,0,2,100.0,33.33,20.65,1.2
1,distance<=-15; value_ratio<=3; close_location>=90; signal<=930,False,8,1,1,0,0,7,100.0,12.5,20.65,1.2
1,distance<=-15; value_ratio<=3; close_location>=90; signal<=930; rank<=2,False,8,1,1,0,0,7,100.0,12.5,20.65,1.2
1,distance<=-15; value_ratio<=3; close_location>=90; signal<=940; rank<=1,False,3,1,1,0,0,2,100.0,33.33,20.65,1.2
1,distance<=-15; value_ratio<=3; close_location>=90; signal<=950; rank<=1,False,3,1,1,0,0,2,100.0,33.33,20.65,1.2
1,distance<=-15; value_ratio<=3.5; rank<=1,False,6,1,1,0,0,5,100.0,16.67,20.65,1.2
1,distance<=-15; value_ratio<=3.5; signal<=930,False,22,1,1,0,0,21,100.0,4.55,20.65,1.2
1,distance<=-15; value_ratio<=3.5; signal<=930; rank<=2,False,22,1,1,0,0,21,100.0,4.55,20.65,1.2
1,distance<=-15; value_ratio<=3.5; signal<=940; rank<=1,False,6,1,1,0,0,5,100.0,16.67,20.65,1.2
1,distance<=-15; value_ratio<=3.5; signal<=950; rank<=1,False,6,1,1,0,0,5,100.0,16.67,20.65,1.2
1,distance<=-15; value_ratio<=3.5; close_location>=80; rank<=1,False,6,1,1,0,0,5,100.0,16.67,20.65,1.2
1,distance<=-15; value_ratio<=3.5; close_location>=80; signal<=930,False,21,1,1,0,0,20,100.0,4.76,20.65,1.2
1,distance<=-15; value_ratio<=3.5; close_location>=80; signal<=930; rank<=2,False,21,1,1,0,0,20,100.0,4.76,20.65,1.2
1,distance<=-15; value_ratio<=3.5; close_location>=80; signal<=940; rank<=1,False,6,1,1,0,0,5,100.0,16.67,20.65,1.2
1,distance<=-15; value_ratio<=3.5; close_location>=80; signal<=950; rank<=1,False,6,1,1,0,0,5,100.0,16.67,20.65,1.2
1,distance<=-15; value_ratio<=3.5; close_location>=88; rank<=1,False,6,1,1,0,0,5,100.0,16.67,20.65,1.2
1,distance<=-15; value_ratio<=3.5; close_location>=88; signal<=930,False,16,1,1,0,0,15,100.0,6.25,20.65,1.2
1,distance<=-15; value_ratio<=3.5; close_location>=88; signal<=930; rank<=2,False,16,1,1,0,0,15,100.0,6.25,20.65,1.2
1,distance<=-15; value_ratio<=3.5; close_location>=88; signal<=940; rank<=1,False,6,1,1,0,0,5,100.0,16.67,20.65,1.2
1,distance<=-15; value_ratio<=3.5; close_location>=88; signal<=950; rank<=1,False,6,1,1,0,0,5,100.0,16.67,20.65,1.2
1,distance<=-15; value_ratio<=3.5; close_location>=90; rank<=1,False,4,1,1,0,0,3,100.0,25.0,20.65,1.2
1,distance<=-15; value_ratio<=3.5; close_location>=90; signal<=930,False,13,1,1,0,0,12,100.0,7.69,20.65,1.2
1,distance<=-15; value_ratio<=3.5; close_location>=90; signal<=930; rank<=2,False,13,1,1,0,0,12,100.0,7.69,20.65,1.2
1,distance<=-15; value_ratio<=3.5; close_location>=90; signal<=940; rank<=1,False,4,1,1,0,0,3,100.0,25.0,20.65,1.2
1,distance<=-15; value_ratio<=3.5; close_location>=90; signal<=950; rank<=1,False,4,1,1,0,0,3,100.0,25.0,20.65,1.2
1,distance<=-15; value_ratio<=5; rank<=1,False,13,1,1,0,0,12,100.0,7.69,20.65,1.2
1,distance<=-15; value_ratio<=5; signal<=930,False,36,1,1,0,0,35,100.0,2.78,20.65,1.2
1,distance<=-15; value_ratio<=5; signal<=930; rank<=2,False,36,1,1,0,0,35,100.0,2.78,20.65,1.2
1,distance<=-15; value_ratio<=5; signal<=940; rank<=1,False,13,1,1,0,0,12,100.0,7.69,20.65,1.2
1,distance<=-15; value_ratio<=5; signal<=950; rank<=1,False,13,1,1,0,0,12,100.0,7.69,20.65,1.2
1,distance<=-15; value_ratio<=5; close_location>=80; rank<=1,False,12,1,1,0,0,11,100.0,8.33,20.65,1.2
1,distance<=-15; value_ratio<=5; close_location>=80; signal<=930,False,30,1,1,0,0,29,100.0,3.33,20.65,1.2
1,distance<=-15; value_ratio<=5; close_location>=80; signal<=930; rank<=2,False,30,1,1,0,0,29,100.0,3.33,20.65,1.2
1,distance<=-15; value_ratio<=5; close_location>=80; signal<=940; rank<=1,False,12,1,1,0,0,11,100.0,8.33,20.65,1.2
1,distance<=-15; value_ratio<=5; close_location>=80; signal<=950; rank<=1,False,12,1,1,0,0,11,100.0,8.33,20.65,1.2
1,distance<=-15; value_ratio<=5; close_location>=88; rank<=1,False,10,1,1,0,0,9,100.0,10.0,20.65,1.2
1,distance<=-15; value_ratio<=5; close_location>=88; signal<=930,False,21,1,1,0,0,20,100.0,4.76,20.65,1.2
1,distance<=-15; value_ratio<=5; close_location>=88; signal<=930; rank<=2,False,21,1,1,0,0,20,100.0,4.76,20.65,1.2
1,distance<=-15; value_ratio<=5; close_location>=88; signal<=940; rank<=1,False,10,1,1,0,0,9,100.0,10.0,20.65,1.2
1,distance<=-15; value_ratio<=5; close_location>=88; signal<=950; rank<=1,False,10,1,1,0,0,9,100.0,10.0,20.65,1.2
1,distance<=-15; value_ratio<=5; close_location>=90; rank<=1,False,6,1,1,0,0,5,100.0,16.67,20.65,1.2
1,distance<=-15; value_ratio<=5; close_location>=90; signal<=930,False,16,1,1,0,0,15,100.0,6.25,20.65,1.2
1,distance<=-15; value_ratio<=5; close_location>=90; signal<=930; rank<=2,False,16,1,1,0,0,15,100.0,6.25,20.65,1.2
1,distance<=-15; value_ratio<=5; close_location>=90; signal<=940; rank<=1,False,6,1,1,0,0,5,100.0,16.67,20.65,1.2
1,distance<=-15; value_ratio<=5; close_location>=90; signal<=950; rank<=1,False,6,1,1,0,0,5,100.0,16.67,20.65,1.2
1,distance<=-10,False,73,6,3,2,1,67,50.0,4.11,18.76,0.105
1,distance<=-10; rank<=2,False,73,6,3,2,1,67,50.0,4.11,18.76,0.105
1,distance<=-10; signal<=940,False,73,6,3,2,1,67,50.0,4.11,18.76,0.105
1,distance<=-10; signal<=940; rank<=2,False,73,6,3,2,1,67,50.0,4.11,18.76,0.105
1,distance<=-10; signal<=950,False,73,6,3,2,1,67,50.0,4.11,18.76,0.105
1,distance<=-10; signal<=950; rank<=2,False,73,6,3,2,1,67,50.0,4.11,18.76,0.105
1,close_location>=88,False,83,6,3,3,0,77,50.0,3.61,18.76,-0.15
1,close_location>=88; rank<=2,False,83,6,3,3,0,77,50.0,3.61,18.76,-0.15
1,close_location>=88; signal<=940,False,83,6,3,3,0,77,50.0,3.61,18.76,-0.15
1,close_location>=88; signal<=940; rank<=2,False,83,6,3,3,0,77,50.0,3.61,18.76,-0.15
1,close_location>=88; signal<=950,False,83,6,3,3,0,77,50.0,3.61,18.76,-0.15
1,close_location>=88; signal<=950; rank<=2,False,83,6,3,3,0,77,50.0,3.61,18.76,-0.15
1,close_location>=90,False,74,6,3,3,0,68,50.0,4.05,18.76,-0.15
1,close_location>=90; rank<=2,False,74,6,3,3,0,68,50.0,4.05,18.76,-0.15
1,close_location>=90; signal<=940,False,74,6,3,3,0,68,50.0,4.05,18.76,-0.15
1,close_location>=90; signal<=940; rank<=2,False,74,6,3,3,0,68,50.0,4.05,18.76,-0.15
1,close_location>=90; signal<=950,False,74,6,3,3,0,68,50.0,4.05,18.76,-0.15
1,close_location>=90; signal<=950; rank<=2,False,74,6,3,3,0,68,50.0,4.05,18.76,-0.15
1,value_ratio<=3,False,50,6,3,3,0,44,50.0,6.0,18.76,-0.15
1,value_ratio<=3; rank<=2,False,50,6,3,3,0,44,50.0,6.0,18.76,-0.15
1,value_ratio<=3; signal<=940,False,50,6,3,3,0,44,50.0,6.0,18.76,-0.15
1,value_ratio<=3; signal<=940; rank<=2,False,50,6,3,3,0,44,50.0,6.0,18.76,-0.15
1,value_ratio<=3; signal<=950,False,50,6,3,3,0,44,50.0,6.0,18.76,-0.15
1,value_ratio<=3; signal<=950; rank<=2,False,50,6,3,3,0,44,50.0,6.0,18.76,-0.15
1,value_ratio<=3; close_location>=80,False,48,6,3,3,0,42,50.0,6.25,18.76,-0.15
1,value_ratio<=3; close_location>=80; rank<=2,False,48,6,3,3,0,42,50.0,6.25,18.76,-0.15
1,value_ratio<=3; close_location>=80; signal<=940,False,48,6,3,3,0,42,50.0,6.25,18.76,-0.15
1,value_ratio<=3; close_location>=80; signal<=940; rank<=2,False,48,6,3,3,0,42,50.0,6.25,18.76,-0.15
1,value_ratio<=3; close_location>=80; signal<=950,False,48,6,3,3,0,42,50.0,6.25,18.76,-0.15
1,value_ratio<=3; close_location>=80; signal<=950; rank<=2,False,48,6,3,3,0,42,50.0,6.25,18.76,-0.15
1,value_ratio<=3; close_location>=88,False,35,6,3,3,0,29,50.0,8.57,18.76,-0.15
1,value_ratio<=3; close_location>=88; rank<=2,False,35,6,3,3,0,29,50.0,8.57,18.76,-0.15
1,value_ratio<=3; close_location>=88; signal<=940,False,35,6,3,3,0,29,50.0,8.57,18.76,-0.15
1,value_ratio<=3; close_location>=88; signal<=940; rank<=2,False,35,6,3,3,0,29,50.0,8.57,18.76,-0.15
1,value_ratio<=3; close_location>=88; signal<=950,False,35,6,3,3,0,29,50.0,8.57,18.76,-0.15
1,value_ratio<=3; close_location>=88; signal<=950; rank<=2,False,35,6,3,3,0,29,50.0,8.57,18.76,-0.15
1,value_ratio<=3; close_location>=90,False,32,6,3,3,0,26,50.0,9.38,18.76,-0.15
1,value_ratio<=3; close_location>=90; rank<=2,False,32,6,3,3,0,26,50.0,9.38,18.76,-0.15
1,value_ratio<=3; close_location>=90; signal<=940,False,32,6,3,3,0,26,50.0,9.38,18.76,-0.15
1,value_ratio<=3; close_location>=90; signal<=940; rank<=2,False,32,6,3,3,0,26,50.0,9.38,18.76,-0.15
1,value_ratio<=3; close_location>=90; signal<=950,False,32,6,3,3,0,26,50.0,9.38,18.76,-0.15
1,value_ratio<=3; close_location>=90; signal<=950; rank<=2,False,32,6,3,3,0,26,50.0,9.38,18.76,-0.15
1,value_ratio<=3.5; close_location>=80,False,73,6,3,3,0,67,50.0,4.11,18.76,-0.15
1,value_ratio<=3.5; close_location>=80; rank<=2,False,73,6,3,3,0,67,50.0,4.11,18.76,-0.15
1,value_ratio<=3.5; close_location>=80; signal<=940,False,73,6,3,3,0,67,50.0,4.11,18.76,-0.15
1,value_ratio<=3.5; close_location>=80; signal<=940; rank<=2,False,73,6,3,3,0,67,50.0,4.11,18.76,-0.15
1,value_ratio<=3.5; close_location>=80; signal<=950,False,73,6,3,3,0,67,50.0,4.11,18.76,-0.15
1,value_ratio<=3.5; close_location>=80; signal<=950; rank<=2,False,73,6,3,3,0,67,50.0,4.11,18.76,-0.15
1,value_ratio<=3.5; close_location>=88,False,53,6,3,3,0,47,50.0,5.66,18.76,-0.15
1,value_ratio<=3.5; close_location>=88; rank<=2,False,53,6,3,3,0,47,50.0,5.66,18.76,-0.15
1,value_ratio<=3.5; close_location>=88; signal<=940,False,53,6,3,3,0,47,50.0,5.66,18.76,-0.15
1,value_ratio<=3.5; close_location>=88; signal<=940; rank<=2,False,53,6,3,3,0,47,50.0,5.66,18.76,-0.15
1,value_ratio<=3.5; close_location>=88; signal<=950,False,53,6,3,3,0,47,50.0,5.66,18.76,-0.15
1,value_ratio<=3.5; close_location>=88; signal<=950; rank<=2,False,53,6,3,3,0,47,50.0,5.66,18.76,-0.15
1,value_ratio<=3.5; close_location>=90,False,47,6,3,3,0,41,50.0,6.38,18.76,-0.15
1,value_ratio<=3.5; close_location>=90; rank<=2,False,47,6,3,3,0,41,50.0,6.38,18.76,-0.15
1,value_ratio<=3.5; close_location>=90; signal<=940,False,47,6,3,3,0,41,50.0,6.38,18.76,-0.15
1,value_ratio<=3.5; close_location>=90; signal<=940; rank<=2,False,47,6,3,3,0,41,50.0,6.38,18.76,-0.15
1,value_ratio<=3.5; close_location>=90; signal<=950,False,47,6,3,3,0,41,50.0,6.38,18.76,-0.15
1,value_ratio<=3.5; close_location>=90; signal<=950; rank<=2,False,47,6,3,3,0,41,50.0,6.38,18.76,-0.15
1,value_ratio<=5; close_location>=80,False,107,6,3,3,0,101,50.0,2.8,18.76,-0.15
1,value_ratio<=5; close_location>=80; rank<=2,False,107,6,3,3,0,101,50.0,2.8,18.76,-0.15
1,value_ratio<=5; close_location>=80; signal<=940,False,107,6,3,3,0,101,50.0,2.8,18.76,-0.15
1,value_ratio<=5; close_location>=80; signal<=940; rank<=2,False,107,6,3,3,0,101,50.0,2.8,18.76,-0.15
1,value_ratio<=5; close_location>=80; signal<=950,False,107,6,3,3,0,101,50.0,2.8,18.76,-0.15
1,value_ratio<=5; close_location>=80; signal<=950; rank<=2,False,107,6,3,3,0,101,50.0,2.8,18.76,-0.15
1,value_ratio<=5; close_location>=88,False,75,6,3,3,0,69,50.0,4.0,18.76,-0.15
1,value_ratio<=5; close_location>=88; rank<=2,False,75,6,3,3,0,69,50.0,4.0,18.76,-0.15
1,value_ratio<=5; close_location>=88; signal<=940,False,75,6,3,3,0,69,50.0,4.0,18.76,-0.15
1,value_ratio<=5; close_location>=88; signal<=940; rank<=2,False,75,6,3,3,0,69,50.0,4.0,18.76,-0.15
1,value_ratio<=5; close_location>=88; signal<=950,False,75,6,3,3,0,69,50.0,4.0,18.76,-0.15
1,value_ratio<=5; close_location>=88; signal<=950; rank<=2,False,75,6,3,3,0,69,50.0,4.0,18.76,-0.15
1,value_ratio<=5; close_location>=90,False,66,6,3,3,0,60,50.0,4.55,18.76,-0.15
1,value_ratio<=5; close_location>=90; rank<=2,False,66,6,3,3,0,60,50.0,4.55,18.76,-0.15
1,value_ratio<=5; close_location>=90; signal<=940,False,66,6,3,3,0,60,50.0,4.55,18.76,-0.15
1,value_ratio<=5; close_location>=90; signal<=940; rank<=2,False,66,6,3,3,0,60,50.0,4.55,18.76,-0.15
1,value_ratio<=5; close_location>=90; signal<=950,False,66,6,3,3,0,60,50.0,4.55,18.76,-0.15
1,value_ratio<=5; close_location>=90; signal<=950; rank<=2,False,66,6,3,3,0,60,50.0,4.55,18.76,-0.15
1,distance<=-3,False,114,7,3,2,2,107,42.86,2.63,15.82,0.052
1,distance<=-3; rank<=2,False,114,7,3,2,2,107,42.86,2.63,15.82,0.052
1,distance<=-3; signal<=940,False,114,7,3,2,2,107,42.86,2.63,15.82,0.052
1,distance<=-3; signal<=940; rank<=2,False,114,7,3,2,2,107,42.86,2.63,15.82,0.052
1,distance<=-3; signal<=950,False,114,7,3,2,2,107,42.86,2.63,15.82,0.052
1,distance<=-3; signal<=950; rank<=2,False,114,7,3,2,2,107,42.86,2.63,15.82,0.052
1,distance<=-5,False,105,7,3,2,2,98,42.86,2.86,15.82,0.052
1,distance<=-5; rank<=2,False,105,7,3,2,2,98,42.86,2.86,15.82,0.052
1,distance<=-5; signal<=940,False,105,7,3,2,2,98,42.86,2.86,15.82,0.052
1,distance<=-5; signal<=940; rank<=2,False,105,7,3,2,2,98,42.86,2.86,15.82,0.052
1,distance<=-5; signal<=950,False,105,7,3,2,2,98,42.86,2.86,15.82,0.052
1,distance<=-5; signal<=950; rank<=2,False,105,7,3,2,2,98,42.86,2.86,15.82,0.052
1,distance<=-8,False,88,7,3,2,2,81,42.86,3.41,15.82,0.052
1,distance<=-8; rank<=2,False,88,7,3,2,2,81,42.86,3.41,15.82,0.052
1,distance<=-8; signal<=940,False,88,7,3,2,2,81,42.86,3.41,15.82,0.052
1,distance<=-8; signal<=940; rank<=2,False,88,7,3,2,2,81,42.86,3.41,15.82,0.052
1,distance<=-8; signal<=950,False,88,7,3,2,2,81,42.86,3.41,15.82,0.052
1,distance<=-8; signal<=950; rank<=2,False,88,7,3,2,2,81,42.86,3.41,15.82,0.052
1,value_ratio<=3.5,False,79,7,3,3,1,72,42.86,3.8,15.82,-0.124
1,value_ratio<=3.5; rank<=2,False,79,7,3,3,1,72,42.86,3.8,15.82,-0.124
1,value_ratio<=3.5; signal<=940,False,79,7,3,3,1,72,42.86,3.8,15.82,-0.124
1,value_ratio<=3.5; signal<=940; rank<=2,False,79,7,3,3,1,72,42.86,3.8,15.82,-0.124
1,value_ratio<=3.5; signal<=950,False,79,7,3,3,1,72,42.86,3.8,15.82,-0.124
1,value_ratio<=3.5; signal<=950; rank<=2,False,79,7,3,3,1,72,42.86,3.8,15.82,-0.124
1,distance<=-3; value_ratio<=3.5,False,57,4,2,1,1,53,50.0,3.51,15.0,0.233
1,distance<=-3; value_ratio<=3.5; rank<=2,False,57,4,2,1,1,53,50.0,3.51,15.0,0.233
1,distance<=-3; value_ratio<=3.5; signal<=940,False,57,4,2,1,1,53,50.0,3.51,15.0,0.233
1,distance<=-3; value_ratio<=3.5; signal<=940; rank<=2,False,57,4,2,1,1,53,50.0,3.51,15.0,0.233
1,distance<=-3; value_ratio<=3.5; signal<=950,False,57,4,2,1,1,53,50.0,3.51,15.0,0.233
1,distance<=-3; value_ratio<=3.5; signal<=950; rank<=2,False,57,4,2,1,1,53,50.0,3.51,15.0,0.233
1,distance<=-5; value_ratio<=3.5,False,54,4,2,1,1,50,50.0,3.7,15.0,0.233
1,distance<=-5; value_ratio<=3.5; rank<=2,False,54,4,2,1,1,50,50.0,3.7,15.0,0.233
1,distance<=-5; value_ratio<=3.5; signal<=940,False,54,4,2,1,1,50,50.0,3.7,15.0,0.233
1,distance<=-5; value_ratio<=3.5; signal<=940; rank<=2,False,54,4,2,1,1,50,50.0,3.7,15.0,0.233
1,distance<=-5; value_ratio<=3.5; signal<=950,False,54,4,2,1,1,50,50.0,3.7,15.0,0.233
1,distance<=-5; value_ratio<=3.5; signal<=950; rank<=2,False,54,4,2,1,1,50,50.0,3.7,15.0,0.233
1,distance<=-8; value_ratio<=3.5,False,43,4,2,1,1,39,50.0,4.65,15.0,0.233
1,distance<=-8; value_ratio<=3.5; rank<=2,False,43,4,2,1,1,39,50.0,4.65,15.0,0.233
1,distance<=-8; value_ratio<=3.5; signal<=940,False,43,4,2,1,1,39,50.0,4.65,15.0,0.233
1,distance<=-8; value_ratio<=3.5; signal<=940; rank<=2,False,43,4,2,1,1,39,50.0,4.65,15.0,0.233
1,distance<=-8; value_ratio<=3.5; signal<=950,False,43,4,2,1,1,39,50.0,4.65,15.0,0.233
1,distance<=-8; value_ratio<=3.5; signal<=950; rank<=2,False,43,4,2,1,1,39,50.0,4.65,15.0,0.233
1,distance<=-10; value_ratio<=3.5,False,34,4,2,1,1,30,50.0,5.88,15.0,0.233
1,distance<=-10; value_ratio<=3.5; rank<=2,False,34,4,2,1,1,30,50.0,5.88,15.0,0.233
1,distance<=-10; value_ratio<=3.5; signal<=940,False,34,4,2,1,1,30,50.0,5.88,15.0,0.233
1,distance<=-10; value_ratio<=3.5; signal<=940; rank<=2,False,34,4,2,1,1,30,50.0,5.88,15.0,0.233
1,distance<=-10; value_ratio<=3.5; signal<=950,False,34,4,2,1,1,30,50.0,5.88,15.0,0.233
1,distance<=-10; value_ratio<=3.5; signal<=950; rank<=2,False,34,4,2,1,1,30,50.0,5.88,15.0,0.233
1,distance<=-10; value_ratio<=5,False,57,4,2,1,1,53,50.0,3.51,15.0,0.233
1,distance<=-10; value_ratio<=5; rank<=2,False,57,4,2,1,1,53,50.0,3.51,15.0,0.233
1,distance<=-10; value_ratio<=5; signal<=940,False,57,4,2,1,1,53,50.0,3.51,15.0,0.233
1,distance<=-10; value_ratio<=5; signal<=940; rank<=2,False,57,4,2,1,1,53,50.0,3.51,15.0,0.233
1,distance<=-10; value_ratio<=5; signal<=950,False,57,4,2,1,1,53,50.0,3.51,15.0,0.233
1,distance<=-10; value_ratio<=5; signal<=950; rank<=2,False,57,4,2,1,1,53,50.0,3.51,15.0,0.233
1,value_ratio<=5; rank<=1,False,61,4,2,1,1,57,50.0,3.28,15.0,0.158
1,value_ratio<=5; signal<=940; rank<=1,False,61,4,2,1,1,57,50.0,3.28,15.0,0.158
1,value_ratio<=5; signal<=950; rank<=1,False,61,4,2,1,1,57,50.0,3.28,15.0,0.158
1,close_location>=80; signal<=930,False,124,4,2,2,0,120,50.0,1.61,15.0,-0.15
1,close_location>=80; signal<=930; rank<=2,False,124,4,2,2,0,120,50.0,1.61,15.0,-0.15
1,close_location>=88; signal<=930,False,83,4,2,2,0,79,50.0,2.41,15.0,-0.15
1,close_location>=88; signal<=930; rank<=2,False,83,4,2,2,0,79,50.0,2.41,15.0,-0.15
1,close_location>=90; signal<=930,False,74,4,2,2,0,70,50.0,2.7,15.0,-0.15
1,close_location>=90; signal<=930; rank<=2,False,74,4,2,2,0,70,50.0,2.7,15.0,-0.15
1,value_ratio<=3; signal<=930,False,50,4,2,2,0,46,50.0,4.0,15.0,-0.15
1,value_ratio<=3; signal<=930; rank<=2,False,50,4,2,2,0,46,50.0,4.0,15.0,-0.15
1,value_ratio<=3; close_location>=80; signal<=930,False,48,4,2,2,0,44,50.0,4.17,15.0,-0.15
1,value_ratio<=3; close_location>=80; signal<=930; rank<=2,False,48,4,2,2,0,44,50.0,4.17,15.0,-0.15
1,value_ratio<=3; close_location>=88; signal<=930,False,35,4,2,2,0,31,50.0,5.71,15.0,-0.15
1,value_ratio<=3; close_location>=88; signal<=930; rank<=2,False,35,4,2,2,0,31,50.0,5.71,15.0,-0.15
1,value_ratio<=3; close_location>=90; signal<=930,False,32,4,2,2,0,28,50.0,6.25,15.0,-0.15
1,value_ratio<=3; close_location>=90; signal<=930; rank<=2,False,32,4,2,2,0,28,50.0,6.25,15.0,-0.15
1,value_ratio<=3.5; close_location>=80; signal<=930,False,73,4,2,2,0,69,50.0,2.74,15.0,-0.15
1,value_ratio<=3.5; close_location>=80; signal<=930; rank<=2,False,73,4,2,2,0,69,50.0,2.74,15.0,-0.15
1,value_ratio<=3.5; close_location>=88; signal<=930,False,53,4,2,2,0,49,50.0,3.77,15.0,-0.15
1,value_ratio<=3.5; close_location>=88; signal<=930; rank<=2,False,53,4,2,2,0,49,50.0,3.77,15.0,-0.15
1,value_ratio<=3.5; close_location>=90; signal<=930,False,47,4,2,2,0,43,50.0,4.26,15.0,-0.15
1,value_ratio<=3.5; close_location>=90; signal<=930; rank<=2,False,47,4,2,2,0,43,50.0,4.26,15.0,-0.15
1,value_ratio<=5; close_location>=80; signal<=930,False,107,4,2,2,0,103,50.0,1.87,15.0,-0.15
1,value_ratio<=5; close_location>=80; signal<=930; rank<=2,False,107,4,2,2,0,103,50.0,1.87,15.0,-0.15
1,value_ratio<=5; close_location>=88; signal<=930,False,75,4,2,2,0,71,50.0,2.67,15.0,-0.15
1,value_ratio<=5; close_location>=88; signal<=930; rank<=2,False,75,4,2,2,0,71,50.0,2.67,15.0,-0.15
1,value_ratio<=5; close_location>=90; signal<=930,False,66,4,2,2,0,62,50.0,3.03,15.0,-0.15
1,value_ratio<=5; close_location>=90; signal<=930; rank<=2,False,66,4,2,2,0,62,50.0,3.03,15.0,-0.15
1,distance<=-3; value_ratio<=5,False,92,5,2,1,2,87,40.0,2.17,11.76,0.133
1,distance<=-3; value_ratio<=5; rank<=2,False,92,5,2,1,2,87,40.0,2.17,11.76,0.133
1,distance<=-3; value_ratio<=5; signal<=940,False,92,5,2,1,2,87,40.0,2.17,11.76,0.133
1,distance<=-3; value_ratio<=5; signal<=940; rank<=2,False,92,5,2,1,2,87,40.0,2.17,11.76,0.133
1,distance<=-3; value_ratio<=5; signal<=950,False,92,5,2,1,2,87,40.0,2.17,11.76,0.133
1,distance<=-3; value_ratio<=5; signal<=950; rank<=2,False,92,5,2,1,2,87,40.0,2.17,11.76,0.133
1,distance<=-5; value_ratio<=5,False,84,5,2,1,2,79,40.0,2.38,11.76,0.133
1,distance<=-5; value_ratio<=5; rank<=2,False,84,5,2,1,2,79,40.0,2.38,11.76,0.133
1,distance<=-5; value_ratio<=5; signal<=940,False,84,5,2,1,2,79,40.0,2.38,11.76,0.133
1,distance<=-5; value_ratio<=5; signal<=940; rank<=2,False,84,5,2,1,2,79,40.0,2.38,11.76,0.133
1,distance<=-5; value_ratio<=5; signal<=950,False,84,5,2,1,2,79,40.0,2.38,11.76,0.133
1,distance<=-5; value_ratio<=5; signal<=950; rank<=2,False,84,5,2,1,2,79,40.0,2.38,11.76,0.133
1,distance<=-8; value_ratio<=5,False,69,5,2,1,2,64,40.0,2.9,11.76,0.133
1,distance<=-8; value_ratio<=5; rank<=2,False,69,5,2,1,2,64,40.0,2.9,11.76,0.133
1,distance<=-8; value_ratio<=5; signal<=940,False,69,5,2,1,2,64,40.0,2.9,11.76,0.133
1,distance<=-8; value_ratio<=5; signal<=940; rank<=2,False,69,5,2,1,2,64,40.0,2.9,11.76,0.133
1,distance<=-8; value_ratio<=5; signal<=950,False,69,5,2,1,2,64,40.0,2.9,11.76,0.133
1,distance<=-8; value_ratio<=5; signal<=950; rank<=2,False,69,5,2,1,2,64,40.0,2.9,11.76,0.133
1,value_ratio<=3.5; signal<=930,False,79,5,2,2,1,74,40.0,2.53,11.76,-0.114
1,value_ratio<=3.5; signal<=930; rank<=2,False,79,5,2,2,1,74,40.0,2.53,11.76,-0.114
1,rank<=1,False,80,5,2,2,1,75,40.0,2.5,11.76,-0.173
1,signal<=940; rank<=1,False,80,5,2,2,1,75,40.0,2.5,11.76,-0.173
1,signal<=950; rank<=1,False,80,5,2,2,1,75,40.0,2.5,11.76,-0.173
1,signal<=930,False,160,6,2,2,2,154,33.33,1.25,9.68,-0.139
1,signal<=930; rank<=2,False,160,6,2,2,2,154,33.33,1.25,9.68,-0.139
1,value_ratio<=5; signal<=930,False,126,6,2,2,2,120,33.33,1.59,9.68,-0.139
1,value_ratio<=5; signal<=930; rank<=2,False,126,6,2,2,2,120,33.33,1.59,9.68,-0.139
1,distance<=-3; value_ratio<=3.5; signal<=930,False,57,2,1,0,1,55,50.0,1.75,9.45,0.616
1,distance<=-3; value_ratio<=3.5; signal<=930; rank<=2,False,57,2,1,0,1,55,50.0,1.75,9.45,0.616
1,distance<=-5; value_ratio<=3.5; signal<=930,False,54,2,1,0,1,52,50.0,1.85,9.45,0.616
1,distance<=-5; value_ratio<=3.5; signal<=930; rank<=2,False,54,2,1,0,1,52,50.0,1.85,9.45,0.616
1,distance<=-8; value_ratio<=3.5; signal<=930,False,43,2,1,0,1,41,50.0,2.33,9.45,0.616
1,distance<=-8; value_ratio<=3.5; signal<=930; rank<=2,False,43,2,1,0,1,41,50.0,2.33,9.45,0.616
1,distance<=-10; signal<=930,False,73,2,1,0,1,71,50.0,1.37,9.45,0.616
1,distance<=-10; signal<=930; rank<=2,False,73,2,1,0,1,71,50.0,1.37,9.45,0.616
1,distance<=-10; value_ratio<=3.5; signal<=930,False,34,2,1,0,1,32,50.0,2.94,9.45,0.616
1,distance<=-10; value_ratio<=3.5; signal<=930; rank<=2,False,34,2,1,0,1,32,50.0,2.94,9.45,0.616
1,distance<=-10; value_ratio<=5; signal<=930,False,57,2,1,0,1,55,50.0,1.75,9.45,0.616
1,distance<=-10; value_ratio<=5; signal<=930; rank<=2,False,57,2,1,0,1,55,50.0,1.75,9.45,0.616
1,distance<=-3; value_ratio<=5; rank<=1,False,44,2,1,0,1,42,50.0,2.27,9.45,0.466
1,distance<=-3; value_ratio<=5; signal<=940; rank<=1,False,44,2,1,0,1,42,50.0,2.27,9.45,0.466
1,distance<=-3; value_ratio<=5; signal<=950; rank<=1,False,44,2,1,0,1,42,50.0,2.27,9.45,0.466
1,distance<=-5; value_ratio<=5; rank<=1,False,39,2,1,0,1,37,50.0,2.56,9.45,0.466
1,distance<=-5; value_ratio<=5; signal<=940; rank<=1,False,39,2,1,0,1,37,50.0,2.56,9.45,0.466
1,distance<=-5; value_ratio<=5; signal<=950; rank<=1,False,39,2,1,0,1,37,50.0,2.56,9.45,0.466
1,distance<=-8; value_ratio<=5; rank<=1,False,31,2,1,0,1,29,50.0,3.23,9.45,0.466
1,distance<=-8; value_ratio<=5; signal<=940; rank<=1,False,31,2,1,0,1,29,50.0,3.23,9.45,0.466
1,distance<=-8; value_ratio<=5; signal<=950; rank<=1,False,31,2,1,0,1,29,50.0,3.23,9.45,0.466
1,close_location>=80; signal<=930; rank<=1,False,64,2,1,1,0,62,50.0,1.56,9.45,-0.15
1,close_location>=88; signal<=930; rank<=1,False,48,2,1,1,0,46,50.0,2.08,9.45,-0.15
1,close_location>=90; signal<=930; rank<=1,False,42,2,1,1,0,40,50.0,2.38,9.45,-0.15
1,value_ratio<=2.5; signal<=930,False,32,2,1,1,0,30,50.0,3.12,9.45,-0.15
1,value_ratio<=2.5; signal<=930; rank<=2,False,32,2,1,1,0,30,50.0,3.12,9.45,-0.15
1,value_ratio<=2.5; close_location>=80; signal<=930,False,30,2,1,1,0,28,50.0,3.33,9.45,-0.15
1,value_ratio<=2.5; close_location>=80; signal<=930; rank<=2,False,30,2,1,1,0,28,50.0,3.33,9.45,-0.15
1,value_ratio<=2.5; close_location>=88; signal<=930,False,23,2,1,1,0,21,50.0,4.35,9.45,-0.15
1,value_ratio<=2.5; close_location>=88; signal<=930; rank<=2,False,23,2,1,1,0,21,50.0,4.35,9.45,-0.15
1,value_ratio<=2.5; close_location>=90; signal<=930,False,20,2,1,1,0,18,50.0,5.0,9.45,-0.15
1,value_ratio<=2.5; close_location>=90; signal<=930; rank<=2,False,20,2,1,1,0,18,50.0,5.0,9.45,-0.15
1,value_ratio<=3; signal<=930; rank<=1,False,15,2,1,1,0,13,50.0,6.67,9.45,-0.15
1,value_ratio<=3; close_location>=80; signal<=930; rank<=1,False,15,2,1,1,0,13,50.0,6.67,9.45,-0.15
1,value_ratio<=3; close_location>=88; signal<=930; rank<=1,False,13,2,1,1,0,11,50.0,7.69,9.45,-0.15
1,value_ratio<=3; close_location>=90; signal<=930; rank<=1,False,12,2,1,1,0,10,50.0,8.33,9.45,-0.15
1,value_ratio<=3.5; signal<=930; rank<=1,False,29,2,1,1,0,27,50.0,3.45,9.45,-0.15
1,value_ratio<=3.5; close_location>=80; signal<=930; rank<=1,False,28,2,1,1,0,26,50.0,3.57,9.45,-0.15
1,value_ratio<=3.5; close_location>=88; signal<=930; rank<=1,False,22,2,1,1,0,20,50.0,4.55,9.45,-0.15
1,value_ratio<=3.5; close_location>=90; signal<=930; rank<=1,False,19,2,1,1,0,17,50.0,5.26,9.45,-0.15
1,value_ratio<=5; close_location>=80; signal<=930; rank<=1,False,55,2,1,1,0,53,50.0,1.82,9.45,-0.15
1,value_ratio<=5; close_location>=88; signal<=930; rank<=1,False,41,2,1,1,0,39,50.0,2.44,9.45,-0.15
1,value_ratio<=5; close_location>=90; signal<=930; rank<=1,False,35,2,1,1,0,33,50.0,2.86,9.45,-0.15
1,distance<=-10; rank<=1,False,34,2,1,1,0,32,50.0,2.94,9.45,-0.15
1,distance<=-10; signal<=940; rank<=1,False,34,2,1,1,0,32,50.0,2.94,9.45,-0.15
1,distance<=-10; signal<=950; rank<=1,False,34,2,1,1,0,32,50.0,2.94,9.45,-0.15
1,distance<=-12; rank<=1,False,31,2,1,1,0,29,50.0,3.23,9.45,-0.15
1,distance<=-12; signal<=940; rank<=1,False,31,2,1,1,0,29,50.0,3.23,9.45,-0.15
1,distance<=-12; signal<=950; rank<=1,False,31,2,1,1,0,29,50.0,3.23,9.45,-0.15
1,distance<=-15; rank<=1,False,20,2,1,1,0,18,50.0,5.0,9.45,-0.15
1,distance<=-15; signal<=940; rank<=1,False,20,2,1,1,0,18,50.0,5.0,9.45,-0.15
1,distance<=-15; signal<=950; rank<=1,False,20,2,1,1,0,18,50.0,5.0,9.45,-0.15
1,distance<=-3; signal<=930,False,114,3,1,0,2,111,33.33,0.88,6.15,0.322
1,distance<=-3; signal<=930; rank<=2,False,114,3,1,0,2,111,33.33,0.88,6.15,0.322
1,distance<=-3; value_ratio<=5; signal<=930,False,92,3,1,0,2,89,33.33,1.09,6.15,0.322
1,distance<=-3; value_ratio<=5; signal<=930; rank<=2,False,92,3,1,0,2,89,33.33,1.09,6.15,0.322
1,distance<=-5; signal<=930,False,105,3,1,0,2,102,33.33,0.95,6.15,0.322
1,distance<=-5; signal<=930; rank<=2,False,105,3,1,0,2,102,33.33,0.95,6.15,0.322
1,distance<=-5; value_ratio<=5; signal<=930,False,84,3,1,0,2,81,33.33,1.19,6.15,0.322
1,distance<=-5; value_ratio<=5; signal<=930; rank<=2,False,84,3,1,0,2,81,33.33,1.19,6.15,0.322
1,distance<=-8; signal<=930,False,88,3,1,0,2,85,33.33,1.14,6.15,0.322
1,distance<=-8; signal<=930; rank<=2,False,88,3,1,0,2,85,33.33,1.14,6.15,0.322
1,distance<=-8; value_ratio<=5; signal<=930,False,69,3,1,0,2,66,33.33,1.45,6.15,0.322
1,distance<=-8; value_ratio<=5; signal<=930; rank<=2,False,69,3,1,0,2,66,33.33,1.45,6.15,0.322
1,signal<=930; rank<=1,False,80,3,1,1,1,77,33.33,1.25,6.15,-0.189
1,value_ratio<=5; signal<=930; rank<=1,False,61,3,1,1,1,58,33.33,1.64,6.15,-0.189
1,distance<=-3; rank<=1,False,57,3,1,1,1,54,33.33,1.75,6.15,-0.189
1,distance<=-3; signal<=940; rank<=1,False,57,3,1,1,1,54,33.33,1.75,6.15,-0.189
1,distance<=-3; signal<=950; rank<=1,False,57,3,1,1,1,54,33.33,1.75,6.15,-0.189
1,distance<=-5; rank<=1,False,51,3,1,1,1,48,33.33,1.96,6.15,-0.189
1,distance<=-5; signal<=940; rank<=1,False,51,3,1,1,1,48,33.33,1.96,6.15,-0.189
1,distance<=-5; signal<=950; rank<=1,False,51,3,1,1,1,48,33.33,1.96,6.15,-0.189
1,distance<=-8; rank<=1,False,42,3,1,1,1,39,33.33,2.38,6.15,-0.189
1,distance<=-8; signal<=940; rank<=1,False,42,3,1,1,1,39,33.33,2.38,6.15,-0.189
1,distance<=-8; signal<=950; rank<=1,False,42,3,1,1,1,39,33.33,2.38,6.15,-0.189
1,distance<=-3; signal<=930; rank<=1,False,57,1,0,0,1,56,0.0,0.0,0.0,-0.267
1,distance<=-3; value_ratio<=5; signal<=930; rank<=1,False,44,1,0,0,1,43,0.0,0.0,0.0,-0.267
1,distance<=-5; signal<=930; rank<=1,False,51,1,0,0,1,50,0.0,0.0,0.0,-0.267
1,distance<=-5; value_ratio<=5; signal<=930; rank<=1,False,39,1,0,0,1,38,0.0,0.0,0.0,-0.267
1,distance<=-8; signal<=930; rank<=1,False,42,1,0,0,1,41,0.0,0.0,0.0,-0.267
1,distance<=-8; value_ratio<=5; signal<=930; rank<=1,False,31,1,0,0,1,30,0.0,0.0,0.0,-0.267
1,value_ratio<=2.5; signal<=930; rank<=1,False,7,0,0,0,0,7,0.0,0.0,0.0,0.0
1,value_ratio<=2.5; close_location>=80; signal<=930; rank<=1,False,7,0,0,0,0,7,0.0,0.0,0.0,0.0
1,value_ratio<=2.5; close_location>=88; signal<=930; rank<=1,False,6,0,0,0,0,6,0.0,0.0,0.0,0.0
1,value_ratio<=2.5; close_location>=90; signal<=930; rank<=1,False,5,0,0,0,0,5,0.0,0.0,0.0,0.0
1,distance<=-3; close_location>=80; signal<=930; rank<=1,False,44,0,0,0,0,44,0.0,0.0,0.0,0.0
1,distance<=-3; close_location>=88; signal<=930; rank<=1,False,34,0,0,0,0,34,0.0,0.0,0.0,0.0
1,distance<=-3; close_location>=90; signal<=930; rank<=1,False,29,0,0,0,0,29,0.0,0.0,0.0,0.0
1,distance<=-3; value_ratio<=2.5; signal<=930; rank<=1,False,5,0,0,0,0,5,0.0,0.0,0.0,0.0
1,distance<=-3; value_ratio<=2.5; close_location>=80; signal<=930; rank<=1,False,5,0,0,0,0,5,0.0,0.0,0.0,0.0
1,distance<=-3; value_ratio<=2.5; close_location>=88; signal<=930; rank<=1,False,4,0,0,0,0,4,0.0,0.0,0.0,0.0
1,distance<=-3; value_ratio<=2.5; close_location>=90; signal<=930; rank<=1,False,3,0,0,0,0,3,0.0,0.0,0.0,0.0
1,distance<=-3; value_ratio<=3; signal<=930; rank<=1,False,10,0,0,0,0,10,0.0,0.0,0.0,0.0
1,distance<=-3; value_ratio<=3; close_location>=80; signal<=930; rank<=1,False,10,0,0,0,0,10,0.0,0.0,0.0,0.0
1,distance<=-3; value_ratio<=3; close_location>=88; signal<=930; rank<=1,False,8,0,0,0,0,8,0.0,0.0,0.0,0.0
1,distance<=-3; value_ratio<=3; close_location>=90; signal<=930; rank<=1,False,7,0,0,0,0,7,0.0,0.0,0.0,0.0
1,distance<=-3; value_ratio<=3.5; signal<=930; rank<=1,False,20,0,0,0,0,20,0.0,0.0,0.0,0.0
1,distance<=-3; value_ratio<=3.5; close_location>=80; signal<=930; rank<=1,False,19,0,0,0,0,19,0.0,0.0,0.0,0.0
1,distance<=-3; value_ratio<=3.5; close_location>=88; signal<=930; rank<=1,False,14,0,0,0,0,14,0.0,0.0,0.0,0.0
1,distance<=-3; value_ratio<=3.5; close_location>=90; signal<=930; rank<=1,False,11,0,0,0,0,11,0.0,0.0,0.0,0.0
1,distance<=-3; value_ratio<=5; close_location>=80; signal<=930; rank<=1,False,38,0,0,0,0,38,0.0,0.0,0.0,0.0
1,distance<=-3; value_ratio<=5; close_location>=88; signal<=930; rank<=1,False,29,0,0,0,0,29,0.0,0.0,0.0,0.0
1,distance<=-3; value_ratio<=5; close_location>=90; signal<=930; rank<=1,False,24,0,0,0,0,24,0.0,0.0,0.0,0.0
1,distance<=-5; close_location>=80; signal<=930; rank<=1,False,40,0,0,0,0,40,0.0,0.0,0.0,0.0
1,distance<=-5; close_location>=88; signal<=930; rank<=1,False,30,0,0,0,0,30,0.0,0.0,0.0,0.0
1,distance<=-5; close_location>=90; signal<=930; rank<=1,False,25,0,0,0,0,25,0.0,0.0,0.0,0.0
1,distance<=-5; value_ratio<=2.5; signal<=930; rank<=1,False,5,0,0,0,0,5,0.0,0.0,0.0,0.0
1,distance<=-5; value_ratio<=2.5; close_location>=80; signal<=930; rank<=1,False,5,0,0,0,0,5,0.0,0.0,0.0,0.0
1,distance<=-5; value_ratio<=2.5; close_location>=88; signal<=930; rank<=1,False,4,0,0,0,0,4,0.0,0.0,0.0,0.0
1,distance<=-5; value_ratio<=2.5; close_location>=90; signal<=930; rank<=1,False,3,0,0,0,0,3,0.0,0.0,0.0,0.0
1,distance<=-5; value_ratio<=3; signal<=930; rank<=1,False,9,0,0,0,0,9,0.0,0.0,0.0,0.0
1,distance<=-5; value_ratio<=3; close_location>=80; signal<=930; rank<=1,False,9,0,0,0,0,9,0.0,0.0,0.0,0.0
1,distance<=-5; value_ratio<=3; close_location>=88; signal<=930; rank<=1,False,7,0,0,0,0,7,0.0,0.0,0.0,0.0
1,distance<=-5; value_ratio<=3; close_location>=90; signal<=930; rank<=1,False,6,0,0,0,0,6,0.0,0.0,0.0,0.0
1,distance<=-5; value_ratio<=3.5; signal<=930; rank<=1,False,19,0,0,0,0,19,0.0,0.0,0.0,0.0
1,distance<=-5; value_ratio<=3.5; close_location>=80; signal<=930; rank<=1,False,18,0,0,0,0,18,0.0,0.0,0.0,0.0
1,distance<=-5; value_ratio<=3.5; close_location>=88; signal<=930; rank<=1,False,13,0,0,0,0,13,0.0,0.0,0.0,0.0
1,distance<=-5; value_ratio<=3.5; close_location>=90; signal<=930; rank<=1,False,10,0,0,0,0,10,0.0,0.0,0.0,0.0
1,distance<=-5; value_ratio<=5; close_location>=80; signal<=930; rank<=1,False,34,0,0,0,0,34,0.0,0.0,0.0,0.0
1,distance<=-5; value_ratio<=5; close_location>=88; signal<=930; rank<=1,False,25,0,0,0,0,25,0.0,0.0,0.0,0.0
1,distance<=-5; value_ratio<=5; close_location>=90; signal<=930; rank<=1,False,20,0,0,0,0,20,0.0,0.0,0.0,0.0
1,distance<=-8; close_location>=80; signal<=930; rank<=1,False,34,0,0,0,0,34,0.0,0.0,0.0,0.0
1,distance<=-8; close_location>=88; signal<=930; rank<=1,False,27,0,0,0,0,27,0.0,0.0,0.0,0.0
1,distance<=-8; close_location>=90; signal<=930; rank<=1,False,22,0,0,0,0,22,0.0,0.0,0.0,0.0
1,distance<=-8; value_ratio<=2.5; signal<=930; rank<=1,False,3,0,0,0,0,3,0.0,0.0,0.0,0.0
1,distance<=-8; value_ratio<=2.5; close_location>=80; signal<=930; rank<=1,False,3,0,0,0,0,3,0.0,0.0,0.0,0.0
1,distance<=-8; value_ratio<=2.5; close_location>=88; signal<=930; rank<=1,False,3,0,0,0,0,3,0.0,0.0,0.0,0.0
1,distance<=-8; value_ratio<=2.5; close_location>=90; signal<=930; rank<=1,False,2,0,0,0,0,2,0.0,0.0,0.0,0.0
1,distance<=-8; value_ratio<=3; signal<=930; rank<=1,False,6,0,0,0,0,6,0.0,0.0,0.0,0.0
1,distance<=-8; value_ratio<=3; close_location>=80; signal<=930; rank<=1,False,6,0,0,0,0,6,0.0,0.0,0.0,0.0
1,distance<=-8; value_ratio<=3; close_location>=88; signal<=930; rank<=1,False,6,0,0,0,0,6,0.0,0.0,0.0,0.0
1,distance<=-8; value_ratio<=3; close_location>=90; signal<=930; rank<=1,False,5,0,0,0,0,5,0.0,0.0,0.0,0.0
1,distance<=-8; value_ratio<=3.5; signal<=930; rank<=1,False,14,0,0,0,0,14,0.0,0.0,0.0,0.0
1,distance<=-8; value_ratio<=3.5; close_location>=80; signal<=930; rank<=1,False,14,0,0,0,0,14,0.0,0.0,0.0,0.0
1,distance<=-8; value_ratio<=3.5; close_location>=88; signal<=930; rank<=1,False,12,0,0,0,0,12,0.0,0.0,0.0,0.0
1,distance<=-8; value_ratio<=3.5; close_location>=90; signal<=930; rank<=1,False,9,0,0,0,0,9,0.0,0.0,0.0,0.0
1,distance<=-8; value_ratio<=5; close_location>=80; signal<=930; rank<=1,False,28,0,0,0,0,28,0.0,0.0,0.0,0.0
1,distance<=-8; value_ratio<=5; close_location>=88; signal<=930; rank<=1,False,22,0,0,0,0,22,0.0,0.0,0.0,0.0
1,distance<=-8; value_ratio<=5; close_location>=90; signal<=930; rank<=1,False,17,0,0,0,0,17,0.0,0.0,0.0,0.0
1,distance<=-10; signal<=930; rank<=1,False,34,0,0,0,0,34,0.0,0.0,0.0,0.0
1,distance<=-10; close_location>=80; signal<=930; rank<=1,False,29,0,0,0,0,29,0.0,0.0,0.0,0.0
1,distance<=-10; close_location>=88; signal<=930; rank<=1,False,23,0,0,0,0,23,0.0,0.0,0.0,0.0
1,distance<=-10; close_location>=90; signal<=930; rank<=1,False,18,0,0,0,0,18,0.0,0.0,0.0,0.0
1,distance<=-10; value_ratio<=2.5; signal<=930; rank<=1,False,3,0,0,0,0,3,0.0,0.0,0.0,0.0
1,distance<=-10; value_ratio<=2.5; close_location>=80; signal<=930; rank<=1,False,3,0,0,0,0,3,0.0,0.0,0.0,0.0
1,distance<=-10; value_ratio<=2.5; close_location>=88; signal<=930; rank<=1,False,3,0,0,0,0,3,0.0,0.0,0.0,0.0
1,distance<=-10; value_ratio<=2.5; close_location>=90; signal<=930; rank<=1,False,2,0,0,0,0,2,0.0,0.0,0.0,0.0
1,distance<=-10; value_ratio<=3; signal<=930; rank<=1,False,6,0,0,0,0,6,0.0,0.0,0.0,0.0
1,distance<=-10; value_ratio<=3; close_location>=80; signal<=930; rank<=1,False,6,0,0,0,0,6,0.0,0.0,0.0,0.0
1,distance<=-10; value_ratio<=3; close_location>=88; signal<=930; rank<=1,False,6,0,0,0,0,6,0.0,0.0,0.0,0.0
1,distance<=-10; value_ratio<=3; close_location>=90; signal<=930; rank<=1,False,5,0,0,0,0,5,0.0,0.0,0.0,0.0
1,distance<=-10; value_ratio<=3.5; signal<=930; rank<=1,False,10,0,0,0,0,10,0.0,0.0,0.0,0.0
1,distance<=-10; value_ratio<=3.5; close_location>=80; signal<=930; rank<=1,False,10,0,0,0,0,10,0.0,0.0,0.0,0.0
1,distance<=-10; value_ratio<=3.5; close_location>=88; signal<=930; rank<=1,False,9,0,0,0,0,9,0.0,0.0,0.0,0.0
1,distance<=-10; value_ratio<=3.5; close_location>=90; signal<=930; rank<=1,False,6,0,0,0,0,6,0.0,0.0,0.0,0.0
1,distance<=-10; value_ratio<=5; signal<=930; rank<=1,False,24,0,0,0,0,24,0.0,0.0,0.0,0.0
1,distance<=-10; value_ratio<=5; close_location>=80; signal<=930; rank<=1,False,23,0,0,0,0,23,0.0,0.0,0.0,0.0
1,distance<=-10; value_ratio<=5; close_location>=88; signal<=930; rank<=1,False,18,0,0,0,0,18,0.0,0.0,0.0,0.0
1,distance<=-10; value_ratio<=5; close_location>=90; signal<=930; rank<=1,False,13,0,0,0,0,13,0.0,0.0,0.0,0.0
1,distance<=-12; signal<=930; rank<=1,False,31,0,0,0,0,31,0.0,0.0,0.0,0.0
1,distance<=-12; close_location>=80; signal<=930; rank<=1,False,27,0,0,0,0,27,0.0,0.0,0.0,0.0
1,distance<=-12; close_location>=88; signal<=930; rank<=1,False,21,0,0,0,0,21,0.0,0.0,0.0,0.0
1,distance<=-12; close_location>=90; signal<=930; rank<=1,False,16,0,0,0,0,16,0.0,0.0,0.0,0.0
1,distance<=-12; value_ratio<=2.5; signal<=930; rank<=1,False,3,0,0,0,0,3,0.0,0.0,0.0,0.0
1,distance<=-12; value_ratio<=2.5; close_location>=80; signal<=930; rank<=1,False,3,0,0,0,0,3,0.0,0.0,0.0,0.0
1,distance<=-12; value_ratio<=2.5; close_location>=88; signal<=930; rank<=1,False,3,0,0,0,0,3,0.0,0.0,0.0,0.0
1,distance<=-12; value_ratio<=2.5; close_location>=90; signal<=930; rank<=1,False,2,0,0,0,0,2,0.0,0.0,0.0,0.0
1,distance<=-12; value_ratio<=3; signal<=930; rank<=1,False,5,0,0,0,0,5,0.0,0.0,0.0,0.0
1,distance<=-12; value_ratio<=3; close_location>=80; signal<=930; rank<=1,False,5,0,0,0,0,5,0.0,0.0,0.0,0.0
1,distance<=-12; value_ratio<=3; close_location>=88; signal<=930; rank<=1,False,5,0,0,0,0,5,0.0,0.0,0.0,0.0
1,distance<=-12; value_ratio<=3; close_location>=90; signal<=930; rank<=1,False,4,0,0,0,0,4,0.0,0.0,0.0,0.0
1,distance<=-12; value_ratio<=3.5; signal<=930; rank<=1,False,9,0,0,0,0,9,0.0,0.0,0.0,0.0
1,distance<=-12; value_ratio<=3.5; close_location>=80; signal<=930; rank<=1,False,9,0,0,0,0,9,0.0,0.0,0.0,0.0
1,distance<=-12; value_ratio<=3.5; close_location>=88; signal<=930; rank<=1,False,8,0,0,0,0,8,0.0,0.0,0.0,0.0
1,distance<=-12; value_ratio<=3.5; close_location>=90; signal<=930; rank<=1,False,5,0,0,0,0,5,0.0,0.0,0.0,0.0
1,distance<=-12; value_ratio<=5; signal<=930; rank<=1,False,22,0,0,0,0,22,0.0,0.0,0.0,0.0
1,distance<=-12; value_ratio<=5; close_location>=80; signal<=930; rank<=1,False,21,0,0,0,0,21,0.0,0.0,0.0,0.0
1,distance<=-12; value_ratio<=5; close_location>=88; signal<=930; rank<=1,False,16,0,0,0,0,16,0.0,0.0,0.0,0.0
1,distance<=-12; value_ratio<=5; close_location>=90; signal<=930; rank<=1,False,11,0,0,0,0,11,0.0,0.0,0.0,0.0
1,distance<=-15; signal<=930; rank<=1,False,20,0,0,0,0,20,0.0,0.0,0.0,0.0
1,distance<=-15; close_location>=80; signal<=930; rank<=1,False,16,0,0,0,0,16,0.0,0.0,0.0,0.0
1,distance<=-15; close_location>=88; signal<=930; rank<=1,False,13,0,0,0,0,13,0.0,0.0,0.0,0.0
1,distance<=-15; close_location>=90; signal<=930; rank<=1,False,9,0,0,0,0,9,0.0,0.0,0.0,0.0
1,distance<=-15; value_ratio<=2.5; signal<=930; rank<=1,False,2,0,0,0,0,2,0.0,0.0,0.0,0.0
1,distance<=-15; value_ratio<=2.5; close_location>=80; signal<=930; rank<=1,False,2,0,0,0,0,2,0.0,0.0,0.0,0.0
1,distance<=-15; value_ratio<=2.5; close_location>=88; signal<=930; rank<=1,False,2,0,0,0,0,2,0.0,0.0,0.0,0.0
1,distance<=-15; value_ratio<=2.5; close_location>=90; signal<=930; rank<=1,False,1,0,0,0,0,1,0.0,0.0,0.0,0.0
1,distance<=-15; value_ratio<=3; signal<=930; rank<=1,False,4,0,0,0,0,4,0.0,0.0,0.0,0.0
1,distance<=-15; value_ratio<=3; close_location>=80; signal<=930; rank<=1,False,4,0,0,0,0,4,0.0,0.0,0.0,0.0
1,distance<=-15; value_ratio<=3; close_location>=88; signal<=930; rank<=1,False,4,0,0,0,0,4,0.0,0.0,0.0,0.0
1,distance<=-15; value_ratio<=3; close_location>=90; signal<=930; rank<=1,False,3,0,0,0,0,3,0.0,0.0,0.0,0.0
1,distance<=-15; value_ratio<=3.5; signal<=930; rank<=1,False,6,0,0,0,0,6,0.0,0.0,0.0,0.0
1,distance<=-15; value_ratio<=3.5; close_location>=80; signal<=930; rank<=1,False,6,0,0,0,0,6,0.0,0.0,0.0,0.0
1,distance<=-15; value_ratio<=3.5; close_location>=88; signal<=930; rank<=1,False,6,0,0,0,0,6,0.0,0.0,0.0,0.0
1,distance<=-15; value_ratio<=3.5; close_location>=90; signal<=930; rank<=1,False,4,0,0,0,0,4,0.0,0.0,0.0,0.0
1,distance<=-15; value_ratio<=5; signal<=930; rank<=1,False,13,0,0,0,0,13,0.0,0.0,0.0,0.0
1,distance<=-15; value_ratio<=5; close_location>=80; signal<=930; rank<=1,False,12,0,0,0,0,12,0.0,0.0,0.0,0.0
1,distance<=-15; value_ratio<=5; close_location>=88; signal<=930; rank<=1,False,10,0,0,0,0,10,0.0,0.0,0.0,0.0
1,distance<=-15; value_ratio<=5; close_location>=90; signal<=930; rank<=1,False,6,0,0,0,0,6,0.0,0.0,0.0,0.0
2,close_location>=80,True,123,8,3,3,2,115,37.5,2.44,13.68,-0.104
2,close_location>=80; rank<=2,True,123,8,3,3,2,115,37.5,2.44,13.68,-0.104
2,close_location>=80; signal<=940,True,123,8,3,3,2,115,37.5,2.44,13.68,-0.104
2,close_location>=80; signal<=940; rank<=2,True,123,8,3,3,2,115,37.5,2.44,13.68,-0.104
2,close_location>=80; signal<=950,True,123,8,3,3,2,115,37.5,2.44,13.68,-0.104
2,close_location>=80; signal<=950; rank<=2,True,123,8,3,3,2,115,37.5,2.44,13.68,-0.104
2,base,True,160,13,3,6,4,147,23.08,1.88,8.18,-0.428
2,rank<=2,True,160,13,3,6,4,147,23.08,1.88,8.18,-0.428
2,signal<=940,True,160,13,3,6,4,147,23.08,1.88,8.18,-0.428
2,signal<=940; rank<=2,True,160,13,3,6,4,147,23.08,1.88,8.18,-0.428
2,signal<=950,True,160,13,3,6,4,147,23.08,1.88,8.18,-0.428
2,signal<=950; rank<=2,True,160,13,3,6,4,147,23.08,1.88,8.18,-0.428
2,distance<=-3,True,120,9,2,4,3,111,22.22,1.67,6.32,-0.33
2,distance<=-3; rank<=2,True,120,9,2,4,3,111,22.22,1.67,6.32,-0.33
2,distance<=-3; signal<=940,True,120,9,2,4,3,111,22.22,1.67,6.32,-0.33
2,distance<=-3; signal<=940; rank<=2,True,120,9,2,4,3,111,22.22,1.67,6.32,-0.33
2,distance<=-3; signal<=950,True,120,9,2,4,3,111,22.22,1.67,6.32,-0.33
2,distance<=-3; signal<=950; rank<=2,True,120,9,2,4,3,111,22.22,1.67,6.32,-0.33
2,distance<=-5,True,107,9,2,4,3,98,22.22,1.87,6.32,-0.33
2,distance<=-5; rank<=2,True,107,9,2,4,3,98,22.22,1.87,6.32,-0.33
2,distance<=-5; signal<=940,True,107,9,2,4,3,98,22.22,1.87,6.32,-0.33
2,distance<=-5; signal<=940; rank<=2,True,107,9,2,4,3,98,22.22,1.87,6.32,-0.33
2,distance<=-5; signal<=950,True,107,9,2,4,3,98,22.22,1.87,6.32,-0.33
2,distance<=-5; signal<=950; rank<=2,True,107,9,2,4,3,98,22.22,1.87,6.32,-0.33
2,distance<=-8,True,85,9,2,4,3,76,22.22,2.35,6.32,-0.33
2,distance<=-8; rank<=2,True,85,9,2,4,3,76,22.22,2.35,6.32,-0.33
2,distance<=-8; signal<=940,True,85,9,2,4,3,76,22.22,2.35,6.32,-0.33
2,distance<=-8; signal<=940; rank<=2,True,85,9,2,4,3,76,22.22,2.35,6.32,-0.33
2,distance<=-8; signal<=950,True,85,9,2,4,3,76,22.22,2.35,6.32,-0.33
2,distance<=-8; signal<=950; rank<=2,True,85,9,2,4,3,76,22.22,2.35,6.32,-0.33
2,value_ratio<=3.5,True,80,9,2,4,3,71,22.22,2.5,6.32,-0.389
2,value_ratio<=3.5; rank<=2,True,80,9,2,4,3,71,22.22,2.5,6.32,-0.389
2,value_ratio<=3.5; signal<=940,True,80,9,2,4,3,71,22.22,2.5,6.32,-0.389
2,value_ratio<=3.5; signal<=940; rank<=2,True,80,9,2,4,3,71,22.22,2.5,6.32,-0.389
2,value_ratio<=3.5; signal<=950,True,80,9,2,4,3,71,22.22,2.5,6.32,-0.389
2,value_ratio<=3.5; signal<=950; rank<=2,True,80,9,2,4,3,71,22.22,2.5,6.32,-0.389
2,signal<=930,True,160,9,2,4,3,151,22.22,1.25,6.32,-0.514
2,signal<=930; rank<=2,True,160,9,2,4,3,151,22.22,1.25,6.32,-0.514
2,value_ratio<=5; signal<=930,True,131,9,2,4,3,122,22.22,1.53,6.32,-0.514
2,value_ratio<=5; signal<=930; rank<=2,True,131,9,2,4,3,122,22.22,1.53,6.32,-0.514
2,value_ratio<=5,True,131,11,2,5,4,120,18.18,1.53,5.14,-0.479
2,value_ratio<=5; rank<=2,True,131,11,2,5,4,120,18.18,1.53,5.14,-0.479
2,value_ratio<=5; signal<=940,True,131,11,2,5,4,120,18.18,1.53,5.14,-0.479
2,value_ratio<=5; signal<=940; rank<=2,True,131,11,2,5,4,120,18.18,1.53,5.14,-0.479
2,value_ratio<=5; signal<=950,True,131,11,2,5,4,120,18.18,1.53,5.14,-0.479
2,value_ratio<=5; signal<=950; rank<=2,True,131,11,2,5,4,120,18.18,1.53,5.14,-0.479
2,distance<=-10; close_location>=80,False,54,3,2,1,0,51,66.67,3.7,20.77,0.3
2,distance<=-10; close_location>=80; rank<=2,False,54,3,2,1,0,51,66.67,3.7,20.77,0.3
2,distance<=-10; close_location>=80; signal<=940,False,54,3,2,1,0,51,66.67,3.7,20.77,0.3
2,distance<=-10; close_location>=80; signal<=940; rank<=2,False,54,3,2,1,0,51,66.67,3.7,20.77,0.3
2,distance<=-10; close_location>=80; signal<=950,False,54,3,2,1,0,51,66.67,3.7,20.77,0.3
2,distance<=-10; close_location>=80; signal<=950; rank<=2,False,54,3,2,1,0,51,66.67,3.7,20.77,0.3
2,distance<=-12; close_location>=80,False,48,3,2,1,0,45,66.67,4.17,20.77,0.3
2,distance<=-12; close_location>=80; rank<=2,False,48,3,2,1,0,45,66.67,4.17,20.77,0.3
2,distance<=-12; close_location>=80; signal<=940,False,48,3,2,1,0,45,66.67,4.17,20.77,0.3
2,distance<=-12; close_location>=80; signal<=940; rank<=2,False,48,3,2,1,0,45,66.67,4.17,20.77,0.3
2,distance<=-12; close_location>=80; signal<=950,False,48,3,2,1,0,45,66.67,4.17,20.77,0.3
2,distance<=-12; close_location>=80; signal<=950; rank<=2,False,48,3,2,1,0,45,66.67,4.17,20.77,0.3
2,distance<=-15; close_location>=80,False,37,3,2,1,0,34,66.67,5.41,20.77,0.3
2,distance<=-15; close_location>=80; rank<=2,False,37,3,2,1,0,34,66.67,5.41,20.77,0.3
2,distance<=-15; close_location>=80; signal<=940,False,37,3,2,1,0,34,66.67,5.41,20.77,0.3
2,distance<=-15; close_location>=80; signal<=940; rank<=2,False,37,3,2,1,0,34,66.67,5.41,20.77,0.3
2,distance<=-15; close_location>=80; signal<=950,False,37,3,2,1,0,34,66.67,5.41,20.77,0.3
2,distance<=-15; close_location>=80; signal<=950; rank<=2,False,37,3,2,1,0,34,66.67,5.41,20.77,0.3
2,distance<=-3; close_location>=80; signal<=930,False,92,1,1,0,0,91,100.0,1.09,20.65,1.2
2,distance<=-3; close_location>=80; signal<=930; rank<=2,False,92,1,1,0,0,91,100.0,1.09,20.65,1.2
2,distance<=-3; close_location>=88; signal<=930,False,59,1,1,0,0,58,100.0,1.69,20.65,1.2
2,distance<=-3; close_location>=88; signal<=930; rank<=2,False,59,1,1,0,0,58,100.0,1.69,20.65,1.2
2,distance<=-3; close_location>=90; signal<=930,False,54,1,1,0,0,53,100.0,1.85,20.65,1.2
2,distance<=-3; close_location>=90; signal<=930; rank<=2,False,54,1,1,0,0,53,100.0,1.85,20.65,1.2
2,distance<=-3; value_ratio<=2.5; signal<=930,False,23,1,1,0,0,22,100.0,4.35,20.65,1.2
2,distance<=-3; value_ratio<=2.5; signal<=930; rank<=2,False,23,1,1,0,0,22,100.0,4.35,20.65,1.2
2,distance<=-3; value_ratio<=2.5; close_location>=80; signal<=930,False,22,1,1,0,0,21,100.0,4.55,20.65,1.2
2,distance<=-3; value_ratio<=2.5; close_location>=80; signal<=930; rank<=2,False,22,1,1,0,0,21,100.0,4.55,20.65,1.2
2,distance<=-3; value_ratio<=2.5; close_location>=88; signal<=930,False,17,1,1,0,0,16,100.0,5.88,20.65,1.2
2,distance<=-3; value_ratio<=2.5; close_location>=88; signal<=930; rank<=2,False,17,1,1,0,0,16,100.0,5.88,20.65,1.2
2,distance<=-3; value_ratio<=2.5; close_location>=90; signal<=930,False,15,1,1,0,0,14,100.0,6.67,20.65,1.2
2,distance<=-3; value_ratio<=2.5; close_location>=90; signal<=930; rank<=2,False,15,1,1,0,0,14,100.0,6.67,20.65,1.2
2,distance<=-3; value_ratio<=3; close_location>=80; signal<=930,False,35,1,1,0,0,34,100.0,2.86,20.65,1.2
2,distance<=-3; value_ratio<=3; close_location>=80; signal<=930; rank<=2,False,35,1,1,0,0,34,100.0,2.86,20.65,1.2
2,distance<=-3; value_ratio<=3; close_location>=88; signal<=930,False,24,1,1,0,0,23,100.0,4.17,20.65,1.2
2,distance<=-3; value_ratio<=3; close_location>=88; signal<=930; rank<=2,False,24,1,1,0,0,23,100.0,4.17,20.65,1.2
2,distance<=-3; value_ratio<=3; close_location>=90; signal<=930,False,22,1,1,0,0,21,100.0,4.55,20.65,1.2
2,distance<=-3; value_ratio<=3; close_location>=90; signal<=930; rank<=2,False,22,1,1,0,0,21,100.0,4.55,20.65,1.2
2,distance<=-3; value_ratio<=3.5; close_location>=80; signal<=930,False,52,1,1,0,0,51,100.0,1.92,20.65,1.2
2,distance<=-3; value_ratio<=3.5; close_location>=80; signal<=930; rank<=2,False,52,1,1,0,0,51,100.0,1.92,20.65,1.2
2,distance<=-3; value_ratio<=3.5; close_location>=88; signal<=930,False,36,1,1,0,0,35,100.0,2.78,20.65,1.2
2,distance<=-3; value_ratio<=3.5; close_location>=88; signal<=930; rank<=2,False,36,1,1,0,0,35,100.0,2.78,20.65,1.2
2,distance<=-3; value_ratio<=3.5; close_location>=90; signal<=930,False,33,1,1,0,0,32,100.0,3.03,20.65,1.2
2,distance<=-3; value_ratio<=3.5; close_location>=90; signal<=930; rank<=2,False,33,1,1,0,0,32,100.0,3.03,20.65,1.2
2,distance<=-3; value_ratio<=5; close_location>=80; signal<=930,False,81,1,1,0,0,80,100.0,1.23,20.65,1.2
2,distance<=-3; value_ratio<=5; close_location>=80; signal<=930; rank<=2,False,81,1,1,0,0,80,100.0,1.23,20.65,1.2
2,distance<=-3; value_ratio<=5; close_location>=88; signal<=930,False,55,1,1,0,0,54,100.0,1.82,20.65,1.2
2,distance<=-3; value_ratio<=5; close_location>=88; signal<=930; rank<=2,False,55,1,1,0,0,54,100.0,1.82,20.65,1.2
2,distance<=-3; value_ratio<=5; close_location>=90; signal<=930,False,50,1,1,0,0,49,100.0,2.0,20.65,1.2
2,distance<=-3; value_ratio<=5; close_location>=90; signal<=930; rank<=2,False,50,1,1,0,0,49,100.0,2.0,20.65,1.2
2,distance<=-5; close_location>=80; signal<=930,False,83,1,1,0,0,82,100.0,1.2,20.65,1.2
2,distance<=-5; close_location>=80; signal<=930; rank<=2,False,83,1,1,0,0,82,100.0,1.2,20.65,1.2
2,distance<=-5; close_location>=88; signal<=930,False,53,1,1,0,0,52,100.0,1.89,20.65,1.2
2,distance<=-5; close_location>=88; signal<=930; rank<=2,False,53,1,1,0,0,52,100.0,1.89,20.65,1.2
2,distance<=-5; close_location>=90; signal<=930,False,48,1,1,0,0,47,100.0,2.08,20.65,1.2
2,distance<=-5; close_location>=90; signal<=930; rank<=2,False,48,1,1,0,0,47,100.0,2.08,20.65,1.2
2,distance<=-5; value_ratio<=2.5; signal<=930,False,22,1,1,0,0,21,100.0,4.55,20.65,1.2
2,distance<=-5; value_ratio<=2.5; signal<=930; rank<=2,False,22,1,1,0,0,21,100.0,4.55,20.65,1.2
2,distance<=-5; value_ratio<=2.5; close_location>=80; signal<=930,False,21,1,1,0,0,20,100.0,4.76,20.65,1.2
2,distance<=-5; value_ratio<=2.5; close_location>=80; signal<=930; rank<=2,False,21,1,1,0,0,20,100.0,4.76,20.65,1.2
2,distance<=-5; value_ratio<=2.5; close_location>=88; signal<=930,False,16,1,1,0,0,15,100.0,6.25,20.65,1.2
2,distance<=-5; value_ratio<=2.5; close_location>=88; signal<=930; rank<=2,False,16,1,1,0,0,15,100.0,6.25,20.65,1.2
2,distance<=-5; value_ratio<=2.5; close_location>=90; signal<=930,False,14,1,1,0,0,13,100.0,7.14,20.65,1.2
2,distance<=-5; value_ratio<=2.5; close_location>=90; signal<=930; rank<=2,False,14,1,1,0,0,13,100.0,7.14,20.65,1.2
2,distance<=-5; value_ratio<=3; close_location>=80; signal<=930,False,32,1,1,0,0,31,100.0,3.12,20.65,1.2
2,distance<=-5; value_ratio<=3; close_location>=80; signal<=930; rank<=2,False,32,1,1,0,0,31,100.0,3.12,20.65,1.2
2,distance<=-5; value_ratio<=3; close_location>=88; signal<=930,False,22,1,1,0,0,21,100.0,4.55,20.65,1.2
2,distance<=-5; value_ratio<=3; close_location>=88; signal<=930; rank<=2,False,22,1,1,0,0,21,100.0,4.55,20.65,1.2
2,distance<=-5; value_ratio<=3; close_location>=90; signal<=930,False,20,1,1,0,0,19,100.0,5.0,20.65,1.2
2,distance<=-5; value_ratio<=3; close_location>=90; signal<=930; rank<=2,False,20,1,1,0,0,19,100.0,5.0,20.65,1.2
2,distance<=-5; value_ratio<=3.5; close_location>=80; signal<=930,False,47,1,1,0,0,46,100.0,2.13,20.65,1.2
2,distance<=-5; value_ratio<=3.5; close_location>=80; signal<=930; rank<=2,False,47,1,1,0,0,46,100.0,2.13,20.65,1.2
2,distance<=-5; value_ratio<=3.5; close_location>=88; signal<=930,False,33,1,1,0,0,32,100.0,3.03,20.65,1.2
2,distance<=-5; value_ratio<=3.5; close_location>=88; signal<=930; rank<=2,False,33,1,1,0,0,32,100.0,3.03,20.65,1.2
2,distance<=-5; value_ratio<=3.5; close_location>=90; signal<=930,False,30,1,1,0,0,29,100.0,3.33,20.65,1.2
2,distance<=-5; value_ratio<=3.5; close_location>=90; signal<=930; rank<=2,False,30,1,1,0,0,29,100.0,3.33,20.65,1.2
2,distance<=-5; value_ratio<=5; close_location>=80; signal<=930,False,72,1,1,0,0,71,100.0,1.39,20.65,1.2
2,distance<=-5; value_ratio<=5; close_location>=80; signal<=930; rank<=2,False,72,1,1,0,0,71,100.0,1.39,20.65,1.2
2,distance<=-5; value_ratio<=5; close_location>=88; signal<=930,False,49,1,1,0,0,48,100.0,2.04,20.65,1.2
2,distance<=-5; value_ratio<=5; close_location>=88; signal<=930; rank<=2,False,49,1,1,0,0,48,100.0,2.04,20.65,1.2
2,distance<=-5; value_ratio<=5; close_location>=90; signal<=930,False,44,1,1,0,0,43,100.0,2.27,20.65,1.2
2,distance<=-5; value_ratio<=5; close_location>=90; signal<=930; rank<=2,False,44,1,1,0,0,43,100.0,2.27,20.65,1.2
2,distance<=-8; close_location>=80; signal<=930,False,66,1,1,0,0,65,100.0,1.52,20.65,1.2
2,distance<=-8; close_location>=80; signal<=930; rank<=2,False,66,1,1,0,0,65,100.0,1.52,20.65,1.2
2,distance<=-8; close_location>=88; signal<=930,False,45,1,1,0,0,44,100.0,2.22,20.65,1.2
2,distance<=-8; close_location>=88; signal<=930; rank<=2,False,45,1,1,0,0,44,100.0,2.22,20.65,1.2
2,distance<=-8; close_location>=90; signal<=930,False,40,1,1,0,0,39,100.0,2.5,20.65,1.2
2,distance<=-8; close_location>=90; signal<=930; rank<=2,False,40,1,1,0,0,39,100.0,2.5,20.65,1.2
2,distance<=-8; value_ratio<=2.5; signal<=930,False,15,1,1,0,0,14,100.0,6.67,20.65,1.2
2,distance<=-8; value_ratio<=2.5; signal<=930; rank<=2,False,15,1,1,0,0,14,100.0,6.67,20.65,1.2
2,distance<=-8; value_ratio<=2.5; close_location>=80; signal<=930,False,14,1,1,0,0,13,100.0,7.14,20.65,1.2
2,distance<=-8; value_ratio<=2.5; close_location>=80; signal<=930; rank<=2,False,14,1,1,0,0,13,100.0,7.14,20.65,1.2
2,distance<=-8; value_ratio<=2.5; close_location>=88; signal<=930,False,11,1,1,0,0,10,100.0,9.09,20.65,1.2
2,distance<=-8; value_ratio<=2.5; close_location>=88; signal<=930; rank<=2,False,11,1,1,0,0,10,100.0,9.09,20.65,1.2
2,distance<=-8; value_ratio<=2.5; close_location>=90; signal<=930,False,9,1,1,0,0,8,100.0,11.11,20.65,1.2
2,distance<=-8; value_ratio<=2.5; close_location>=90; signal<=930; rank<=2,False,9,1,1,0,0,8,100.0,11.11,20.65,1.2
2,distance<=-8; value_ratio<=3; close_location>=80; signal<=930,False,24,1,1,0,0,23,100.0,4.17,20.65,1.2
2,distance<=-8; value_ratio<=3; close_location>=80; signal<=930; rank<=2,False,24,1,1,0,0,23,100.0,4.17,20.65,1.2
2,distance<=-8; value_ratio<=3; close_location>=88; signal<=930,False,17,1,1,0,0,16,100.0,5.88,20.65,1.2
2,distance<=-8; value_ratio<=3; close_location>=88; signal<=930; rank<=2,False,17,1,1,0,0,16,100.0,5.88,20.65,1.2
2,distance<=-8; value_ratio<=3; close_location>=90; signal<=930,False,15,1,1,0,0,14,100.0,6.67,20.65,1.2
2,distance<=-8; value_ratio<=3; close_location>=90; signal<=930; rank<=2,False,15,1,1,0,0,14,100.0,6.67,20.65,1.2
2,distance<=-8; value_ratio<=3.5; close_location>=80; signal<=930,False,36,1,1,0,0,35,100.0,2.78,20.65,1.2
2,distance<=-8; value_ratio<=3.5; close_location>=80; signal<=930; rank<=2,False,36,1,1,0,0,35,100.0,2.78,20.65,1.2
2,distance<=-8; value_ratio<=3.5; close_location>=88; signal<=930,False,27,1,1,0,0,26,100.0,3.7,20.65,1.2
2,distance<=-8; value_ratio<=3.5; close_location>=88; signal<=930; rank<=2,False,27,1,1,0,0,26,100.0,3.7,20.65,1.2
2,distance<=-8; value_ratio<=3.5; close_location>=90; signal<=930,False,24,1,1,0,0,23,100.0,4.17,20.65,1.2
2,distance<=-8; value_ratio<=3.5; close_location>=90; signal<=930; rank<=2,False,24,1,1,0,0,23,100.0,4.17,20.65,1.2
2,distance<=-8; value_ratio<=5; close_location>=80; signal<=930,False,56,1,1,0,0,55,100.0,1.79,20.65,1.2
2,distance<=-8; value_ratio<=5; close_location>=80; signal<=930; rank<=2,False,56,1,1,0,0,55,100.0,1.79,20.65,1.2
2,distance<=-8; value_ratio<=5; close_location>=88; signal<=930,False,41,1,1,0,0,40,100.0,2.44,20.65,1.2
2,distance<=-8; value_ratio<=5; close_location>=88; signal<=930; rank<=2,False,41,1,1,0,0,40,100.0,2.44,20.65,1.2
2,distance<=-8; value_ratio<=5; close_location>=90; signal<=930,False,36,1,1,0,0,35,100.0,2.78,20.65,1.2
2,distance<=-8; value_ratio<=5; close_location>=90; signal<=930; rank<=2,False,36,1,1,0,0,35,100.0,2.78,20.65,1.2
2,distance<=-10; close_location>=80; signal<=930,False,54,1,1,0,0,53,100.0,1.85,20.65,1.2
2,distance<=-10; close_location>=80; signal<=930; rank<=2,False,54,1,1,0,0,53,100.0,1.85,20.65,1.2
2,distance<=-10; close_location>=88; signal<=930,False,40,1,1,0,0,39,100.0,2.5,20.65,1.2
2,distance<=-10; close_location>=88; signal<=930; rank<=2,False,40,1,1,0,0,39,100.0,2.5,20.65,1.2
2,distance<=-10; close_location>=90; signal<=930,False,35,1,1,0,0,34,100.0,2.86,20.65,1.2
2,distance<=-10; close_location>=90; signal<=930; rank<=2,False,35,1,1,0,0,34,100.0,2.86,20.65,1.2
2,distance<=-10; value_ratio<=2.5,False,13,1,1,0,0,12,100.0,7.69,20.65,1.2
2,distance<=-10; value_ratio<=2.5; rank<=2,False,13,1,1,0,0,12,100.0,7.69,20.65,1.2
2,distance<=-10; value_ratio<=2.5; signal<=930,False,13,1,1,0,0,12,100.0,7.69,20.65,1.2
2,distance<=-10; value_ratio<=2.5; signal<=930; rank<=2,False,13,1,1,0,0,12,100.0,7.69,20.65,1.2
2,distance<=-10; value_ratio<=2.5; signal<=940,False,13,1,1,0,0,12,100.0,7.69,20.65,1.2
2,distance<=-10; value_ratio<=2.5; signal<=940; rank<=2,False,13,1,1,0,0,12,100.0,7.69,20.65,1.2
2,distance<=-10; value_ratio<=2.5; signal<=950,False,13,1,1,0,0,12,100.0,7.69,20.65,1.2
2,distance<=-10; value_ratio<=2.5; signal<=950; rank<=2,False,13,1,1,0,0,12,100.0,7.69,20.65,1.2
2,distance<=-10; value_ratio<=2.5; close_location>=80,False,12,1,1,0,0,11,100.0,8.33,20.65,1.2
2,distance<=-10; value_ratio<=2.5; close_location>=80; rank<=2,False,12,1,1,0,0,11,100.0,8.33,20.65,1.2
2,distance<=-10; value_ratio<=2.5; close_location>=80; signal<=930,False,12,1,1,0,0,11,100.0,8.33,20.65,1.2
2,distance<=-10; value_ratio<=2.5; close_location>=80; signal<=930; rank<=2,False,12,1,1,0,0,11,100.0,8.33,20.65,1.2
2,distance<=-10; value_ratio<=2.5; close_location>=80; signal<=940,False,12,1,1,0,0,11,100.0,8.33,20.65,1.2
2,distance<=-10; value_ratio<=2.5; close_location>=80; signal<=940; rank<=2,False,12,1,1,0,0,11,100.0,8.33,20.65,1.2
2,distance<=-10; value_ratio<=2.5; close_location>=80; signal<=950,False,12,1,1,0,0,11,100.0,8.33,20.65,1.2
2,distance<=-10; value_ratio<=2.5; close_location>=80; signal<=950; rank<=2,False,12,1,1,0,0,11,100.0,8.33,20.65,1.2
2,distance<=-10; value_ratio<=2.5; close_location>=88,False,10,1,1,0,0,9,100.0,10.0,20.65,1.2
2,distance<=-10; value_ratio<=2.5; close_location>=88; rank<=2,False,10,1,1,0,0,9,100.0,10.0,20.65,1.2
2,distance<=-10; value_ratio<=2.5; close_location>=88; signal<=930,False,10,1,1,0,0,9,100.0,10.0,20.65,1.2
2,distance<=-10; value_ratio<=2.5; close_location>=88; signal<=930; rank<=2,False,10,1,1,0,0,9,100.0,10.0,20.65,1.2
2,distance<=-10; value_ratio<=2.5; close_location>=88; signal<=940,False,10,1,1,0,0,9,100.0,10.0,20.65,1.2
2,distance<=-10; value_ratio<=2.5; close_location>=88; signal<=940; rank<=2,False,10,1,1,0,0,9,100.0,10.0,20.65,1.2
2,distance<=-10; value_ratio<=2.5; close_location>=88; signal<=950,False,10,1,1,0,0,9,100.0,10.0,20.65,1.2
2,distance<=-10; value_ratio<=2.5; close_location>=88; signal<=950; rank<=2,False,10,1,1,0,0,9,100.0,10.0,20.65,1.2
2,distance<=-10; value_ratio<=2.5; close_location>=90,False,8,1,1,0,0,7,100.0,12.5,20.65,1.2
2,distance<=-10; value_ratio<=2.5; close_location>=90; rank<=2,False,8,1,1,0,0,7,100.0,12.5,20.65,1.2
2,distance<=-10; value_ratio<=2.5; close_location>=90; signal<=930,False,8,1,1,0,0,7,100.0,12.5,20.65,1.2
2,distance<=-10; value_ratio<=2.5; close_location>=90; signal<=930; rank<=2,False,8,1,1,0,0,7,100.0,12.5,20.65,1.2
2,distance<=-10; value_ratio<=2.5; close_location>=90; signal<=940,False,8,1,1,0,0,7,100.0,12.5,20.65,1.2
2,distance<=-10; value_ratio<=2.5; close_location>=90; signal<=940; rank<=2,False,8,1,1,0,0,7,100.0,12.5,20.65,1.2
2,distance<=-10; value_ratio<=2.5; close_location>=90; signal<=950,False,8,1,1,0,0,7,100.0,12.5,20.65,1.2
2,distance<=-10; value_ratio<=2.5; close_location>=90; signal<=950; rank<=2,False,8,1,1,0,0,7,100.0,12.5,20.65,1.2
2,distance<=-10; value_ratio<=3; close_location>=80; signal<=930,False,21,1,1,0,0,20,100.0,4.76,20.65,1.2
2,distance<=-10; value_ratio<=3; close_location>=80; signal<=930; rank<=2,False,21,1,1,0,0,20,100.0,4.76,20.65,1.2
2,distance<=-10; value_ratio<=3; close_location>=88; signal<=930,False,16,1,1,0,0,15,100.0,6.25,20.65,1.2
2,distance<=-10; value_ratio<=3; close_location>=88; signal<=930; rank<=2,False,16,1,1,0,0,15,100.0,6.25,20.65,1.2
2,distance<=-10; value_ratio<=3; close_location>=90; signal<=930,False,14,1,1,0,0,13,100.0,7.14,20.65,1.2
2,distance<=-10; value_ratio<=3; close_location>=90; signal<=930; rank<=2,False,14,1,1,0,0,13,100.0,7.14,20.65,1.2
2,distance<=-10; value_ratio<=3.5; close_location>=80; signal<=930,False,29,1,1,0,0,28,100.0,3.45,20.65,1.2
2,distance<=-10; value_ratio<=3.5; close_location>=80; signal<=930; rank<=2,False,29,1,1,0,0,28,100.0,3.45,20.65,1.2
2,distance<=-10; value_ratio<=3.5; close_location>=88; signal<=930,False,23,1,1,0,0,22,100.0,4.35,20.65,1.2
2,distance<=-10; value_ratio<=3.5; close_location>=88; signal<=930; rank<=2,False,23,1,1,0,0,22,100.0,4.35,20.65,1.2
2,distance<=-10; value_ratio<=3.5; close_location>=90; signal<=930,False,20,1,1,0,0,19,100.0,5.0,20.65,1.2
2,distance<=-10; value_ratio<=3.5; close_location>=90; signal<=930; rank<=2,False,20,1,1,0,0,19,100.0,5.0,20.65,1.2
2,distance<=-10; value_ratio<=5; close_location>=80; signal<=930,False,45,1,1,0,0,44,100.0,2.22,20.65,1.2
2,distance<=-10; value_ratio<=5; close_location>=80; signal<=930; rank<=2,False,45,1,1,0,0,44,100.0,2.22,20.65,1.2
2,distance<=-10; value_ratio<=5; close_location>=88; signal<=930,False,36,1,1,0,0,35,100.0,2.78,20.65,1.2
2,distance<=-10; value_ratio<=5; close_location>=88; signal<=930; rank<=2,False,36,1,1,0,0,35,100.0,2.78,20.65,1.2
2,distance<=-10; value_ratio<=5; close_location>=90; signal<=930,False,31,1,1,0,0,30,100.0,3.23,20.65,1.2
2,distance<=-10; value_ratio<=5; close_location>=90; signal<=930; rank<=2,False,31,1,1,0,0,30,100.0,3.23,20.65,1.2
2,distance<=-12; close_location>=80; signal<=930,False,48,1,1,0,0,47,100.0,2.08,20.65,1.2
2,distance<=-12; close_location>=80; signal<=930; rank<=2,False,48,1,1,0,0,47,100.0,2.08,20.65,1.2
2,distance<=-12; close_location>=88; signal<=930,False,35,1,1,0,0,34,100.0,2.86,20.65,1.2
2,distance<=-12; close_location>=88; signal<=930; rank<=2,False,35,1,1,0,0,34,100.0,2.86,20.65,1.2
2,distance<=-12; close_location>=90; signal<=930,False,30,1,1,0,0,29,100.0,3.33,20.65,1.2
2,distance<=-12; close_location>=90; signal<=930; rank<=2,False,30,1,1,0,0,29,100.0,3.33,20.65,1.2
2,distance<=-12; value_ratio<=2.5,False,12,1,1,0,0,11,100.0,8.33,20.65,1.2
2,distance<=-12; value_ratio<=2.5; rank<=2,False,12,1,1,0,0,11,100.0,8.33,20.65,1.2
2,distance<=-12; value_ratio<=2.5; signal<=930,False,12,1,1,0,0,11,100.0,8.33,20.65,1.2
2,distance<=-12; value_ratio<=2.5; signal<=930; rank<=2,False,12,1,1,0,0,11,100.0,8.33,20.65,1.2
2,distance<=-12; value_ratio<=2.5; signal<=940,False,12,1,1,0,0,11,100.0,8.33,20.65,1.2
2,distance<=-12; value_ratio<=2.5; signal<=940; rank<=2,False,12,1,1,0,0,11,100.0,8.33,20.65,1.2
2,distance<=-12; value_ratio<=2.5; signal<=950,False,12,1,1,0,0,11,100.0,8.33,20.65,1.2
2,distance<=-12; value_ratio<=2.5; signal<=950; rank<=2,False,12,1,1,0,0,11,100.0,8.33,20.65,1.2
2,distance<=-12; value_ratio<=2.5; close_location>=80,False,11,1,1,0,0,10,100.0,9.09,20.65,1.2
2,distance<=-12; value_ratio<=2.5; close_location>=80; rank<=2,False,11,1,1,0,0,10,100.0,9.09,20.65,1.2
2,distance<=-12; value_ratio<=2.5; close_location>=80; signal<=930,False,11,1,1,0,0,10,100.0,9.09,20.65,1.2
2,distance<=-12; value_ratio<=2.5; close_location>=80; signal<=930; rank<=2,False,11,1,1,0,0,10,100.0,9.09,20.65,1.2
2,distance<=-12; value_ratio<=2.5; close_location>=80; signal<=940,False,11,1,1,0,0,10,100.0,9.09,20.65,1.2
2,distance<=-12; value_ratio<=2.5; close_location>=80; signal<=940; rank<=2,False,11,1,1,0,0,10,100.0,9.09,20.65,1.2
2,distance<=-12; value_ratio<=2.5; close_location>=80; signal<=950,False,11,1,1,0,0,10,100.0,9.09,20.65,1.2
2,distance<=-12; value_ratio<=2.5; close_location>=80; signal<=950; rank<=2,False,11,1,1,0,0,10,100.0,9.09,20.65,1.2
2,distance<=-12; value_ratio<=2.5; close_location>=88,False,9,1,1,0,0,8,100.0,11.11,20.65,1.2
2,distance<=-12; value_ratio<=2.5; close_location>=88; rank<=2,False,9,1,1,0,0,8,100.0,11.11,20.65,1.2
2,distance<=-12; value_ratio<=2.5; close_location>=88; signal<=930,False,9,1,1,0,0,8,100.0,11.11,20.65,1.2
2,distance<=-12; value_ratio<=2.5; close_location>=88; signal<=930; rank<=2,False,9,1,1,0,0,8,100.0,11.11,20.65,1.2
2,distance<=-12; value_ratio<=2.5; close_location>=88; signal<=940,False,9,1,1,0,0,8,100.0,11.11,20.65,1.2
2,distance<=-12; value_ratio<=2.5; close_location>=88; signal<=940; rank<=2,False,9,1,1,0,0,8,100.0,11.11,20.65,1.2
2,distance<=-12; value_ratio<=2.5; close_location>=88; signal<=950,False,9,1,1,0,0,8,100.0,11.11,20.65,1.2
2,distance<=-12; value_ratio<=2.5; close_location>=88; signal<=950; rank<=2,False,9,1,1,0,0,8,100.0,11.11,20.65,1.2
2,distance<=-12; value_ratio<=2.5; close_location>=90,False,7,1,1,0,0,6,100.0,14.29,20.65,1.2
2,distance<=-12; value_ratio<=2.5; close_location>=90; rank<=2,False,7,1,1,0,0,6,100.0,14.29,20.65,1.2
2,distance<=-12; value_ratio<=2.5; close_location>=90; signal<=930,False,7,1,1,0,0,6,100.0,14.29,20.65,1.2
2,distance<=-12; value_ratio<=2.5; close_location>=90; signal<=930; rank<=2,False,7,1,1,0,0,6,100.0,14.29,20.65,1.2
2,distance<=-12; value_ratio<=2.5; close_location>=90; signal<=940,False,7,1,1,0,0,6,100.0,14.29,20.65,1.2
2,distance<=-12; value_ratio<=2.5; close_location>=90; signal<=940; rank<=2,False,7,1,1,0,0,6,100.0,14.29,20.65,1.2
2,distance<=-12; value_ratio<=2.5; close_location>=90; signal<=950,False,7,1,1,0,0,6,100.0,14.29,20.65,1.2
2,distance<=-12; value_ratio<=2.5; close_location>=90; signal<=950; rank<=2,False,7,1,1,0,0,6,100.0,14.29,20.65,1.2
2,distance<=-12; value_ratio<=3; close_location>=80; signal<=930,False,19,1,1,0,0,18,100.0,5.26,20.65,1.2
2,distance<=-12; value_ratio<=3; close_location>=80; signal<=930; rank<=2,False,19,1,1,0,0,18,100.0,5.26,20.65,1.2
2,distance<=-12; value_ratio<=3; close_location>=88; signal<=930,False,14,1,1,0,0,13,100.0,7.14,20.65,1.2
2,distance<=-12; value_ratio<=3; close_location>=88; signal<=930; rank<=2,False,14,1,1,0,0,13,100.0,7.14,20.65,1.2
2,distance<=-12; value_ratio<=3; close_location>=90; signal<=930,False,12,1,1,0,0,11,100.0,8.33,20.65,1.2
2,distance<=-12; value_ratio<=3; close_location>=90; signal<=930; rank<=2,False,12,1,1,0,0,11,100.0,8.33,20.65,1.2
2,distance<=-12; value_ratio<=3.5; close_location>=80; signal<=930,False,27,1,1,0,0,26,100.0,3.7,20.65,1.2
2,distance<=-12; value_ratio<=3.5; close_location>=80; signal<=930; rank<=2,False,27,1,1,0,0,26,100.0,3.7,20.65,1.2
2,distance<=-12; value_ratio<=3.5; close_location>=88; signal<=930,False,21,1,1,0,0,20,100.0,4.76,20.65,1.2
2,distance<=-12; value_ratio<=3.5; close_location>=88; signal<=930; rank<=2,False,21,1,1,0,0,20,100.0,4.76,20.65,1.2
2,distance<=-12; value_ratio<=3.5; close_location>=90; signal<=930,False,18,1,1,0,0,17,100.0,5.56,20.65,1.2
2,distance<=-12; value_ratio<=3.5; close_location>=90; signal<=930; rank<=2,False,18,1,1,0,0,17,100.0,5.56,20.65,1.2
2,distance<=-12; value_ratio<=5; close_location>=80; signal<=930,False,40,1,1,0,0,39,100.0,2.5,20.65,1.2
2,distance<=-12; value_ratio<=5; close_location>=80; signal<=930; rank<=2,False,40,1,1,0,0,39,100.0,2.5,20.65,1.2
2,distance<=-12; value_ratio<=5; close_location>=88; signal<=930,False,31,1,1,0,0,30,100.0,3.23,20.65,1.2
2,distance<=-12; value_ratio<=5; close_location>=88; signal<=930; rank<=2,False,31,1,1,0,0,30,100.0,3.23,20.65,1.2
2,distance<=-12; value_ratio<=5; close_location>=90; signal<=930,False,26,1,1,0,0,25,100.0,3.85,20.65,1.2
2,distance<=-12; value_ratio<=5; close_location>=90; signal<=930; rank<=2,False,26,1,1,0,0,25,100.0,3.85,20.65,1.2
2,distance<=-15; close_location>=80; signal<=930,False,37,1,1,0,0,36,100.0,2.7,20.65,1.2
2,distance<=-15; close_location>=80; signal<=930; rank<=2,False,37,1,1,0,0,36,100.0,2.7,20.65,1.2
2,distance<=-15; close_location>=88; signal<=930,False,27,1,1,0,0,26,100.0,3.7,20.65,1.2
2,distance<=-15; close_location>=88; signal<=930; rank<=2,False,27,1,1,0,0,26,100.0,3.7,20.65,1.2
2,distance<=-15; close_location>=90; signal<=930,False,22,1,1,0,0,21,100.0,4.55,20.65,1.2
2,distance<=-15; close_location>=90; signal<=930; rank<=2,False,22,1,1,0,0,21,100.0,4.55,20.65,1.2
2,distance<=-15; value_ratio<=2.5,False,10,1,1,0,0,9,100.0,10.0,20.65,1.2
2,distance<=-15; value_ratio<=2.5; rank<=2,False,10,1,1,0,0,9,100.0,10.0,20.65,1.2
2,distance<=-15; value_ratio<=2.5; signal<=930,False,10,1,1,0,0,9,100.0,10.0,20.65,1.2
2,distance<=-15; value_ratio<=2.5; signal<=930; rank<=2,False,10,1,1,0,0,9,100.0,10.0,20.65,1.2
2,distance<=-15; value_ratio<=2.5; signal<=940,False,10,1,1,0,0,9,100.0,10.0,20.65,1.2
2,distance<=-15; value_ratio<=2.5; signal<=940; rank<=2,False,10,1,1,0,0,9,100.0,10.0,20.65,1.2
2,distance<=-15; value_ratio<=2.5; signal<=950,False,10,1,1,0,0,9,100.0,10.0,20.65,1.2
2,distance<=-15; value_ratio<=2.5; signal<=950; rank<=2,False,10,1,1,0,0,9,100.0,10.0,20.65,1.2
2,distance<=-15; value_ratio<=2.5; close_location>=80,False,9,1,1,0,0,8,100.0,11.11,20.65,1.2
2,distance<=-15; value_ratio<=2.5; close_location>=80; rank<=2,False,9,1,1,0,0,8,100.0,11.11,20.65,1.2
2,distance<=-15; value_ratio<=2.5; close_location>=80; signal<=930,False,9,1,1,0,0,8,100.0,11.11,20.65,1.2
2,distance<=-15; value_ratio<=2.5; close_location>=80; signal<=930; rank<=2,False,9,1,1,0,0,8,100.0,11.11,20.65,1.2
2,distance<=-15; value_ratio<=2.5; close_location>=80; signal<=940,False,9,1,1,0,0,8,100.0,11.11,20.65,1.2
2,distance<=-15; value_ratio<=2.5; close_location>=80; signal<=940; rank<=2,False,9,1,1,0,0,8,100.0,11.11,20.65,1.2
2,distance<=-15; value_ratio<=2.5; close_location>=80; signal<=950,False,9,1,1,0,0,8,100.0,11.11,20.65,1.2
2,distance<=-15; value_ratio<=2.5; close_location>=80; signal<=950; rank<=2,False,9,1,1,0,0,8,100.0,11.11,20.65,1.2
2,distance<=-15; value_ratio<=2.5; close_location>=88,False,7,1,1,0,0,6,100.0,14.29,20.65,1.2
2,distance<=-15; value_ratio<=2.5; close_location>=88; rank<=2,False,7,1,1,0,0,6,100.0,14.29,20.65,1.2
2,distance<=-15; value_ratio<=2.5; close_location>=88; signal<=930,False,7,1,1,0,0,6,100.0,14.29,20.65,1.2
2,distance<=-15; value_ratio<=2.5; close_location>=88; signal<=930; rank<=2,False,7,1,1,0,0,6,100.0,14.29,20.65,1.2
2,distance<=-15; value_ratio<=2.5; close_location>=88; signal<=940,False,7,1,1,0,0,6,100.0,14.29,20.65,1.2
2,distance<=-15; value_ratio<=2.5; close_location>=88; signal<=940; rank<=2,False,7,1,1,0,0,6,100.0,14.29,20.65,1.2
2,distance<=-15; value_ratio<=2.5; close_location>=88; signal<=950,False,7,1,1,0,0,6,100.0,14.29,20.65,1.2
2,distance<=-15; value_ratio<=2.5; close_location>=88; signal<=950; rank<=2,False,7,1,1,0,0,6,100.0,14.29,20.65,1.2
2,distance<=-15; value_ratio<=2.5; close_location>=90,False,5,1,1,0,0,4,100.0,20.0,20.65,1.2
2,distance<=-15; value_ratio<=2.5; close_location>=90; rank<=2,False,5,1,1,0,0,4,100.0,20.0,20.65,1.2
2,distance<=-15; value_ratio<=2.5; close_location>=90; signal<=930,False,5,1,1,0,0,4,100.0,20.0,20.65,1.2
2,distance<=-15; value_ratio<=2.5; close_location>=90; signal<=930; rank<=2,False,5,1,1,0,0,4,100.0,20.0,20.65,1.2
2,distance<=-15; value_ratio<=2.5; close_location>=90; signal<=940,False,5,1,1,0,0,4,100.0,20.0,20.65,1.2
2,distance<=-15; value_ratio<=2.5; close_location>=90; signal<=940; rank<=2,False,5,1,1,0,0,4,100.0,20.0,20.65,1.2
2,distance<=-15; value_ratio<=2.5; close_location>=90; signal<=950,False,5,1,1,0,0,4,100.0,20.0,20.65,1.2
2,distance<=-15; value_ratio<=2.5; close_location>=90; signal<=950; rank<=2,False,5,1,1,0,0,4,100.0,20.0,20.65,1.2
2,distance<=-15; value_ratio<=3; close_location>=80; signal<=930,False,16,1,1,0,0,15,100.0,6.25,20.65,1.2
2,distance<=-15; value_ratio<=3; close_location>=80; signal<=930; rank<=2,False,16,1,1,0,0,15,100.0,6.25,20.65,1.2
2,distance<=-15; value_ratio<=3; close_location>=88; signal<=930,False,12,1,1,0,0,11,100.0,8.33,20.65,1.2
2,distance<=-15; value_ratio<=3; close_location>=88; signal<=930; rank<=2,False,12,1,1,0,0,11,100.0,8.33,20.65,1.2
2,distance<=-15; value_ratio<=3; close_location>=90; signal<=930,False,10,1,1,0,0,9,100.0,10.0,20.65,1.2
2,distance<=-15; value_ratio<=3; close_location>=90; signal<=930; rank<=2,False,10,1,1,0,0,9,100.0,10.0,20.65,1.2
2,distance<=-15; value_ratio<=3.5; close_location>=80; signal<=930,False,24,1,1,0,0,23,100.0,4.17,20.65,1.2
2,distance<=-15; value_ratio<=3.5; close_location>=80; signal<=930; rank<=2,False,24,1,1,0,0,23,100.0,4.17,20.65,1.2
2,distance<=-15; value_ratio<=3.5; close_location>=88; signal<=930,False,19,1,1,0,0,18,100.0,5.26,20.65,1.2
2,distance<=-15; value_ratio<=3.5; close_location>=88; signal<=930; rank<=2,False,19,1,1,0,0,18,100.0,5.26,20.65,1.2
2,distance<=-15; value_ratio<=3.5; close_location>=90; signal<=930,False,16,1,1,0,0,15,100.0,6.25,20.65,1.2
2,distance<=-15; value_ratio<=3.5; close_location>=90; signal<=930; rank<=2,False,16,1,1,0,0,15,100.0,6.25,20.65,1.2
2,distance<=-15; value_ratio<=5; close_location>=80; signal<=930,False,32,1,1,0,0,31,100.0,3.12,20.65,1.2
2,distance<=-15; value_ratio<=5; close_location>=80; signal<=930; rank<=2,False,32,1,1,0,0,31,100.0,3.12,20.65,1.2
2,distance<=-15; value_ratio<=5; close_location>=88; signal<=930,False,25,1,1,0,0,24,100.0,4.0,20.65,1.2
2,distance<=-15; value_ratio<=5; close_location>=88; signal<=930; rank<=2,False,25,1,1,0,0,24,100.0,4.0,20.65,1.2
2,distance<=-15; value_ratio<=5; close_location>=90; signal<=930,False,20,1,1,0,0,19,100.0,5.0,20.65,1.2
2,distance<=-15; value_ratio<=5; close_location>=90; signal<=930; rank<=2,False,20,1,1,0,0,19,100.0,5.0,20.65,1.2
2,distance<=-3; close_location>=80,False,92,4,2,1,1,88,50.0,2.17,15.0,0.44
2,distance<=-3; close_location>=80; rank<=2,False,92,4,2,1,1,88,50.0,2.17,15.0,0.44
2,distance<=-3; close_location>=80; signal<=940,False,92,4,2,1,1,88,50.0,2.17,15.0,0.44
2,distance<=-3; close_location>=80; signal<=940; rank<=2,False,92,4,2,1,1,88,50.0,2.17,15.0,0.44
2,distance<=-3; close_location>=80; signal<=950,False,92,4,2,1,1,88,50.0,2.17,15.0,0.44
2,distance<=-3; close_location>=80; signal<=950; rank<=2,False,92,4,2,1,1,88,50.0,2.17,15.0,0.44
2,distance<=-5; close_location>=80,False,83,4,2,1,1,79,50.0,2.41,15.0,0.44
2,distance<=-5; close_location>=80; rank<=2,False,83,4,2,1,1,79,50.0,2.41,15.0,0.44
2,distance<=-5; close_location>=80; signal<=940,False,83,4,2,1,1,79,50.0,2.41,15.0,0.44
2,distance<=-5; close_location>=80; signal<=940; rank<=2,False,83,4,2,1,1,79,50.0,2.41,15.0,0.44
2,distance<=-5; close_location>=80; signal<=950,False,83,4,2,1,1,79,50.0,2.41,15.0,0.44
2,distance<=-5; close_location>=80; signal<=950; rank<=2,False,83,4,2,1,1,79,50.0,2.41,15.0,0.44
2,distance<=-8; close_location>=80,False,66,4,2,1,1,62,50.0,3.03,15.0,0.44
2,distance<=-8; close_location>=80; rank<=2,False,66,4,2,1,1,62,50.0,3.03,15.0,0.44
2,distance<=-8; close_location>=80; signal<=940,False,66,4,2,1,1,62,50.0,3.03,15.0,0.44
2,distance<=-8; close_location>=80; signal<=940; rank<=2,False,66,4,2,1,1,62,50.0,3.03,15.0,0.44
2,distance<=-8; close_location>=80; signal<=950,False,66,4,2,1,1,62,50.0,3.03,15.0,0.44
2,distance<=-8; close_location>=80; signal<=950; rank<=2,False,66,4,2,1,1,62,50.0,3.03,15.0,0.44
2,value_ratio<=3; close_location>=80; signal<=930,False,46,4,2,2,0,42,50.0,4.35,15.0,-0.15
2,value_ratio<=3; close_location>=80; signal<=930; rank<=2,False,46,4,2,2,0,42,50.0,4.35,15.0,-0.15
2,value_ratio<=3; close_location>=88; signal<=930,False,34,4,2,2,0,30,50.0,5.88,15.0,-0.15
2,value_ratio<=3; close_location>=88; signal<=930; rank<=2,False,34,4,2,2,0,30,50.0,5.88,15.0,-0.15
2,value_ratio<=3; close_location>=90; signal<=930,False,31,4,2,2,0,27,50.0,6.45,15.0,-0.15
2,value_ratio<=3; close_location>=90; signal<=930; rank<=2,False,31,4,2,2,0,27,50.0,6.45,15.0,-0.15
2,close_location>=80; signal<=930,False,123,5,2,2,1,118,40.0,1.63,11.76,-0.278
2,close_location>=80; signal<=930; rank<=2,False,123,5,2,2,1,118,40.0,1.63,11.76,-0.278
2,close_location>=88; signal<=930,False,84,5,2,2,1,79,40.0,2.38,11.76,-0.278
2,close_location>=88; signal<=930; rank<=2,False,84,5,2,2,1,79,40.0,2.38,11.76,-0.278
2,close_location>=90; signal<=930,False,76,5,2,2,1,71,40.0,2.63,11.76,-0.278
2,close_location>=90; signal<=930; rank<=2,False,76,5,2,2,1,71,40.0,2.63,11.76,-0.278
2,value_ratio<=3.5; close_location>=80; signal<=930,False,70,5,2,2,1,65,40.0,2.86,11.76,-0.278
2,value_ratio<=3.5; close_location>=80; signal<=930; rank<=2,False,70,5,2,2,1,65,40.0,2.86,11.76,-0.278
2,value_ratio<=3.5; close_location>=88; signal<=930,False,53,5,2,2,1,48,40.0,3.77,11.76,-0.278
2,value_ratio<=3.5; close_location>=88; signal<=930; rank<=2,False,53,5,2,2,1,48,40.0,3.77,11.76,-0.278
2,value_ratio<=3.5; close_location>=90; signal<=930,False,48,5,2,2,1,43,40.0,4.17,11.76,-0.278
2,value_ratio<=3.5; close_location>=90; signal<=930; rank<=2,False,48,5,2,2,1,43,40.0,4.17,11.76,-0.278
2,value_ratio<=5; close_location>=80; signal<=930,False,108,5,2,2,1,103,40.0,1.85,11.76,-0.278
2,value_ratio<=5; close_location>=80; signal<=930; rank<=2,False,108,5,2,2,1,103,40.0,1.85,11.76,-0.278
2,value_ratio<=5; close_location>=88; signal<=930,False,78,5,2,2,1,73,40.0,2.56,11.76,-0.278
2,value_ratio<=5; close_location>=88; signal<=930; rank<=2,False,78,5,2,2,1,73,40.0,2.56,11.76,-0.278
2,value_ratio<=5; close_location>=90; signal<=930,False,70,5,2,2,1,65,40.0,2.86,11.76,-0.278
2,value_ratio<=5; close_location>=90; signal<=930; rank<=2,False,70,5,2,2,1,65,40.0,2.86,11.76,-0.278
2,value_ratio<=3; signal<=930,False,49,5,2,3,0,44,40.0,4.08,11.76,-0.42
2,value_ratio<=3; signal<=930; rank<=2,False,49,5,2,3,0,44,40.0,4.08,11.76,-0.42
2,distance<=-12,False,60,5,2,3,0,55,40.0,3.33,11.76,-0.42
2,distance<=-12; rank<=2,False,60,5,2,3,0,55,40.0,3.33,11.76,-0.42
2,distance<=-12; signal<=940,False,60,5,2,3,0,55,40.0,3.33,11.76,-0.42
2,distance<=-12; signal<=940; rank<=2,False,60,5,2,3,0,55,40.0,3.33,11.76,-0.42
2,distance<=-12; signal<=950,False,60,5,2,3,0,55,40.0,3.33,11.76,-0.42
2,distance<=-12; signal<=950; rank<=2,False,60,5,2,3,0,55,40.0,3.33,11.76,-0.42
2,distance<=-15,False,47,5,2,3,0,42,40.0,4.26,11.76,-0.42
2,distance<=-15; rank<=2,False,47,5,2,3,0,42,40.0,4.26,11.76,-0.42
2,distance<=-15; signal<=940,False,47,5,2,3,0,42,40.0,4.26,11.76,-0.42
2,distance<=-15; signal<=940; rank<=2,False,47,5,2,3,0,42,40.0,4.26,11.76,-0.42
2,distance<=-15; signal<=950,False,47,5,2,3,0,42,40.0,4.26,11.76,-0.42
2,distance<=-15; signal<=950; rank<=2,False,47,5,2,3,0,42,40.0,4.26,11.76,-0.42
2,value_ratio<=3; close_location>=80,False,46,6,2,3,1,40,33.33,4.35,9.68,-0.207
2,value_ratio<=3; close_location>=80; rank<=2,False,46,6,2,3,1,40,33.33,4.35,9.68,-0.207
2,value_ratio<=3; close_location>=80; signal<=940,False,46,6,2,3,1,40,33.33,4.35,9.68,-0.207
2,value_ratio<=3; close_location>=80; signal<=940; rank<=2,False,46,6,2,3,1,40,33.33,4.35,9.68,-0.207
2,value_ratio<=3; close_location>=80; signal<=950,False,46,6,2,3,1,40,33.33,4.35,9.68,-0.207
2,value_ratio<=3; close_location>=80; signal<=950; rank<=2,False,46,6,2,3,1,40,33.33,4.35,9.68,-0.207
2,value_ratio<=3; close_location>=88,False,34,6,2,3,1,28,33.33,5.88,9.68,-0.207
2,value_ratio<=3; close_location>=88; rank<=2,False,34,6,2,3,1,28,33.33,5.88,9.68,-0.207
2,value_ratio<=3; close_location>=88; signal<=940,False,34,6,2,3,1,28,33.33,5.88,9.68,-0.207
2,value_ratio<=3; close_location>=88; signal<=940; rank<=2,False,34,6,2,3,1,28,33.33,5.88,9.68,-0.207
2,value_ratio<=3; close_location>=88; signal<=950,False,34,6,2,3,1,28,33.33,5.88,9.68,-0.207
2,value_ratio<=3; close_location>=88; signal<=950; rank<=2,False,34,6,2,3,1,28,33.33,5.88,9.68,-0.207
2,value_ratio<=3; close_location>=90,False,31,6,2,3,1,25,33.33,6.45,9.68,-0.207
2,value_ratio<=3; close_location>=90; rank<=2,False,31,6,2,3,1,25,33.33,6.45,9.68,-0.207
2,value_ratio<=3; close_location>=90; signal<=940,False,31,6,2,3,1,25,33.33,6.45,9.68,-0.207
2,value_ratio<=3; close_location>=90; signal<=940; rank<=2,False,31,6,2,3,1,25,33.33,6.45,9.68,-0.207
2,value_ratio<=3; close_location>=90; signal<=950,False,31,6,2,3,1,25,33.33,6.45,9.68,-0.207
2,value_ratio<=3; close_location>=90; signal<=950; rank<=2,False,31,6,2,3,1,25,33.33,6.45,9.68,-0.207
2,distance<=-10,False,68,6,2,3,1,62,33.33,2.94,9.68,-0.345
2,distance<=-10; rank<=2,False,68,6,2,3,1,62,33.33,2.94,9.68,-0.345
2,distance<=-10; signal<=940,False,68,6,2,3,1,62,33.33,2.94,9.68,-0.345
2,distance<=-10; signal<=940; rank<=2,False,68,6,2,3,1,62,33.33,2.94,9.68,-0.345
2,distance<=-10; signal<=950,False,68,6,2,3,1,62,33.33,2.94,9.68,-0.345
2,distance<=-10; signal<=950; rank<=2,False,68,6,2,3,1,62,33.33,2.94,9.68,-0.345
2,distance<=-3; value_ratio<=2.5,False,23,2,1,0,1,21,50.0,4.35,9.45,1.03
2,distance<=-3; value_ratio<=2.5; rank<=2,False,23,2,1,0,1,21,50.0,4.35,9.45,1.03
2,distance<=-3; value_ratio<=2.5; signal<=940,False,23,2,1,0,1,21,50.0,4.35,9.45,1.03
2,distance<=-3; value_ratio<=2.5; signal<=940; rank<=2,False,23,2,1,0,1,21,50.0,4.35,9.45,1.03
2,distance<=-3; value_ratio<=2.5; signal<=950,False,23,2,1,0,1,21,50.0,4.35,9.45,1.03
2,distance<=-3; value_ratio<=2.5; signal<=950; rank<=2,False,23,2,1,0,1,21,50.0,4.35,9.45,1.03
2,distance<=-3; value_ratio<=2.5; close_location>=80,False,22,2,1,0,1,20,50.0,4.55,9.45,1.03
2,distance<=-3; value_ratio<=2.5; close_location>=80; rank<=2,False,22,2,1,0,1,20,50.0,4.55,9.45,1.03
2,distance<=-3; value_ratio<=2.5; close_location>=80; signal<=940,False,22,2,1,0,1,20,50.0,4.55,9.45,1.03
2,distance<=-3; value_ratio<=2.5; close_location>=80; signal<=940; rank<=2,False,22,2,1,0,1,20,50.0,4.55,9.45,1.03
2,distance<=-3; value_ratio<=2.5; close_location>=80; signal<=950,False,22,2,1,0,1,20,50.0,4.55,9.45,1.03
2,distance<=-3; value_ratio<=2.5; close_location>=80; signal<=950; rank<=2,False,22,2,1,0,1,20,50.0,4.55,9.45,1.03
2,distance<=-3; value_ratio<=2.5; close_location>=88,False,17,2,1,0,1,15,50.0,5.88,9.45,1.03
2,distance<=-3; value_ratio<=2.5; close_location>=88; rank<=2,False,17,2,1,0,1,15,50.0,5.88,9.45,1.03
2,distance<=-3; value_ratio<=2.5; close_location>=88; signal<=940,False,17,2,1,0,1,15,50.0,5.88,9.45,1.03
2,distance<=-3; value_ratio<=2.5; close_location>=88; signal<=940; rank<=2,False,17,2,1,0,1,15,50.0,5.88,9.45,1.03
2,distance<=-3; value_ratio<=2.5; close_location>=88; signal<=950,False,17,2,1,0,1,15,50.0,5.88,9.45,1.03
2,distance<=-3; value_ratio<=2.5; close_location>=88; signal<=950; rank<=2,False,17,2,1,0,1,15,50.0,5.88,9.45,1.03
2,distance<=-3; value_ratio<=2.5; close_location>=90,False,15,2,1,0,1,13,50.0,6.67,9.45,1.03
2,distance<=-3; value_ratio<=2.5; close_location>=90; rank<=2,False,15,2,1,0,1,13,50.0,6.67,9.45,1.03
2,distance<=-3; value_ratio<=2.5; close_location>=90; signal<=940,False,15,2,1,0,1,13,50.0,6.67,9.45,1.03
2,distance<=-3; value_ratio<=2.5; close_location>=90; signal<=940; rank<=2,False,15,2,1,0,1,13,50.0,6.67,9.45,1.03
2,distance<=-3; value_ratio<=2.5; close_location>=90; signal<=950,False,15,2,1,0,1,13,50.0,6.67,9.45,1.03
2,distance<=-3; value_ratio<=2.5; close_location>=90; signal<=950; rank<=2,False,15,2,1,0,1,13,50.0,6.67,9.45,1.03
2,distance<=-5; value_ratio<=2.5,False,22,2,1,0,1,20,50.0,4.55,9.45,1.03
2,distance<=-5; value_ratio<=2.5; rank<=2,False,22,2,1,0,1,20,50.0,4.55,9.45,1.03
2,distance<=-5; value_ratio<=2.5; signal<=940,False,22,2,1,0,1,20,50.0,4.55,9.45,1.03
2,distance<=-5; value_ratio<=2.5; signal<=940; rank<=2,False,22,2,1,0,1,20,50.0,4.55,9.45,1.03
2,distance<=-5; value_ratio<=2.5; signal<=950,False,22,2,1,0,1,20,50.0,4.55,9.45,1.03
2,distance<=-5; value_ratio<=2.5; signal<=950; rank<=2,False,22,2,1,0,1,20,50.0,4.55,9.45,1.03
2,distance<=-5; value_ratio<=2.5; close_location>=80,False,21,2,1,0,1,19,50.0,4.76,9.45,1.03
2,distance<=-5; value_ratio<=2.5; close_location>=80; rank<=2,False,21,2,1,0,1,19,50.0,4.76,9.45,1.03
2,distance<=-5; value_ratio<=2.5; close_location>=80; signal<=940,False,21,2,1,0,1,19,50.0,4.76,9.45,1.03
2,distance<=-5; value_ratio<=2.5; close_location>=80; signal<=940; rank<=2,False,21,2,1,0,1,19,50.0,4.76,9.45,1.03
2,distance<=-5; value_ratio<=2.5; close_location>=80; signal<=950,False,21,2,1,0,1,19,50.0,4.76,9.45,1.03
2,distance<=-5; value_ratio<=2.5; close_location>=80; signal<=950; rank<=2,False,21,2,1,0,1,19,50.0,4.76,9.45,1.03
2,distance<=-5; value_ratio<=2.5; close_location>=88,False,16,2,1,0,1,14,50.0,6.25,9.45,1.03
2,distance<=-5; value_ratio<=2.5; close_location>=88; rank<=2,False,16,2,1,0,1,14,50.0,6.25,9.45,1.03
2,distance<=-5; value_ratio<=2.5; close_location>=88; signal<=940,False,16,2,1,0,1,14,50.0,6.25,9.45,1.03
2,distance<=-5; value_ratio<=2.5; close_location>=88; signal<=940; rank<=2,False,16,2,1,0,1,14,50.0,6.25,9.45,1.03
2,distance<=-5; value_ratio<=2.5; close_location>=88; signal<=950,False,16,2,1,0,1,14,50.0,6.25,9.45,1.03
2,distance<=-5; value_ratio<=2.5; close_location>=88; signal<=950; rank<=2,False,16,2,1,0,1,14,50.0,6.25,9.45,1.03
2,distance<=-5; value_ratio<=2.5; close_location>=90,False,14,2,1,0,1,12,50.0,7.14,9.45,1.03
2,distance<=-5; value_ratio<=2.5; close_location>=90; rank<=2,False,14,2,1,0,1,12,50.0,7.14,9.45,1.03
2,distance<=-5; value_ratio<=2.5; close_location>=90; signal<=940,False,14,2,1,0,1,12,50.0,7.14,9.45,1.03
2,distance<=-5; value_ratio<=2.5; close_location>=90; signal<=940; rank<=2,False,14,2,1,0,1,12,50.0,7.14,9.45,1.03
2,distance<=-5; value_ratio<=2.5; close_location>=90; signal<=950,False,14,2,1,0,1,12,50.0,7.14,9.45,1.03
2,distance<=-5; value_ratio<=2.5; close_location>=90; signal<=950; rank<=2,False,14,2,1,0,1,12,50.0,7.14,9.45,1.03
2,distance<=-8; value_ratio<=2.5,False,15,2,1,0,1,13,50.0,6.67,9.45,1.03
2,distance<=-8; value_ratio<=2.5; rank<=2,False,15,2,1,0,1,13,50.0,6.67,9.45,1.03
2,distance<=-8; value_ratio<=2.5; signal<=940,False,15,2,1,0,1,13,50.0,6.67,9.45,1.03
2,distance<=-8; value_ratio<=2.5; signal<=940; rank<=2,False,15,2,1,0,1,13,50.0,6.67,9.45,1.03
2,distance<=-8; value_ratio<=2.5; signal<=950,False,15,2,1,0,1,13,50.0,6.67,9.45,1.03
2,distance<=-8; value_ratio<=2.5; signal<=950; rank<=2,False,15,2,1,0,1,13,50.0,6.67,9.45,1.03
2,distance<=-8; value_ratio<=2.5; close_location>=80,False,14,2,1,0,1,12,50.0,7.14,9.45,1.03
2,distance<=-8; value_ratio<=2.5; close_location>=80; rank<=2,False,14,2,1,0,1,12,50.0,7.14,9.45,1.03
2,distance<=-8; value_ratio<=2.5; close_location>=80; signal<=940,False,14,2,1,0,1,12,50.0,7.14,9.45,1.03
2,distance<=-8; value_ratio<=2.5; close_location>=80; signal<=940; rank<=2,False,14,2,1,0,1,12,50.0,7.14,9.45,1.03
2,distance<=-8; value_ratio<=2.5; close_location>=80; signal<=950,False,14,2,1,0,1,12,50.0,7.14,9.45,1.03
2,distance<=-8; value_ratio<=2.5; close_location>=80; signal<=950; rank<=2,False,14,2,1,0,1,12,50.0,7.14,9.45,1.03
2,distance<=-8; value_ratio<=2.5; close_location>=88,False,11,2,1,0,1,9,50.0,9.09,9.45,1.03
2,distance<=-8; value_ratio<=2.5; close_location>=88; rank<=2,False,11,2,1,0,1,9,50.0,9.09,9.45,1.03
2,distance<=-8; value_ratio<=2.5; close_location>=88; signal<=940,False,11,2,1,0,1,9,50.0,9.09,9.45,1.03
2,distance<=-8; value_ratio<=2.5; close_location>=88; signal<=940; rank<=2,False,11,2,1,0,1,9,50.0,9.09,9.45,1.03
2,distance<=-8; value_ratio<=2.5; close_location>=88; signal<=950,False,11,2,1,0,1,9,50.0,9.09,9.45,1.03
2,distance<=-8; value_ratio<=2.5; close_location>=88; signal<=950; rank<=2,False,11,2,1,0,1,9,50.0,9.09,9.45,1.03
2,distance<=-8; value_ratio<=2.5; close_location>=90,False,9,2,1,0,1,7,50.0,11.11,9.45,1.03
2,distance<=-8; value_ratio<=2.5; close_location>=90; rank<=2,False,9,2,1,0,1,7,50.0,11.11,9.45,1.03
2,distance<=-8; value_ratio<=2.5; close_location>=90; signal<=940,False,9,2,1,0,1,7,50.0,11.11,9.45,1.03
2,distance<=-8; value_ratio<=2.5; close_location>=90; signal<=940; rank<=2,False,9,2,1,0,1,7,50.0,11.11,9.45,1.03
2,distance<=-8; value_ratio<=2.5; close_location>=90; signal<=950,False,9,2,1,0,1,7,50.0,11.11,9.45,1.03
2,distance<=-8; value_ratio<=2.5; close_location>=90; signal<=950; rank<=2,False,9,2,1,0,1,7,50.0,11.11,9.45,1.03
2,value_ratio<=2.5; signal<=930,False,29,2,1,1,0,27,50.0,3.45,9.45,-0.15
2,value_ratio<=2.5; signal<=930; rank<=2,False,29,2,1,1,0,27,50.0,3.45,9.45,-0.15
2,value_ratio<=2.5; close_location>=80; signal<=930,False,27,2,1,1,0,25,50.0,3.7,9.45,-0.15
2,value_ratio<=2.5; close_location>=80; signal<=930; rank<=2,False,27,2,1,1,0,25,50.0,3.7,9.45,-0.15
2,value_ratio<=2.5; close_location>=88; signal<=930,False,22,2,1,1,0,20,50.0,4.55,9.45,-0.15
2,value_ratio<=2.5; close_location>=88; signal<=930; rank<=2,False,22,2,1,1,0,20,50.0,4.55,9.45,-0.15
2,value_ratio<=2.5; close_location>=90; signal<=930,False,19,2,1,1,0,17,50.0,5.26,9.45,-0.15
2,value_ratio<=2.5; close_location>=90; signal<=930; rank<=2,False,19,2,1,1,0,17,50.0,5.26,9.45,-0.15
2,value_ratio<=3; rank<=1,False,15,2,1,1,0,13,50.0,6.67,9.45,-0.15
2,value_ratio<=3; signal<=930; rank<=1,False,15,2,1,1,0,13,50.0,6.67,9.45,-0.15
2,value_ratio<=3; signal<=940; rank<=1,False,15,2,1,1,0,13,50.0,6.67,9.45,-0.15
2,value_ratio<=3; signal<=950; rank<=1,False,15,2,1,1,0,13,50.0,6.67,9.45,-0.15
2,value_ratio<=3; close_location>=80; rank<=1,False,15,2,1,1,0,13,50.0,6.67,9.45,-0.15
2,value_ratio<=3; close_location>=80; signal<=930; rank<=1,False,15,2,1,1,0,13,50.0,6.67,9.45,-0.15
2,value_ratio<=3; close_location>=80; signal<=940; rank<=1,False,15,2,1,1,0,13,50.0,6.67,9.45,-0.15
2,value_ratio<=3; close_location>=80; signal<=950; rank<=1,False,15,2,1,1,0,13,50.0,6.67,9.45,-0.15
2,value_ratio<=3; close_location>=88; rank<=1,False,13,2,1,1,0,11,50.0,7.69,9.45,-0.15
2,value_ratio<=3; close_location>=88; signal<=930; rank<=1,False,13,2,1,1,0,11,50.0,7.69,9.45,-0.15
2,value_ratio<=3; close_location>=88; signal<=940; rank<=1,False,13,2,1,1,0,11,50.0,7.69,9.45,-0.15
2,value_ratio<=3; close_location>=88; signal<=950; rank<=1,False,13,2,1,1,0,11,50.0,7.69,9.45,-0.15
2,value_ratio<=3; close_location>=90; rank<=1,False,12,2,1,1,0,10,50.0,8.33,9.45,-0.15
2,value_ratio<=3; close_location>=90; signal<=930; rank<=1,False,12,2,1,1,0,10,50.0,8.33,9.45,-0.15
2,value_ratio<=3; close_location>=90; signal<=940; rank<=1,False,12,2,1,1,0,10,50.0,8.33,9.45,-0.15
2,value_ratio<=3; close_location>=90; signal<=950; rank<=1,False,12,2,1,1,0,10,50.0,8.33,9.45,-0.15
2,distance<=-3; value_ratio<=3; signal<=930,False,37,2,1,1,0,35,50.0,2.7,9.45,-0.15
2,distance<=-3; value_ratio<=3; signal<=930; rank<=2,False,37,2,1,1,0,35,50.0,2.7,9.45,-0.15
2,distance<=-5; value_ratio<=3; signal<=930,False,34,2,1,1,0,32,50.0,2.94,9.45,-0.15
2,distance<=-5; value_ratio<=3; signal<=930; rank<=2,False,34,2,1,1,0,32,50.0,2.94,9.45,-0.15
2,distance<=-8; value_ratio<=3; signal<=930,False,26,2,1,1,0,24,50.0,3.85,9.45,-0.15
2,distance<=-8; value_ratio<=3; signal<=930; rank<=2,False,26,2,1,1,0,24,50.0,3.85,9.45,-0.15
2,distance<=-10; close_location>=88,False,40,2,1,1,0,38,50.0,2.5,9.45,-0.15
2,distance<=-10; close_location>=88; rank<=2,False,40,2,1,1,0,38,50.0,2.5,9.45,-0.15
2,distance<=-10; close_location>=88; signal<=940,False,40,2,1,1,0,38,50.0,2.5,9.45,-0.15
2,distance<=-10; close_location>=88; signal<=940; rank<=2,False,40,2,1,1,0,38,50.0,2.5,9.45,-0.15
2,distance<=-10; close_location>=88; signal<=950,False,40,2,1,1,0,38,50.0,2.5,9.45,-0.15
2,distance<=-10; close_location>=88; signal<=950; rank<=2,False,40,2,1,1,0,38,50.0,2.5,9.45,-0.15
2,distance<=-10; close_location>=90,False,35,2,1,1,0,33,50.0,2.86,9.45,-0.15
2,distance<=-10; close_location>=90; rank<=2,False,35,2,1,1,0,33,50.0,2.86,9.45,-0.15
2,distance<=-10; close_location>=90; signal<=940,False,35,2,1,1,0,33,50.0,2.86,9.45,-0.15
2,distance<=-10; close_location>=90; signal<=940; rank<=2,False,35,2,1,1,0,33,50.0,2.86,9.45,-0.15
2,distance<=-10; close_location>=90; signal<=950,False,35,2,1,1,0,33,50.0,2.86,9.45,-0.15
2,distance<=-10; close_location>=90; signal<=950; rank<=2,False,35,2,1,1,0,33,50.0,2.86,9.45,-0.15
2,distance<=-10; value_ratio<=3; signal<=930,False,23,2,1,1,0,21,50.0,4.35,9.45,-0.15
2,distance<=-10; value_ratio<=3; signal<=930; rank<=2,False,23,2,1,1,0,21,50.0,4.35,9.45,-0.15
2,distance<=-10; value_ratio<=3; close_location>=80,False,21,2,1,1,0,19,50.0,4.76,9.45,-0.15
2,distance<=-10; value_ratio<=3; close_location>=80; rank<=2,False,21,2,1,1,0,19,50.0,4.76,9.45,-0.15
2,distance<=-10; value_ratio<=3; close_location>=80; signal<=940,False,21,2,1,1,0,19,50.0,4.76,9.45,-0.15
2,distance<=-10; value_ratio<=3; close_location>=80; signal<=940; rank<=2,False,21,2,1,1,0,19,50.0,4.76,9.45,-0.15
2,distance<=-10; value_ratio<=3; close_location>=80; signal<=950,False,21,2,1,1,0,19,50.0,4.76,9.45,-0.15
2,distance<=-10; value_ratio<=3; close_location>=80; signal<=950; rank<=2,False,21,2,1,1,0,19,50.0,4.76,9.45,-0.15
2,distance<=-10; value_ratio<=3; close_location>=88,False,16,2,1,1,0,14,50.0,6.25,9.45,-0.15
2,distance<=-10; value_ratio<=3; close_location>=88; rank<=2,False,16,2,1,1,0,14,50.0,6.25,9.45,-0.15
2,distance<=-10; value_ratio<=3; close_location>=88; signal<=940,False,16,2,1,1,0,14,50.0,6.25,9.45,-0.15
2,distance<=-10; value_ratio<=3; close_location>=88; signal<=940; rank<=2,False,16,2,1,1,0,14,50.0,6.25,9.45,-0.15
2,distance<=-10; value_ratio<=3; close_location>=88; signal<=950,False,16,2,1,1,0,14,50.0,6.25,9.45,-0.15
2,distance<=-10; value_ratio<=3; close_location>=88; signal<=950; rank<=2,False,16,2,1,1,0,14,50.0,6.25,9.45,-0.15
2,distance<=-10; value_ratio<=3; close_location>=90,False,14,2,1,1,0,12,50.0,7.14,9.45,-0.15
2,distance<=-10; value_ratio<=3; close_location>=90; rank<=2,False,14,2,1,1,0,12,50.0,7.14,9.45,-0.15
2,distance<=-10; value_ratio<=3; close_location>=90; signal<=940,False,14,2,1,1,0,12,50.0,7.14,9.45,-0.15
2,distance<=-10; value_ratio<=3; close_location>=90; signal<=940; rank<=2,False,14,2,1,1,0,12,50.0,7.14,9.45,-0.15
2,distance<=-10; value_ratio<=3; close_location>=90; signal<=950,False,14,2,1,1,0,12,50.0,7.14,9.45,-0.15
2,distance<=-10; value_ratio<=3; close_location>=90; signal<=950; rank<=2,False,14,2,1,1,0,12,50.0,7.14,9.45,-0.15
2,distance<=-10; value_ratio<=3.5; close_location>=80,False,29,2,1,1,0,27,50.0,3.45,9.45,-0.15
2,distance<=-10; value_ratio<=3.5; close_location>=80; rank<=2,False,29,2,1,1,0,27,50.0,3.45,9.45,-0.15
2,distance<=-10; value_ratio<=3.5; close_location>=80; signal<=940,False,29,2,1,1,0,27,50.0,3.45,9.45,-0.15
2,distance<=-10; value_ratio<=3.5; close_location>=80; signal<=940; rank<=2,False,29,2,1,1,0,27,50.0,3.45,9.45,-0.15
2,distance<=-10; value_ratio<=3.5; close_location>=80; signal<=950,False,29,2,1,1,0,27,50.0,3.45,9.45,-0.15
2,distance<=-10; value_ratio<=3.5; close_location>=80; signal<=950; rank<=2,False,29,2,1,1,0,27,50.0,3.45,9.45,-0.15
2,distance<=-10; value_ratio<=3.5; close_location>=88,False,23,2,1,1,0,21,50.0,4.35,9.45,-0.15
2,distance<=-10; value_ratio<=3.5; close_location>=88; rank<=2,False,23,2,1,1,0,21,50.0,4.35,9.45,-0.15
2,distance<=-10; value_ratio<=3.5; close_location>=88; signal<=940,False,23,2,1,1,0,21,50.0,4.35,9.45,-0.15
2,distance<=-10; value_ratio<=3.5; close_location>=88; signal<=940; rank<=2,False,23,2,1,1,0,21,50.0,4.35,9.45,-0.15
2,distance<=-10; value_ratio<=3.5; close_location>=88; signal<=950,False,23,2,1,1,0,21,50.0,4.35,9.45,-0.15
2,distance<=-10; value_ratio<=3.5; close_location>=88; signal<=950; rank<=2,False,23,2,1,1,0,21,50.0,4.35,9.45,-0.15
2,distance<=-10; value_ratio<=3.5; close_location>=90,False,20,2,1,1,0,18,50.0,5.0,9.45,-0.15
2,distance<=-10; value_ratio<=3.5; close_location>=90; rank<=2,False,20,2,1,1,0,18,50.0,5.0,9.45,-0.15
2,distance<=-10; value_ratio<=3.5; close_location>=90; signal<=940,False,20,2,1,1,0,18,50.0,5.0,9.45,-0.15
2,distance<=-10; value_ratio<=3.5; close_location>=90; signal<=940; rank<=2,False,20,2,1,1,0,18,50.0,5.0,9.45,-0.15
2,distance<=-10; value_ratio<=3.5; close_location>=90; signal<=950,False,20,2,1,1,0,18,50.0,5.0,9.45,-0.15
2,distance<=-10; value_ratio<=3.5; close_location>=90; signal<=950; rank<=2,False,20,2,1,1,0,18,50.0,5.0,9.45,-0.15
2,distance<=-10; value_ratio<=5; close_location>=80,False,45,2,1,1,0,43,50.0,2.22,9.45,-0.15
2,distance<=-10; value_ratio<=5; close_location>=80; rank<=2,False,45,2,1,1,0,43,50.0,2.22,9.45,-0.15
2,distance<=-10; value_ratio<=5; close_location>=80; signal<=940,False,45,2,1,1,0,43,50.0,2.22,9.45,-0.15
2,distance<=-10; value_ratio<=5; close_location>=80; signal<=940; rank<=2,False,45,2,1,1,0,43,50.0,2.22,9.45,-0.15
2,distance<=-10; value_ratio<=5; close_location>=80; signal<=950,False,45,2,1,1,0,43,50.0,2.22,9.45,-0.15
2,distance<=-10; value_ratio<=5; close_location>=80; signal<=950; rank<=2,False,45,2,1,1,0,43,50.0,2.22,9.45,-0.15
2,distance<=-10; value_ratio<=5; close_location>=88,False,36,2,1,1,0,34,50.0,2.78,9.45,-0.15
2,distance<=-10; value_ratio<=5; close_location>=88; rank<=2,False,36,2,1,1,0,34,50.0,2.78,9.45,-0.15
2,distance<=-10; value_ratio<=5; close_location>=88; signal<=940,False,36,2,1,1,0,34,50.0,2.78,9.45,-0.15
2,distance<=-10; value_ratio<=5; close_location>=88; signal<=940; rank<=2,False,36,2,1,1,0,34,50.0,2.78,9.45,-0.15
2,distance<=-10; value_ratio<=5; close_location>=88; signal<=950,False,36,2,1,1,0,34,50.0,2.78,9.45,-0.15
2,distance<=-10; value_ratio<=5; close_location>=88; signal<=950; rank<=2,False,36,2,1,1,0,34,50.0,2.78,9.45,-0.15
2,distance<=-10; value_ratio<=5; close_location>=90,False,31,2,1,1,0,29,50.0,3.23,9.45,-0.15
2,distance<=-10; value_ratio<=5; close_location>=90; rank<=2,False,31,2,1,1,0,29,50.0,3.23,9.45,-0.15
2,distance<=-10; value_ratio<=5; close_location>=90; signal<=940,False,31,2,1,1,0,29,50.0,3.23,9.45,-0.15
2,distance<=-10; value_ratio<=5; close_location>=90; signal<=940; rank<=2,False,31,2,1,1,0,29,50.0,3.23,9.45,-0.15
2,distance<=-10; value_ratio<=5; close_location>=90; signal<=950,False,31,2,1,1,0,29,50.0,3.23,9.45,-0.15
2,distance<=-10; value_ratio<=5; close_location>=90; signal<=950; rank<=2,False,31,2,1,1,0,29,50.0,3.23,9.45,-0.15
2,distance<=-12; signal<=930,False,60,2,1,1,0,58,50.0,1.67,9.45,-0.15
2,distance<=-12; signal<=930; rank<=2,False,60,2,1,1,0,58,50.0,1.67,9.45,-0.15
2,distance<=-12; close_location>=88,False,35,2,1,1,0,33,50.0,2.86,9.45,-0.15
2,distance<=-12; close_location>=88; rank<=2,False,35,2,1,1,0,33,50.0,2.86,9.45,-0.15
2,distance<=-12; close_location>=88; signal<=940,False,35,2,1,1,0,33,50.0,2.86,9.45,-0.15
2,distance<=-12; close_location>=88; signal<=940; rank<=2,False,35,2,1,1,0,33,50.0,2.86,9.45,-0.15
2,distance<=-12; close_location>=88; signal<=950,False,35,2,1,1,0,33,50.0,2.86,9.45,-0.15
2,distance<=-12; close_location>=88; signal<=950; rank<=2,False,35,2,1,1,0,33,50.0,2.86,9.45,-0.15
2,distance<=-12; close_location>=90,False,30,2,1,1,0,28,50.0,3.33,9.45,-0.15
2,distance<=-12; close_location>=90; rank<=2,False,30,2,1,1,0,28,50.0,3.33,9.45,-0.15
2,distance<=-12; close_location>=90; signal<=940,False,30,2,1,1,0,28,50.0,3.33,9.45,-0.15
2,distance<=-12; close_location>=90; signal<=940; rank<=2,False,30,2,1,1,0,28,50.0,3.33,9.45,-0.15
2,distance<=-12; close_location>=90; signal<=950,False,30,2,1,1,0,28,50.0,3.33,9.45,-0.15
2,distance<=-12; close_location>=90; signal<=950; rank<=2,False,30,2,1,1,0,28,50.0,3.33,9.45,-0.15
2,distance<=-12; value_ratio<=3; signal<=930,False,21,2,1,1,0,19,50.0,4.76,9.45,-0.15
2,distance<=-12; value_ratio<=3; signal<=930; rank<=2,False,21,2,1,1,0,19,50.0,4.76,9.45,-0.15
2,distance<=-12; value_ratio<=3; close_location>=80,False,19,2,1,1,0,17,50.0,5.26,9.45,-0.15
2,distance<=-12; value_ratio<=3; close_location>=80; rank<=2,False,19,2,1,1,0,17,50.0,5.26,9.45,-0.15
2,distance<=-12; value_ratio<=3; close_location>=80; signal<=940,False,19,2,1,1,0,17,50.0,5.26,9.45,-0.15
2,distance<=-12; value_ratio<=3; close_location>=80; signal<=940; rank<=2,False,19,2,1,1,0,17,50.0,5.26,9.45,-0.15
2,distance<=-12; value_ratio<=3; close_location>=80; signal<=950,False,19,2,1,1,0,17,50.0,5.26,9.45,-0.15
2,distance<=-12; value_ratio<=3; close_location>=80; signal<=950; rank<=2,False,19,2,1,1,0,17,50.0,5.26,9.45,-0.15
2,distance<=-12; value_ratio<=3; close_location>=88,False,14,2,1,1,0,12,50.0,7.14,9.45,-0.15
2,distance<=-12; value_ratio<=3; close_location>=88; rank<=2,False,14,2,1,1,0,12,50.0,7.14,9.45,-0.15
2,distance<=-12; value_ratio<=3; close_location>=88; signal<=940,False,14,2,1,1,0,12,50.0,7.14,9.45,-0.15
2,distance<=-12; value_ratio<=3; close_location>=88; signal<=940; rank<=2,False,14,2,1,1,0,12,50.0,7.14,9.45,-0.15
2,distance<=-12; value_ratio<=3; close_location>=88; signal<=950,False,14,2,1,1,0,12,50.0,7.14,9.45,-0.15
2,distance<=-12; value_ratio<=3; close_location>=88; signal<=950; rank<=2,False,14,2,1,1,0,12,50.0,7.14,9.45,-0.15
2,distance<=-12; value_ratio<=3; close_location>=90,False,12,2,1,1,0,10,50.0,8.33,9.45,-0.15
2,distance<=-12; value_ratio<=3; close_location>=90; rank<=2,False,12,2,1,1,0,10,50.0,8.33,9.45,-0.15
2,distance<=-12; value_ratio<=3; close_location>=90; signal<=940,False,12,2,1,1,0,10,50.0,8.33,9.45,-0.15
2,distance<=-12; value_ratio<=3; close_location>=90; signal<=940; rank<=2,False,12,2,1,1,0,10,50.0,8.33,9.45,-0.15
2,distance<=-12; value_ratio<=3; close_location>=90; signal<=950,False,12,2,1,1,0,10,50.0,8.33,9.45,-0.15
2,distance<=-12; value_ratio<=3; close_location>=90; signal<=950; rank<=2,False,12,2,1,1,0,10,50.0,8.33,9.45,-0.15
2,distance<=-12; value_ratio<=3.5; signal<=930,False,30,2,1,1,0,28,50.0,3.33,9.45,-0.15
2,distance<=-12; value_ratio<=3.5; signal<=930; rank<=2,False,30,2,1,1,0,28,50.0,3.33,9.45,-0.15
2,distance<=-12; value_ratio<=3.5; close_location>=80,False,27,2,1,1,0,25,50.0,3.7,9.45,-0.15
2,distance<=-12; value_ratio<=3.5; close_location>=80; rank<=2,False,27,2,1,1,0,25,50.0,3.7,9.45,-0.15
2,distance<=-12; value_ratio<=3.5; close_location>=80; signal<=940,False,27,2,1,1,0,25,50.0,3.7,9.45,-0.15
2,distance<=-12; value_ratio<=3.5; close_location>=80; signal<=940; rank<=2,False,27,2,1,1,0,25,50.0,3.7,9.45,-0.15
2,distance<=-12; value_ratio<=3.5; close_location>=80; signal<=950,False,27,2,1,1,0,25,50.0,3.7,9.45,-0.15
2,distance<=-12; value_ratio<=3.5; close_location>=80; signal<=950; rank<=2,False,27,2,1,1,0,25,50.0,3.7,9.45,-0.15
2,distance<=-12; value_ratio<=3.5; close_location>=88,False,21,2,1,1,0,19,50.0,4.76,9.45,-0.15
2,distance<=-12; value_ratio<=3.5; close_location>=88; rank<=2,False,21,2,1,1,0,19,50.0,4.76,9.45,-0.15
2,distance<=-12; value_ratio<=3.5; close_location>=88; signal<=940,False,21,2,1,1,0,19,50.0,4.76,9.45,-0.15
2,distance<=-12; value_ratio<=3.5; close_location>=88; signal<=940; rank<=2,False,21,2,1,1,0,19,50.0,4.76,9.45,-0.15
2,distance<=-12; value_ratio<=3.5; close_location>=88; signal<=950,False,21,2,1,1,0,19,50.0,4.76,9.45,-0.15
2,distance<=-12; value_ratio<=3.5; close_location>=88; signal<=950; rank<=2,False,21,2,1,1,0,19,50.0,4.76,9.45,-0.15
2,distance<=-12; value_ratio<=3.5; close_location>=90,False,18,2,1,1,0,16,50.0,5.56,9.45,-0.15
2,distance<=-12; value_ratio<=3.5; close_location>=90; rank<=2,False,18,2,1,1,0,16,50.0,5.56,9.45,-0.15
2,distance<=-12; value_ratio<=3.5; close_location>=90; signal<=940,False,18,2,1,1,0,16,50.0,5.56,9.45,-0.15
2,distance<=-12; value_ratio<=3.5; close_location>=90; signal<=940; rank<=2,False,18,2,1,1,0,16,50.0,5.56,9.45,-0.15
2,distance<=-12; value_ratio<=3.5; close_location>=90; signal<=950,False,18,2,1,1,0,16,50.0,5.56,9.45,-0.15
2,distance<=-12; value_ratio<=3.5; close_location>=90; signal<=950; rank<=2,False,18,2,1,1,0,16,50.0,5.56,9.45,-0.15
2,distance<=-12; value_ratio<=5; signal<=930,False,48,2,1,1,0,46,50.0,2.08,9.45,-0.15
2,distance<=-12; value_ratio<=5; signal<=930; rank<=2,False,48,2,1,1,0,46,50.0,2.08,9.45,-0.15
2,distance<=-12; value_ratio<=5; close_location>=80,False,40,2,1,1,0,38,50.0,2.5,9.45,-0.15
2,distance<=-12; value_ratio<=5; close_location>=80; rank<=2,False,40,2,1,1,0,38,50.0,2.5,9.45,-0.15
2,distance<=-12; value_ratio<=5; close_location>=80; signal<=940,False,40,2,1,1,0,38,50.0,2.5,9.45,-0.15
2,distance<=-12; value_ratio<=5; close_location>=80; signal<=940; rank<=2,False,40,2,1,1,0,38,50.0,2.5,9.45,-0.15
2,distance<=-12; value_ratio<=5; close_location>=80; signal<=950,False,40,2,1,1,0,38,50.0,2.5,9.45,-0.15
2,distance<=-12; value_ratio<=5; close_location>=80; signal<=950; rank<=2,False,40,2,1,1,0,38,50.0,2.5,9.45,-0.15
2,distance<=-12; value_ratio<=5; close_location>=88,False,31,2,1,1,0,29,50.0,3.23,9.45,-0.15
2,distance<=-12; value_ratio<=5; close_location>=88; rank<=2,False,31,2,1,1,0,29,50.0,3.23,9.45,-0.15
2,distance<=-12; value_ratio<=5; close_location>=88; signal<=940,False,31,2,1,1,0,29,50.0,3.23,9.45,-0.15
2,distance<=-12; value_ratio<=5; close_location>=88; signal<=940; rank<=2,False,31,2,1,1,0,29,50.0,3.23,9.45,-0.15
2,distance<=-12; value_ratio<=5; close_location>=88; signal<=950,False,31,2,1,1,0,29,50.0,3.23,9.45,-0.15
2,distance<=-12; value_ratio<=5; close_location>=88; signal<=950; rank<=2,False,31,2,1,1,0,29,50.0,3.23,9.45,-0.15
2,distance<=-12; value_ratio<=5; close_location>=90,False,26,2,1,1,0,24,50.0,3.85,9.45,-0.15
2,distance<=-12; value_ratio<=5; close_location>=90; rank<=2,False,26,2,1,1,0,24,50.0,3.85,9.45,-0.15
2,distance<=-12; value_ratio<=5; close_location>=90; signal<=940,False,26,2,1,1,0,24,50.0,3.85,9.45,-0.15
2,distance<=-12; value_ratio<=5; close_location>=90; signal<=940; rank<=2,False,26,2,1,1,0,24,50.0,3.85,9.45,-0.15
2,distance<=-12; value_ratio<=5; close_location>=90; signal<=950,False,26,2,1,1,0,24,50.0,3.85,9.45,-0.15
2,distance<=-12; value_ratio<=5; close_location>=90; signal<=950; rank<=2,False,26,2,1,1,0,24,50.0,3.85,9.45,-0.15
2,distance<=-15; signal<=930,False,47,2,1,1,0,45,50.0,2.13,9.45,-0.15
2,distance<=-15; signal<=930; rank<=2,False,47,2,1,1,0,45,50.0,2.13,9.45,-0.15
2,distance<=-15; close_location>=88,False,27,2,1,1,0,25,50.0,3.7,9.45,-0.15
2,distance<=-15; close_location>=88; rank<=2,False,27,2,1,1,0,25,50.0,3.7,9.45,-0.15
2,distance<=-15; close_location>=88; signal<=940,False,27,2,1,1,0,25,50.0,3.7,9.45,-0.15
2,distance<=-15; close_location>=88; signal<=940; rank<=2,False,27,2,1,1,0,25,50.0,3.7,9.45,-0.15
2,distance<=-15; close_location>=88; signal<=950,False,27,2,1,1,0,25,50.0,3.7,9.45,-0.15
2,distance<=-15; close_location>=88; signal<=950; rank<=2,False,27,2,1,1,0,25,50.0,3.7,9.45,-0.15
2,distance<=-15; close_location>=90,False,22,2,1,1,0,20,50.0,4.55,9.45,-0.15
2,distance<=-15; close_location>=90; rank<=2,False,22,2,1,1,0,20,50.0,4.55,9.45,-0.15
2,distance<=-15; close_location>=90; signal<=940,False,22,2,1,1,0,20,50.0,4.55,9.45,-0.15
2,distance<=-15; close_location>=90; signal<=940; rank<=2,False,22,2,1,1,0,20,50.0,4.55,9.45,-0.15
2,distance<=-15; close_location>=90; signal<=950,False,22,2,1,1,0,20,50.0,4.55,9.45,-0.15
2,distance<=-15; close_location>=90; signal<=950; rank<=2,False,22,2,1,1,0,20,50.0,4.55,9.45,-0.15
2,distance<=-15; value_ratio<=3; signal<=930,False,18,2,1,1,0,16,50.0,5.56,9.45,-0.15
2,distance<=-15; value_ratio<=3; signal<=930; rank<=2,False,18,2,1,1,0,16,50.0,5.56,9.45,-0.15
2,distance<=-15; value_ratio<=3; close_location>=80,False,16,2,1,1,0,14,50.0,6.25,9.45,-0.15
2,distance<=-15; value_ratio<=3; close_location>=80; rank<=2,False,16,2,1,1,0,14,50.0,6.25,9.45,-0.15
2,distance<=-15; value_ratio<=3; close_location>=80; signal<=940,False,16,2,1,1,0,14,50.0,6.25,9.45,-0.15
2,distance<=-15; value_ratio<=3; close_location>=80; signal<=940; rank<=2,False,16,2,1,1,0,14,50.0,6.25,9.45,-0.15
2,distance<=-15; value_ratio<=3; close_location>=80; signal<=950,False,16,2,1,1,0,14,50.0,6.25,9.45,-0.15
2,distance<=-15; value_ratio<=3; close_location>=80; signal<=950; rank<=2,False,16,2,1,1,0,14,50.0,6.25,9.45,-0.15
2,distance<=-15; value_ratio<=3; close_location>=88,False,12,2,1,1,0,10,50.0,8.33,9.45,-0.15
2,distance<=-15; value_ratio<=3; close_location>=88; rank<=2,False,12,2,1,1,0,10,50.0,8.33,9.45,-0.15
2,distance<=-15; value_ratio<=3; close_location>=88; signal<=940,False,12,2,1,1,0,10,50.0,8.33,9.45,-0.15
2,distance<=-15; value_ratio<=3; close_location>=88; signal<=940; rank<=2,False,12,2,1,1,0,10,50.0,8.33,9.45,-0.15
2,distance<=-15; value_ratio<=3; close_location>=88; signal<=950,False,12,2,1,1,0,10,50.0,8.33,9.45,-0.15
2,distance<=-15; value_ratio<=3; close_location>=88; signal<=950; rank<=2,False,12,2,1,1,0,10,50.0,8.33,9.45,-0.15
2,distance<=-15; value_ratio<=3; close_location>=90,False,10,2,1,1,0,8,50.0,10.0,9.45,-0.15
2,distance<=-15; value_ratio<=3; close_location>=90; rank<=2,False,10,2,1,1,0,8,50.0,10.0,9.45,-0.15
2,distance<=-15; value_ratio<=3; close_location>=90; signal<=940,False,10,2,1,1,0,8,50.0,10.0,9.45,-0.15
2,distance<=-15; value_ratio<=3; close_location>=90; signal<=940; rank<=2,False,10,2,1,1,0,8,50.0,10.0,9.45,-0.15
2,distance<=-15; value_ratio<=3; close_location>=90; signal<=950,False,10,2,1,1,0,8,50.0,10.0,9.45,-0.15
2,distance<=-15; value_ratio<=3; close_location>=90; signal<=950; rank<=2,False,10,2,1,1,0,8,50.0,10.0,9.45,-0.15
2,distance<=-15; value_ratio<=3.5; signal<=930,False,26,2,1,1,0,24,50.0,3.85,9.45,-0.15
2,distance<=-15; value_ratio<=3.5; signal<=930; rank<=2,False,26,2,1,1,0,24,50.0,3.85,9.45,-0.15
2,distance<=-15; value_ratio<=3.5; close_location>=80,False,24,2,1,1,0,22,50.0,4.17,9.45,-0.15
2,distance<=-15; value_ratio<=3.5; close_location>=80; rank<=2,False,24,2,1,1,0,22,50.0,4.17,9.45,-0.15
2,distance<=-15; value_ratio<=3.5; close_location>=80; signal<=940,False,24,2,1,1,0,22,50.0,4.17,9.45,-0.15
2,distance<=-15; value_ratio<=3.5; close_location>=80; signal<=940; rank<=2,False,24,2,1,1,0,22,50.0,4.17,9.45,-0.15
2,distance<=-15; value_ratio<=3.5; close_location>=80; signal<=950,False,24,2,1,1,0,22,50.0,4.17,9.45,-0.15
2,distance<=-15; value_ratio<=3.5; close_location>=80; signal<=950; rank<=2,False,24,2,1,1,0,22,50.0,4.17,9.45,-0.15
2,distance<=-15; value_ratio<=3.5; close_location>=88,False,19,2,1,1,0,17,50.0,5.26,9.45,-0.15
2,distance<=-15; value_ratio<=3.5; close_location>=88; rank<=2,False,19,2,1,1,0,17,50.0,5.26,9.45,-0.15
2,distance<=-15; value_ratio<=3.5; close_location>=88; signal<=940,False,19,2,1,1,0,17,50.0,5.26,9.45,-0.15
2,distance<=-15; value_ratio<=3.5; close_location>=88; signal<=940; rank<=2,False,19,2,1,1,0,17,50.0,5.26,9.45,-0.15
2,distance<=-15; value_ratio<=3.5; close_location>=88; signal<=950,False,19,2,1,1,0,17,50.0,5.26,9.45,-0.15
2,distance<=-15; value_ratio<=3.5; close_location>=88; signal<=950; rank<=2,False,19,2,1,1,0,17,50.0,5.26,9.45,-0.15
2,distance<=-15; value_ratio<=3.5; close_location>=90,False,16,2,1,1,0,14,50.0,6.25,9.45,-0.15
2,distance<=-15; value_ratio<=3.5; close_location>=90; rank<=2,False,16,2,1,1,0,14,50.0,6.25,9.45,-0.15
2,distance<=-15; value_ratio<=3.5; close_location>=90; signal<=940,False,16,2,1,1,0,14,50.0,6.25,9.45,-0.15
2,distance<=-15; value_ratio<=3.5; close_location>=90; signal<=940; rank<=2,False,16,2,1,1,0,14,50.0,6.25,9.45,-0.15
2,distance<=-15; value_ratio<=3.5; close_location>=90; signal<=950,False,16,2,1,1,0,14,50.0,6.25,9.45,-0.15
2,distance<=-15; value_ratio<=3.5; close_location>=90; signal<=950; rank<=2,False,16,2,1,1,0,14,50.0,6.25,9.45,-0.15
2,distance<=-15; value_ratio<=5; signal<=930,False,38,2,1,1,0,36,50.0,2.63,9.45,-0.15
2,distance<=-15; value_ratio<=5; signal<=930; rank<=2,False,38,2,1,1,0,36,50.0,2.63,9.45,-0.15
2,distance<=-15; value_ratio<=5; close_location>=80,False,32,2,1,1,0,30,50.0,3.12,9.45,-0.15
2,distance<=-15; value_ratio<=5; close_location>=80; rank<=2,False,32,2,1,1,0,30,50.0,3.12,9.45,-0.15
2,distance<=-15; value_ratio<=5; close_location>=80; signal<=940,False,32,2,1,1,0,30,50.0,3.12,9.45,-0.15
2,distance<=-15; value_ratio<=5; close_location>=80; signal<=940; rank<=2,False,32,2,1,1,0,30,50.0,3.12,9.45,-0.15
2,distance<=-15; value_ratio<=5; close_location>=80; signal<=950,False,32,2,1,1,0,30,50.0,3.12,9.45,-0.15
2,distance<=-15; value_ratio<=5; close_location>=80; signal<=950; rank<=2,False,32,2,1,1,0,30,50.0,3.12,9.45,-0.15
2,distance<=-15; value_ratio<=5; close_location>=88,False,25,2,1,1,0,23,50.0,4.0,9.45,-0.15
2,distance<=-15; value_ratio<=5; close_location>=88; rank<=2,False,25,2,1,1,0,23,50.0,4.0,9.45,-0.15
2,distance<=-15; value_ratio<=5; close_location>=88; signal<=940,False,25,2,1,1,0,23,50.0,4.0,9.45,-0.15
2,distance<=-15; value_ratio<=5; close_location>=88; signal<=940; rank<=2,False,25,2,1,1,0,23,50.0,4.0,9.45,-0.15
2,distance<=-15; value_ratio<=5; close_location>=88; signal<=950,False,25,2,1,1,0,23,50.0,4.0,9.45,-0.15
2,distance<=-15; value_ratio<=5; close_location>=88; signal<=950; rank<=2,False,25,2,1,1,0,23,50.0,4.0,9.45,-0.15
2,distance<=-15; value_ratio<=5; close_location>=90,False,20,2,1,1,0,18,50.0,5.0,9.45,-0.15
2,distance<=-15; value_ratio<=5; close_location>=90; rank<=2,False,20,2,1,1,0,18,50.0,5.0,9.45,-0.15
2,distance<=-15; value_ratio<=5; close_location>=90; signal<=940,False,20,2,1,1,0,18,50.0,5.0,9.45,-0.15
2,distance<=-15; value_ratio<=5; close_location>=90; signal<=940; rank<=2,False,20,2,1,1,0,18,50.0,5.0,9.45,-0.15
2,distance<=-15; value_ratio<=5; close_location>=90; signal<=950,False,20,2,1,1,0,18,50.0,5.0,9.45,-0.15
2,distance<=-15; value_ratio<=5; close_location>=90; signal<=950; rank<=2,False,20,2,1,1,0,18,50.0,5.0,9.45,-0.15
2,close_location>=88,False,84,7,2,3,2,77,28.57,2.38,8.22,-0.29
2,close_location>=88; rank<=2,False,84,7,2,3,2,77,28.57,2.38,8.22,-0.29
2,close_location>=88; signal<=940,False,84,7,2,3,2,77,28.57,2.38,8.22,-0.29
2,close_location>=88; signal<=940; rank<=2,False,84,7,2,3,2,77,28.57,2.38,8.22,-0.29
2,close_location>=88; signal<=950,False,84,7,2,3,2,77,28.57,2.38,8.22,-0.29
2,close_location>=88; signal<=950; rank<=2,False,84,7,2,3,2,77,28.57,2.38,8.22,-0.29
2,close_location>=90,False,76,7,2,3,2,69,28.57,2.63,8.22,-0.29
2,close_location>=90; rank<=2,False,76,7,2,3,2,69,28.57,2.63,8.22,-0.29
2,close_location>=90; signal<=940,False,76,7,2,3,2,69,28.57,2.63,8.22,-0.29
2,close_location>=90; signal<=940; rank<=2,False,76,7,2,3,2,69,28.57,2.63,8.22,-0.29
2,close_location>=90; signal<=950,False,76,7,2,3,2,69,28.57,2.63,8.22,-0.29
2,close_location>=90; signal<=950; rank<=2,False,76,7,2,3,2,69,28.57,2.63,8.22,-0.29
2,value_ratio<=3.5; close_location>=80,False,70,7,2,3,2,63,28.57,2.86,8.22,-0.29
2,value_ratio<=3.5; close_location>=80; rank<=2,False,70,7,2,3,2,63,28.57,2.86,8.22,-0.29
2,value_ratio<=3.5; close_location>=80; signal<=940,False,70,7,2,3,2,63,28.57,2.86,8.22,-0.29
2,value_ratio<=3.5; close_location>=80; signal<=940; rank<=2,False,70,7,2,3,2,63,28.57,2.86,8.22,-0.29
2,value_ratio<=3.5; close_location>=80; signal<=950,False,70,7,2,3,2,63,28.57,2.86,8.22,-0.29
2,value_ratio<=3.5; close_location>=80; signal<=950; rank<=2,False,70,7,2,3,2,63,28.57,2.86,8.22,-0.29
2,value_ratio<=3.5; close_location>=88,False,53,7,2,3,2,46,28.57,3.77,8.22,-0.29
2,value_ratio<=3.5; close_location>=88; rank<=2,False,53,7,2,3,2,46,28.57,3.77,8.22,-0.29
2,value_ratio<=3.5; close_location>=88; signal<=940,False,53,7,2,3,2,46,28.57,3.77,8.22,-0.29
2,value_ratio<=3.5; close_location>=88; signal<=940; rank<=2,False,53,7,2,3,2,46,28.57,3.77,8.22,-0.29
2,value_ratio<=3.5; close_location>=88; signal<=950,False,53,7,2,3,2,46,28.57,3.77,8.22,-0.29
2,value_ratio<=3.5; close_location>=88; signal<=950; rank<=2,False,53,7,2,3,2,46,28.57,3.77,8.22,-0.29
2,value_ratio<=3.5; close_location>=90,False,48,7,2,3,2,41,28.57,4.17,8.22,-0.29
2,value_ratio<=3.5; close_location>=90; rank<=2,False,48,7,2,3,2,41,28.57,4.17,8.22,-0.29
2,value_ratio<=3.5; close_location>=90; signal<=940,False,48,7,2,3,2,41,28.57,4.17,8.22,-0.29
2,value_ratio<=3.5; close_location>=90; signal<=940; rank<=2,False,48,7,2,3,2,41,28.57,4.17,8.22,-0.29
2,value_ratio<=3.5; close_location>=90; signal<=950,False,48,7,2,3,2,41,28.57,4.17,8.22,-0.29
2,value_ratio<=3.5; close_location>=90; signal<=950; rank<=2,False,48,7,2,3,2,41,28.57,4.17,8.22,-0.29
2,value_ratio<=5; close_location>=80,False,108,7,2,3,2,101,28.57,1.85,8.22,-0.29
2,value_ratio<=5; close_location>=80; rank<=2,False,108,7,2,3,2,101,28.57,1.85,8.22,-0.29
2,value_ratio<=5; close_location>=80; signal<=940,False,108,7,2,3,2,101,28.57,1.85,8.22,-0.29
2,value_ratio<=5; close_location>=80; signal<=940; rank<=2,False,108,7,2,3,2,101,28.57,1.85,8.22,-0.29
2,value_ratio<=5; close_location>=80; signal<=950,False,108,7,2,3,2,101,28.57,1.85,8.22,-0.29
2,value_ratio<=5; close_location>=80; signal<=950; rank<=2,False,108,7,2,3,2,101,28.57,1.85,8.22,-0.29
2,value_ratio<=5; close_location>=88,False,78,7,2,3,2,71,28.57,2.56,8.22,-0.29
2,value_ratio<=5; close_location>=88; rank<=2,False,78,7,2,3,2,71,28.57,2.56,8.22,-0.29
2,value_ratio<=5; close_location>=88; signal<=940,False,78,7,2,3,2,71,28.57,2.56,8.22,-0.29
2,value_ratio<=5; close_location>=88; signal<=940; rank<=2,False,78,7,2,3,2,71,28.57,2.56,8.22,-0.29
2,value_ratio<=5; close_location>=88; signal<=950,False,78,7,2,3,2,71,28.57,2.56,8.22,-0.29
2,value_ratio<=5; close_location>=88; signal<=950; rank<=2,False,78,7,2,3,2,71,28.57,2.56,8.22,-0.29
2,value_ratio<=5; close_location>=90,False,70,7,2,3,2,63,28.57,2.86,8.22,-0.29
2,value_ratio<=5; close_location>=90; rank<=2,False,70,7,2,3,2,63,28.57,2.86,8.22,-0.29
2,value_ratio<=5; close_location>=90; signal<=940,False,70,7,2,3,2,63,28.57,2.86,8.22,-0.29
2,value_ratio<=5; close_location>=90; signal<=940; rank<=2,False,70,7,2,3,2,63,28.57,2.86,8.22,-0.29
2,value_ratio<=5; close_location>=90; signal<=950,False,70,7,2,3,2,63,28.57,2.86,8.22,-0.29
2,value_ratio<=5; close_location>=90; signal<=950; rank<=2,False,70,7,2,3,2,63,28.57,2.86,8.22,-0.29
2,value_ratio<=3,False,49,7,2,4,1,42,28.57,4.08,8.22,-0.391
2,value_ratio<=3; rank<=2,False,49,7,2,4,1,42,28.57,4.08,8.22,-0.391
2,value_ratio<=3; signal<=940,False,49,7,2,4,1,42,28.57,4.08,8.22,-0.391
2,value_ratio<=3; signal<=940; rank<=2,False,49,7,2,4,1,42,28.57,4.08,8.22,-0.391
2,value_ratio<=3; signal<=950,False,49,7,2,4,1,42,28.57,4.08,8.22,-0.391
2,value_ratio<=3; signal<=950; rank<=2,False,49,7,2,4,1,42,28.57,4.08,8.22,-0.391
2,value_ratio<=3.5; signal<=930,False,80,7,2,3,2,73,28.57,2.5,8.22,-0.409
2,value_ratio<=3.5; signal<=930; rank<=2,False,80,7,2,3,2,73,28.57,2.5,8.22,-0.409
2,value_ratio<=2.5,False,29,3,1,1,1,26,33.33,3.45,6.15,0.187
2,value_ratio<=2.5; rank<=2,False,29,3,1,1,1,26,33.33,3.45,6.15,0.187
2,value_ratio<=2.5; signal<=940,False,29,3,1,1,1,26,33.33,3.45,6.15,0.187
2,value_ratio<=2.5; signal<=940; rank<=2,False,29,3,1,1,1,26,33.33,3.45,6.15,0.187
2,value_ratio<=2.5; signal<=950,False,29,3,1,1,1,26,33.33,3.45,6.15,0.187
2,value_ratio<=2.5; signal<=950; rank<=2,False,29,3,1,1,1,26,33.33,3.45,6.15,0.187
2,value_ratio<=2.5; close_location>=80,False,27,3,1,1,1,24,33.33,3.7,6.15,0.187
2,value_ratio<=2.5; close_location>=80; rank<=2,False,27,3,1,1,1,24,33.33,3.7,6.15,0.187
2,value_ratio<=2.5; close_location>=80; signal<=940,False,27,3,1,1,1,24,33.33,3.7,6.15,0.187
2,value_ratio<=2.5; close_location>=80; signal<=940; rank<=2,False,27,3,1,1,1,24,33.33,3.7,6.15,0.187
2,value_ratio<=2.5; close_location>=80; signal<=950,False,27,3,1,1,1,24,33.33,3.7,6.15,0.187
2,value_ratio<=2.5; close_location>=80; signal<=950; rank<=2,False,27,3,1,1,1,24,33.33,3.7,6.15,0.187
2,value_ratio<=2.5; close_location>=88,False,22,3,1,1,1,19,33.33,4.55,6.15,0.187
2,value_ratio<=2.5; close_location>=88; rank<=2,False,22,3,1,1,1,19,33.33,4.55,6.15,0.187
2,value_ratio<=2.5; close_location>=88; signal<=940,False,22,3,1,1,1,19,33.33,4.55,6.15,0.187
2,value_ratio<=2.5; close_location>=88; signal<=940; rank<=2,False,22,3,1,1,1,19,33.33,4.55,6.15,0.187
2,value_ratio<=2.5; close_location>=88; signal<=950,False,22,3,1,1,1,19,33.33,4.55,6.15,0.187
2,value_ratio<=2.5; close_location>=88; signal<=950; rank<=2,False,22,3,1,1,1,19,33.33,4.55,6.15,0.187
2,value_ratio<=2.5; close_location>=90,False,19,3,1,1,1,16,33.33,5.26,6.15,0.187
2,value_ratio<=2.5; close_location>=90; rank<=2,False,19,3,1,1,1,16,33.33,5.26,6.15,0.187
2,value_ratio<=2.5; close_location>=90; signal<=940,False,19,3,1,1,1,16,33.33,5.26,6.15,0.187
2,value_ratio<=2.5; close_location>=90; signal<=940; rank<=2,False,19,3,1,1,1,16,33.33,5.26,6.15,0.187
2,value_ratio<=2.5; close_location>=90; signal<=950,False,19,3,1,1,1,16,33.33,5.26,6.15,0.187
2,value_ratio<=2.5; close_location>=90; signal<=950; rank<=2,False,19,3,1,1,1,16,33.33,5.26,6.15,0.187
2,distance<=-3; close_location>=88,False,59,3,1,1,1,56,33.33,1.69,6.15,0.187
2,distance<=-3; close_location>=88; rank<=2,False,59,3,1,1,1,56,33.33,1.69,6.15,0.187
2,distance<=-3; close_location>=88; signal<=940,False,59,3,1,1,1,56,33.33,1.69,6.15,0.187
2,distance<=-3; close_location>=88; signal<=940; rank<=2,False,59,3,1,1,1,56,33.33,1.69,6.15,0.187
2,distance<=-3; close_location>=88; signal<=950,False,59,3,1,1,1,56,33.33,1.69,6.15,0.187
2,distance<=-3; close_location>=88; signal<=950; rank<=2,False,59,3,1,1,1,56,33.33,1.69,6.15,0.187
2,distance<=-3; close_location>=90,False,54,3,1,1,1,51,33.33,1.85,6.15,0.187
2,distance<=-3; close_location>=90; rank<=2,False,54,3,1,1,1,51,33.33,1.85,6.15,0.187
2,distance<=-3; close_location>=90; signal<=940,False,54,3,1,1,1,51,33.33,1.85,6.15,0.187
2,distance<=-3; close_location>=90; signal<=940; rank<=2,False,54,3,1,1,1,51,33.33,1.85,6.15,0.187
2,distance<=-3; close_location>=90; signal<=950,False,54,3,1,1,1,51,33.33,1.85,6.15,0.187
2,distance<=-3; close_location>=90; signal<=950; rank<=2,False,54,3,1,1,1,51,33.33,1.85,6.15,0.187
2,distance<=-3; value_ratio<=3; close_location>=80,False,35,3,1,1,1,32,33.33,2.86,6.15,0.187
2,distance<=-3; value_ratio<=3; close_location>=80; rank<=2,False,35,3,1,1,1,32,33.33,2.86,6.15,0.187
2,distance<=-3; value_ratio<=3; close_location>=80; signal<=940,False,35,3,1,1,1,32,33.33,2.86,6.15,0.187
2,distance<=-3; value_ratio<=3; close_location>=80; signal<=940; rank<=2,False,35,3,1,1,1,32,33.33,2.86,6.15,0.187
2,distance<=-3; value_ratio<=3; close_location>=80; signal<=950,False,35,3,1,1,1,32,33.33,2.86,6.15,0.187
2,distance<=-3; value_ratio<=3; close_location>=80; signal<=950; rank<=2,False,35,3,1,1,1,32,33.33,2.86,6.15,0.187
2,distance<=-3; value_ratio<=3; close_location>=88,False,24,3,1,1,1,21,33.33,4.17,6.15,0.187
2,distance<=-3; value_ratio<=3; close_location>=88; rank<=2,False,24,3,1,1,1,21,33.33,4.17,6.15,0.187
2,distance<=-3; value_ratio<=3; close_location>=88; signal<=940,False,24,3,1,1,1,21,33.33,4.17,6.15,0.187
2,distance<=-3; value_ratio<=3; close_location>=88; signal<=940; rank<=2,False,24,3,1,1,1,21,33.33,4.17,6.15,0.187
2,distance<=-3; value_ratio<=3; close_location>=88; signal<=950,False,24,3,1,1,1,21,33.33,4.17,6.15,0.187
2,distance<=-3; value_ratio<=3; close_location>=88; signal<=950; rank<=2,False,24,3,1,1,1,21,33.33,4.17,6.15,0.187
2,distance<=-3; value_ratio<=3; close_location>=90,False,22,3,1,1,1,19,33.33,4.55,6.15,0.187
2,distance<=-3; value_ratio<=3; close_location>=90; rank<=2,False,22,3,1,1,1,19,33.33,4.55,6.15,0.187
2,distance<=-3; value_ratio<=3; close_location>=90; signal<=940,False,22,3,1,1,1,19,33.33,4.55,6.15,0.187
2,distance<=-3; value_ratio<=3; close_location>=90; signal<=940; rank<=2,False,22,3,1,1,1,19,33.33,4.55,6.15,0.187
2,distance<=-3; value_ratio<=3; close_location>=90; signal<=950,False,22,3,1,1,1,19,33.33,4.55,6.15,0.187
2,distance<=-3; value_ratio<=3; close_location>=90; signal<=950; rank<=2,False,22,3,1,1,1,19,33.33,4.55,6.15,0.187
2,distance<=-3; value_ratio<=3.5; close_location>=80,False,52,3,1,1,1,49,33.33,1.92,6.15,0.187
2,distance<=-3; value_ratio<=3.5; close_location>=80; rank<=2,False,52,3,1,1,1,49,33.33,1.92,6.15,0.187
2,distance<=-3; value_ratio<=3.5; close_location>=80; signal<=940,False,52,3,1,1,1,49,33.33,1.92,6.15,0.187
2,distance<=-3; value_ratio<=3.5; close_location>=80; signal<=940; rank<=2,False,52,3,1,1,1,49,33.33,1.92,6.15,0.187
2,distance<=-3; value_ratio<=3.5; close_location>=80; signal<=950,False,52,3,1,1,1,49,33.33,1.92,6.15,0.187
2,distance<=-3; value_ratio<=3.5; close_location>=80; signal<=950; rank<=2,False,52,3,1,1,1,49,33.33,1.92,6.15,0.187
2,distance<=-3; value_ratio<=3.5; close_location>=88,False,36,3,1,1,1,33,33.33,2.78,6.15,0.187
2,distance<=-3; value_ratio<=3.5; close_location>=88; rank<=2,False,36,3,1,1,1,33,33.33,2.78,6.15,0.187
2,distance<=-3; value_ratio<=3.5; close_location>=88; signal<=940,False,36,3,1,1,1,33,33.33,2.78,6.15,0.187
2,distance<=-3; value_ratio<=3.5; close_location>=88; signal<=940; rank<=2,False,36,3,1,1,1,33,33.33,2.78,6.15,0.187
2,distance<=-3; value_ratio<=3.5; close_location>=88; signal<=950,False,36,3,1,1,1,33,33.33,2.78,6.15,0.187
2,distance<=-3; value_ratio<=3.5; close_location>=88; signal<=950; rank<=2,False,36,3,1,1,1,33,33.33,2.78,6.15,0.187
2,distance<=-3; value_ratio<=3.5; close_location>=90,False,33,3,1,1,1,30,33.33,3.03,6.15,0.187
2,distance<=-3; value_ratio<=3.5; close_location>=90; rank<=2,False,33,3,1,1,1,30,33.33,3.03,6.15,0.187
2,distance<=-3; value_ratio<=3.5; close_location>=90; signal<=940,False,33,3,1,1,1,30,33.33,3.03,6.15,0.187
2,distance<=-3; value_ratio<=3.5; close_location>=90; signal<=940; rank<=2,False,33,3,1,1,1,30,33.33,3.03,6.15,0.187
2,distance<=-3; value_ratio<=3.5; close_location>=90; signal<=950,False,33,3,1,1,1,30,33.33,3.03,6.15,0.187
2,distance<=-3; value_ratio<=3.5; close_location>=90; signal<=950; rank<=2,False,33,3,1,1,1,30,33.33,3.03,6.15,0.187
2,distance<=-3; value_ratio<=5; close_location>=80,False,81,3,1,1,1,78,33.33,1.23,6.15,0.187
2,distance<=-3; value_ratio<=5; close_location>=80; rank<=2,False,81,3,1,1,1,78,33.33,1.23,6.15,0.187
2,distance<=-3; value_ratio<=5; close_location>=80; signal<=940,False,81,3,1,1,1,78,33.33,1.23,6.15,0.187
2,distance<=-3; value_ratio<=5; close_location>=80; signal<=940; rank<=2,False,81,3,1,1,1,78,33.33,1.23,6.15,0.187
2,distance<=-3; value_ratio<=5; close_location>=80; signal<=950,False,81,3,1,1,1,78,33.33,1.23,6.15,0.187
2,distance<=-3; value_ratio<=5; close_location>=80; signal<=950; rank<=2,False,81,3,1,1,1,78,33.33,1.23,6.15,0.187
2,distance<=-3; value_ratio<=5; close_location>=88,False,55,3,1,1,1,52,33.33,1.82,6.15,0.187
2,distance<=-3; value_ratio<=5; close_location>=88; rank<=2,False,55,3,1,1,1,52,33.33,1.82,6.15,0.187
2,distance<=-3; value_ratio<=5; close_location>=88; signal<=940,False,55,3,1,1,1,52,33.33,1.82,6.15,0.187
2,distance<=-3; value_ratio<=5; close_location>=88; signal<=940; rank<=2,False,55,3,1,1,1,52,33.33,1.82,6.15,0.187
2,distance<=-3; value_ratio<=5; close_location>=88; signal<=950,False,55,3,1,1,1,52,33.33,1.82,6.15,0.187
2,distance<=-3; value_ratio<=5; close_location>=88; signal<=950; rank<=2,False,55,3,1,1,1,52,33.33,1.82,6.15,0.187
2,distance<=-3; value_ratio<=5; close_location>=90,False,50,3,1,1,1,47,33.33,2.0,6.15,0.187
2,distance<=-3; value_ratio<=5; close_location>=90; rank<=2,False,50,3,1,1,1,47,33.33,2.0,6.15,0.187
2,distance<=-3; value_ratio<=5; close_location>=90; signal<=940,False,50,3,1,1,1,47,33.33,2.0,6.15,0.187
2,distance<=-3; value_ratio<=5; close_location>=90; signal<=940; rank<=2,False,50,3,1,1,1,47,33.33,2.0,6.15,0.187
2,distance<=-3; value_ratio<=5; close_location>=90; signal<=950,False,50,3,1,1,1,47,33.33,2.0,6.15,0.187
2,distance<=-3; value_ratio<=5; close_location>=90; signal<=950; rank<=2,False,50,3,1,1,1,47,33.33,2.0,6.15,0.187
2,distance<=-5; close_location>=88,False,53,3,1,1,1,50,33.33,1.89,6.15,0.187
2,distance<=-5; close_location>=88; rank<=2,False,53,3,1,1,1,50,33.33,1.89,6.15,0.187
2,distance<=-5; close_location>=88; signal<=940,False,53,3,1,1,1,50,33.33,1.89,6.15,0.187
2,distance<=-5; close_location>=88; signal<=940; rank<=2,False,53,3,1,1,1,50,33.33,1.89,6.15,0.187
2,distance<=-5; close_location>=88; signal<=950,False,53,3,1,1,1,50,33.33,1.89,6.15,0.187
2,distance<=-5; close_location>=88; signal<=950; rank<=2,False,53,3,1,1,1,50,33.33,1.89,6.15,0.187
2,distance<=-5; close_location>=90,False,48,3,1,1,1,45,33.33,2.08,6.15,0.187
2,distance<=-5; close_location>=90; rank<=2,False,48,3,1,1,1,45,33.33,2.08,6.15,0.187
2,distance<=-5; close_location>=90; signal<=940,False,48,3,1,1,1,45,33.33,2.08,6.15,0.187
2,distance<=-5; close_location>=90; signal<=940; rank<=2,False,48,3,1,1,1,45,33.33,2.08,6.15,0.187
2,distance<=-5; close_location>=90; signal<=950,False,48,3,1,1,1,45,33.33,2.08,6.15,0.187
2,distance<=-5; close_location>=90; signal<=950; rank<=2,False,48,3,1,1,1,45,33.33,2.08,6.15,0.187
2,distance<=-5; value_ratio<=3; close_location>=80,False,32,3,1,1,1,29,33.33,3.12,6.15,0.187
2,distance<=-5; value_ratio<=3; close_location>=80; rank<=2,False,32,3,1,1,1,29,33.33,3.12,6.15,0.187
2,distance<=-5; value_ratio<=3; close_location>=80; signal<=940,False,32,3,1,1,1,29,33.33,3.12,6.15,0.187
2,distance<=-5; value_ratio<=3; close_location>=80; signal<=940; rank<=2,False,32,3,1,1,1,29,33.33,3.12,6.15,0.187
2,distance<=-5; value_ratio<=3; close_location>=80; signal<=950,False,32,3,1,1,1,29,33.33,3.12,6.15,0.187
2,distance<=-5; value_ratio<=3; close_location>=80; signal<=950; rank<=2,False,32,3,1,1,1,29,33.33,3.12,6.15,0.187
2,distance<=-5; value_ratio<=3; close_location>=88,False,22,3,1,1,1,19,33.33,4.55,6.15,0.187
2,distance<=-5; value_ratio<=3; close_location>=88; rank<=2,False,22,3,1,1,1,19,33.33,4.55,6.15,0.187
2,distance<=-5; value_ratio<=3; close_location>=88; signal<=940,False,22,3,1,1,1,19,33.33,4.55,6.15,0.187
2,distance<=-5; value_ratio<=3; close_location>=88; signal<=940; rank<=2,False,22,3,1,1,1,19,33.33,4.55,6.15,0.187
2,distance<=-5; value_ratio<=3; close_location>=88; signal<=950,False,22,3,1,1,1,19,33.33,4.55,6.15,0.187
2,distance<=-5; value_ratio<=3; close_location>=88; signal<=950; rank<=2,False,22,3,1,1,1,19,33.33,4.55,6.15,0.187
2,distance<=-5; value_ratio<=3; close_location>=90,False,20,3,1,1,1,17,33.33,5.0,6.15,0.187
2,distance<=-5; value_ratio<=3; close_location>=90; rank<=2,False,20,3,1,1,1,17,33.33,5.0,6.15,0.187
2,distance<=-5; value_ratio<=3; close_location>=90; signal<=940,False,20,3,1,1,1,17,33.33,5.0,6.15,0.187
2,distance<=-5; value_ratio<=3; close_location>=90; signal<=940; rank<=2,False,20,3,1,1,1,17,33.33,5.0,6.15,0.187
2,distance<=-5; value_ratio<=3; close_location>=90; signal<=950,False,20,3,1,1,1,17,33.33,5.0,6.15,0.187
2,distance<=-5; value_ratio<=3; close_location>=90; signal<=950; rank<=2,False,20,3,1,1,1,17,33.33,5.0,6.15,0.187
2,distance<=-5; value_ratio<=3.5; close_location>=80,False,47,3,1,1,1,44,33.33,2.13,6.15,0.187
2,distance<=-5; value_ratio<=3.5; close_location>=80; rank<=2,False,47,3,1,1,1,44,33.33,2.13,6.15,0.187
2,distance<=-5; value_ratio<=3.5; close_location>=80; signal<=940,False,47,3,1,1,1,44,33.33,2.13,6.15,0.187
2,distance<=-5; value_ratio<=3.5; close_location>=80; signal<=940; rank<=2,False,47,3,1,1,1,44,33.33,2.13,6.15,0.187
2,distance<=-5; value_ratio<=3.5; close_location>=80; signal<=950,False,47,3,1,1,1,44,33.33,2.13,6.15,0.187
2,distance<=-5; value_ratio<=3.5; close_location>=80; signal<=950; rank<=2,False,47,3,1,1,1,44,33.33,2.13,6.15,0.187
2,distance<=-5; value_ratio<=3.5; close_location>=88,False,33,3,1,1,1,30,33.33,3.03,6.15,0.187
2,distance<=-5; value_ratio<=3.5; close_location>=88; rank<=2,False,33,3,1,1,1,30,33.33,3.03,6.15,0.187
2,distance<=-5; value_ratio<=3.5; close_location>=88; signal<=940,False,33,3,1,1,1,30,33.33,3.03,6.15,0.187
2,distance<=-5; value_ratio<=3.5; close_location>=88; signal<=940; rank<=2,False,33,3,1,1,1,30,33.33,3.03,6.15,0.187
2,distance<=-5; value_ratio<=3.5; close_location>=88; signal<=950,False,33,3,1,1,1,30,33.33,3.03,6.15,0.187
2,distance<=-5; value_ratio<=3.5; close_location>=88; signal<=950; rank<=2,False,33,3,1,1,1,30,33.33,3.03,6.15,0.187
2,distance<=-5; value_ratio<=3.5; close_location>=90,False,30,3,1,1,1,27,33.33,3.33,6.15,0.187
2,distance<=-5; value_ratio<=3.5; close_location>=90; rank<=2,False,30,3,1,1,1,27,33.33,3.33,6.15,0.187
2,distance<=-5; value_ratio<=3.5; close_location>=90; signal<=940,False,30,3,1,1,1,27,33.33,3.33,6.15,0.187
2,distance<=-5; value_ratio<=3.5; close_location>=90; signal<=940; rank<=2,False,30,3,1,1,1,27,33.33,3.33,6.15,0.187
2,distance<=-5; value_ratio<=3.5; close_location>=90; signal<=950,False,30,3,1,1,1,27,33.33,3.33,6.15,0.187
2,distance<=-5; value_ratio<=3.5; close_location>=90; signal<=950; rank<=2,False,30,3,1,1,1,27,33.33,3.33,6.15,0.187
2,distance<=-5; value_ratio<=5; close_location>=80,False,72,3,1,1,1,69,33.33,1.39,6.15,0.187
2,distance<=-5; value_ratio<=5; close_location>=80; rank<=2,False,72,3,1,1,1,69,33.33,1.39,6.15,0.187
2,distance<=-5; value_ratio<=5; close_location>=80; signal<=940,False,72,3,1,1,1,69,33.33,1.39,6.15,0.187
2,distance<=-5; value_ratio<=5; close_location>=80; signal<=940; rank<=2,False,72,3,1,1,1,69,33.33,1.39,6.15,0.187
2,distance<=-5; value_ratio<=5; close_location>=80; signal<=950,False,72,3,1,1,1,69,33.33,1.39,6.15,0.187
2,distance<=-5; value_ratio<=5; close_location>=80; signal<=950; rank<=2,False,72,3,1,1,1,69,33.33,1.39,6.15,0.187
2,distance<=-5; value_ratio<=5; close_location>=88,False,49,3,1,1,1,46,33.33,2.04,6.15,0.187
2,distance<=-5; value_ratio<=5; close_location>=88; rank<=2,False,49,3,1,1,1,46,33.33,2.04,6.15,0.187
2,distance<=-5; value_ratio<=5; close_location>=88; signal<=940,False,49,3,1,1,1,46,33.33,2.04,6.15,0.187
2,distance<=-5; value_ratio<=5; close_location>=88; signal<=940; rank<=2,False,49,3,1,1,1,46,33.33,2.04,6.15,0.187
2,distance<=-5; value_ratio<=5; close_location>=88; signal<=950,False,49,3,1,1,1,46,33.33,2.04,6.15,0.187
2,distance<=-5; value_ratio<=5; close_location>=88; signal<=950; rank<=2,False,49,3,1,1,1,46,33.33,2.04,6.15,0.187
2,distance<=-5; value_ratio<=5; close_location>=90,False,44,3,1,1,1,41,33.33,2.27,6.15,0.187
2,distance<=-5; value_ratio<=5; close_location>=90; rank<=2,False,44,3,1,1,1,41,33.33,2.27,6.15,0.187
2,distance<=-5; value_ratio<=5; close_location>=90; signal<=940,False,44,3,1,1,1,41,33.33,2.27,6.15,0.187
2,distance<=-5; value_ratio<=5; close_location>=90; signal<=940; rank<=2,False,44,3,1,1,1,41,33.33,2.27,6.15,0.187
2,distance<=-5; value_ratio<=5; close_location>=90; signal<=950,False,44,3,1,1,1,41,33.33,2.27,6.15,0.187
2,distance<=-5; value_ratio<=5; close_location>=90; signal<=950; rank<=2,False,44,3,1,1,1,41,33.33,2.27,6.15,0.187
2,distance<=-8; close_location>=88,False,45,3,1,1,1,42,33.33,2.22,6.15,0.187
2,distance<=-8; close_location>=88; rank<=2,False,45,3,1,1,1,42,33.33,2.22,6.15,0.187
2,distance<=-8; close_location>=88; signal<=940,False,45,3,1,1,1,42,33.33,2.22,6.15,0.187
2,distance<=-8; close_location>=88; signal<=940; rank<=2,False,45,3,1,1,1,42,33.33,2.22,6.15,0.187
2,distance<=-8; close_location>=88; signal<=950,False,45,3,1,1,1,42,33.33,2.22,6.15,0.187
2,distance<=-8; close_location>=88; signal<=950; rank<=2,False,45,3,1,1,1,42,33.33,2.22,6.15,0.187
2,distance<=-8; close_location>=90,False,40,3,1,1,1,37,33.33,2.5,6.15,0.187
2,distance<=-8; close_location>=90; rank<=2,False,40,3,1,1,1,37,33.33,2.5,6.15,0.187
2,distance<=-8; close_location>=90; signal<=940,False,40,3,1,1,1,37,33.33,2.5,6.15,0.187
2,distance<=-8; close_location>=90; signal<=940; rank<=2,False,40,3,1,1,1,37,33.33,2.5,6.15,0.187
2,distance<=-8; close_location>=90; signal<=950,False,40,3,1,1,1,37,33.33,2.5,6.15,0.187
2,distance<=-8; close_location>=90; signal<=950; rank<=2,False,40,3,1,1,1,37,33.33,2.5,6.15,0.187
2,distance<=-8; value_ratio<=3; close_location>=80,False,24,3,1,1,1,21,33.33,4.17,6.15,0.187
2,distance<=-8; value_ratio<=3; close_location>=80; rank<=2,False,24,3,1,1,1,21,33.33,4.17,6.15,0.187
2,distance<=-8; value_ratio<=3; close_location>=80; signal<=940,False,24,3,1,1,1,21,33.33,4.17,6.15,0.187
2,distance<=-8; value_ratio<=3; close_location>=80; signal<=940; rank<=2,False,24,3,1,1,1,21,33.33,4.17,6.15,0.187
2,distance<=-8; value_ratio<=3; close_location>=80; signal<=950,False,24,3,1,1,1,21,33.33,4.17,6.15,0.187
2,distance<=-8; value_ratio<=3; close_location>=80; signal<=950; rank<=2,False,24,3,1,1,1,21,33.33,4.17,6.15,0.187
2,distance<=-8; value_ratio<=3; close_location>=88,False,17,3,1,1,1,14,33.33,5.88,6.15,0.187
2,distance<=-8; value_ratio<=3; close_location>=88; rank<=2,False,17,3,1,1,1,14,33.33,5.88,6.15,0.187
2,distance<=-8; value_ratio<=3; close_location>=88; signal<=940,False,17,3,1,1,1,14,33.33,5.88,6.15,0.187
2,distance<=-8; value_ratio<=3; close_location>=88; signal<=940; rank<=2,False,17,3,1,1,1,14,33.33,5.88,6.15,0.187
2,distance<=-8; value_ratio<=3; close_location>=88; signal<=950,False,17,3,1,1,1,14,33.33,5.88,6.15,0.187
2,distance<=-8; value_ratio<=3; close_location>=88; signal<=950; rank<=2,False,17,3,1,1,1,14,33.33,5.88,6.15,0.187
2,distance<=-8; value_ratio<=3; close_location>=90,False,15,3,1,1,1,12,33.33,6.67,6.15,0.187
2,distance<=-8; value_ratio<=3; close_location>=90; rank<=2,False,15,3,1,1,1,12,33.33,6.67,6.15,0.187
2,distance<=-8; value_ratio<=3; close_location>=90; signal<=940,False,15,3,1,1,1,12,33.33,6.67,6.15,0.187
2,distance<=-8; value_ratio<=3; close_location>=90; signal<=940; rank<=2,False,15,3,1,1,1,12,33.33,6.67,6.15,0.187
2,distance<=-8; value_ratio<=3; close_location>=90; signal<=950,False,15,3,1,1,1,12,33.33,6.67,6.15,0.187
2,distance<=-8; value_ratio<=3; close_location>=90; signal<=950; rank<=2,False,15,3,1,1,1,12,33.33,6.67,6.15,0.187
2,distance<=-8; value_ratio<=3.5; close_location>=80,False,36,3,1,1,1,33,33.33,2.78,6.15,0.187
2,distance<=-8; value_ratio<=3.5; close_location>=80; rank<=2,False,36,3,1,1,1,33,33.33,2.78,6.15,0.187
2,distance<=-8; value_ratio<=3.5; close_location>=80; signal<=940,False,36,3,1,1,1,33,33.33,2.78,6.15,0.187
2,distance<=-8; value_ratio<=3.5; close_location>=80; signal<=940; rank<=2,False,36,3,1,1,1,33,33.33,2.78,6.15,0.187
2,distance<=-8; value_ratio<=3.5; close_location>=80; signal<=950,False,36,3,1,1,1,33,33.33,2.78,6.15,0.187
2,distance<=-8; value_ratio<=3.5; close_location>=80; signal<=950; rank<=2,False,36,3,1,1,1,33,33.33,2.78,6.15,0.187
2,distance<=-8; value_ratio<=3.5; close_location>=88,False,27,3,1,1,1,24,33.33,3.7,6.15,0.187
2,distance<=-8; value_ratio<=3.5; close_location>=88; rank<=2,False,27,3,1,1,1,24,33.33,3.7,6.15,0.187
2,distance<=-8; value_ratio<=3.5; close_location>=88; signal<=940,False,27,3,1,1,1,24,33.33,3.7,6.15,0.187
2,distance<=-8; value_ratio<=3.5; close_location>=88; signal<=940; rank<=2,False,27,3,1,1,1,24,33.33,3.7,6.15,0.187
2,distance<=-8; value_ratio<=3.5; close_location>=88; signal<=950,False,27,3,1,1,1,24,33.33,3.7,6.15,0.187
2,distance<=-8; value_ratio<=3.5; close_location>=88; signal<=950; rank<=2,False,27,3,1,1,1,24,33.33,3.7,6.15,0.187
2,distance<=-8; value_ratio<=3.5; close_location>=90,False,24,3,1,1,1,21,33.33,4.17,6.15,0.187
2,distance<=-8; value_ratio<=3.5; close_location>=90; rank<=2,False,24,3,1,1,1,21,33.33,4.17,6.15,0.187
2,distance<=-8; value_ratio<=3.5; close_location>=90; signal<=940,False,24,3,1,1,1,21,33.33,4.17,6.15,0.187
2,distance<=-8; value_ratio<=3.5; close_location>=90; signal<=940; rank<=2,False,24,3,1,1,1,21,33.33,4.17,6.15,0.187
2,distance<=-8; value_ratio<=3.5; close_location>=90; signal<=950,False,24,3,1,1,1,21,33.33,4.17,6.15,0.187
2,distance<=-8; value_ratio<=3.5; close_location>=90; signal<=950; rank<=2,False,24,3,1,1,1,21,33.33,4.17,6.15,0.187
2,distance<=-8; value_ratio<=5; close_location>=80,False,56,3,1,1,1,53,33.33,1.79,6.15,0.187
2,distance<=-8; value_ratio<=5; close_location>=80; rank<=2,False,56,3,1,1,1,53,33.33,1.79,6.15,0.187
2,distance<=-8; value_ratio<=5; close_location>=80; signal<=940,False,56,3,1,1,1,53,33.33,1.79,6.15,0.187
2,distance<=-8; value_ratio<=5; close_location>=80; signal<=940; rank<=2,False,56,3,1,1,1,53,33.33,1.79,6.15,0.187
2,distance<=-8; value_ratio<=5; close_location>=80; signal<=950,False,56,3,1,1,1,53,33.33,1.79,6.15,0.187
2,distance<=-8; value_ratio<=5; close_location>=80; signal<=950; rank<=2,False,56,3,1,1,1,53,33.33,1.79,6.15,0.187
2,distance<=-8; value_ratio<=5; close_location>=88,False,41,3,1,1,1,38,33.33,2.44,6.15,0.187
2,distance<=-8; value_ratio<=5; close_location>=88; rank<=2,False,41,3,1,1,1,38,33.33,2.44,6.15,0.187
2,distance<=-8; value_ratio<=5; close_location>=88; signal<=940,False,41,3,1,1,1,38,33.33,2.44,6.15,0.187
2,distance<=-8; value_ratio<=5; close_location>=88; signal<=940; rank<=2,False,41,3,1,1,1,38,33.33,2.44,6.15,0.187
2,distance<=-8; value_ratio<=5; close_location>=88; signal<=950,False,41,3,1,1,1,38,33.33,2.44,6.15,0.187
2,distance<=-8; value_ratio<=5; close_location>=88; signal<=950; rank<=2,False,41,3,1,1,1,38,33.33,2.44,6.15,0.187
2,distance<=-8; value_ratio<=5; close_location>=90,False,36,3,1,1,1,33,33.33,2.78,6.15,0.187
2,distance<=-8; value_ratio<=5; close_location>=90; rank<=2,False,36,3,1,1,1,33,33.33,2.78,6.15,0.187
2,distance<=-8; value_ratio<=5; close_location>=90; signal<=940,False,36,3,1,1,1,33,33.33,2.78,6.15,0.187
2,distance<=-8; value_ratio<=5; close_location>=90; signal<=940; rank<=2,False,36,3,1,1,1,33,33.33,2.78,6.15,0.187
2,distance<=-8; value_ratio<=5; close_location>=90; signal<=950,False,36,3,1,1,1,33,33.33,2.78,6.15,0.187
2,distance<=-8; value_ratio<=5; close_location>=90; signal<=950; rank<=2,False,36,3,1,1,1,33,33.33,2.78,6.15,0.187
2,distance<=-3; value_ratio<=3.5; signal<=930,False,60,3,1,1,1,57,33.33,1.67,6.15,-0.089
2,distance<=-3; value_ratio<=3.5; signal<=930; rank<=2,False,60,3,1,1,1,57,33.33,1.67,6.15,-0.089
2,distance<=-5; value_ratio<=3.5; signal<=930,False,54,3,1,1,1,51,33.33,1.85,6.15,-0.089
2,distance<=-5; value_ratio<=3.5; signal<=930; rank<=2,False,54,3,1,1,1,51,33.33,1.85,6.15,-0.089
2,distance<=-8; value_ratio<=3.5; signal<=930,False,40,3,1,1,1,37,33.33,2.5,6.15,-0.089
2,distance<=-8; value_ratio<=3.5; signal<=930; rank<=2,False,40,3,1,1,1,37,33.33,2.5,6.15,-0.089
2,distance<=-10; signal<=930,False,68,3,1,1,1,65,33.33,1.47,6.15,-0.089
2,distance<=-10; signal<=930; rank<=2,False,68,3,1,1,1,65,33.33,1.47,6.15,-0.089
2,distance<=-10; value_ratio<=3.5; signal<=930,False,33,3,1,1,1,30,33.33,3.03,6.15,-0.089
2,distance<=-10; value_ratio<=3.5; signal<=930; rank<=2,False,33,3,1,1,1,30,33.33,3.03,6.15,-0.089
2,distance<=-10; value_ratio<=5; signal<=930,False,54,3,1,1,1,51,33.33,1.85,6.15,-0.089
2,distance<=-10; value_ratio<=5; signal<=930; rank<=2,False,54,3,1,1,1,51,33.33,1.85,6.15,-0.089
2,close_location>=80; rank<=1,False,63,3,1,1,1,60,33.33,1.59,6.15,-0.364
2,close_location>=80; signal<=930; rank<=1,False,63,3,1,1,1,60,33.33,1.59,6.15,-0.364
2,close_location>=80; signal<=940; rank<=1,False,63,3,1,1,1,60,33.33,1.59,6.15,-0.364
2,close_location>=80; signal<=950; rank<=1,False,63,3,1,1,1,60,33.33,1.59,6.15,-0.364
2,close_location>=88; rank<=1,False,49,3,1,1,1,46,33.33,2.04,6.15,-0.364
2,close_location>=88; signal<=930; rank<=1,False,49,3,1,1,1,46,33.33,2.04,6.15,-0.364
2,close_location>=88; signal<=940; rank<=1,False,49,3,1,1,1,46,33.33,2.04,6.15,-0.364
2,close_location>=88; signal<=950; rank<=1,False,49,3,1,1,1,46,33.33,2.04,6.15,-0.364
2,close_location>=90; rank<=1,False,45,3,1,1,1,42,33.33,2.22,6.15,-0.364
2,close_location>=90; signal<=930; rank<=1,False,45,3,1,1,1,42,33.33,2.22,6.15,-0.364
2,close_location>=90; signal<=940; rank<=1,False,45,3,1,1,1,42,33.33,2.22,6.15,-0.364
2,close_location>=90; signal<=950; rank<=1,False,45,3,1,1,1,42,33.33,2.22,6.15,-0.364
2,value_ratio<=3.5; rank<=1,False,31,3,1,1,1,28,33.33,3.23,6.15,-0.364
2,value_ratio<=3.5; signal<=930; rank<=1,False,31,3,1,1,1,28,33.33,3.23,6.15,-0.364
2,value_ratio<=3.5; signal<=940; rank<=1,False,31,3,1,1,1,28,33.33,3.23,6.15,-0.364
2,value_ratio<=3.5; signal<=950; rank<=1,False,31,3,1,1,1,28,33.33,3.23,6.15,-0.364
2,value_ratio<=3.5; close_location>=80; rank<=1,False,28,3,1,1,1,25,33.33,3.57,6.15,-0.364
2,value_ratio<=3.5; close_location>=80; signal<=930; rank<=1,False,28,3,1,1,1,25,33.33,3.57,6.15,-0.364
2,value_ratio<=3.5; close_location>=80; signal<=940; rank<=1,False,28,3,1,1,1,25,33.33,3.57,6.15,-0.364
2,value_ratio<=3.5; close_location>=80; signal<=950; rank<=1,False,28,3,1,1,1,25,33.33,3.57,6.15,-0.364
2,value_ratio<=3.5; close_location>=88; rank<=1,False,23,3,1,1,1,20,33.33,4.35,6.15,-0.364
2,value_ratio<=3.5; close_location>=88; signal<=930; rank<=1,False,23,3,1,1,1,20,33.33,4.35,6.15,-0.364
2,value_ratio<=3.5; close_location>=88; signal<=940; rank<=1,False,23,3,1,1,1,20,33.33,4.35,6.15,-0.364
2,value_ratio<=3.5; close_location>=88; signal<=950; rank<=1,False,23,3,1,1,1,20,33.33,4.35,6.15,-0.364
2,value_ratio<=3.5; close_location>=90; rank<=1,False,21,3,1,1,1,18,33.33,4.76,6.15,-0.364
2,value_ratio<=3.5; close_location>=90; signal<=930; rank<=1,False,21,3,1,1,1,18,33.33,4.76,6.15,-0.364
2,value_ratio<=3.5; close_location>=90; signal<=940; rank<=1,False,21,3,1,1,1,18,33.33,4.76,6.15,-0.364
2,value_ratio<=3.5; close_location>=90; signal<=950; rank<=1,False,21,3,1,1,1,18,33.33,4.76,6.15,-0.364
2,value_ratio<=5; close_location>=80; rank<=1,False,54,3,1,1,1,51,33.33,1.85,6.15,-0.364
2,value_ratio<=5; close_location>=80; signal<=930; rank<=1,False,54,3,1,1,1,51,33.33,1.85,6.15,-0.364
2,value_ratio<=5; close_location>=80; signal<=940; rank<=1,False,54,3,1,1,1,51,33.33,1.85,6.15,-0.364
2,value_ratio<=5; close_location>=80; signal<=950; rank<=1,False,54,3,1,1,1,51,33.33,1.85,6.15,-0.364
2,value_ratio<=5; close_location>=88; rank<=1,False,43,3,1,1,1,40,33.33,2.33,6.15,-0.364
2,value_ratio<=5; close_location>=88; signal<=930; rank<=1,False,43,3,1,1,1,40,33.33,2.33,6.15,-0.364
2,value_ratio<=5; close_location>=88; signal<=940; rank<=1,False,43,3,1,1,1,40,33.33,2.33,6.15,-0.364
2,value_ratio<=5; close_location>=88; signal<=950; rank<=1,False,43,3,1,1,1,40,33.33,2.33,6.15,-0.364
2,value_ratio<=5; close_location>=90; rank<=1,False,39,3,1,1,1,36,33.33,2.56,6.15,-0.364
2,value_ratio<=5; close_location>=90; signal<=930; rank<=1,False,39,3,1,1,1,36,33.33,2.56,6.15,-0.364
2,value_ratio<=5; close_location>=90; signal<=940; rank<=1,False,39,3,1,1,1,36,33.33,2.56,6.15,-0.364
2,value_ratio<=5; close_location>=90; signal<=950; rank<=1,False,39,3,1,1,1,36,33.33,2.56,6.15,-0.364
2,distance<=-10; value_ratio<=3,False,23,3,1,2,0,20,33.33,4.35,6.15,-0.6
2,distance<=-10; value_ratio<=3; rank<=2,False,23,3,1,2,0,20,33.33,4.35,6.15,-0.6
2,distance<=-10; value_ratio<=3; signal<=940,False,23,3,1,2,0,20,33.33,4.35,6.15,-0.6
2,distance<=-10; value_ratio<=3; signal<=940; rank<=2,False,23,3,1,2,0,20,33.33,4.35,6.15,-0.6
2,distance<=-10; value_ratio<=3; signal<=950,False,23,3,1,2,0,20,33.33,4.35,6.15,-0.6
2,distance<=-10; value_ratio<=3; signal<=950; rank<=2,False,23,3,1,2,0,20,33.33,4.35,6.15,-0.6
2,distance<=-12; value_ratio<=3,False,21,3,1,2,0,18,33.33,4.76,6.15,-0.6
2,distance<=-12; value_ratio<=3; rank<=2,False,21,3,1,2,0,18,33.33,4.76,6.15,-0.6
2,distance<=-12; value_ratio<=3; signal<=940,False,21,3,1,2,0,18,33.33,4.76,6.15,-0.6
2,distance<=-12; value_ratio<=3; signal<=940; rank<=2,False,21,3,1,2,0,18,33.33,4.76,6.15,-0.6
2,distance<=-12; value_ratio<=3; signal<=950,False,21,3,1,2,0,18,33.33,4.76,6.15,-0.6
2,distance<=-12; value_ratio<=3; signal<=950; rank<=2,False,21,3,1,2,0,18,33.33,4.76,6.15,-0.6
2,distance<=-12; value_ratio<=3.5,False,30,3,1,2,0,27,33.33,3.33,6.15,-0.6
2,distance<=-12; value_ratio<=3.5; rank<=2,False,30,3,1,2,0,27,33.33,3.33,6.15,-0.6
2,distance<=-12; value_ratio<=3.5; signal<=940,False,30,3,1,2,0,27,33.33,3.33,6.15,-0.6
2,distance<=-12; value_ratio<=3.5; signal<=940; rank<=2,False,30,3,1,2,0,27,33.33,3.33,6.15,-0.6
2,distance<=-12; value_ratio<=3.5; signal<=950,False,30,3,1,2,0,27,33.33,3.33,6.15,-0.6
2,distance<=-12; value_ratio<=3.5; signal<=950; rank<=2,False,30,3,1,2,0,27,33.33,3.33,6.15,-0.6
2,distance<=-12; value_ratio<=5,False,48,3,1,2,0,45,33.33,2.08,6.15,-0.6
2,distance<=-12; value_ratio<=5; rank<=2,False,48,3,1,2,0,45,33.33,2.08,6.15,-0.6
2,distance<=-12; value_ratio<=5; signal<=940,False,48,3,1,2,0,45,33.33,2.08,6.15,-0.6
2,distance<=-12; value_ratio<=5; signal<=940; rank<=2,False,48,3,1,2,0,45,33.33,2.08,6.15,-0.6
2,distance<=-12; value_ratio<=5; signal<=950,False,48,3,1,2,0,45,33.33,2.08,6.15,-0.6
2,distance<=-12; value_ratio<=5; signal<=950; rank<=2,False,48,3,1,2,0,45,33.33,2.08,6.15,-0.6
2,distance<=-15; value_ratio<=3,False,18,3,1,2,0,15,33.33,5.56,6.15,-0.6
2,distance<=-15; value_ratio<=3; rank<=2,False,18,3,1,2,0,15,33.33,5.56,6.15,-0.6
2,distance<=-15; value_ratio<=3; signal<=940,False,18,3,1,2,0,15,33.33,5.56,6.15,-0.6
2,distance<=-15; value_ratio<=3; signal<=940; rank<=2,False,18,3,1,2,0,15,33.33,5.56,6.15,-0.6
2,distance<=-15; value_ratio<=3; signal<=950,False,18,3,1,2,0,15,33.33,5.56,6.15,-0.6
2,distance<=-15; value_ratio<=3; signal<=950; rank<=2,False,18,3,1,2,0,15,33.33,5.56,6.15,-0.6
2,distance<=-15; value_ratio<=3.5,False,26,3,1,2,0,23,33.33,3.85,6.15,-0.6
2,distance<=-15; value_ratio<=3.5; rank<=2,False,26,3,1,2,0,23,33.33,3.85,6.15,-0.6
2,distance<=-15; value_ratio<=3.5; signal<=940,False,26,3,1,2,0,23,33.33,3.85,6.15,-0.6
2,distance<=-15; value_ratio<=3.5; signal<=940; rank<=2,False,26,3,1,2,0,23,33.33,3.85,6.15,-0.6
2,distance<=-15; value_ratio<=3.5; signal<=950,False,26,3,1,2,0,23,33.33,3.85,6.15,-0.6
2,distance<=-15; value_ratio<=3.5; signal<=950; rank<=2,False,26,3,1,2,0,23,33.33,3.85,6.15,-0.6
2,distance<=-15; value_ratio<=5,False,38,3,1,2,0,35,33.33,2.63,6.15,-0.6
2,distance<=-15; value_ratio<=5; rank<=2,False,38,3,1,2,0,35,33.33,2.63,6.15,-0.6
2,distance<=-15; value_ratio<=5; signal<=940,False,38,3,1,2,0,35,33.33,2.63,6.15,-0.6
2,distance<=-15; value_ratio<=5; signal<=940; rank<=2,False,38,3,1,2,0,35,33.33,2.63,6.15,-0.6
2,distance<=-15; value_ratio<=5; signal<=950,False,38,3,1,2,0,35,33.33,2.63,6.15,-0.6
2,distance<=-15; value_ratio<=5; signal<=950; rank<=2,False,38,3,1,2,0,35,33.33,2.63,6.15,-0.6
2,distance<=-3; value_ratio<=3,False,37,4,1,2,1,33,25.0,2.7,4.56,-0.235
2,distance<=-3; value_ratio<=3; rank<=2,False,37,4,1,2,1,33,25.0,2.7,4.56,-0.235
2,distance<=-3; value_ratio<=3; signal<=940,False,37,4,1,2,1,33,25.0,2.7,4.56,-0.235
2,distance<=-3; value_ratio<=3; signal<=940; rank<=2,False,37,4,1,2,1,33,25.0,2.7,4.56,-0.235
2,distance<=-3; value_ratio<=3; signal<=950,False,37,4,1,2,1,33,25.0,2.7,4.56,-0.235
2,distance<=-3; value_ratio<=3; signal<=950; rank<=2,False,37,4,1,2,1,33,25.0,2.7,4.56,-0.235
2,distance<=-5; value_ratio<=3,False,34,4,1,2,1,30,25.0,2.94,4.56,-0.235
2,distance<=-5; value_ratio<=3; rank<=2,False,34,4,1,2,1,30,25.0,2.94,4.56,-0.235
2,distance<=-5; value_ratio<=3; signal<=940,False,34,4,1,2,1,30,25.0,2.94,4.56,-0.235
2,distance<=-5; value_ratio<=3; signal<=940; rank<=2,False,34,4,1,2,1,30,25.0,2.94,4.56,-0.235
2,distance<=-5; value_ratio<=3; signal<=950,False,34,4,1,2,1,30,25.0,2.94,4.56,-0.235
2,distance<=-5; value_ratio<=3; signal<=950; rank<=2,False,34,4,1,2,1,30,25.0,2.94,4.56,-0.235
2,distance<=-8; value_ratio<=3,False,26,4,1,2,1,22,25.0,3.85,4.56,-0.235
2,distance<=-8; value_ratio<=3; rank<=2,False,26,4,1,2,1,22,25.0,3.85,4.56,-0.235
2,distance<=-8; value_ratio<=3; signal<=940,False,26,4,1,2,1,22,25.0,3.85,4.56,-0.235
2,distance<=-8; value_ratio<=3; signal<=940; rank<=2,False,26,4,1,2,1,22,25.0,3.85,4.56,-0.235
2,distance<=-8; value_ratio<=3; signal<=950,False,26,4,1,2,1,22,25.0,3.85,4.56,-0.235
2,distance<=-8; value_ratio<=3; signal<=950; rank<=2,False,26,4,1,2,1,22,25.0,3.85,4.56,-0.235
2,signal<=930; rank<=1,False,80,4,1,1,2,76,25.0,1.25,4.56,-0.34
2,value_ratio<=5; rank<=1,False,63,4,1,1,2,59,25.0,1.59,4.56,-0.34
2,value_ratio<=5; signal<=930; rank<=1,False,63,4,1,1,2,59,25.0,1.59,4.56,-0.34
2,value_ratio<=5; signal<=940; rank<=1,False,63,4,1,1,2,59,25.0,1.59,4.56,-0.34
2,value_ratio<=5; signal<=950; rank<=1,False,63,4,1,1,2,59,25.0,1.59,4.56,-0.34
2,distance<=-10; value_ratio<=3.5,False,33,4,1,2,1,29,25.0,3.03,4.56,-0.442
2,distance<=-10; value_ratio<=3.5; rank<=2,False,33,4,1,2,1,29,25.0,3.03,4.56,-0.442
2,distance<=-10; value_ratio<=3.5; signal<=940,False,33,4,1,2,1,29,25.0,3.03,4.56,-0.442
2,distance<=-10; value_ratio<=3.5; signal<=940; rank<=2,False,33,4,1,2,1,29,25.0,3.03,4.56,-0.442
2,distance<=-10; value_ratio<=3.5; signal<=950,False,33,4,1,2,1,29,25.0,3.03,4.56,-0.442
2,distance<=-10; value_ratio<=3.5; signal<=950; rank<=2,False,33,4,1,2,1,29,25.0,3.03,4.56,-0.442
2,distance<=-10; value_ratio<=5,False,54,4,1,2,1,50,25.0,1.85,4.56,-0.442
2,distance<=-10; value_ratio<=5; rank<=2,False,54,4,1,2,1,50,25.0,1.85,4.56,-0.442
2,distance<=-10; value_ratio<=5; signal<=940,False,54,4,1,2,1,50,25.0,1.85,4.56,-0.442
2,distance<=-10; value_ratio<=5; signal<=940; rank<=2,False,54,4,1,2,1,50,25.0,1.85,4.56,-0.442
2,distance<=-10; value_ratio<=5; signal<=950,False,54,4,1,2,1,50,25.0,1.85,4.56,-0.442
2,distance<=-10; value_ratio<=5; signal<=950; rank<=2,False,54,4,1,2,1,50,25.0,1.85,4.56,-0.442
2,distance<=-3; value_ratio<=3.5,False,60,5,1,2,2,55,20.0,1.67,3.62,-0.181
2,distance<=-3; value_ratio<=3.5; rank<=2,False,60,5,1,2,2,55,20.0,1.67,3.62,-0.181
2,distance<=-3; value_ratio<=3.5; signal<=940,False,60,5,1,2,2,55,20.0,1.67,3.62,-0.181
2,distance<=-3; value_ratio<=3.5; signal<=940; rank<=2,False,60,5,1,2,2,55,20.0,1.67,3.62,-0.181
2,distance<=-3; value_ratio<=3.5; signal<=950,False,60,5,1,2,2,55,20.0,1.67,3.62,-0.181
2,distance<=-3; value_ratio<=3.5; signal<=950; rank<=2,False,60,5,1,2,2,55,20.0,1.67,3.62,-0.181
2,distance<=-5; value_ratio<=3.5,False,54,5,1,2,2,49,20.0,1.85,3.62,-0.181
2,distance<=-5; value_ratio<=3.5; rank<=2,False,54,5,1,2,2,49,20.0,1.85,3.62,-0.181
2,distance<=-5; value_ratio<=3.5; signal<=940,False,54,5,1,2,2,49,20.0,1.85,3.62,-0.181
2,distance<=-5; value_ratio<=3.5; signal<=940; rank<=2,False,54,5,1,2,2,49,20.0,1.85,3.62,-0.181
2,distance<=-5; value_ratio<=3.5; signal<=950,False,54,5,1,2,2,49,20.0,1.85,3.62,-0.181
2,distance<=-5; value_ratio<=3.5; signal<=950; rank<=2,False,54,5,1,2,2,49,20.0,1.85,3.62,-0.181
2,distance<=-8; value_ratio<=3.5,False,40,5,1,2,2,35,20.0,2.5,3.62,-0.181
2,distance<=-8; value_ratio<=3.5; rank<=2,False,40,5,1,2,2,35,20.0,2.5,3.62,-0.181
2,distance<=-8; value_ratio<=3.5; signal<=940,False,40,5,1,2,2,35,20.0,2.5,3.62,-0.181
2,distance<=-8; value_ratio<=3.5; signal<=940; rank<=2,False,40,5,1,2,2,35,20.0,2.5,3.62,-0.181
2,distance<=-8; value_ratio<=3.5; signal<=950,False,40,5,1,2,2,35,20.0,2.5,3.62,-0.181
2,distance<=-8; value_ratio<=3.5; signal<=950; rank<=2,False,40,5,1,2,2,35,20.0,2.5,3.62,-0.181
2,distance<=-3; signal<=930,False,120,5,1,2,2,115,20.0,0.83,3.62,-0.407
2,distance<=-3; signal<=930; rank<=2,False,120,5,1,2,2,115,20.0,0.83,3.62,-0.407
2,distance<=-3; value_ratio<=5; signal<=930,False,100,5,1,2,2,95,20.0,1.0,3.62,-0.407
2,distance<=-3; value_ratio<=5; signal<=930; rank<=2,False,100,5,1,2,2,95,20.0,1.0,3.62,-0.407
2,distance<=-5; signal<=930,False,107,5,1,2,2,102,20.0,0.93,3.62,-0.407
2,distance<=-5; signal<=930; rank<=2,False,107,5,1,2,2,102,20.0,0.93,3.62,-0.407
2,distance<=-5; value_ratio<=5; signal<=930,False,88,5,1,2,2,83,20.0,1.14,3.62,-0.407
2,distance<=-5; value_ratio<=5; signal<=930; rank<=2,False,88,5,1,2,2,83,20.0,1.14,3.62,-0.407
2,distance<=-8; signal<=930,False,85,5,1,2,2,80,20.0,1.18,3.62,-0.407
2,distance<=-8; signal<=930; rank<=2,False,85,5,1,2,2,80,20.0,1.18,3.62,-0.407
2,distance<=-8; value_ratio<=5; signal<=930,False,68,5,1,2,2,63,20.0,1.47,3.62,-0.407
2,distance<=-8; value_ratio<=5; signal<=930; rank<=2,False,68,5,1,2,2,63,20.0,1.47,3.62,-0.407
2,rank<=1,False,80,5,1,2,2,75,20.0,1.25,3.62,-0.572
2,signal<=940; rank<=1,False,80,5,1,2,2,75,20.0,1.25,3.62,-0.572
2,signal<=950; rank<=1,False,80,5,1,2,2,75,20.0,1.25,3.62,-0.572
2,distance<=-3; value_ratio<=5,False,100,7,1,3,3,93,14.29,1.0,2.57,-0.382
2,distance<=-3; value_ratio<=5; rank<=2,False,100,7,1,3,3,93,14.29,1.0,2.57,-0.382
2,distance<=-3; value_ratio<=5; signal<=940,False,100,7,1,3,3,93,14.29,1.0,2.57,-0.382
2,distance<=-3; value_ratio<=5; signal<=940; rank<=2,False,100,7,1,3,3,93,14.29,1.0,2.57,-0.382
2,distance<=-3; value_ratio<=5; signal<=950,False,100,7,1,3,3,93,14.29,1.0,2.57,-0.382
2,distance<=-3; value_ratio<=5; signal<=950; rank<=2,False,100,7,1,3,3,93,14.29,1.0,2.57,-0.382
2,distance<=-5; value_ratio<=5,False,88,7,1,3,3,81,14.29,1.14,2.57,-0.382
2,distance<=-5; value_ratio<=5; rank<=2,False,88,7,1,3,3,81,14.29,1.14,2.57,-0.382
2,distance<=-5; value_ratio<=5; signal<=940,False,88,7,1,3,3,81,14.29,1.14,2.57,-0.382
2,distance<=-5; value_ratio<=5; signal<=940; rank<=2,False,88,7,1,3,3,81,14.29,1.14,2.57,-0.382
2,distance<=-5; value_ratio<=5; signal<=950,False,88,7,1,3,3,81,14.29,1.14,2.57,-0.382
2,distance<=-5; value_ratio<=5; signal<=950; rank<=2,False,88,7,1,3,3,81,14.29,1.14,2.57,-0.382
2,distance<=-8; value_ratio<=5,False,68,7,1,3,3,61,14.29,1.47,2.57,-0.382
2,distance<=-8; value_ratio<=5; rank<=2,False,68,7,1,3,3,61,14.29,1.47,2.57,-0.382
2,distance<=-8; value_ratio<=5; signal<=940,False,68,7,1,3,3,61,14.29,1.47,2.57,-0.382
2,distance<=-8; value_ratio<=5; signal<=940; rank<=2,False,68,7,1,3,3,61,14.29,1.47,2.57,-0.382
2,distance<=-8; value_ratio<=5; signal<=950,False,68,7,1,3,3,61,14.29,1.47,2.57,-0.382
2,distance<=-8; value_ratio<=5; signal<=950; rank<=2,False,68,7,1,3,3,61,14.29,1.47,2.57,-0.382
2,distance<=-3; rank<=1,False,61,2,0,1,1,59,0.0,0.0,0.0,-0.883
2,distance<=-3; signal<=940; rank<=1,False,61,2,0,1,1,59,0.0,0.0,0.0,-0.883
2,distance<=-3; signal<=950; rank<=1,False,61,2,0,1,1,59,0.0,0.0,0.0,-0.883
2,distance<=-5; rank<=1,False,53,2,0,1,1,51,0.0,0.0,0.0,-0.883
2,distance<=-5; signal<=940; rank<=1,False,53,2,0,1,1,51,0.0,0.0,0.0,-0.883
2,distance<=-5; signal<=950; rank<=1,False,53,2,0,1,1,51,0.0,0.0,0.0,-0.883
2,distance<=-8; rank<=1,False,40,2,0,1,1,38,0.0,0.0,0.0,-0.883
2,distance<=-8; signal<=940; rank<=1,False,40,2,0,1,1,38,0.0,0.0,0.0,-0.883
2,distance<=-8; signal<=950; rank<=1,False,40,2,0,1,1,38,0.0,0.0,0.0,-0.883
2,distance<=-3; signal<=930; rank<=1,False,61,1,0,0,1,60,0.0,0.0,0.0,-0.267
2,distance<=-3; value_ratio<=5; rank<=1,False,49,1,0,0,1,48,0.0,0.0,0.0,-0.267
2,distance<=-3; value_ratio<=5; signal<=930; rank<=1,False,49,1,0,0,1,48,0.0,0.0,0.0,-0.267
2,distance<=-3; value_ratio<=5; signal<=940; rank<=1,False,49,1,0,0,1,48,0.0,0.0,0.0,-0.267
2,distance<=-3; value_ratio<=5; signal<=950; rank<=1,False,49,1,0,0,1,48,0.0,0.0,0.0,-0.267
2,distance<=-5; signal<=930; rank<=1,False,53,1,0,0,1,52,0.0,0.0,0.0,-0.267
2,distance<=-5; value_ratio<=5; rank<=1,False,42,1,0,0,1,41,0.0,0.0,0.0,-0.267
2,distance<=-5; value_ratio<=5; signal<=930; rank<=1,False,42,1,0,0,1,41,0.0,0.0,0.0,-0.267
2,distance<=-5; value_ratio<=5; signal<=940; rank<=1,False,42,1,0,0,1,41,0.0,0.0,0.0,-0.267
2,distance<=-5; value_ratio<=5; signal<=950; rank<=1,False,42,1,0,0,1,41,0.0,0.0,0.0,-0.267
2,distance<=-8; signal<=930; rank<=1,False,40,1,0,0,1,39,0.0,0.0,0.0,-0.267
2,distance<=-8; value_ratio<=5; rank<=1,False,30,1,0,0,1,29,0.0,0.0,0.0,-0.267
2,distance<=-8; value_ratio<=5; signal<=930; rank<=1,False,30,1,0,0,1,29,0.0,0.0,0.0,-0.267
2,distance<=-8; value_ratio<=5; signal<=940; rank<=1,False,30,1,0,0,1,29,0.0,0.0,0.0,-0.267
2,distance<=-8; value_ratio<=5; signal<=950; rank<=1,False,30,1,0,0,1,29,0.0,0.0,0.0,-0.267
2,distance<=-10; rank<=1,False,31,1,0,1,0,30,0.0,0.0,0.0,-1.5
2,distance<=-10; signal<=940; rank<=1,False,31,1,0,1,0,30,0.0,0.0,0.0,-1.5
2,distance<=-10; signal<=950; rank<=1,False,31,1,0,1,0,30,0.0,0.0,0.0,-1.5
2,distance<=-12; rank<=1,False,26,1,0,1,0,25,0.0,0.0,0.0,-1.5
2,distance<=-12; signal<=940; rank<=1,False,26,1,0,1,0,25,0.0,0.0,0.0,-1.5
2,distance<=-12; signal<=950; rank<=1,False,26,1,0,1,0,25,0.0,0.0,0.0,-1.5
2,distance<=-15; rank<=1,False,20,1,0,1,0,19,0.0,0.0,0.0,-1.5
2,distance<=-15; signal<=940; rank<=1,False,20,1,0,1,0,19,0.0,0.0,0.0,-1.5
2,distance<=-15; signal<=950; rank<=1,False,20,1,0,1,0,19,0.0,0.0,0.0,-1.5
2,value_ratio<=2.5; rank<=1,False,5,0,0,0,0,5,0.0,0.0,0.0,0.0
2,value_ratio<=2.5; signal<=930; rank<=1,False,5,0,0,0,0,5,0.0,0.0,0.0,0.0
2,value_ratio<=2.5; signal<=940; rank<=1,False,5,0,0,0,0,5,0.0,0.0,0.0,0.0
2,value_ratio<=2.5; signal<=950; rank<=1,False,5,0,0,0,0,5,0.0,0.0,0.0,0.0
2,value_ratio<=2.5; close_location>=80; rank<=1,False,5,0,0,0,0,5,0.0,0.0,0.0,0.0
2,value_ratio<=2.5; close_location>=80; signal<=930; rank<=1,False,5,0,0,0,0,5,0.0,0.0,0.0,0.0
2,value_ratio<=2.5; close_location>=80; signal<=940; rank<=1,False,5,0,0,0,0,5,0.0,0.0,0.0,0.0
2,value_ratio<=2.5; close_location>=80; signal<=950; rank<=1,False,5,0,0,0,0,5,0.0,0.0,0.0,0.0
2,value_ratio<=2.5; close_location>=88; rank<=1,False,4,0,0,0,0,4,0.0,0.0,0.0,0.0
2,value_ratio<=2.5; close_location>=88; signal<=930; rank<=1,False,4,0,0,0,0,4,0.0,0.0,0.0,0.0
2,value_ratio<=2.5; close_location>=88; signal<=940; rank<=1,False,4,0,0,0,0,4,0.0,0.0,0.0,0.0
2,value_ratio<=2.5; close_location>=88; signal<=950; rank<=1,False,4,0,0,0,0,4,0.0,0.0,0.0,0.0
2,value_ratio<=2.5; close_location>=90; rank<=1,False,3,0,0,0,0,3,0.0,0.0,0.0,0.0
2,value_ratio<=2.5; close_location>=90; signal<=930; rank<=1,False,3,0,0,0,0,3,0.0,0.0,0.0,0.0
2,value_ratio<=2.5; close_location>=90; signal<=940; rank<=1,False,3,0,0,0,0,3,0.0,0.0,0.0,0.0
2,value_ratio<=2.5; close_location>=90; signal<=950; rank<=1,False,3,0,0,0,0,3,0.0,0.0,0.0,0.0
2,distance<=-3; close_location>=80; rank<=1,False,46,0,0,0,0,46,0.0,0.0,0.0,0.0
2,distance<=-3; close_location>=80; signal<=930; rank<=1,False,46,0,0,0,0,46,0.0,0.0,0.0,0.0
2,distance<=-3; close_location>=80; signal<=940; rank<=1,False,46,0,0,0,0,46,0.0,0.0,0.0,0.0
2,distance<=-3; close_location>=80; signal<=950; rank<=1,False,46,0,0,0,0,46,0.0,0.0,0.0,0.0
2,distance<=-3; close_location>=88; rank<=1,False,36,0,0,0,0,36,0.0,0.0,0.0,0.0
2,distance<=-3; close_location>=88; signal<=930; rank<=1,False,36,0,0,0,0,36,0.0,0.0,0.0,0.0
2,distance<=-3; close_location>=88; signal<=940; rank<=1,False,36,0,0,0,0,36,0.0,0.0,0.0,0.0
2,distance<=-3; close_location>=88; signal<=950; rank<=1,False,36,0,0,0,0,36,0.0,0.0,0.0,0.0
2,distance<=-3; close_location>=90; rank<=1,False,32,0,0,0,0,32,0.0,0.0,0.0,0.0
2,distance<=-3; close_location>=90; signal<=930; rank<=1,False,32,0,0,0,0,32,0.0,0.0,0.0,0.0
2,distance<=-3; close_location>=90; signal<=940; rank<=1,False,32,0,0,0,0,32,0.0,0.0,0.0,0.0
2,distance<=-3; close_location>=90; signal<=950; rank<=1,False,32,0,0,0,0,32,0.0,0.0,0.0,0.0
2,distance<=-3; value_ratio<=2.5; rank<=1,False,4,0,0,0,0,4,0.0,0.0,0.0,0.0
2,distance<=-3; value_ratio<=2.5; signal<=930; rank<=1,False,4,0,0,0,0,4,0.0,0.0,0.0,0.0
2,distance<=-3; value_ratio<=2.5; signal<=940; rank<=1,False,4,0,0,0,0,4,0.0,0.0,0.0,0.0
2,distance<=-3; value_ratio<=2.5; signal<=950; rank<=1,False,4,0,0,0,0,4,0.0,0.0,0.0,0.0
2,distance<=-3; value_ratio<=2.5; close_location>=80; rank<=1,False,4,0,0,0,0,4,0.0,0.0,0.0,0.0
2,distance<=-3; value_ratio<=2.5; close_location>=80; signal<=930; rank<=1,False,4,0,0,0,0,4,0.0,0.0,0.0,0.0
2,distance<=-3; value_ratio<=2.5; close_location>=80; signal<=940; rank<=1,False,4,0,0,0,0,4,0.0,0.0,0.0,0.0
2,distance<=-3; value_ratio<=2.5; close_location>=80; signal<=950; rank<=1,False,4,0,0,0,0,4,0.0,0.0,0.0,0.0
2,distance<=-3; value_ratio<=2.5; close_location>=88; rank<=1,False,3,0,0,0,0,3,0.0,0.0,0.0,0.0
2,distance<=-3; value_ratio<=2.5; close_location>=88; signal<=930; rank<=1,False,3,0,0,0,0,3,0.0,0.0,0.0,0.0
2,distance<=-3; value_ratio<=2.5; close_location>=88; signal<=940; rank<=1,False,3,0,0,0,0,3,0.0,0.0,0.0,0.0
2,distance<=-3; value_ratio<=2.5; close_location>=88; signal<=950; rank<=1,False,3,0,0,0,0,3,0.0,0.0,0.0,0.0
2,distance<=-3; value_ratio<=2.5; close_location>=90; rank<=1,False,2,0,0,0,0,2,0.0,0.0,0.0,0.0
2,distance<=-3; value_ratio<=2.5; close_location>=90; signal<=930; rank<=1,False,2,0,0,0,0,2,0.0,0.0,0.0,0.0
2,distance<=-3; value_ratio<=2.5; close_location>=90; signal<=940; rank<=1,False,2,0,0,0,0,2,0.0,0.0,0.0,0.0
2,distance<=-3; value_ratio<=2.5; close_location>=90; signal<=950; rank<=1,False,2,0,0,0,0,2,0.0,0.0,0.0,0.0
2,distance<=-3; value_ratio<=3; rank<=1,False,10,0,0,0,0,10,0.0,0.0,0.0,0.0
2,distance<=-3; value_ratio<=3; signal<=930; rank<=1,False,10,0,0,0,0,10,0.0,0.0,0.0,0.0
2,distance<=-3; value_ratio<=3; signal<=940; rank<=1,False,10,0,0,0,0,10,0.0,0.0,0.0,0.0
2,distance<=-3; value_ratio<=3; signal<=950; rank<=1,False,10,0,0,0,0,10,0.0,0.0,0.0,0.0
2,distance<=-3; value_ratio<=3; close_location>=80; rank<=1,False,10,0,0,0,0,10,0.0,0.0,0.0,0.0
2,distance<=-3; value_ratio<=3; close_location>=80; signal<=930; rank<=1,False,10,0,0,0,0,10,0.0,0.0,0.0,0.0
2,distance<=-3; value_ratio<=3; close_location>=80; signal<=940; rank<=1,False,10,0,0,0,0,10,0.0,0.0,0.0,0.0
2,distance<=-3; value_ratio<=3; close_location>=80; signal<=950; rank<=1,False,10,0,0,0,0,10,0.0,0.0,0.0,0.0
2,distance<=-3; value_ratio<=3; close_location>=88; rank<=1,False,8,0,0,0,0,8,0.0,0.0,0.0,0.0
2,distance<=-3; value_ratio<=3; close_location>=88; signal<=930; rank<=1,False,8,0,0,0,0,8,0.0,0.0,0.0,0.0
2,distance<=-3; value_ratio<=3; close_location>=88; signal<=940; rank<=1,False,8,0,0,0,0,8,0.0,0.0,0.0,0.0
2,distance<=-3; value_ratio<=3; close_location>=88; signal<=950; rank<=1,False,8,0,0,0,0,8,0.0,0.0,0.0,0.0
2,distance<=-3; value_ratio<=3; close_location>=90; rank<=1,False,7,0,0,0,0,7,0.0,0.0,0.0,0.0
2,distance<=-3; value_ratio<=3; close_location>=90; signal<=930; rank<=1,False,7,0,0,0,0,7,0.0,0.0,0.0,0.0
2,distance<=-3; value_ratio<=3; close_location>=90; signal<=940; rank<=1,False,7,0,0,0,0,7,0.0,0.0,0.0,0.0
2,distance<=-3; value_ratio<=3; close_location>=90; signal<=950; rank<=1,False,7,0,0,0,0,7,0.0,0.0,0.0,0.0
2,distance<=-3; value_ratio<=3.5; rank<=1,False,23,0,0,0,0,23,0.0,0.0,0.0,0.0
2,distance<=-3; value_ratio<=3.5; signal<=930; rank<=1,False,23,0,0,0,0,23,0.0,0.0,0.0,0.0
2,distance<=-3; value_ratio<=3.5; signal<=940; rank<=1,False,23,0,0,0,0,23,0.0,0.0,0.0,0.0
2,distance<=-3; value_ratio<=3.5; signal<=950; rank<=1,False,23,0,0,0,0,23,0.0,0.0,0.0,0.0
2,distance<=-3; value_ratio<=3.5; close_location>=80; rank<=1,False,20,0,0,0,0,20,0.0,0.0,0.0,0.0
2,distance<=-3; value_ratio<=3.5; close_location>=80; signal<=930; rank<=1,False,20,0,0,0,0,20,0.0,0.0,0.0,0.0
2,distance<=-3; value_ratio<=3.5; close_location>=80; signal<=940; rank<=1,False,20,0,0,0,0,20,0.0,0.0,0.0,0.0
2,distance<=-3; value_ratio<=3.5; close_location>=80; signal<=950; rank<=1,False,20,0,0,0,0,20,0.0,0.0,0.0,0.0
2,distance<=-3; value_ratio<=3.5; close_location>=88; rank<=1,False,15,0,0,0,0,15,0.0,0.0,0.0,0.0
2,distance<=-3; value_ratio<=3.5; close_location>=88; signal<=930; rank<=1,False,15,0,0,0,0,15,0.0,0.0,0.0,0.0
2,distance<=-3; value_ratio<=3.5; close_location>=88; signal<=940; rank<=1,False,15,0,0,0,0,15,0.0,0.0,0.0,0.0
2,distance<=-3; value_ratio<=3.5; close_location>=88; signal<=950; rank<=1,False,15,0,0,0,0,15,0.0,0.0,0.0,0.0
2,distance<=-3; value_ratio<=3.5; close_location>=90; rank<=1,False,13,0,0,0,0,13,0.0,0.0,0.0,0.0
2,distance<=-3; value_ratio<=3.5; close_location>=90; signal<=930; rank<=1,False,13,0,0,0,0,13,0.0,0.0,0.0,0.0
2,distance<=-3; value_ratio<=3.5; close_location>=90; signal<=940; rank<=1,False,13,0,0,0,0,13,0.0,0.0,0.0,0.0
2,distance<=-3; value_ratio<=3.5; close_location>=90; signal<=950; rank<=1,False,13,0,0,0,0,13,0.0,0.0,0.0,0.0
2,distance<=-3; value_ratio<=5; close_location>=80; rank<=1,False,40,0,0,0,0,40,0.0,0.0,0.0,0.0
2,distance<=-3; value_ratio<=5; close_location>=80; signal<=930; rank<=1,False,40,0,0,0,0,40,0.0,0.0,0.0,0.0
2,distance<=-3; value_ratio<=5; close_location>=80; signal<=940; rank<=1,False,40,0,0,0,0,40,0.0,0.0,0.0,0.0
2,distance<=-3; value_ratio<=5; close_location>=80; signal<=950; rank<=1,False,40,0,0,0,0,40,0.0,0.0,0.0,0.0
2,distance<=-3; value_ratio<=5; close_location>=88; rank<=1,False,32,0,0,0,0,32,0.0,0.0,0.0,0.0
2,distance<=-3; value_ratio<=5; close_location>=88; signal<=930; rank<=1,False,32,0,0,0,0,32,0.0,0.0,0.0,0.0
2,distance<=-3; value_ratio<=5; close_location>=88; signal<=940; rank<=1,False,32,0,0,0,0,32,0.0,0.0,0.0,0.0
2,distance<=-3; value_ratio<=5; close_location>=88; signal<=950; rank<=1,False,32,0,0,0,0,32,0.0,0.0,0.0,0.0
2,distance<=-3; value_ratio<=5; close_location>=90; rank<=1,False,28,0,0,0,0,28,0.0,0.0,0.0,0.0
2,distance<=-3; value_ratio<=5; close_location>=90; signal<=930; rank<=1,False,28,0,0,0,0,28,0.0,0.0,0.0,0.0
2,distance<=-3; value_ratio<=5; close_location>=90; signal<=940; rank<=1,False,28,0,0,0,0,28,0.0,0.0,0.0,0.0
2,distance<=-3; value_ratio<=5; close_location>=90; signal<=950; rank<=1,False,28,0,0,0,0,28,0.0,0.0,0.0,0.0
2,distance<=-5; close_location>=80; rank<=1,False,41,0,0,0,0,41,0.0,0.0,0.0,0.0
2,distance<=-5; close_location>=80; signal<=930; rank<=1,False,41,0,0,0,0,41,0.0,0.0,0.0,0.0
2,distance<=-5; close_location>=80; signal<=940; rank<=1,False,41,0,0,0,0,41,0.0,0.0,0.0,0.0
2,distance<=-5; close_location>=80; signal<=950; rank<=1,False,41,0,0,0,0,41,0.0,0.0,0.0,0.0
2,distance<=-5; close_location>=88; rank<=1,False,31,0,0,0,0,31,0.0,0.0,0.0,0.0
2,distance<=-5; close_location>=88; signal<=930; rank<=1,False,31,0,0,0,0,31,0.0,0.0,0.0,0.0
2,distance<=-5; close_location>=88; signal<=940; rank<=1,False,31,0,0,0,0,31,0.0,0.0,0.0,0.0
2,distance<=-5; close_location>=88; signal<=950; rank<=1,False,31,0,0,0,0,31,0.0,0.0,0.0,0.0
2,distance<=-5; close_location>=90; rank<=1,False,27,0,0,0,0,27,0.0,0.0,0.0,0.0
2,distance<=-5; close_location>=90; signal<=930; rank<=1,False,27,0,0,0,0,27,0.0,0.0,0.0,0.0
2,distance<=-5; close_location>=90; signal<=940; rank<=1,False,27,0,0,0,0,27,0.0,0.0,0.0,0.0
2,distance<=-5; close_location>=90; signal<=950; rank<=1,False,27,0,0,0,0,27,0.0,0.0,0.0,0.0
2,distance<=-5; value_ratio<=2.5; rank<=1,False,4,0,0,0,0,4,0.0,0.0,0.0,0.0
2,distance<=-5; value_ratio<=2.5; signal<=930; rank<=1,False,4,0,0,0,0,4,0.0,0.0,0.0,0.0
2,distance<=-5; value_ratio<=2.5; signal<=940; rank<=1,False,4,0,0,0,0,4,0.0,0.0,0.0,0.0
2,distance<=-5; value_ratio<=2.5; signal<=950; rank<=1,False,4,0,0,0,0,4,0.0,0.0,0.0,0.0
2,distance<=-5; value_ratio<=2.5; close_location>=80; rank<=1,False,4,0,0,0,0,4,0.0,0.0,0.0,0.0
2,distance<=-5; value_ratio<=2.5; close_location>=80; signal<=930; rank<=1,False,4,0,0,0,0,4,0.0,0.0,0.0,0.0
2,distance<=-5; value_ratio<=2.5; close_location>=80; signal<=940; rank<=1,False,4,0,0,0,0,4,0.0,0.0,0.0,0.0
2,distance<=-5; value_ratio<=2.5; close_location>=80; signal<=950; rank<=1,False,4,0,0,0,0,4,0.0,0.0,0.0,0.0
2,distance<=-5; value_ratio<=2.5; close_location>=88; rank<=1,False,3,0,0,0,0,3,0.0,0.0,0.0,0.0
2,distance<=-5; value_ratio<=2.5; close_location>=88; signal<=930; rank<=1,False,3,0,0,0,0,3,0.0,0.0,0.0,0.0
2,distance<=-5; value_ratio<=2.5; close_location>=88; signal<=940; rank<=1,False,3,0,0,0,0,3,0.0,0.0,0.0,0.0
2,distance<=-5; value_ratio<=2.5; close_location>=88; signal<=950; rank<=1,False,3,0,0,0,0,3,0.0,0.0,0.0,0.0
2,distance<=-5; value_ratio<=2.5; close_location>=90; rank<=1,False,2,0,0,0,0,2,0.0,0.0,0.0,0.0
2,distance<=-5; value_ratio<=2.5; close_location>=90; signal<=930; rank<=1,False,2,0,0,0,0,2,0.0,0.0,0.0,0.0
2,distance<=-5; value_ratio<=2.5; close_location>=90; signal<=940; rank<=1,False,2,0,0,0,0,2,0.0,0.0,0.0,0.0
2,distance<=-5; value_ratio<=2.5; close_location>=90; signal<=950; rank<=1,False,2,0,0,0,0,2,0.0,0.0,0.0,0.0
2,distance<=-5; value_ratio<=3; rank<=1,False,9,0,0,0,0,9,0.0,0.0,0.0,0.0
2,distance<=-5; value_ratio<=3; signal<=930; rank<=1,False,9,0,0,0,0,9,0.0,0.0,0.0,0.0
2,distance<=-5; value_ratio<=3; signal<=940; rank<=1,False,9,0,0,0,0,9,0.0,0.0,0.0,0.0
2,distance<=-5; value_ratio<=3; signal<=950; rank<=1,False,9,0,0,0,0,9,0.0,0.0,0.0,0.0
2,distance<=-5; value_ratio<=3; close_location>=80; rank<=1,False,9,0,0,0,0,9,0.0,0.0,0.0,0.0
2,distance<=-5; value_ratio<=3; close_location>=80; signal<=930; rank<=1,False,9,0,0,0,0,9,0.0,0.0,0.0,0.0
2,distance<=-5; value_ratio<=3; close_location>=80; signal<=940; rank<=1,False,9,0,0,0,0,9,0.0,0.0,0.0,0.0
2,distance<=-5; value_ratio<=3; close_location>=80; signal<=950; rank<=1,False,9,0,0,0,0,9,0.0,0.0,0.0,0.0
2,distance<=-5; value_ratio<=3; close_location>=88; rank<=1,False,7,0,0,0,0,7,0.0,0.0,0.0,0.0
2,distance<=-5; value_ratio<=3; close_location>=88; signal<=930; rank<=1,False,7,0,0,0,0,7,0.0,0.0,0.0,0.0
2,distance<=-5; value_ratio<=3; close_location>=88; signal<=940; rank<=1,False,7,0,0,0,0,7,0.0,0.0,0.0,0.0
2,distance<=-5; value_ratio<=3; close_location>=88; signal<=950; rank<=1,False,7,0,0,0,0,7,0.0,0.0,0.0,0.0
2,distance<=-5; value_ratio<=3; close_location>=90; rank<=1,False,6,0,0,0,0,6,0.0,0.0,0.0,0.0
2,distance<=-5; value_ratio<=3; close_location>=90; signal<=930; rank<=1,False,6,0,0,0,0,6,0.0,0.0,0.0,0.0
2,distance<=-5; value_ratio<=3; close_location>=90; signal<=940; rank<=1,False,6,0,0,0,0,6,0.0,0.0,0.0,0.0
2,distance<=-5; value_ratio<=3; close_location>=90; signal<=950; rank<=1,False,6,0,0,0,0,6,0.0,0.0,0.0,0.0
2,distance<=-5; value_ratio<=3.5; rank<=1,False,21,0,0,0,0,21,0.0,0.0,0.0,0.0
2,distance<=-5; value_ratio<=3.5; signal<=930; rank<=1,False,21,0,0,0,0,21,0.0,0.0,0.0,0.0
2,distance<=-5; value_ratio<=3.5; signal<=940; rank<=1,False,21,0,0,0,0,21,0.0,0.0,0.0,0.0
2,distance<=-5; value_ratio<=3.5; signal<=950; rank<=1,False,21,0,0,0,0,21,0.0,0.0,0.0,0.0
2,distance<=-5; value_ratio<=3.5; close_location>=80; rank<=1,False,18,0,0,0,0,18,0.0,0.0,0.0,0.0
2,distance<=-5; value_ratio<=3.5; close_location>=80; signal<=930; rank<=1,False,18,0,0,0,0,18,0.0,0.0,0.0,0.0
2,distance<=-5; value_ratio<=3.5; close_location>=80; signal<=940; rank<=1,False,18,0,0,0,0,18,0.0,0.0,0.0,0.0
2,distance<=-5; value_ratio<=3.5; close_location>=80; signal<=950; rank<=1,False,18,0,0,0,0,18,0.0,0.0,0.0,0.0
2,distance<=-5; value_ratio<=3.5; close_location>=88; rank<=1,False,13,0,0,0,0,13,0.0,0.0,0.0,0.0
2,distance<=-5; value_ratio<=3.5; close_location>=88; signal<=930; rank<=1,False,13,0,0,0,0,13,0.0,0.0,0.0,0.0
2,distance<=-5; value_ratio<=3.5; close_location>=88; signal<=940; rank<=1,False,13,0,0,0,0,13,0.0,0.0,0.0,0.0
2,distance<=-5; value_ratio<=3.5; close_location>=88; signal<=950; rank<=1,False,13,0,0,0,0,13,0.0,0.0,0.0,0.0
2,distance<=-5; value_ratio<=3.5; close_location>=90; rank<=1,False,11,0,0,0,0,11,0.0,0.0,0.0,0.0
2,distance<=-5; value_ratio<=3.5; close_location>=90; signal<=930; rank<=1,False,11,0,0,0,0,11,0.0,0.0,0.0,0.0
2,distance<=-5; value_ratio<=3.5; close_location>=90; signal<=940; rank<=1,False,11,0,0,0,0,11,0.0,0.0,0.0,0.0
2,distance<=-5; value_ratio<=3.5; close_location>=90; signal<=950; rank<=1,False,11,0,0,0,0,11,0.0,0.0,0.0,0.0
2,distance<=-5; value_ratio<=5; close_location>=80; rank<=1,False,35,0,0,0,0,35,0.0,0.0,0.0,0.0
2,distance<=-5; value_ratio<=5; close_location>=80; signal<=930; rank<=1,False,35,0,0,0,0,35,0.0,0.0,0.0,0.0
2,distance<=-5; value_ratio<=5; close_location>=80; signal<=940; rank<=1,False,35,0,0,0,0,35,0.0,0.0,0.0,0.0
2,distance<=-5; value_ratio<=5; close_location>=80; signal<=950; rank<=1,False,35,0,0,0,0,35,0.0,0.0,0.0,0.0
2,distance<=-5; value_ratio<=5; close_location>=88; rank<=1,False,27,0,0,0,0,27,0.0,0.0,0.0,0.0
2,distance<=-5; value_ratio<=5; close_location>=88; signal<=930; rank<=1,False,27,0,0,0,0,27,0.0,0.0,0.0,0.0
2,distance<=-5; value_ratio<=5; close_location>=88; signal<=940; rank<=1,False,27,0,0,0,0,27,0.0,0.0,0.0,0.0
2,distance<=-5; value_ratio<=5; close_location>=88; signal<=950; rank<=1,False,27,0,0,0,0,27,0.0,0.0,0.0,0.0
2,distance<=-5; value_ratio<=5; close_location>=90; rank<=1,False,23,0,0,0,0,23,0.0,0.0,0.0,0.0
2,distance<=-5; value_ratio<=5; close_location>=90; signal<=930; rank<=1,False,23,0,0,0,0,23,0.0,0.0,0.0,0.0
2,distance<=-5; value_ratio<=5; close_location>=90; signal<=940; rank<=1,False,23,0,0,0,0,23,0.0,0.0,0.0,0.0
2,distance<=-5; value_ratio<=5; close_location>=90; signal<=950; rank<=1,False,23,0,0,0,0,23,0.0,0.0,0.0,0.0
2,distance<=-8; close_location>=80; rank<=1,False,33,0,0,0,0,33,0.0,0.0,0.0,0.0
2,distance<=-8; close_location>=80; signal<=930; rank<=1,False,33,0,0,0,0,33,0.0,0.0,0.0,0.0
2,distance<=-8; close_location>=80; signal<=940; rank<=1,False,33,0,0,0,0,33,0.0,0.0,0.0,0.0
2,distance<=-8; close_location>=80; signal<=950; rank<=1,False,33,0,0,0,0,33,0.0,0.0,0.0,0.0
2,distance<=-8; close_location>=88; rank<=1,False,27,0,0,0,0,27,0.0,0.0,0.0,0.0
2,distance<=-8; close_location>=88; signal<=930; rank<=1,False,27,0,0,0,0,27,0.0,0.0,0.0,0.0
2,distance<=-8; close_location>=88; signal<=940; rank<=1,False,27,0,0,0,0,27,0.0,0.0,0.0,0.0
2,distance<=-8; close_location>=88; signal<=950; rank<=1,False,27,0,0,0,0,27,0.0,0.0,0.0,0.0
2,distance<=-8; close_location>=90; rank<=1,False,23,0,0,0,0,23,0.0,0.0,0.0,0.0
2,distance<=-8; close_location>=90; signal<=930; rank<=1,False,23,0,0,0,0,23,0.0,0.0,0.0,0.0
2,distance<=-8; close_location>=90; signal<=940; rank<=1,False,23,0,0,0,0,23,0.0,0.0,0.0,0.0
2,distance<=-8; close_location>=90; signal<=950; rank<=1,False,23,0,0,0,0,23,0.0,0.0,0.0,0.0
2,distance<=-8; value_ratio<=2.5; rank<=1,False,2,0,0,0,0,2,0.0,0.0,0.0,0.0
2,distance<=-8; value_ratio<=2.5; signal<=930; rank<=1,False,2,0,0,0,0,2,0.0,0.0,0.0,0.0
2,distance<=-8; value_ratio<=2.5; signal<=940; rank<=1,False,2,0,0,0,0,2,0.0,0.0,0.0,0.0
2,distance<=-8; value_ratio<=2.5; signal<=950; rank<=1,False,2,0,0,0,0,2,0.0,0.0,0.0,0.0
2,distance<=-8; value_ratio<=2.5; close_location>=80; rank<=1,False,2,0,0,0,0,2,0.0,0.0,0.0,0.0
2,distance<=-8; value_ratio<=2.5; close_location>=80; signal<=930; rank<=1,False,2,0,0,0,0,2,0.0,0.0,0.0,0.0
2,distance<=-8; value_ratio<=2.5; close_location>=80; signal<=940; rank<=1,False,2,0,0,0,0,2,0.0,0.0,0.0,0.0
2,distance<=-8; value_ratio<=2.5; close_location>=80; signal<=950; rank<=1,False,2,0,0,0,0,2,0.0,0.0,0.0,0.0
2,distance<=-8; value_ratio<=2.5; close_location>=88; rank<=1,False,2,0,0,0,0,2,0.0,0.0,0.0,0.0
2,distance<=-8; value_ratio<=2.5; close_location>=88; signal<=930; rank<=1,False,2,0,0,0,0,2,0.0,0.0,0.0,0.0
2,distance<=-8; value_ratio<=2.5; close_location>=88; signal<=940; rank<=1,False,2,0,0,0,0,2,0.0,0.0,0.0,0.0
2,distance<=-8; value_ratio<=2.5; close_location>=88; signal<=950; rank<=1,False,2,0,0,0,0,2,0.0,0.0,0.0,0.0
2,distance<=-8; value_ratio<=2.5; close_location>=90; rank<=1,False,1,0,0,0,0,1,0.0,0.0,0.0,0.0
2,distance<=-8; value_ratio<=2.5; close_location>=90; signal<=930; rank<=1,False,1,0,0,0,0,1,0.0,0.0,0.0,0.0
2,distance<=-8; value_ratio<=2.5; close_location>=90; signal<=940; rank<=1,False,1,0,0,0,0,1,0.0,0.0,0.0,0.0
2,distance<=-8; value_ratio<=2.5; close_location>=90; signal<=950; rank<=1,False,1,0,0,0,0,1,0.0,0.0,0.0,0.0
2,distance<=-8; value_ratio<=3; rank<=1,False,6,0,0,0,0,6,0.0,0.0,0.0,0.0
2,distance<=-8; value_ratio<=3; signal<=930; rank<=1,False,6,0,0,0,0,6,0.0,0.0,0.0,0.0
2,distance<=-8; value_ratio<=3; signal<=940; rank<=1,False,6,0,0,0,0,6,0.0,0.0,0.0,0.0
2,distance<=-8; value_ratio<=3; signal<=950; rank<=1,False,6,0,0,0,0,6,0.0,0.0,0.0,0.0
2,distance<=-8; value_ratio<=3; close_location>=80; rank<=1,False,6,0,0,0,0,6,0.0,0.0,0.0,0.0
2,distance<=-8; value_ratio<=3; close_location>=80; signal<=930; rank<=1,False,6,0,0,0,0,6,0.0,0.0,0.0,0.0
2,distance<=-8; value_ratio<=3; close_location>=80; signal<=940; rank<=1,False,6,0,0,0,0,6,0.0,0.0,0.0,0.0
2,distance<=-8; value_ratio<=3; close_location>=80; signal<=950; rank<=1,False,6,0,0,0,0,6,0.0,0.0,0.0,0.0
2,distance<=-8; value_ratio<=3; close_location>=88; rank<=1,False,6,0,0,0,0,6,0.0,0.0,0.0,0.0
2,distance<=-8; value_ratio<=3; close_location>=88; signal<=930; rank<=1,False,6,0,0,0,0,6,0.0,0.0,0.0,0.0
2,distance<=-8; value_ratio<=3; close_location>=88; signal<=940; rank<=1,False,6,0,0,0,0,6,0.0,0.0,0.0,0.0
2,distance<=-8; value_ratio<=3; close_location>=88; signal<=950; rank<=1,False,6,0,0,0,0,6,0.0,0.0,0.0,0.0
2,distance<=-8; value_ratio<=3; close_location>=90; rank<=1,False,5,0,0,0,0,5,0.0,0.0,0.0,0.0
2,distance<=-8; value_ratio<=3; close_location>=90; signal<=930; rank<=1,False,5,0,0,0,0,5,0.0,0.0,0.0,0.0
2,distance<=-8; value_ratio<=3; close_location>=90; signal<=940; rank<=1,False,5,0,0,0,0,5,0.0,0.0,0.0,0.0
2,distance<=-8; value_ratio<=3; close_location>=90; signal<=950; rank<=1,False,5,0,0,0,0,5,0.0,0.0,0.0,0.0
2,distance<=-8; value_ratio<=3.5; rank<=1,False,12,0,0,0,0,12,0.0,0.0,0.0,0.0
2,distance<=-8; value_ratio<=3.5; signal<=930; rank<=1,False,12,0,0,0,0,12,0.0,0.0,0.0,0.0
2,distance<=-8; value_ratio<=3.5; signal<=940; rank<=1,False,12,0,0,0,0,12,0.0,0.0,0.0,0.0
2,distance<=-8; value_ratio<=3.5; signal<=950; rank<=1,False,12,0,0,0,0,12,0.0,0.0,0.0,0.0
2,distance<=-8; value_ratio<=3.5; close_location>=80; rank<=1,False,12,0,0,0,0,12,0.0,0.0,0.0,0.0
2,distance<=-8; value_ratio<=3.5; close_location>=80; signal<=930; rank<=1,False,12,0,0,0,0,12,0.0,0.0,0.0,0.0
2,distance<=-8; value_ratio<=3.5; close_location>=80; signal<=940; rank<=1,False,12,0,0,0,0,12,0.0,0.0,0.0,0.0
2,distance<=-8; value_ratio<=3.5; close_location>=80; signal<=950; rank<=1,False,12,0,0,0,0,12,0.0,0.0,0.0,0.0
2,distance<=-8; value_ratio<=3.5; close_location>=88; rank<=1,False,11,0,0,0,0,11,0.0,0.0,0.0,0.0
2,distance<=-8; value_ratio<=3.5; close_location>=88; signal<=930; rank<=1,False,11,0,0,0,0,11,0.0,0.0,0.0,0.0
2,distance<=-8; value_ratio<=3.5; close_location>=88; signal<=940; rank<=1,False,11,0,0,0,0,11,0.0,0.0,0.0,0.0
2,distance<=-8; value_ratio<=3.5; close_location>=88; signal<=950; rank<=1,False,11,0,0,0,0,11,0.0,0.0,0.0,0.0
2,distance<=-8; value_ratio<=3.5; close_location>=90; rank<=1,False,9,0,0,0,0,9,0.0,0.0,0.0,0.0
2,distance<=-8; value_ratio<=3.5; close_location>=90; signal<=930; rank<=1,False,9,0,0,0,0,9,0.0,0.0,0.0,0.0
2,distance<=-8; value_ratio<=3.5; close_location>=90; signal<=940; rank<=1,False,9,0,0,0,0,9,0.0,0.0,0.0,0.0
2,distance<=-8; value_ratio<=3.5; close_location>=90; signal<=950; rank<=1,False,9,0,0,0,0,9,0.0,0.0,0.0,0.0
2,distance<=-8; value_ratio<=5; close_location>=80; rank<=1,False,27,0,0,0,0,27,0.0,0.0,0.0,0.0
2,distance<=-8; value_ratio<=5; close_location>=80; signal<=930; rank<=1,False,27,0,0,0,0,27,0.0,0.0,0.0,0.0
2,distance<=-8; value_ratio<=5; close_location>=80; signal<=940; rank<=1,False,27,0,0,0,0,27,0.0,0.0,0.0,0.0
2,distance<=-8; value_ratio<=5; close_location>=80; signal<=950; rank<=1,False,27,0,0,0,0,27,0.0,0.0,0.0,0.0
2,distance<=-8; value_ratio<=5; close_location>=88; rank<=1,False,23,0,0,0,0,23,0.0,0.0,0.0,0.0
2,distance<=-8; value_ratio<=5; close_location>=88; signal<=930; rank<=1,False,23,0,0,0,0,23,0.0,0.0,0.0,0.0
2,distance<=-8; value_ratio<=5; close_location>=88; signal<=940; rank<=1,False,23,0,0,0,0,23,0.0,0.0,0.0,0.0
2,distance<=-8; value_ratio<=5; close_location>=88; signal<=950; rank<=1,False,23,0,0,0,0,23,0.0,0.0,0.0,0.0
2,distance<=-8; value_ratio<=5; close_location>=90; rank<=1,False,19,0,0,0,0,19,0.0,0.0,0.0,0.0
2,distance<=-8; value_ratio<=5; close_location>=90; signal<=930; rank<=1,False,19,0,0,0,0,19,0.0,0.0,0.0,0.0
2,distance<=-8; value_ratio<=5; close_location>=90; signal<=940; rank<=1,False,19,0,0,0,0,19,0.0,0.0,0.0,0.0
2,distance<=-8; value_ratio<=5; close_location>=90; signal<=950; rank<=1,False,19,0,0,0,0,19,0.0,0.0,0.0,0.0
2,distance<=-10; signal<=930; rank<=1,False,31,0,0,0,0,31,0.0,0.0,0.0,0.0
2,distance<=-10; close_location>=80; rank<=1,False,26,0,0,0,0,26,0.0,0.0,0.0,0.0
2,distance<=-10; close_location>=80; signal<=930; rank<=1,False,26,0,0,0,0,26,0.0,0.0,0.0,0.0
2,distance<=-10; close_location>=80; signal<=940; rank<=1,False,26,0,0,0,0,26,0.0,0.0,0.0,0.0
2,distance<=-10; close_location>=80; signal<=950; rank<=1,False,26,0,0,0,0,26,0.0,0.0,0.0,0.0
2,distance<=-10; close_location>=88; rank<=1,False,23,0,0,0,0,23,0.0,0.0,0.0,0.0
2,distance<=-10; close_location>=88; signal<=930; rank<=1,False,23,0,0,0,0,23,0.0,0.0,0.0,0.0
2,distance<=-10; close_location>=88; signal<=940; rank<=1,False,23,0,0,0,0,23,0.0,0.0,0.0,0.0
2,distance<=-10; close_location>=88; signal<=950; rank<=1,False,23,0,0,0,0,23,0.0,0.0,0.0,0.0
2,distance<=-10; close_location>=90; rank<=1,False,19,0,0,0,0,19,0.0,0.0,0.0,0.0
2,distance<=-10; close_location>=90; signal<=930; rank<=1,False,19,0,0,0,0,19,0.0,0.0,0.0,0.0
2,distance<=-10; close_location>=90; signal<=940; rank<=1,False,19,0,0,0,0,19,0.0,0.0,0.0,0.0
2,distance<=-10; close_location>=90; signal<=950; rank<=1,False,19,0,0,0,0,19,0.0,0.0,0.0,0.0
2,distance<=-10; value_ratio<=2.5; rank<=1,False,2,0,0,0,0,2,0.0,0.0,0.0,0.0
2,distance<=-10; value_ratio<=2.5; signal<=930; rank<=1,False,2,0,0,0,0,2,0.0,0.0,0.0,0.0
2,distance<=-10; value_ratio<=2.5; signal<=940; rank<=1,False,2,0,0,0,0,2,0.0,0.0,0.0,0.0
2,distance<=-10; value_ratio<=2.5; signal<=950; rank<=1,False,2,0,0,0,0,2,0.0,0.0,0.0,0.0
2,distance<=-10; value_ratio<=2.5; close_location>=80; rank<=1,False,2,0,0,0,0,2,0.0,0.0,0.0,0.0
2,distance<=-10; value_ratio<=2.5; close_location>=80; signal<=930; rank<=1,False,2,0,0,0,0,2,0.0,0.0,0.0,0.0
2,distance<=-10; value_ratio<=2.5; close_location>=80; signal<=940; rank<=1,False,2,0,0,0,0,2,0.0,0.0,0.0,0.0
2,distance<=-10; value_ratio<=2.5; close_location>=80; signal<=950; rank<=1,False,2,0,0,0,0,2,0.0,0.0,0.0,0.0
2,distance<=-10; value_ratio<=2.5; close_location>=88; rank<=1,False,2,0,0,0,0,2,0.0,0.0,0.0,0.0
2,distance<=-10; value_ratio<=2.5; close_location>=88; signal<=930; rank<=1,False,2,0,0,0,0,2,0.0,0.0,0.0,0.0
2,distance<=-10; value_ratio<=2.5; close_location>=88; signal<=940; rank<=1,False,2,0,0,0,0,2,0.0,0.0,0.0,0.0
2,distance<=-10; value_ratio<=2.5; close_location>=88; signal<=950; rank<=1,False,2,0,0,0,0,2,0.0,0.0,0.0,0.0
2,distance<=-10; value_ratio<=2.5; close_location>=90; rank<=1,False,1,0,0,0,0,1,0.0,0.0,0.0,0.0
2,distance<=-10; value_ratio<=2.5; close_location>=90; signal<=930; rank<=1,False,1,0,0,0,0,1,0.0,0.0,0.0,0.0
2,distance<=-10; value_ratio<=2.5; close_location>=90; signal<=940; rank<=1,False,1,0,0,0,0,1,0.0,0.0,0.0,0.0
2,distance<=-10; value_ratio<=2.5; close_location>=90; signal<=950; rank<=1,False,1,0,0,0,0,1,0.0,0.0,0.0,0.0
2,distance<=-10; value_ratio<=3; rank<=1,False,6,0,0,0,0,6,0.0,0.0,0.0,0.0
2,distance<=-10; value_ratio<=3; signal<=930; rank<=1,False,6,0,0,0,0,6,0.0,0.0,0.0,0.0
2,distance<=-10; value_ratio<=3; signal<=940; rank<=1,False,6,0,0,0,0,6,0.0,0.0,0.0,0.0
2,distance<=-10; value_ratio<=3; signal<=950; rank<=1,False,6,0,0,0,0,6,0.0,0.0,0.0,0.0
2,distance<=-10; value_ratio<=3; close_location>=80; rank<=1,False,6,0,0,0,0,6,0.0,0.0,0.0,0.0
2,distance<=-10; value_ratio<=3; close_location>=80; signal<=930; rank<=1,False,6,0,0,0,0,6,0.0,0.0,0.0,0.0
2,distance<=-10; value_ratio<=3; close_location>=80; signal<=940; rank<=1,False,6,0,0,0,0,6,0.0,0.0,0.0,0.0
2,distance<=-10; value_ratio<=3; close_location>=80; signal<=950; rank<=1,False,6,0,0,0,0,6,0.0,0.0,0.0,0.0
2,distance<=-10; value_ratio<=3; close_location>=88; rank<=1,False,6,0,0,0,0,6,0.0,0.0,0.0,0.0
2,distance<=-10; value_ratio<=3; close_location>=88; signal<=930; rank<=1,False,6,0,0,0,0,6,0.0,0.0,0.0,0.0
2,distance<=-10; value_ratio<=3; close_location>=88; signal<=940; rank<=1,False,6,0,0,0,0,6,0.0,0.0,0.0,0.0
2,distance<=-10; value_ratio<=3; close_location>=88; signal<=950; rank<=1,False,6,0,0,0,0,6,0.0,0.0,0.0,0.0
2,distance<=-10; value_ratio<=3; close_location>=90; rank<=1,False,5,0,0,0,0,5,0.0,0.0,0.0,0.0
2,distance<=-10; value_ratio<=3; close_location>=90; signal<=930; rank<=1,False,5,0,0,0,0,5,0.0,0.0,0.0,0.0
2,distance<=-10; value_ratio<=3; close_location>=90; signal<=940; rank<=1,False,5,0,0,0,0,5,0.0,0.0,0.0,0.0
2,distance<=-10; value_ratio<=3; close_location>=90; signal<=950; rank<=1,False,5,0,0,0,0,5,0.0,0.0,0.0,0.0
2,distance<=-10; value_ratio<=3.5; rank<=1,False,8,0,0,0,0,8,0.0,0.0,0.0,0.0
2,distance<=-10; value_ratio<=3.5; signal<=930; rank<=1,False,8,0,0,0,0,8,0.0,0.0,0.0,0.0
2,distance<=-10; value_ratio<=3.5; signal<=940; rank<=1,False,8,0,0,0,0,8,0.0,0.0,0.0,0.0
2,distance<=-10; value_ratio<=3.5; signal<=950; rank<=1,False,8,0,0,0,0,8,0.0,0.0,0.0,0.0
2,distance<=-10; value_ratio<=3.5; close_location>=80; rank<=1,False,8,0,0,0,0,8,0.0,0.0,0.0,0.0
2,distance<=-10; value_ratio<=3.5; close_location>=80; signal<=930; rank<=1,False,8,0,0,0,0,8,0.0,0.0,0.0,0.0
2,distance<=-10; value_ratio<=3.5; close_location>=80; signal<=940; rank<=1,False,8,0,0,0,0,8,0.0,0.0,0.0,0.0
2,distance<=-10; value_ratio<=3.5; close_location>=80; signal<=950; rank<=1,False,8,0,0,0,0,8,0.0,0.0,0.0,0.0
2,distance<=-10; value_ratio<=3.5; close_location>=88; rank<=1,False,8,0,0,0,0,8,0.0,0.0,0.0,0.0
2,distance<=-10; value_ratio<=3.5; close_location>=88; signal<=930; rank<=1,False,8,0,0,0,0,8,0.0,0.0,0.0,0.0
2,distance<=-10; value_ratio<=3.5; close_location>=88; signal<=940; rank<=1,False,8,0,0,0,0,8,0.0,0.0,0.0,0.0
2,distance<=-10; value_ratio<=3.5; close_location>=88; signal<=950; rank<=1,False,8,0,0,0,0,8,0.0,0.0,0.0,0.0
2,distance<=-10; value_ratio<=3.5; close_location>=90; rank<=1,False,6,0,0,0,0,6,0.0,0.0,0.0,0.0
2,distance<=-10; value_ratio<=3.5; close_location>=90; signal<=930; rank<=1,False,6,0,0,0,0,6,0.0,0.0,0.0,0.0
2,distance<=-10; value_ratio<=3.5; close_location>=90; signal<=940; rank<=1,False,6,0,0,0,0,6,0.0,0.0,0.0,0.0
2,distance<=-10; value_ratio<=3.5; close_location>=90; signal<=950; rank<=1,False,6,0,0,0,0,6,0.0,0.0,0.0,0.0
2,distance<=-10; value_ratio<=5; rank<=1,False,22,0,0,0,0,22,0.0,0.0,0.0,0.0
2,distance<=-10; value_ratio<=5; signal<=930; rank<=1,False,22,0,0,0,0,22,0.0,0.0,0.0,0.0
2,distance<=-10; value_ratio<=5; signal<=940; rank<=1,False,22,0,0,0,0,22,0.0,0.0,0.0,0.0
2,distance<=-10; value_ratio<=5; signal<=950; rank<=1,False,22,0,0,0,0,22,0.0,0.0,0.0,0.0
2,distance<=-10; value_ratio<=5; close_location>=80; rank<=1,False,21,0,0,0,0,21,0.0,0.0,0.0,0.0
2,distance<=-10; value_ratio<=5; close_location>=80; signal<=930; rank<=1,False,21,0,0,0,0,21,0.0,0.0,0.0,0.0
2,distance<=-10; value_ratio<=5; close_location>=80; signal<=940; rank<=1,False,21,0,0,0,0,21,0.0,0.0,0.0,0.0
2,distance<=-10; value_ratio<=5; close_location>=80; signal<=950; rank<=1,False,21,0,0,0,0,21,0.0,0.0,0.0,0.0
2,distance<=-10; value_ratio<=5; close_location>=88; rank<=1,False,19,0,0,0,0,19,0.0,0.0,0.0,0.0
2,distance<=-10; value_ratio<=5; close_location>=88; signal<=930; rank<=1,False,19,0,0,0,0,19,0.0,0.0,0.0,0.0
2,distance<=-10; value_ratio<=5; close_location>=88; signal<=940; rank<=1,False,19,0,0,0,0,19,0.0,0.0,0.0,0.0
2,distance<=-10; value_ratio<=5; close_location>=88; signal<=950; rank<=1,False,19,0,0,0,0,19,0.0,0.0,0.0,0.0
2,distance<=-10; value_ratio<=5; close_location>=90; rank<=1,False,15,0,0,0,0,15,0.0,0.0,0.0,0.0
2,distance<=-10; value_ratio<=5; close_location>=90; signal<=930; rank<=1,False,15,0,0,0,0,15,0.0,0.0,0.0,0.0
2,distance<=-10; value_ratio<=5; close_location>=90; signal<=940; rank<=1,False,15,0,0,0,0,15,0.0,0.0,0.0,0.0
2,distance<=-10; value_ratio<=5; close_location>=90; signal<=950; rank<=1,False,15,0,0,0,0,15,0.0,0.0,0.0,0.0
2,distance<=-12; signal<=930; rank<=1,False,26,0,0,0,0,26,0.0,0.0,0.0,0.0
2,distance<=-12; close_location>=80; rank<=1,False,22,0,0,0,0,22,0.0,0.0,0.0,0.0
2,distance<=-12; close_location>=80; signal<=930; rank<=1,False,22,0,0,0,0,22,0.0,0.0,0.0,0.0
2,distance<=-12; close_location>=80; signal<=940; rank<=1,False,22,0,0,0,0,22,0.0,0.0,0.0,0.0
2,distance<=-12; close_location>=80; signal<=950; rank<=1,False,22,0,0,0,0,22,0.0,0.0,0.0,0.0
2,distance<=-12; close_location>=88; rank<=1,False,19,0,0,0,0,19,0.0,0.0,0.0,0.0
2,distance<=-12; close_location>=88; signal<=930; rank<=1,False,19,0,0,0,0,19,0.0,0.0,0.0,0.0
2,distance<=-12; close_location>=88; signal<=940; rank<=1,False,19,0,0,0,0,19,0.0,0.0,0.0,0.0
2,distance<=-12; close_location>=88; signal<=950; rank<=1,False,19,0,0,0,0,19,0.0,0.0,0.0,0.0
2,distance<=-12; close_location>=90; rank<=1,False,15,0,0,0,0,15,0.0,0.0,0.0,0.0
2,distance<=-12; close_location>=90; signal<=930; rank<=1,False,15,0,0,0,0,15,0.0,0.0,0.0,0.0
2,distance<=-12; close_location>=90; signal<=940; rank<=1,False,15,0,0,0,0,15,0.0,0.0,0.0,0.0
2,distance<=-12; close_location>=90; signal<=950; rank<=1,False,15,0,0,0,0,15,0.0,0.0,0.0,0.0
2,distance<=-12; value_ratio<=2.5; rank<=1,False,2,0,0,0,0,2,0.0,0.0,0.0,0.0
2,distance<=-12; value_ratio<=2.5; signal<=930; rank<=1,False,2,0,0,0,0,2,0.0,0.0,0.0,0.0
2,distance<=-12; value_ratio<=2.5; signal<=940; rank<=1,False,2,0,0,0,0,2,0.0,0.0,0.0,0.0
2,distance<=-12; value_ratio<=2.5; signal<=950; rank<=1,False,2,0,0,0,0,2,0.0,0.0,0.0,0.0
2,distance<=-12; value_ratio<=2.5; close_location>=80; rank<=1,False,2,0,0,0,0,2,0.0,0.0,0.0,0.0
2,distance<=-12; value_ratio<=2.5; close_location>=80; signal<=930; rank<=1,False,2,0,0,0,0,2,0.0,0.0,0.0,0.0
2,distance<=-12; value_ratio<=2.5; close_location>=80; signal<=940; rank<=1,False,2,0,0,0,0,2,0.0,0.0,0.0,0.0
2,distance<=-12; value_ratio<=2.5; close_location>=80; signal<=950; rank<=1,False,2,0,0,0,0,2,0.0,0.0,0.0,0.0
2,distance<=-12; value_ratio<=2.5; close_location>=88; rank<=1,False,2,0,0,0,0,2,0.0,0.0,0.0,0.0
2,distance<=-12; value_ratio<=2.5; close_location>=88; signal<=930; rank<=1,False,2,0,0,0,0,2,0.0,0.0,0.0,0.0
2,distance<=-12; value_ratio<=2.5; close_location>=88; signal<=940; rank<=1,False,2,0,0,0,0,2,0.0,0.0,0.0,0.0
2,distance<=-12; value_ratio<=2.5; close_location>=88; signal<=950; rank<=1,False,2,0,0,0,0,2,0.0,0.0,0.0,0.0
2,distance<=-12; value_ratio<=2.5; close_location>=90; rank<=1,False,1,0,0,0,0,1,0.0,0.0,0.0,0.0
2,distance<=-12; value_ratio<=2.5; close_location>=90; signal<=930; rank<=1,False,1,0,0,0,0,1,0.0,0.0,0.0,0.0
2,distance<=-12; value_ratio<=2.5; close_location>=90; signal<=940; rank<=1,False,1,0,0,0,0,1,0.0,0.0,0.0,0.0
2,distance<=-12; value_ratio<=2.5; close_location>=90; signal<=950; rank<=1,False,1,0,0,0,0,1,0.0,0.0,0.0,0.0
2,distance<=-12; value_ratio<=3; rank<=1,False,5,0,0,0,0,5,0.0,0.0,0.0,0.0
2,distance<=-12; value_ratio<=3; signal<=930; rank<=1,False,5,0,0,0,0,5,0.0,0.0,0.0,0.0
2,distance<=-12; value_ratio<=3; signal<=940; rank<=1,False,5,0,0,0,0,5,0.0,0.0,0.0,0.0
2,distance<=-12; value_ratio<=3; signal<=950; rank<=1,False,5,0,0,0,0,5,0.0,0.0,0.0,0.0
2,distance<=-12; value_ratio<=3; close_location>=80; rank<=1,False,5,0,0,0,0,5,0.0,0.0,0.0,0.0
2,distance<=-12; value_ratio<=3; close_location>=80; signal<=930; rank<=1,False,5,0,0,0,0,5,0.0,0.0,0.0,0.0
2,distance<=-12; value_ratio<=3; close_location>=80; signal<=940; rank<=1,False,5,0,0,0,0,5,0.0,0.0,0.0,0.0
2,distance<=-12; value_ratio<=3; close_location>=80; signal<=950; rank<=1,False,5,0,0,0,0,5,0.0,0.0,0.0,0.0
2,distance<=-12; value_ratio<=3; close_location>=88; rank<=1,False,5,0,0,0,0,5,0.0,0.0,0.0,0.0
2,distance<=-12; value_ratio<=3; close_location>=88; signal<=930; rank<=1,False,5,0,0,0,0,5,0.0,0.0,0.0,0.0
2,distance<=-12; value_ratio<=3; close_location>=88; signal<=940; rank<=1,False,5,0,0,0,0,5,0.0,0.0,0.0,0.0
2,distance<=-12; value_ratio<=3; close_location>=88; signal<=950; rank<=1,False,5,0,0,0,0,5,0.0,0.0,0.0,0.0
2,distance<=-12; value_ratio<=3; close_location>=90; rank<=1,False,4,0,0,0,0,4,0.0,0.0,0.0,0.0
2,distance<=-12; value_ratio<=3; close_location>=90; signal<=930; rank<=1,False,4,0,0,0,0,4,0.0,0.0,0.0,0.0
2,distance<=-12; value_ratio<=3; close_location>=90; signal<=940; rank<=1,False,4,0,0,0,0,4,0.0,0.0,0.0,0.0
2,distance<=-12; value_ratio<=3; close_location>=90; signal<=950; rank<=1,False,4,0,0,0,0,4,0.0,0.0,0.0,0.0
2,distance<=-12; value_ratio<=3.5; rank<=1,False,7,0,0,0,0,7,0.0,0.0,0.0,0.0
2,distance<=-12; value_ratio<=3.5; signal<=930; rank<=1,False,7,0,0,0,0,7,0.0,0.0,0.0,0.0
2,distance<=-12; value_ratio<=3.5; signal<=940; rank<=1,False,7,0,0,0,0,7,0.0,0.0,0.0,0.0
2,distance<=-12; value_ratio<=3.5; signal<=950; rank<=1,False,7,0,0,0,0,7,0.0,0.0,0.0,0.0
2,distance<=-12; value_ratio<=3.5; close_location>=80; rank<=1,False,7,0,0,0,0,7,0.0,0.0,0.0,0.0
2,distance<=-12; value_ratio<=3.5; close_location>=80; signal<=930; rank<=1,False,7,0,0,0,0,7,0.0,0.0,0.0,0.0
2,distance<=-12; value_ratio<=3.5; close_location>=80; signal<=940; rank<=1,False,7,0,0,0,0,7,0.0,0.0,0.0,0.0
2,distance<=-12; value_ratio<=3.5; close_location>=80; signal<=950; rank<=1,False,7,0,0,0,0,7,0.0,0.0,0.0,0.0
2,distance<=-12; value_ratio<=3.5; close_location>=88; rank<=1,False,7,0,0,0,0,7,0.0,0.0,0.0,0.0
2,distance<=-12; value_ratio<=3.5; close_location>=88; signal<=930; rank<=1,False,7,0,0,0,0,7,0.0,0.0,0.0,0.0
2,distance<=-12; value_ratio<=3.5; close_location>=88; signal<=940; rank<=1,False,7,0,0,0,0,7,0.0,0.0,0.0,0.0
2,distance<=-12; value_ratio<=3.5; close_location>=88; signal<=950; rank<=1,False,7,0,0,0,0,7,0.0,0.0,0.0,0.0
2,distance<=-12; value_ratio<=3.5; close_location>=90; rank<=1,False,5,0,0,0,0,5,0.0,0.0,0.0,0.0
2,distance<=-12; value_ratio<=3.5; close_location>=90; signal<=930; rank<=1,False,5,0,0,0,0,5,0.0,0.0,0.0,0.0
2,distance<=-12; value_ratio<=3.5; close_location>=90; signal<=940; rank<=1,False,5,0,0,0,0,5,0.0,0.0,0.0,0.0
2,distance<=-12; value_ratio<=3.5; close_location>=90; signal<=950; rank<=1,False,5,0,0,0,0,5,0.0,0.0,0.0,0.0
2,distance<=-12; value_ratio<=5; rank<=1,False,18,0,0,0,0,18,0.0,0.0,0.0,0.0
2,distance<=-12; value_ratio<=5; signal<=930; rank<=1,False,18,0,0,0,0,18,0.0,0.0,0.0,0.0
2,distance<=-12; value_ratio<=5; signal<=940; rank<=1,False,18,0,0,0,0,18,0.0,0.0,0.0,0.0
2,distance<=-12; value_ratio<=5; signal<=950; rank<=1,False,18,0,0,0,0,18,0.0,0.0,0.0,0.0
2,distance<=-12; value_ratio<=5; close_location>=80; rank<=1,False,17,0,0,0,0,17,0.0,0.0,0.0,0.0
2,distance<=-12; value_ratio<=5; close_location>=80; signal<=930; rank<=1,False,17,0,0,0,0,17,0.0,0.0,0.0,0.0
2,distance<=-12; value_ratio<=5; close_location>=80; signal<=940; rank<=1,False,17,0,0,0,0,17,0.0,0.0,0.0,0.0
2,distance<=-12; value_ratio<=5; close_location>=80; signal<=950; rank<=1,False,17,0,0,0,0,17,0.0,0.0,0.0,0.0
2,distance<=-12; value_ratio<=5; close_location>=88; rank<=1,False,15,0,0,0,0,15,0.0,0.0,0.0,0.0
2,distance<=-12; value_ratio<=5; close_location>=88; signal<=930; rank<=1,False,15,0,0,0,0,15,0.0,0.0,0.0,0.0
2,distance<=-12; value_ratio<=5; close_location>=88; signal<=940; rank<=1,False,15,0,0,0,0,15,0.0,0.0,0.0,0.0
2,distance<=-12; value_ratio<=5; close_location>=88; signal<=950; rank<=1,False,15,0,0,0,0,15,0.0,0.0,0.0,0.0
2,distance<=-12; value_ratio<=5; close_location>=90; rank<=1,False,11,0,0,0,0,11,0.0,0.0,0.0,0.0
2,distance<=-12; value_ratio<=5; close_location>=90; signal<=930; rank<=1,False,11,0,0,0,0,11,0.0,0.0,0.0,0.0
2,distance<=-12; value_ratio<=5; close_location>=90; signal<=940; rank<=1,False,11,0,0,0,0,11,0.0,0.0,0.0,0.0
2,distance<=-12; value_ratio<=5; close_location>=90; signal<=950; rank<=1,False,11,0,0,0,0,11,0.0,0.0,0.0,0.0
2,distance<=-15; signal<=930; rank<=1,False,20,0,0,0,0,20,0.0,0.0,0.0,0.0
2,distance<=-15; close_location>=80; rank<=1,False,16,0,0,0,0,16,0.0,0.0,0.0,0.0
2,distance<=-15; close_location>=80; signal<=930; rank<=1,False,16,0,0,0,0,16,0.0,0.0,0.0,0.0
2,distance<=-15; close_location>=80; signal<=940; rank<=1,False,16,0,0,0,0,16,0.0,0.0,0.0,0.0
2,distance<=-15; close_location>=80; signal<=950; rank<=1,False,16,0,0,0,0,16,0.0,0.0,0.0,0.0
2,distance<=-15; close_location>=88; rank<=1,False,14,0,0,0,0,14,0.0,0.0,0.0,0.0
2,distance<=-15; close_location>=88; signal<=930; rank<=1,False,14,0,0,0,0,14,0.0,0.0,0.0,0.0
2,distance<=-15; close_location>=88; signal<=940; rank<=1,False,14,0,0,0,0,14,0.0,0.0,0.0,0.0
2,distance<=-15; close_location>=88; signal<=950; rank<=1,False,14,0,0,0,0,14,0.0,0.0,0.0,0.0
2,distance<=-15; close_location>=90; rank<=1,False,10,0,0,0,0,10,0.0,0.0,0.0,0.0
2,distance<=-15; close_location>=90; signal<=930; rank<=1,False,10,0,0,0,0,10,0.0,0.0,0.0,0.0
2,distance<=-15; close_location>=90; signal<=940; rank<=1,False,10,0,0,0,0,10,0.0,0.0,0.0,0.0
2,distance<=-15; close_location>=90; signal<=950; rank<=1,False,10,0,0,0,0,10,0.0,0.0,0.0,0.0
2,distance<=-15; value_ratio<=2.5; rank<=1,False,2,0,0,0,0,2,0.0,0.0,0.0,0.0
2,distance<=-15; value_ratio<=2.5; signal<=930; rank<=1,False,2,0,0,0,0,2,0.0,0.0,0.0,0.0
2,distance<=-15; value_ratio<=2.5; signal<=940; rank<=1,False,2,0,0,0,0,2,0.0,0.0,0.0,0.0
2,distance<=-15; value_ratio<=2.5; signal<=950; rank<=1,False,2,0,0,0,0,2,0.0,0.0,0.0,0.0
2,distance<=-15; value_ratio<=2.5; close_location>=80; rank<=1,False,2,0,0,0,0,2,0.0,0.0,0.0,0.0
2,distance<=-15; value_ratio<=2.5; close_location>=80; signal<=930; rank<=1,False,2,0,0,0,0,2,0.0,0.0,0.0,0.0
2,distance<=-15; value_ratio<=2.5; close_location>=80; signal<=940; rank<=1,False,2,0,0,0,0,2,0.0,0.0,0.0,0.0
2,distance<=-15; value_ratio<=2.5; close_location>=80; signal<=950; rank<=1,False,2,0,0,0,0,2,0.0,0.0,0.0,0.0
2,distance<=-15; value_ratio<=2.5; close_location>=88; rank<=1,False,2,0,0,0,0,2,0.0,0.0,0.0,0.0
2,distance<=-15; value_ratio<=2.5; close_location>=88; signal<=930; rank<=1,False,2,0,0,0,0,2,0.0,0.0,0.0,0.0
2,distance<=-15; value_ratio<=2.5; close_location>=88; signal<=940; rank<=1,False,2,0,0,0,0,2,0.0,0.0,0.0,0.0
2,distance<=-15; value_ratio<=2.5; close_location>=88; signal<=950; rank<=1,False,2,0,0,0,0,2,0.0,0.0,0.0,0.0
2,distance<=-15; value_ratio<=2.5; close_location>=90; rank<=1,False,1,0,0,0,0,1,0.0,0.0,0.0,0.0
2,distance<=-15; value_ratio<=2.5; close_location>=90; signal<=930; rank<=1,False,1,0,0,0,0,1,0.0,0.0,0.0,0.0
2,distance<=-15; value_ratio<=2.5; close_location>=90; signal<=940; rank<=1,False,1,0,0,0,0,1,0.0,0.0,0.0,0.0
2,distance<=-15; value_ratio<=2.5; close_location>=90; signal<=950; rank<=1,False,1,0,0,0,0,1,0.0,0.0,0.0,0.0
2,distance<=-15; value_ratio<=3; rank<=1,False,5,0,0,0,0,5,0.0,0.0,0.0,0.0
2,distance<=-15; value_ratio<=3; signal<=930; rank<=1,False,5,0,0,0,0,5,0.0,0.0,0.0,0.0
2,distance<=-15; value_ratio<=3; signal<=940; rank<=1,False,5,0,0,0,0,5,0.0,0.0,0.0,0.0
2,distance<=-15; value_ratio<=3; signal<=950; rank<=1,False,5,0,0,0,0,5,0.0,0.0,0.0,0.0
2,distance<=-15; value_ratio<=3; close_location>=80; rank<=1,False,5,0,0,0,0,5,0.0,0.0,0.0,0.0
2,distance<=-15; value_ratio<=3; close_location>=80; signal<=930; rank<=1,False,5,0,0,0,0,5,0.0,0.0,0.0,0.0
2,distance<=-15; value_ratio<=3; close_location>=80; signal<=940; rank<=1,False,5,0,0,0,0,5,0.0,0.0,0.0,0.0
2,distance<=-15; value_ratio<=3; close_location>=80; signal<=950; rank<=1,False,5,0,0,0,0,5,0.0,0.0,0.0,0.0
2,distance<=-15; value_ratio<=3; close_location>=88; rank<=1,False,5,0,0,0,0,5,0.0,0.0,0.0,0.0
2,distance<=-15; value_ratio<=3; close_location>=88; signal<=930; rank<=1,False,5,0,0,0,0,5,0.0,0.0,0.0,0.0
2,distance<=-15; value_ratio<=3; close_location>=88; signal<=940; rank<=1,False,5,0,0,0,0,5,0.0,0.0,0.0,0.0
2,distance<=-15; value_ratio<=3; close_location>=88; signal<=950; rank<=1,False,5,0,0,0,0,5,0.0,0.0,0.0,0.0
2,distance<=-15; value_ratio<=3; close_location>=90; rank<=1,False,4,0,0,0,0,4,0.0,0.0,0.0,0.0
2,distance<=-15; value_ratio<=3; close_location>=90; signal<=930; rank<=1,False,4,0,0,0,0,4,0.0,0.0,0.0,0.0
2,distance<=-15; value_ratio<=3; close_location>=90; signal<=940; rank<=1,False,4,0,0,0,0,4,0.0,0.0,0.0,0.0
2,distance<=-15; value_ratio<=3; close_location>=90; signal<=950; rank<=1,False,4,0,0,0,0,4,0.0,0.0,0.0,0.0
2,distance<=-15; value_ratio<=3.5; rank<=1,False,7,0,0,0,0,7,0.0,0.0,0.0,0.0
2,distance<=-15; value_ratio<=3.5; signal<=930; rank<=1,False,7,0,0,0,0,7,0.0,0.0,0.0,0.0
2,distance<=-15; value_ratio<=3.5; signal<=940; rank<=1,False,7,0,0,0,0,7,0.0,0.0,0.0,0.0
2,distance<=-15; value_ratio<=3.5; signal<=950; rank<=1,False,7,0,0,0,0,7,0.0,0.0,0.0,0.0
2,distance<=-15; value_ratio<=3.5; close_location>=80; rank<=1,False,7,0,0,0,0,7,0.0,0.0,0.0,0.0
2,distance<=-15; value_ratio<=3.5; close_location>=80; signal<=930; rank<=1,False,7,0,0,0,0,7,0.0,0.0,0.0,0.0
2,distance<=-15; value_ratio<=3.5; close_location>=80; signal<=940; rank<=1,False,7,0,0,0,0,7,0.0,0.0,0.0,0.0
2,distance<=-15; value_ratio<=3.5; close_location>=80; signal<=950; rank<=1,False,7,0,0,0,0,7,0.0,0.0,0.0,0.0
2,distance<=-15; value_ratio<=3.5; close_location>=88; rank<=1,False,7,0,0,0,0,7,0.0,0.0,0.0,0.0
2,distance<=-15; value_ratio<=3.5; close_location>=88; signal<=930; rank<=1,False,7,0,0,0,0,7,0.0,0.0,0.0,0.0
2,distance<=-15; value_ratio<=3.5; close_location>=88; signal<=940; rank<=1,False,7,0,0,0,0,7,0.0,0.0,0.0,0.0
2,distance<=-15; value_ratio<=3.5; close_location>=88; signal<=950; rank<=1,False,7,0,0,0,0,7,0.0,0.0,0.0,0.0
2,distance<=-15; value_ratio<=3.5; close_location>=90; rank<=1,False,5,0,0,0,0,5,0.0,0.0,0.0,0.0
2,distance<=-15; value_ratio<=3.5; close_location>=90; signal<=930; rank<=1,False,5,0,0,0,0,5,0.0,0.0,0.0,0.0
2,distance<=-15; value_ratio<=3.5; close_location>=90; signal<=940; rank<=1,False,5,0,0,0,0,5,0.0,0.0,0.0,0.0
2,distance<=-15; value_ratio<=3.5; close_location>=90; signal<=950; rank<=1,False,5,0,0,0,0,5,0.0,0.0,0.0,0.0
2,distance<=-15; value_ratio<=5; rank<=1,False,14,0,0,0,0,14,0.0,0.0,0.0,0.0
2,distance<=-15; value_ratio<=5; signal<=930; rank<=1,False,14,0,0,0,0,14,0.0,0.0,0.0,0.0
2,distance<=-15; value_ratio<=5; signal<=940; rank<=1,False,14,0,0,0,0,14,0.0,0.0,0.0,0.0
2,distance<=-15; value_ratio<=5; signal<=950; rank<=1,False,14,0,0,0,0,14,0.0,0.0,0.0,0.0
2,distance<=-15; value_ratio<=5; close_location>=80; rank<=1,False,13,0,0,0,0,13,0.0,0.0,0.0,0.0
2,distance<=-15; value_ratio<=5; close_location>=80; signal<=930; rank<=1,False,13,0,0,0,0,13,0.0,0.0,0.0,0.0
2,distance<=-15; value_ratio<=5; close_location>=80; signal<=940; rank<=1,False,13,0,0,0,0,13,0.0,0.0,0.0,0.0
2,distance<=-15; value_ratio<=5; close_location>=80; signal<=950; rank<=1,False,13,0,0,0,0,13,0.0,0.0,0.0,0.0
2,distance<=-15; value_ratio<=5; close_location>=88; rank<=1,False,12,0,0,0,0,12,0.0,0.0,0.0,0.0
2,distance<=-15; value_ratio<=5; close_location>=88; signal<=930; rank<=1,False,12,0,0,0,0,12,0.0,0.0,0.0,0.0
2,distance<=-15; value_ratio<=5; close_location>=88; signal<=940; rank<=1,False,12,0,0,0,0,12,0.0,0.0,0.0,0.0
2,distance<=-15; value_ratio<=5; close_location>=88; signal<=950; rank<=1,False,12,0,0,0,0,12,0.0,0.0,0.0,0.0
2,distance<=-15; value_ratio<=5; close_location>=90; rank<=1,False,8,0,0,0,0,8,0.0,0.0,0.0,0.0
2,distance<=-15; value_ratio<=5; close_location>=90; signal<=930; rank<=1,False,8,0,0,0,0,8,0.0,0.0,0.0,0.0
2,distance<=-15; value_ratio<=5; close_location>=90; signal<=940; rank<=1,False,8,0,0,0,0,8,0.0,0.0,0.0,0.0
2,distance<=-15; value_ratio<=5; close_location>=90; signal<=950; rank<=1,False,8,0,0,0,0,8,0.0,0.0,0.0,0.0
3,close_location>=80,True,115,8,5,1,2,107,62.5,4.35,30.57,0.571
3,close_location>=80; rank<=2,True,115,8,5,1,2,107,62.5,4.35,30.57,0.571
3,close_location>=80; signal<=950,True,115,8,5,1,2,107,62.5,4.35,30.57,0.571
3,close_location>=80; signal<=950; rank<=2,True,115,8,5,1,2,107,62.5,4.35,30.57,0.571
3,value_ratio<=3.5,True,87,9,4,2,3,78,44.44,4.6,18.88,0.211
3,value_ratio<=3.5; rank<=2,True,87,9,4,2,3,78,44.44,4.6,18.88,0.211
3,value_ratio<=3.5; signal<=950,True,87,9,4,2,3,78,44.44,4.6,18.88,0.211
3,value_ratio<=3.5; signal<=950; rank<=2,True,87,9,4,2,3,78,44.44,4.6,18.88,0.211
3,base,True,160,13,5,4,4,147,38.46,3.12,17.71,-0.013
3,rank<=2,True,160,13,5,4,4,147,38.46,3.12,17.71,-0.013
3,signal<=950,True,160,13,5,4,4,147,38.46,3.12,17.71,-0.013
3,signal<=950; rank<=2,True,160,13,5,4,4,147,38.46,3.12,17.71,-0.013
3,value_ratio<=5,True,134,11,4,3,4,123,36.36,2.99,15.17,0.012
3,value_ratio<=5; rank<=2,True,134,11,4,3,4,123,36.36,2.99,15.17,0.012
3,value_ratio<=5; signal<=950,True,134,11,4,3,4,123,36.36,2.99,15.17,0.012
3,value_ratio<=5; signal<=950; rank<=2,True,134,11,4,3,4,123,36.36,2.99,15.17,0.012
3,distance<=-3,True,126,11,4,4,3,115,36.36,3.17,15.17,-0.052
3,distance<=-3; rank<=2,True,126,11,4,4,3,115,36.36,3.17,15.17,-0.052
3,distance<=-3; signal<=950,True,126,11,4,4,3,115,36.36,3.17,15.17,-0.052
3,distance<=-3; signal<=950; rank<=2,True,126,11,4,4,3,115,36.36,3.17,15.17,-0.052
3,distance<=-5,True,118,11,4,4,3,107,36.36,3.39,15.17,-0.052
3,distance<=-5; rank<=2,True,118,11,4,4,3,107,36.36,3.39,15.17,-0.052
3,distance<=-5; signal<=950,True,118,11,4,4,3,107,36.36,3.39,15.17,-0.052
3,distance<=-5; signal<=950; rank<=2,True,118,11,4,4,3,107,36.36,3.39,15.17,-0.052
3,distance<=-8,True,96,11,4,4,3,85,36.36,4.17,15.17,-0.052
3,distance<=-8; rank<=2,True,96,11,4,4,3,85,36.36,4.17,15.17,-0.052
3,distance<=-8; signal<=950,True,96,11,4,4,3,85,36.36,4.17,15.17,-0.052
3,distance<=-8; signal<=950; rank<=2,True,96,11,4,4,3,85,36.36,4.17,15.17,-0.052
3,signal<=940,True,160,12,4,4,4,148,33.33,2.5,13.81,-0.114
3,signal<=940; rank<=2,True,160,12,4,4,4,148,33.33,2.5,13.81,-0.114
3,value_ratio<=3.5; signal<=940,True,87,8,3,2,3,79,37.5,3.45,13.68,0.088
3,value_ratio<=3.5; signal<=940; rank<=2,True,87,8,3,2,3,79,37.5,3.45,13.68,0.088
3,distance<=-3; value_ratio<=5,True,108,9,3,3,3,99,33.33,2.78,12.06,-0.03
3,distance<=-3; value_ratio<=5; rank<=2,True,108,9,3,3,3,99,33.33,2.78,12.06,-0.03
3,distance<=-3; value_ratio<=5; signal<=950,True,108,9,3,3,3,99,33.33,2.78,12.06,-0.03
3,distance<=-3; value_ratio<=5; signal<=950; rank<=2,True,108,9,3,3,3,99,33.33,2.78,12.06,-0.03
3,distance<=-5; value_ratio<=5,True,100,9,3,3,3,91,33.33,3.0,12.06,-0.03
3,distance<=-5; value_ratio<=5; rank<=2,True,100,9,3,3,3,91,33.33,3.0,12.06,-0.03
3,distance<=-5; value_ratio<=5; signal<=950,True,100,9,3,3,3,91,33.33,3.0,12.06,-0.03
3,distance<=-5; value_ratio<=5; signal<=950; rank<=2,True,100,9,3,3,3,91,33.33,3.0,12.06,-0.03
3,distance<=-8; value_ratio<=5,True,80,9,3,3,3,71,33.33,3.75,12.06,-0.03
3,distance<=-8; value_ratio<=5; rank<=2,True,80,9,3,3,3,71,33.33,3.75,12.06,-0.03
3,distance<=-8; value_ratio<=5; signal<=950,True,80,9,3,3,3,71,33.33,3.75,12.06,-0.03
3,distance<=-8; value_ratio<=5; signal<=950; rank<=2,True,80,9,3,3,3,71,33.33,3.75,12.06,-0.03
3,value_ratio<=5; signal<=940,True,134,10,3,3,4,124,30.0,2.24,10.78,-0.107
3,value_ratio<=5; signal<=940; rank<=2,True,134,10,3,3,4,124,30.0,2.24,10.78,-0.107
3,distance<=-3; signal<=940,True,126,10,3,4,3,116,30.0,2.38,10.78,-0.177
3,distance<=-3; signal<=940; rank<=2,True,126,10,3,4,3,116,30.0,2.38,10.78,-0.177
3,distance<=-5; signal<=940,True,118,10,3,4,3,108,30.0,2.54,10.78,-0.177
3,distance<=-5; signal<=940; rank<=2,True,118,10,3,4,3,108,30.0,2.54,10.78,-0.177
3,distance<=-8; signal<=940,True,96,10,3,4,3,86,30.0,3.12,10.78,-0.177
3,distance<=-8; signal<=940; rank<=2,True,96,10,3,4,3,86,30.0,3.12,10.78,-0.177
3,distance<=-3; value_ratio<=5; signal<=940,True,108,8,2,3,3,100,25.0,1.85,7.15,-0.184
3,distance<=-3; value_ratio<=5; signal<=940; rank<=2,True,108,8,2,3,3,100,25.0,1.85,7.15,-0.184
3,distance<=-5; value_ratio<=5; signal<=940,True,100,8,2,3,3,92,25.0,2.0,7.15,-0.184
3,distance<=-5; value_ratio<=5; signal<=940; rank<=2,True,100,8,2,3,3,92,25.0,2.0,7.15,-0.184
3,distance<=-8; value_ratio<=5; signal<=940,True,80,8,2,3,3,72,25.0,2.5,7.15,-0.184
3,distance<=-8; value_ratio<=5; signal<=940; rank<=2,True,80,8,2,3,3,72,25.0,2.5,7.15,-0.184
3,value_ratio<=2.5,False,33,5,4,0,1,28,80.0,12.12,37.55,1.132
3,value_ratio<=2.5; rank<=2,False,33,5,4,0,1,28,80.0,12.12,37.55,1.132
3,value_ratio<=2.5; signal<=950,False,33,5,4,0,1,28,80.0,12.12,37.55,1.132
3,value_ratio<=2.5; signal<=950; rank<=2,False,33,5,4,0,1,28,80.0,12.12,37.55,1.132
3,value_ratio<=2.5; close_location>=80,False,31,5,4,0,1,26,80.0,12.9,37.55,1.132
3,value_ratio<=2.5; close_location>=80; rank<=2,False,31,5,4,0,1,26,80.0,12.9,37.55,1.132
3,value_ratio<=2.5; close_location>=80; signal<=950,False,31,5,4,0,1,26,80.0,12.9,37.55,1.132
3,value_ratio<=2.5; close_location>=80; signal<=950; rank<=2,False,31,5,4,0,1,26,80.0,12.9,37.55,1.132
3,value_ratio<=2.5; close_location>=88,False,24,5,4,0,1,19,80.0,16.67,37.55,1.132
3,value_ratio<=2.5; close_location>=88; rank<=2,False,24,5,4,0,1,19,80.0,16.67,37.55,1.132
3,value_ratio<=2.5; close_location>=88; signal<=950,False,24,5,4,0,1,19,80.0,16.67,37.55,1.132
3,value_ratio<=2.5; close_location>=88; signal<=950; rank<=2,False,24,5,4,0,1,19,80.0,16.67,37.55,1.132
3,value_ratio<=2.5; close_location>=90,False,21,5,4,0,1,16,80.0,19.05,37.55,1.132
3,value_ratio<=2.5; close_location>=90; rank<=2,False,21,5,4,0,1,16,80.0,19.05,37.55,1.132
3,value_ratio<=2.5; close_location>=90; signal<=950,False,21,5,4,0,1,16,80.0,19.05,37.55,1.132
3,value_ratio<=2.5; close_location>=90; signal<=950; rank<=2,False,21,5,4,0,1,16,80.0,19.05,37.55,1.132
3,value_ratio<=2.5; signal<=930,False,33,2,2,0,0,31,100.0,6.06,34.24,1.2
3,value_ratio<=2.5; signal<=930; rank<=2,False,33,2,2,0,0,31,100.0,6.06,34.24,1.2
3,value_ratio<=2.5; close_location>=80; signal<=930,False,31,2,2,0,0,29,100.0,6.45,34.24,1.2
3,value_ratio<=2.5; close_location>=80; signal<=930; rank<=2,False,31,2,2,0,0,29,100.0,6.45,34.24,1.2
3,value_ratio<=2.5; close_location>=88; signal<=930,False,24,2,2,0,0,22,100.0,8.33,34.24,1.2
3,value_ratio<=2.5; close_location>=88; signal<=930; rank<=2,False,24,2,2,0,0,22,100.0,8.33,34.24,1.2
3,value_ratio<=2.5; close_location>=90; signal<=930,False,21,2,2,0,0,19,100.0,9.52,34.24,1.2
3,value_ratio<=2.5; close_location>=90; signal<=930; rank<=2,False,21,2,2,0,0,19,100.0,9.52,34.24,1.2
3,value_ratio<=3; close_location>=80; signal<=930,False,50,2,2,0,0,48,100.0,4.0,34.24,1.2
3,value_ratio<=3; close_location>=80; signal<=930; rank<=2,False,50,2,2,0,0,48,100.0,4.0,34.24,1.2
3,value_ratio<=3; close_location>=88; signal<=930,False,35,2,2,0,0,33,100.0,5.71,34.24,1.2
3,value_ratio<=3; close_location>=88; signal<=930; rank<=2,False,35,2,2,0,0,33,100.0,5.71,34.24,1.2
3,value_ratio<=3; close_location>=90; signal<=930,False,31,2,2,0,0,29,100.0,6.45,34.24,1.2
3,value_ratio<=3; close_location>=90; signal<=930; rank<=2,False,31,2,2,0,0,29,100.0,6.45,34.24,1.2
3,distance<=-10; value_ratio<=2.5,False,14,2,2,0,0,12,100.0,14.29,34.24,1.2
3,distance<=-10; value_ratio<=2.5; rank<=2,False,14,2,2,0,0,12,100.0,14.29,34.24,1.2
3,distance<=-10; value_ratio<=2.5; signal<=940,False,14,2,2,0,0,12,100.0,14.29,34.24,1.2
3,distance<=-10; value_ratio<=2.5; signal<=940; rank<=2,False,14,2,2,0,0,12,100.0,14.29,34.24,1.2
3,distance<=-10; value_ratio<=2.5; signal<=950,False,14,2,2,0,0,12,100.0,14.29,34.24,1.2
3,distance<=-10; value_ratio<=2.5; signal<=950; rank<=2,False,14,2,2,0,0,12,100.0,14.29,34.24,1.2
3,distance<=-10; value_ratio<=2.5; close_location>=80,False,13,2,2,0,0,11,100.0,15.38,34.24,1.2
3,distance<=-10; value_ratio<=2.5; close_location>=80; rank<=2,False,13,2,2,0,0,11,100.0,15.38,34.24,1.2
3,distance<=-10; value_ratio<=2.5; close_location>=80; signal<=940,False,13,2,2,0,0,11,100.0,15.38,34.24,1.2
3,distance<=-10; value_ratio<=2.5; close_location>=80; signal<=940; rank<=2,False,13,2,2,0,0,11,100.0,15.38,34.24,1.2
3,distance<=-10; value_ratio<=2.5; close_location>=80; signal<=950,False,13,2,2,0,0,11,100.0,15.38,34.24,1.2
3,distance<=-10; value_ratio<=2.5; close_location>=80; signal<=950; rank<=2,False,13,2,2,0,0,11,100.0,15.38,34.24,1.2
3,distance<=-10; value_ratio<=2.5; close_location>=88,False,10,2,2,0,0,8,100.0,20.0,34.24,1.2
3,distance<=-10; value_ratio<=2.5; close_location>=88; rank<=2,False,10,2,2,0,0,8,100.0,20.0,34.24,1.2
3,distance<=-10; value_ratio<=2.5; close_location>=88; signal<=940,False,10,2,2,0,0,8,100.0,20.0,34.24,1.2
3,distance<=-10; value_ratio<=2.5; close_location>=88; signal<=940; rank<=2,False,10,2,2,0,0,8,100.0,20.0,34.24,1.2
3,distance<=-10; value_ratio<=2.5; close_location>=88; signal<=950,False,10,2,2,0,0,8,100.0,20.0,34.24,1.2
3,distance<=-10; value_ratio<=2.5; close_location>=88; signal<=950; rank<=2,False,10,2,2,0,0,8,100.0,20.0,34.24,1.2
3,distance<=-10; value_ratio<=2.5; close_location>=90,False,8,2,2,0,0,6,100.0,25.0,34.24,1.2
3,distance<=-10; value_ratio<=2.5; close_location>=90; rank<=2,False,8,2,2,0,0,6,100.0,25.0,34.24,1.2
3,distance<=-10; value_ratio<=2.5; close_location>=90; signal<=940,False,8,2,2,0,0,6,100.0,25.0,34.24,1.2
3,distance<=-10; value_ratio<=2.5; close_location>=90; signal<=940; rank<=2,False,8,2,2,0,0,6,100.0,25.0,34.24,1.2
3,distance<=-10; value_ratio<=2.5; close_location>=90; signal<=950,False,8,2,2,0,0,6,100.0,25.0,34.24,1.2
3,distance<=-10; value_ratio<=2.5; close_location>=90; signal<=950; rank<=2,False,8,2,2,0,0,6,100.0,25.0,34.24,1.2
3,value_ratio<=2.5; signal<=940,False,33,4,3,0,1,29,75.0,9.09,30.06,1.115
3,value_ratio<=2.5; signal<=940; rank<=2,False,33,4,3,0,1,29,75.0,9.09,30.06,1.115
3,value_ratio<=2.5; close_location>=80; signal<=940,False,31,4,3,0,1,27,75.0,9.68,30.06,1.115
3,value_ratio<=2.5; close_location>=80; signal<=940; rank<=2,False,31,4,3,0,1,27,75.0,9.68,30.06,1.115
3,value_ratio<=2.5; close_location>=88; signal<=940,False,24,4,3,0,1,20,75.0,12.5,30.06,1.115
3,value_ratio<=2.5; close_location>=88; signal<=940; rank<=2,False,24,4,3,0,1,20,75.0,12.5,30.06,1.115
3,value_ratio<=2.5; close_location>=90; signal<=940,False,21,4,3,0,1,17,75.0,14.29,30.06,1.115
3,value_ratio<=2.5; close_location>=90; signal<=940; rank<=2,False,21,4,3,0,1,17,75.0,14.29,30.06,1.115
3,distance<=-3; value_ratio<=2.5,False,26,4,3,0,1,22,75.0,11.54,30.06,1.115
3,distance<=-3; value_ratio<=2.5; rank<=2,False,26,4,3,0,1,22,75.0,11.54,30.06,1.115
3,distance<=-3; value_ratio<=2.5; signal<=950,False,26,4,3,0,1,22,75.0,11.54,30.06,1.115
3,distance<=-3; value_ratio<=2.5; signal<=950; rank<=2,False,26,4,3,0,1,22,75.0,11.54,30.06,1.115
3,distance<=-3; value_ratio<=2.5; close_location>=80,False,25,4,3,0,1,21,75.0,12.0,30.06,1.115
3,distance<=-3; value_ratio<=2.5; close_location>=80; rank<=2,False,25,4,3,0,1,21,75.0,12.0,30.06,1.115
3,distance<=-3; value_ratio<=2.5; close_location>=80; signal<=950,False,25,4,3,0,1,21,75.0,12.0,30.06,1.115
3,distance<=-3; value_ratio<=2.5; close_location>=80; signal<=950; rank<=2,False,25,4,3,0,1,21,75.0,12.0,30.06,1.115
3,distance<=-3; value_ratio<=2.5; close_location>=88,False,19,4,3,0,1,15,75.0,15.79,30.06,1.115
3,distance<=-3; value_ratio<=2.5; close_location>=88; rank<=2,False,19,4,3,0,1,15,75.0,15.79,30.06,1.115
3,distance<=-3; value_ratio<=2.5; close_location>=88; signal<=950,False,19,4,3,0,1,15,75.0,15.79,30.06,1.115
3,distance<=-3; value_ratio<=2.5; close_location>=88; signal<=950; rank<=2,False,19,4,3,0,1,15,75.0,15.79,30.06,1.115
3,distance<=-3; value_ratio<=2.5; close_location>=90,False,17,4,3,0,1,13,75.0,17.65,30.06,1.115
3,distance<=-3; value_ratio<=2.5; close_location>=90; rank<=2,False,17,4,3,0,1,13,75.0,17.65,30.06,1.115
3,distance<=-3; value_ratio<=2.5; close_location>=90; signal<=950,False,17,4,3,0,1,13,75.0,17.65,30.06,1.115
3,distance<=-3; value_ratio<=2.5; close_location>=90; signal<=950; rank<=2,False,17,4,3,0,1,13,75.0,17.65,30.06,1.115
3,distance<=-5; value_ratio<=2.5,False,26,4,3,0,1,22,75.0,11.54,30.06,1.115
3,distance<=-5; value_ratio<=2.5; rank<=2,False,26,4,3,0,1,22,75.0,11.54,30.06,1.115
3,distance<=-5; value_ratio<=2.5; signal<=950,False,26,4,3,0,1,22,75.0,11.54,30.06,1.115
3,distance<=-5; value_ratio<=2.5; signal<=950; rank<=2,False,26,4,3,0,1,22,75.0,11.54,30.06,1.115
3,distance<=-5; value_ratio<=2.5; close_location>=80,False,25,4,3,0,1,21,75.0,12.0,30.06,1.115
3,distance<=-5; value_ratio<=2.5; close_location>=80; rank<=2,False,25,4,3,0,1,21,75.0,12.0,30.06,1.115
3,distance<=-5; value_ratio<=2.5; close_location>=80; signal<=950,False,25,4,3,0,1,21,75.0,12.0,30.06,1.115
3,distance<=-5; value_ratio<=2.5; close_location>=80; signal<=950; rank<=2,False,25,4,3,0,1,21,75.0,12.0,30.06,1.115
3,distance<=-5; value_ratio<=2.5; close_location>=88,False,19,4,3,0,1,15,75.0,15.79,30.06,1.115
3,distance<=-5; value_ratio<=2.5; close_location>=88; rank<=2,False,19,4,3,0,1,15,75.0,15.79,30.06,1.115
3,distance<=-5; value_ratio<=2.5; close_location>=88; signal<=950,False,19,4,3,0,1,15,75.0,15.79,30.06,1.115
3,distance<=-5; value_ratio<=2.5; close_location>=88; signal<=950; rank<=2,False,19,4,3,0,1,15,75.0,15.79,30.06,1.115
3,distance<=-5; value_ratio<=2.5; close_location>=90,False,17,4,3,0,1,13,75.0,17.65,30.06,1.115
3,distance<=-5; value_ratio<=2.5; close_location>=90; rank<=2,False,17,4,3,0,1,13,75.0,17.65,30.06,1.115
3,distance<=-5; value_ratio<=2.5; close_location>=90; signal<=950,False,17,4,3,0,1,13,75.0,17.65,30.06,1.115
3,distance<=-5; value_ratio<=2.5; close_location>=90; signal<=950; rank<=2,False,17,4,3,0,1,13,75.0,17.65,30.06,1.115
3,distance<=-8; value_ratio<=2.5,False,20,4,3,0,1,16,75.0,15.0,30.06,1.115
3,distance<=-8; value_ratio<=2.5; rank<=2,False,20,4,3,0,1,16,75.0,15.0,30.06,1.115
3,distance<=-8; value_ratio<=2.5; signal<=950,False,20,4,3,0,1,16,75.0,15.0,30.06,1.115
3,distance<=-8; value_ratio<=2.5; signal<=950; rank<=2,False,20,4,3,0,1,16,75.0,15.0,30.06,1.115
3,distance<=-8; value_ratio<=2.5; close_location>=80,False,19,4,3,0,1,15,75.0,15.79,30.06,1.115
3,distance<=-8; value_ratio<=2.5; close_location>=80; rank<=2,False,19,4,3,0,1,15,75.0,15.79,30.06,1.115
3,distance<=-8; value_ratio<=2.5; close_location>=80; signal<=950,False,19,4,3,0,1,15,75.0,15.79,30.06,1.115
3,distance<=-8; value_ratio<=2.5; close_location>=80; signal<=950; rank<=2,False,19,4,3,0,1,15,75.0,15.79,30.06,1.115
3,distance<=-8; value_ratio<=2.5; close_location>=88,False,15,4,3,0,1,11,75.0,20.0,30.06,1.115
3,distance<=-8; value_ratio<=2.5; close_location>=88; rank<=2,False,15,4,3,0,1,11,75.0,20.0,30.06,1.115
3,distance<=-8; value_ratio<=2.5; close_location>=88; signal<=950,False,15,4,3,0,1,11,75.0,20.0,30.06,1.115
3,distance<=-8; value_ratio<=2.5; close_location>=88; signal<=950; rank<=2,False,15,4,3,0,1,11,75.0,20.0,30.06,1.115
3,distance<=-8; value_ratio<=2.5; close_location>=90,False,13,4,3,0,1,9,75.0,23.08,30.06,1.115
3,distance<=-8; value_ratio<=2.5; close_location>=90; rank<=2,False,13,4,3,0,1,9,75.0,23.08,30.06,1.115
3,distance<=-8; value_ratio<=2.5; close_location>=90; signal<=950,False,13,4,3,0,1,9,75.0,23.08,30.06,1.115
3,distance<=-8; value_ratio<=2.5; close_location>=90; signal<=950; rank<=2,False,13,4,3,0,1,9,75.0,23.08,30.06,1.115
3,distance<=-10; close_location>=80,False,57,4,3,1,0,53,75.0,5.26,30.06,0.525
3,distance<=-10; close_location>=80; rank<=2,False,57,4,3,1,0,53,75.0,5.26,30.06,0.525
3,distance<=-10; close_location>=80; signal<=940,False,57,4,3,1,0,53,75.0,5.26,30.06,0.525
3,distance<=-10; close_location>=80; signal<=940; rank<=2,False,57,4,3,1,0,53,75.0,5.26,30.06,0.525
3,distance<=-10; close_location>=80; signal<=950,False,57,4,3,1,0,53,75.0,5.26,30.06,0.525
3,distance<=-10; close_location>=80; signal<=950; rank<=2,False,57,4,3,1,0,53,75.0,5.26,30.06,0.525
3,value_ratio<=3; close_location>=80,False,50,6,4,1,1,44,66.67,8.0,30.0,0.693
3,value_ratio<=3; close_location>=80; rank<=2,False,50,6,4,1,1,44,66.67,8.0,30.0,0.693
3,value_ratio<=3; close_location>=80; signal<=950,False,50,6,4,1,1,44,66.67,8.0,30.0,0.693
3,value_ratio<=3; close_location>=80; signal<=950; rank<=2,False,50,6,4,1,1,44,66.67,8.0,30.0,0.693
3,value_ratio<=3; close_location>=88,False,35,6,4,1,1,29,66.67,11.43,30.0,0.693
3,value_ratio<=3; close_location>=88; rank<=2,False,35,6,4,1,1,29,66.67,11.43,30.0,0.693
3,value_ratio<=3; close_location>=88; signal<=950,False,35,6,4,1,1,29,66.67,11.43,30.0,0.693
3,value_ratio<=3; close_location>=88; signal<=950; rank<=2,False,35,6,4,1,1,29,66.67,11.43,30.0,0.693
3,value_ratio<=3; close_location>=90,False,31,6,4,1,1,25,66.67,12.9,30.0,0.693
3,value_ratio<=3; close_location>=90; rank<=2,False,31,6,4,1,1,25,66.67,12.9,30.0,0.693
3,value_ratio<=3; close_location>=90; signal<=950,False,31,6,4,1,1,25,66.67,12.9,30.0,0.693
3,value_ratio<=3; close_location>=90; signal<=950; rank<=2,False,31,6,4,1,1,25,66.67,12.9,30.0,0.693
3,distance<=-3; close_location>=80,False,90,6,4,1,1,84,66.67,4.44,30.0,0.693
3,distance<=-3; close_location>=80; rank<=2,False,90,6,4,1,1,84,66.67,4.44,30.0,0.693
3,distance<=-3; close_location>=80; signal<=950,False,90,6,4,1,1,84,66.67,4.44,30.0,0.693
3,distance<=-3; close_location>=80; signal<=950; rank<=2,False,90,6,4,1,1,84,66.67,4.44,30.0,0.693
3,distance<=-5; close_location>=80,False,84,6,4,1,1,78,66.67,4.76,30.0,0.693
3,distance<=-5; close_location>=80; rank<=2,False,84,6,4,1,1,78,66.67,4.76,30.0,0.693
3,distance<=-5; close_location>=80; signal<=950,False,84,6,4,1,1,78,66.67,4.76,30.0,0.693
3,distance<=-5; close_location>=80; signal<=950; rank<=2,False,84,6,4,1,1,78,66.67,4.76,30.0,0.693
3,distance<=-8; close_location>=80,False,72,6,4,1,1,66,66.67,5.56,30.0,0.693
3,distance<=-8; close_location>=80; rank<=2,False,72,6,4,1,1,66,66.67,5.56,30.0,0.693
3,distance<=-8; close_location>=80; signal<=950,False,72,6,4,1,1,66,66.67,5.56,30.0,0.693
3,distance<=-8; close_location>=80; signal<=950; rank<=2,False,72,6,4,1,1,66,66.67,5.56,30.0,0.693
3,close_location>=80; signal<=940,False,115,7,4,1,2,108,57.14,3.48,25.05,0.481
3,close_location>=80; signal<=940; rank<=2,False,115,7,4,1,2,108,57.14,3.48,25.05,0.481
3,close_location>=88,False,80,7,4,1,2,73,57.14,5.0,25.05,0.481
3,close_location>=88; rank<=2,False,80,7,4,1,2,73,57.14,5.0,25.05,0.481
3,close_location>=88; signal<=950,False,80,7,4,1,2,73,57.14,5.0,25.05,0.481
3,close_location>=88; signal<=950; rank<=2,False,80,7,4,1,2,73,57.14,5.0,25.05,0.481
3,close_location>=90,False,71,7,4,1,2,64,57.14,5.63,25.05,0.481
3,close_location>=90; rank<=2,False,71,7,4,1,2,64,57.14,5.63,25.05,0.481
3,close_location>=90; signal<=950,False,71,7,4,1,2,64,57.14,5.63,25.05,0.481
3,close_location>=90; signal<=950; rank<=2,False,71,7,4,1,2,64,57.14,5.63,25.05,0.481
3,value_ratio<=3.5; close_location>=80,False,71,7,4,1,2,64,57.14,5.63,25.05,0.481
3,value_ratio<=3.5; close_location>=80; rank<=2,False,71,7,4,1,2,64,57.14,5.63,25.05,0.481
3,value_ratio<=3.5; close_location>=80; signal<=950,False,71,7,4,1,2,64,57.14,5.63,25.05,0.481
3,value_ratio<=3.5; close_location>=80; signal<=950; rank<=2,False,71,7,4,1,2,64,57.14,5.63,25.05,0.481
3,value_ratio<=3.5; close_location>=88,False,52,7,4,1,2,45,57.14,7.69,25.05,0.481
3,value_ratio<=3.5; close_location>=88; rank<=2,False,52,7,4,1,2,45,57.14,7.69,25.05,0.481
3,value_ratio<=3.5; close_location>=88; signal<=950,False,52,7,4,1,2,45,57.14,7.69,25.05,0.481
3,value_ratio<=3.5; close_location>=88; signal<=950; rank<=2,False,52,7,4,1,2,45,57.14,7.69,25.05,0.481
3,value_ratio<=3.5; close_location>=90,False,46,7,4,1,2,39,57.14,8.7,25.05,0.481
3,value_ratio<=3.5; close_location>=90; rank<=2,False,46,7,4,1,2,39,57.14,8.7,25.05,0.481
3,value_ratio<=3.5; close_location>=90; signal<=950,False,46,7,4,1,2,39,57.14,8.7,25.05,0.481
3,value_ratio<=3.5; close_location>=90; signal<=950; rank<=2,False,46,7,4,1,2,39,57.14,8.7,25.05,0.481
3,value_ratio<=5; close_location>=80,False,104,7,4,1,2,97,57.14,3.85,25.05,0.481
3,value_ratio<=5; close_location>=80; rank<=2,False,104,7,4,1,2,97,57.14,3.85,25.05,0.481
3,value_ratio<=5; close_location>=80; signal<=950,False,104,7,4,1,2,97,57.14,3.85,25.05,0.481
3,value_ratio<=5; close_location>=80; signal<=950; rank<=2,False,104,7,4,1,2,97,57.14,3.85,25.05,0.481
3,value_ratio<=5; close_location>=88,False,75,7,4,1,2,68,57.14,5.33,25.05,0.481
3,value_ratio<=5; close_location>=88; rank<=2,False,75,7,4,1,2,68,57.14,5.33,25.05,0.481
3,value_ratio<=5; close_location>=88; signal<=950,False,75,7,4,1,2,68,57.14,5.33,25.05,0.481
3,value_ratio<=5; close_location>=88; signal<=950; rank<=2,False,75,7,4,1,2,68,57.14,5.33,25.05,0.481
3,value_ratio<=5; close_location>=90,False,66,7,4,1,2,59,57.14,6.06,25.05,0.481
3,value_ratio<=5; close_location>=90; rank<=2,False,66,7,4,1,2,59,57.14,6.06,25.05,0.481
3,value_ratio<=5; close_location>=90; signal<=950,False,66,7,4,1,2,59,57.14,6.06,25.05,0.481
3,value_ratio<=5; close_location>=90; signal<=950; rank<=2,False,66,7,4,1,2,59,57.14,6.06,25.05,0.481
3,value_ratio<=3,False,57,7,4,2,1,50,57.14,7.02,25.05,0.38
3,value_ratio<=3; rank<=2,False,57,7,4,2,1,50,57.14,7.02,25.05,0.38
3,value_ratio<=3; signal<=950,False,57,7,4,2,1,50,57.14,7.02,25.05,0.38
3,value_ratio<=3; signal<=950; rank<=2,False,57,7,4,2,1,50,57.14,7.02,25.05,0.38
3,value_ratio<=3; close_location>=80; signal<=940,False,50,5,3,1,1,45,60.0,6.0,23.07,0.592
3,value_ratio<=3; close_location>=80; signal<=940; rank<=2,False,50,5,3,1,1,45,60.0,6.0,23.07,0.592
3,value_ratio<=3; close_location>=88; signal<=940,False,35,5,3,1,1,30,60.0,8.57,23.07,0.592
3,value_ratio<=3; close_location>=88; signal<=940; rank<=2,False,35,5,3,1,1,30,60.0,8.57,23.07,0.592
3,value_ratio<=3; close_location>=90; signal<=940,False,31,5,3,1,1,26,60.0,9.68,23.07,0.592
3,value_ratio<=3; close_location>=90; signal<=940; rank<=2,False,31,5,3,1,1,26,60.0,9.68,23.07,0.592
3,distance<=-3; close_location>=80; signal<=940,False,90,5,3,1,1,85,60.0,3.33,23.07,0.592
3,distance<=-3; close_location>=80; signal<=940; rank<=2,False,90,5,3,1,1,85,60.0,3.33,23.07,0.592
3,distance<=-3; close_location>=88,False,61,5,3,1,1,56,60.0,4.92,23.07,0.592
3,distance<=-3; close_location>=88; rank<=2,False,61,5,3,1,1,56,60.0,4.92,23.07,0.592
3,distance<=-3; close_location>=88; signal<=950,False,61,5,3,1,1,56,60.0,4.92,23.07,0.592
3,distance<=-3; close_location>=88; signal<=950; rank<=2,False,61,5,3,1,1,56,60.0,4.92,23.07,0.592
3,distance<=-3; close_location>=90,False,56,5,3,1,1,51,60.0,5.36,23.07,0.592
3,distance<=-3; close_location>=90; rank<=2,False,56,5,3,1,1,51,60.0,5.36,23.07,0.592
3,distance<=-3; close_location>=90; signal<=950,False,56,5,3,1,1,51,60.0,5.36,23.07,0.592
3,distance<=-3; close_location>=90; signal<=950; rank<=2,False,56,5,3,1,1,51,60.0,5.36,23.07,0.592
3,distance<=-3; value_ratio<=3; close_location>=80,False,38,5,3,1,1,33,60.0,7.89,23.07,0.592
3,distance<=-3; value_ratio<=3; close_location>=80; rank<=2,False,38,5,3,1,1,33,60.0,7.89,23.07,0.592
3,distance<=-3; value_ratio<=3; close_location>=80; signal<=950,False,38,5,3,1,1,33,60.0,7.89,23.07,0.592
3,distance<=-3; value_ratio<=3; close_location>=80; signal<=950; rank<=2,False,38,5,3,1,1,33,60.0,7.89,23.07,0.592
3,distance<=-3; value_ratio<=3; close_location>=88,False,25,5,3,1,1,20,60.0,12.0,23.07,0.592
3,distance<=-3; value_ratio<=3; close_location>=88; rank<=2,False,25,5,3,1,1,20,60.0,12.0,23.07,0.592
3,distance<=-3; value_ratio<=3; close_location>=88; signal<=950,False,25,5,3,1,1,20,60.0,12.0,23.07,0.592
3,distance<=-3; value_ratio<=3; close_location>=88; signal<=950; rank<=2,False,25,5,3,1,1,20,60.0,12.0,23.07,0.592
3,distance<=-3; value_ratio<=3; close_location>=90,False,23,5,3,1,1,18,60.0,13.04,23.07,0.592
3,distance<=-3; value_ratio<=3; close_location>=90; rank<=2,False,23,5,3,1,1,18,60.0,13.04,23.07,0.592
3,distance<=-3; value_ratio<=3; close_location>=90; signal<=950,False,23,5,3,1,1,18,60.0,13.04,23.07,0.592
3,distance<=-3; value_ratio<=3; close_location>=90; signal<=950; rank<=2,False,23,5,3,1,1,18,60.0,13.04,23.07,0.592
3,distance<=-3; value_ratio<=3.5; close_location>=80,False,54,5,3,1,1,49,60.0,5.56,23.07,0.592
3,distance<=-3; value_ratio<=3.5; close_location>=80; rank<=2,False,54,5,3,1,1,49,60.0,5.56,23.07,0.592
3,distance<=-3; value_ratio<=3.5; close_location>=80; signal<=950,False,54,5,3,1,1,49,60.0,5.56,23.07,0.592
3,distance<=-3; value_ratio<=3.5; close_location>=80; signal<=950; rank<=2,False,54,5,3,1,1,49,60.0,5.56,23.07,0.592
3,distance<=-3; value_ratio<=3.5; close_location>=88,False,37,5,3,1,1,32,60.0,8.11,23.07,0.592
3,distance<=-3; value_ratio<=3.5; close_location>=88; rank<=2,False,37,5,3,1,1,32,60.0,8.11,23.07,0.592
3,distance<=-3; value_ratio<=3.5; close_location>=88; signal<=950,False,37,5,3,1,1,32,60.0,8.11,23.07,0.592
3,distance<=-3; value_ratio<=3.5; close_location>=88; signal<=950; rank<=2,False,37,5,3,1,1,32,60.0,8.11,23.07,0.592
3,distance<=-3; value_ratio<=3.5; close_location>=90,False,34,5,3,1,1,29,60.0,8.82,23.07,0.592
3,distance<=-3; value_ratio<=3.5; close_location>=90; rank<=2,False,34,5,3,1,1,29,60.0,8.82,23.07,0.592
3,distance<=-3; value_ratio<=3.5; close_location>=90; signal<=950,False,34,5,3,1,1,29,60.0,8.82,23.07,0.592
3,distance<=-3; value_ratio<=3.5; close_location>=90; signal<=950; rank<=2,False,34,5,3,1,1,29,60.0,8.82,23.07,0.592
3,distance<=-3; value_ratio<=5; close_location>=80,False,82,5,3,1,1,77,60.0,3.66,23.07,0.592
3,distance<=-3; value_ratio<=5; close_location>=80; rank<=2,False,82,5,3,1,1,77,60.0,3.66,23.07,0.592
3,distance<=-3; value_ratio<=5; close_location>=80; signal<=950,False,82,5,3,1,1,77,60.0,3.66,23.07,0.592
3,distance<=-3; value_ratio<=5; close_location>=80; signal<=950; rank<=2,False,82,5,3,1,1,77,60.0,3.66,23.07,0.592
3,distance<=-3; value_ratio<=5; close_location>=88,False,57,5,3,1,1,52,60.0,5.26,23.07,0.592
3,distance<=-3; value_ratio<=5; close_location>=88; rank<=2,False,57,5,3,1,1,52,60.0,5.26,23.07,0.592
3,distance<=-3; value_ratio<=5; close_location>=88; signal<=950,False,57,5,3,1,1,52,60.0,5.26,23.07,0.592
3,distance<=-3; value_ratio<=5; close_location>=88; signal<=950; rank<=2,False,57,5,3,1,1,52,60.0,5.26,23.07,0.592
3,distance<=-3; value_ratio<=5; close_location>=90,False,52,5,3,1,1,47,60.0,5.77,23.07,0.592
3,distance<=-3; value_ratio<=5; close_location>=90; rank<=2,False,52,5,3,1,1,47,60.0,5.77,23.07,0.592
3,distance<=-3; value_ratio<=5; close_location>=90; signal<=950,False,52,5,3,1,1,47,60.0,5.77,23.07,0.592
3,distance<=-3; value_ratio<=5; close_location>=90; signal<=950; rank<=2,False,52,5,3,1,1,47,60.0,5.77,23.07,0.592
3,distance<=-5; close_location>=80; signal<=940,False,84,5,3,1,1,79,60.0,3.57,23.07,0.592
3,distance<=-5; close_location>=80; signal<=940; rank<=2,False,84,5,3,1,1,79,60.0,3.57,23.07,0.592
3,distance<=-5; close_location>=88,False,56,5,3,1,1,51,60.0,5.36,23.07,0.592
3,distance<=-5; close_location>=88; rank<=2,False,56,5,3,1,1,51,60.0,5.36,23.07,0.592
3,distance<=-5; close_location>=88; signal<=950,False,56,5,3,1,1,51,60.0,5.36,23.07,0.592
3,distance<=-5; close_location>=88; signal<=950; rank<=2,False,56,5,3,1,1,51,60.0,5.36,23.07,0.592
3,distance<=-5; close_location>=90,False,51,5,3,1,1,46,60.0,5.88,23.07,0.592
3,distance<=-5; close_location>=90; rank<=2,False,51,5,3,1,1,46,60.0,5.88,23.07,0.592
3,distance<=-5; close_location>=90; signal<=950,False,51,5,3,1,1,46,60.0,5.88,23.07,0.592
3,distance<=-5; close_location>=90; signal<=950; rank<=2,False,51,5,3,1,1,46,60.0,5.88,23.07,0.592
3,distance<=-5; value_ratio<=3; close_location>=80,False,37,5,3,1,1,32,60.0,8.11,23.07,0.592
3,distance<=-5; value_ratio<=3; close_location>=80; rank<=2,False,37,5,3,1,1,32,60.0,8.11,23.07,0.592
3,distance<=-5; value_ratio<=3; close_location>=80; signal<=950,False,37,5,3,1,1,32,60.0,8.11,23.07,0.592
3,distance<=-5; value_ratio<=3; close_location>=80; signal<=950; rank<=2,False,37,5,3,1,1,32,60.0,8.11,23.07,0.592
3,distance<=-5; value_ratio<=3; close_location>=88,False,25,5,3,1,1,20,60.0,12.0,23.07,0.592
3,distance<=-5; value_ratio<=3; close_location>=88; rank<=2,False,25,5,3,1,1,20,60.0,12.0,23.07,0.592
3,distance<=-5; value_ratio<=3; close_location>=88; signal<=950,False,25,5,3,1,1,20,60.0,12.0,23.07,0.592
3,distance<=-5; value_ratio<=3; close_location>=88; signal<=950; rank<=2,False,25,5,3,1,1,20,60.0,12.0,23.07,0.592
3,distance<=-5; value_ratio<=3; close_location>=90,False,23,5,3,1,1,18,60.0,13.04,23.07,0.592
3,distance<=-5; value_ratio<=3; close_location>=90; rank<=2,False,23,5,3,1,1,18,60.0,13.04,23.07,0.592
3,distance<=-5; value_ratio<=3; close_location>=90; signal<=950,False,23,5,3,1,1,18,60.0,13.04,23.07,0.592
3,distance<=-5; value_ratio<=3; close_location>=90; signal<=950; rank<=2,False,23,5,3,1,1,18,60.0,13.04,23.07,0.592
3,distance<=-5; value_ratio<=3.5; close_location>=80,False,51,5,3,1,1,46,60.0,5.88,23.07,0.592
3,distance<=-5; value_ratio<=3.5; close_location>=80; rank<=2,False,51,5,3,1,1,46,60.0,5.88,23.07,0.592
3,distance<=-5; value_ratio<=3.5; close_location>=80; signal<=950,False,51,5,3,1,1,46,60.0,5.88,23.07,0.592
3,distance<=-5; value_ratio<=3.5; close_location>=80; signal<=950; rank<=2,False,51,5,3,1,1,46,60.0,5.88,23.07,0.592
3,distance<=-5; value_ratio<=3.5; close_location>=88,False,35,5,3,1,1,30,60.0,8.57,23.07,0.592
3,distance<=-5; value_ratio<=3.5; close_location>=88; rank<=2,False,35,5,3,1,1,30,60.0,8.57,23.07,0.592
3,distance<=-5; value_ratio<=3.5; close_location>=88; signal<=950,False,35,5,3,1,1,30,60.0,8.57,23.07,0.592
3,distance<=-5; value_ratio<=3.5; close_location>=88; signal<=950; rank<=2,False,35,5,3,1,1,30,60.0,8.57,23.07,0.592
3,distance<=-5; value_ratio<=3.5; close_location>=90,False,32,5,3,1,1,27,60.0,9.38,23.07,0.592
3,distance<=-5; value_ratio<=3.5; close_location>=90; rank<=2,False,32,5,3,1,1,27,60.0,9.38,23.07,0.592
3,distance<=-5; value_ratio<=3.5; close_location>=90; signal<=950,False,32,5,3,1,1,27,60.0,9.38,23.07,0.592
3,distance<=-5; value_ratio<=3.5; close_location>=90; signal<=950; rank<=2,False,32,5,3,1,1,27,60.0,9.38,23.07,0.592
3,distance<=-5; value_ratio<=5; close_location>=80,False,76,5,3,1,1,71,60.0,3.95,23.07,0.592
3,distance<=-5; value_ratio<=5; close_location>=80; rank<=2,False,76,5,3,1,1,71,60.0,3.95,23.07,0.592
3,distance<=-5; value_ratio<=5; close_location>=80; signal<=950,False,76,5,3,1,1,71,60.0,3.95,23.07,0.592
3,distance<=-5; value_ratio<=5; close_location>=80; signal<=950; rank<=2,False,76,5,3,1,1,71,60.0,3.95,23.07,0.592
3,distance<=-5; value_ratio<=5; close_location>=88,False,52,5,3,1,1,47,60.0,5.77,23.07,0.592
3,distance<=-5; value_ratio<=5; close_location>=88; rank<=2,False,52,5,3,1,1,47,60.0,5.77,23.07,0.592
3,distance<=-5; value_ratio<=5; close_location>=88; signal<=950,False,52,5,3,1,1,47,60.0,5.77,23.07,0.592
3,distance<=-5; value_ratio<=5; close_location>=88; signal<=950; rank<=2,False,52,5,3,1,1,47,60.0,5.77,23.07,0.592
3,distance<=-5; value_ratio<=5; close_location>=90,False,47,5,3,1,1,42,60.0,6.38,23.07,0.592
3,distance<=-5; value_ratio<=5; close_location>=90; rank<=2,False,47,5,3,1,1,42,60.0,6.38,23.07,0.592
3,distance<=-5; value_ratio<=5; close_location>=90; signal<=950,False,47,5,3,1,1,42,60.0,6.38,23.07,0.592
3,distance<=-5; value_ratio<=5; close_location>=90; signal<=950; rank<=2,False,47,5,3,1,1,42,60.0,6.38,23.07,0.592
3,distance<=-8; close_location>=80; signal<=940,False,72,5,3,1,1,67,60.0,4.17,23.07,0.592
3,distance<=-8; close_location>=80; signal<=940; rank<=2,False,72,5,3,1,1,67,60.0,4.17,23.07,0.592
3,distance<=-8; close_location>=88,False,50,5,3,1,1,45,60.0,6.0,23.07,0.592
3,distance<=-8; close_location>=88; rank<=2,False,50,5,3,1,1,45,60.0,6.0,23.07,0.592
3,distance<=-8; close_location>=88; signal<=950,False,50,5,3,1,1,45,60.0,6.0,23.07,0.592
3,distance<=-8; close_location>=88; signal<=950; rank<=2,False,50,5,3,1,1,45,60.0,6.0,23.07,0.592
3,distance<=-8; close_location>=90,False,45,5,3,1,1,40,60.0,6.67,23.07,0.592
3,distance<=-8; close_location>=90; rank<=2,False,45,5,3,1,1,40,60.0,6.67,23.07,0.592
3,distance<=-8; close_location>=90; signal<=950,False,45,5,3,1,1,40,60.0,6.67,23.07,0.592
3,distance<=-8; close_location>=90; signal<=950; rank<=2,False,45,5,3,1,1,40,60.0,6.67,23.07,0.592
3,distance<=-8; value_ratio<=3; close_location>=80,False,30,5,3,1,1,25,60.0,10.0,23.07,0.592
3,distance<=-8; value_ratio<=3; close_location>=80; rank<=2,False,30,5,3,1,1,25,60.0,10.0,23.07,0.592
3,distance<=-8; value_ratio<=3; close_location>=80; signal<=950,False,30,5,3,1,1,25,60.0,10.0,23.07,0.592
3,distance<=-8; value_ratio<=3; close_location>=80; signal<=950; rank<=2,False,30,5,3,1,1,25,60.0,10.0,23.07,0.592
3,distance<=-8; value_ratio<=3; close_location>=88,False,21,5,3,1,1,16,60.0,14.29,23.07,0.592
3,distance<=-8; value_ratio<=3; close_location>=88; rank<=2,False,21,5,3,1,1,16,60.0,14.29,23.07,0.592
3,distance<=-8; value_ratio<=3; close_location>=88; signal<=950,False,21,5,3,1,1,16,60.0,14.29,23.07,0.592
3,distance<=-8; value_ratio<=3; close_location>=88; signal<=950; rank<=2,False,21,5,3,1,1,16,60.0,14.29,23.07,0.592
3,distance<=-8; value_ratio<=3; close_location>=90,False,19,5,3,1,1,14,60.0,15.79,23.07,0.592
3,distance<=-8; value_ratio<=3; close_location>=90; rank<=2,False,19,5,3,1,1,14,60.0,15.79,23.07,0.592
3,distance<=-8; value_ratio<=3; close_location>=90; signal<=950,False,19,5,3,1,1,14,60.0,15.79,23.07,0.592
3,distance<=-8; value_ratio<=3; close_location>=90; signal<=950; rank<=2,False,19,5,3,1,1,14,60.0,15.79,23.07,0.592
3,distance<=-8; value_ratio<=3.5; close_location>=80,False,42,5,3,1,1,37,60.0,7.14,23.07,0.592
3,distance<=-8; value_ratio<=3.5; close_location>=80; rank<=2,False,42,5,3,1,1,37,60.0,7.14,23.07,0.592
3,distance<=-8; value_ratio<=3.5; close_location>=80; signal<=950,False,42,5,3,1,1,37,60.0,7.14,23.07,0.592
3,distance<=-8; value_ratio<=3.5; close_location>=80; signal<=950; rank<=2,False,42,5,3,1,1,37,60.0,7.14,23.07,0.592
3,distance<=-8; value_ratio<=3.5; close_location>=88,False,30,5,3,1,1,25,60.0,10.0,23.07,0.592
3,distance<=-8; value_ratio<=3.5; close_location>=88; rank<=2,False,30,5,3,1,1,25,60.0,10.0,23.07,0.592
3,distance<=-8; value_ratio<=3.5; close_location>=88; signal<=950,False,30,5,3,1,1,25,60.0,10.0,23.07,0.592
3,distance<=-8; value_ratio<=3.5; close_location>=88; signal<=950; rank<=2,False,30,5,3,1,1,25,60.0,10.0,23.07,0.592
3,distance<=-8; value_ratio<=3.5; close_location>=90,False,27,5,3,1,1,22,60.0,11.11,23.07,0.592
3,distance<=-8; value_ratio<=3.5; close_location>=90; rank<=2,False,27,5,3,1,1,22,60.0,11.11,23.07,0.592
3,distance<=-8; value_ratio<=3.5; close_location>=90; signal<=950,False,27,5,3,1,1,22,60.0,11.11,23.07,0.592
3,distance<=-8; value_ratio<=3.5; close_location>=90; signal<=950; rank<=2,False,27,5,3,1,1,22,60.0,11.11,23.07,0.592
3,distance<=-8; value_ratio<=5; close_location>=80,False,64,5,3,1,1,59,60.0,4.69,23.07,0.592
3,distance<=-8; value_ratio<=5; close_location>=80; rank<=2,False,64,5,3,1,1,59,60.0,4.69,23.07,0.592
3,distance<=-8; value_ratio<=5; close_location>=80; signal<=950,False,64,5,3,1,1,59,60.0,4.69,23.07,0.592
3,distance<=-8; value_ratio<=5; close_location>=80; signal<=950; rank<=2,False,64,5,3,1,1,59,60.0,4.69,23.07,0.592
3,distance<=-8; value_ratio<=5; close_location>=88,False,46,5,3,1,1,41,60.0,6.52,23.07,0.592
3,distance<=-8; value_ratio<=5; close_location>=88; rank<=2,False,46,5,3,1,1,41,60.0,6.52,23.07,0.592
3,distance<=-8; value_ratio<=5; close_location>=88; signal<=950,False,46,5,3,1,1,41,60.0,6.52,23.07,0.592
3,distance<=-8; value_ratio<=5; close_location>=88; signal<=950; rank<=2,False,46,5,3,1,1,41,60.0,6.52,23.07,0.592
3,distance<=-8; value_ratio<=5; close_location>=90,False,41,5,3,1,1,36,60.0,7.32,23.07,0.592
3,distance<=-8; value_ratio<=5; close_location>=90; rank<=2,False,41,5,3,1,1,36,60.0,7.32,23.07,0.592
3,distance<=-8; value_ratio<=5; close_location>=90; signal<=950,False,41,5,3,1,1,36,60.0,7.32,23.07,0.592
3,distance<=-8; value_ratio<=5; close_location>=90; signal<=950; rank<=2,False,41,5,3,1,1,36,60.0,7.32,23.07,0.592
3,distance<=-3; value_ratio<=2.5; signal<=940,False,26,3,2,0,1,23,66.67,7.69,20.77,1.087
3,distance<=-3; value_ratio<=2.5; signal<=940; rank<=2,False,26,3,2,0,1,23,66.67,7.69,20.77,1.087
3,distance<=-3; value_ratio<=2.5; close_location>=80; signal<=940,False,25,3,2,0,1,22,66.67,8.0,20.77,1.087
3,distance<=-3; value_ratio<=2.5; close_location>=80; signal<=940; rank<=2,False,25,3,2,0,1,22,66.67,8.0,20.77,1.087
3,distance<=-3; value_ratio<=2.5; close_location>=88; signal<=940,False,19,3,2,0,1,16,66.67,10.53,20.77,1.087
3,distance<=-3; value_ratio<=2.5; close_location>=88; signal<=940; rank<=2,False,19,3,2,0,1,16,66.67,10.53,20.77,1.087
3,distance<=-3; value_ratio<=2.5; close_location>=90; signal<=940,False,17,3,2,0,1,14,66.67,11.76,20.77,1.087
3,distance<=-3; value_ratio<=2.5; close_location>=90; signal<=940; rank<=2,False,17,3,2,0,1,14,66.67,11.76,20.77,1.087
3,distance<=-5; value_ratio<=2.5; signal<=940,False,26,3,2,0,1,23,66.67,7.69,20.77,1.087
3,distance<=-5; value_ratio<=2.5; signal<=940; rank<=2,False,26,3,2,0,1,23,66.67,7.69,20.77,1.087
3,distance<=-5; value_ratio<=2.5; close_location>=80; signal<=940,False,25,3,2,0,1,22,66.67,8.0,20.77,1.087
3,distance<=-5; value_ratio<=2.5; close_location>=80; signal<=940; rank<=2,False,25,3,2,0,1,22,66.67,8.0,20.77,1.087
3,distance<=-5; value_ratio<=2.5; close_location>=88; signal<=940,False,19,3,2,0,1,16,66.67,10.53,20.77,1.087
3,distance<=-5; value_ratio<=2.5; close_location>=88; signal<=940; rank<=2,False,19,3,2,0,1,16,66.67,10.53,20.77,1.087
3,distance<=-5; value_ratio<=2.5; close_location>=90; signal<=940,False,17,3,2,0,1,14,66.67,11.76,20.77,1.087
3,distance<=-5; value_ratio<=2.5; close_location>=90; signal<=940; rank<=2,False,17,3,2,0,1,14,66.67,11.76,20.77,1.087
3,distance<=-8; value_ratio<=2.5; signal<=940,False,20,3,2,0,1,17,66.67,10.0,20.77,1.087
3,distance<=-8; value_ratio<=2.5; signal<=940; rank<=2,False,20,3,2,0,1,17,66.67,10.0,20.77,1.087
3,distance<=-8; value_ratio<=2.5; close_location>=80; signal<=940,False,19,3,2,0,1,16,66.67,10.53,20.77,1.087
3,distance<=-8; value_ratio<=2.5; close_location>=80; signal<=940; rank<=2,False,19,3,2,0,1,16,66.67,10.53,20.77,1.087
3,distance<=-8; value_ratio<=2.5; close_location>=88; signal<=940,False,15,3,2,0,1,12,66.67,13.33,20.77,1.087
3,distance<=-8; value_ratio<=2.5; close_location>=88; signal<=940; rank<=2,False,15,3,2,0,1,12,66.67,13.33,20.77,1.087
3,distance<=-8; value_ratio<=2.5; close_location>=90; signal<=940,False,13,3,2,0,1,10,66.67,15.38,20.77,1.087
3,distance<=-8; value_ratio<=2.5; close_location>=90; signal<=940; rank<=2,False,13,3,2,0,1,10,66.67,15.38,20.77,1.087
3,close_location>=80; signal<=930,False,115,3,2,0,1,112,66.67,1.74,20.77,0.536
3,close_location>=80; signal<=930; rank<=2,False,115,3,2,0,1,112,66.67,1.74,20.77,0.536
3,close_location>=88; signal<=930,False,80,3,2,0,1,77,66.67,2.5,20.77,0.536
3,close_location>=88; signal<=930; rank<=2,False,80,3,2,0,1,77,66.67,2.5,20.77,0.536
3,close_location>=90; signal<=930,False,71,3,2,0,1,68,66.67,2.82,20.77,0.536
3,close_location>=90; signal<=930; rank<=2,False,71,3,2,0,1,68,66.67,2.82,20.77,0.536
3,value_ratio<=3.5; close_location>=80; signal<=930,False,71,3,2,0,1,68,66.67,2.82,20.77,0.536
3,value_ratio<=3.5; close_location>=80; signal<=930; rank<=2,False,71,3,2,0,1,68,66.67,2.82,20.77,0.536
3,value_ratio<=3.5; close_location>=88; signal<=930,False,52,3,2,0,1,49,66.67,3.85,20.77,0.536
3,value_ratio<=3.5; close_location>=88; signal<=930; rank<=2,False,52,3,2,0,1,49,66.67,3.85,20.77,0.536
3,value_ratio<=3.5; close_location>=90; signal<=930,False,46,3,2,0,1,43,66.67,4.35,20.77,0.536
3,value_ratio<=3.5; close_location>=90; signal<=930; rank<=2,False,46,3,2,0,1,43,66.67,4.35,20.77,0.536
3,value_ratio<=5; close_location>=80; signal<=930,False,104,3,2,0,1,101,66.67,1.92,20.77,0.536
3,value_ratio<=5; close_location>=80; signal<=930; rank<=2,False,104,3,2,0,1,101,66.67,1.92,20.77,0.536
3,value_ratio<=5; close_location>=88; signal<=930,False,75,3,2,0,1,72,66.67,2.67,20.77,0.536
3,value_ratio<=5; close_location>=88; signal<=930; rank<=2,False,75,3,2,0,1,72,66.67,2.67,20.77,0.536
3,value_ratio<=5; close_location>=90; signal<=930,False,66,3,2,0,1,63,66.67,3.03,20.77,0.536
3,value_ratio<=5; close_location>=90; signal<=930; rank<=2,False,66,3,2,0,1,63,66.67,3.03,20.77,0.536
3,value_ratio<=3; signal<=930,False,57,3,2,1,0,54,66.67,3.51,20.77,0.3
3,value_ratio<=3; signal<=930; rank<=2,False,57,3,2,1,0,54,66.67,3.51,20.77,0.3
3,distance<=-10; close_location>=88,False,42,3,2,1,0,39,66.67,4.76,20.77,0.3
3,distance<=-10; close_location>=88; rank<=2,False,42,3,2,1,0,39,66.67,4.76,20.77,0.3
3,distance<=-10; close_location>=88; signal<=940,False,42,3,2,1,0,39,66.67,4.76,20.77,0.3
3,distance<=-10; close_location>=88; signal<=940; rank<=2,False,42,3,2,1,0,39,66.67,4.76,20.77,0.3
3,distance<=-10; close_location>=88; signal<=950,False,42,3,2,1,0,39,66.67,4.76,20.77,0.3
3,distance<=-10; close_location>=88; signal<=950; rank<=2,False,42,3,2,1,0,39,66.67,4.76,20.77,0.3
3,distance<=-10; close_location>=90,False,37,3,2,1,0,34,66.67,5.41,20.77,0.3
3,distance<=-10; close_location>=90; rank<=2,False,37,3,2,1,0,34,66.67,5.41,20.77,0.3
3,distance<=-10; close_location>=90; signal<=940,False,37,3,2,1,0,34,66.67,5.41,20.77,0.3
3,distance<=-10; close_location>=90; signal<=940; rank<=2,False,37,3,2,1,0,34,66.67,5.41,20.77,0.3
3,distance<=-10; close_location>=90; signal<=950,False,37,3,2,1,0,34,66.67,5.41,20.77,0.3
3,distance<=-10; close_location>=90; signal<=950; rank<=2,False,37,3,2,1,0,34,66.67,5.41,20.77,0.3
3,distance<=-10; value_ratio<=3; close_location>=80,False,23,3,2,1,0,20,66.67,8.7,20.77,0.3
3,distance<=-10; value_ratio<=3; close_location>=80; rank<=2,False,23,3,2,1,0,20,66.67,8.7,20.77,0.3
3,distance<=-10; value_ratio<=3; close_location>=80; signal<=940,False,23,3,2,1,0,20,66.67,8.7,20.77,0.3
3,distance<=-10; value_ratio<=3; close_location>=80; signal<=940; rank<=2,False,23,3,2,1,0,20,66.67,8.7,20.77,0.3
3,distance<=-10; value_ratio<=3; close_location>=80; signal<=950,False,23,3,2,1,0,20,66.67,8.7,20.77,0.3
3,distance<=-10; value_ratio<=3; close_location>=80; signal<=950; rank<=2,False,23,3,2,1,0,20,66.67,8.7,20.77,0.3
3,distance<=-10; value_ratio<=3; close_location>=88,False,16,3,2,1,0,13,66.67,12.5,20.77,0.3
3,distance<=-10; value_ratio<=3; close_location>=88; rank<=2,False,16,3,2,1,0,13,66.67,12.5,20.77,0.3
3,distance<=-10; value_ratio<=3; close_location>=88; signal<=940,False,16,3,2,1,0,13,66.67,12.5,20.77,0.3
3,distance<=-10; value_ratio<=3; close_location>=88; signal<=940; rank<=2,False,16,3,2,1,0,13,66.67,12.5,20.77,0.3
3,distance<=-10; value_ratio<=3; close_location>=88; signal<=950,False,16,3,2,1,0,13,66.67,12.5,20.77,0.3
3,distance<=-10; value_ratio<=3; close_location>=88; signal<=950; rank<=2,False,16,3,2,1,0,13,66.67,12.5,20.77,0.3
3,distance<=-10; value_ratio<=3; close_location>=90,False,14,3,2,1,0,11,66.67,14.29,20.77,0.3
3,distance<=-10; value_ratio<=3; close_location>=90; rank<=2,False,14,3,2,1,0,11,66.67,14.29,20.77,0.3
3,distance<=-10; value_ratio<=3; close_location>=90; signal<=940,False,14,3,2,1,0,11,66.67,14.29,20.77,0.3
3,distance<=-10; value_ratio<=3; close_location>=90; signal<=940; rank<=2,False,14,3,2,1,0,11,66.67,14.29,20.77,0.3
3,distance<=-10; value_ratio<=3; close_location>=90; signal<=950,False,14,3,2,1,0,11,66.67,14.29,20.77,0.3
3,distance<=-10; value_ratio<=3; close_location>=90; signal<=950; rank<=2,False,14,3,2,1,0,11,66.67,14.29,20.77,0.3
3,distance<=-10; value_ratio<=3.5; close_location>=80,False,33,3,2,1,0,30,66.67,6.06,20.77,0.3
3,distance<=-10; value_ratio<=3.5; close_location>=80; rank<=2,False,33,3,2,1,0,30,66.67,6.06,20.77,0.3
3,distance<=-10; value_ratio<=3.5; close_location>=80; signal<=940,False,33,3,2,1,0,30,66.67,6.06,20.77,0.3
3,distance<=-10; value_ratio<=3.5; close_location>=80; signal<=940; rank<=2,False,33,3,2,1,0,30,66.67,6.06,20.77,0.3
3,distance<=-10; value_ratio<=3.5; close_location>=80; signal<=950,False,33,3,2,1,0,30,66.67,6.06,20.77,0.3
3,distance<=-10; value_ratio<=3.5; close_location>=80; signal<=950; rank<=2,False,33,3,2,1,0,30,66.67,6.06,20.77,0.3
3,distance<=-10; value_ratio<=3.5; close_location>=88,False,24,3,2,1,0,21,66.67,8.33,20.77,0.3
3,distance<=-10; value_ratio<=3.5; close_location>=88; rank<=2,False,24,3,2,1,0,21,66.67,8.33,20.77,0.3
3,distance<=-10; value_ratio<=3.5; close_location>=88; signal<=940,False,24,3,2,1,0,21,66.67,8.33,20.77,0.3
3,distance<=-10; value_ratio<=3.5; close_location>=88; signal<=940; rank<=2,False,24,3,2,1,0,21,66.67,8.33,20.77,0.3
3,distance<=-10; value_ratio<=3.5; close_location>=88; signal<=950,False,24,3,2,1,0,21,66.67,8.33,20.77,0.3
3,distance<=-10; value_ratio<=3.5; close_location>=88; signal<=950; rank<=2,False,24,3,2,1,0,21,66.67,8.33,20.77,0.3
3,distance<=-10; value_ratio<=3.5; close_location>=90,False,21,3,2,1,0,18,66.67,9.52,20.77,0.3
3,distance<=-10; value_ratio<=3.5; close_location>=90; rank<=2,False,21,3,2,1,0,18,66.67,9.52,20.77,0.3
3,distance<=-10; value_ratio<=3.5; close_location>=90; signal<=940,False,21,3,2,1,0,18,66.67,9.52,20.77,0.3
3,distance<=-10; value_ratio<=3.5; close_location>=90; signal<=940; rank<=2,False,21,3,2,1,0,18,66.67,9.52,20.77,0.3
3,distance<=-10; value_ratio<=3.5; close_location>=90; signal<=950,False,21,3,2,1,0,18,66.67,9.52,20.77,0.3
3,distance<=-10; value_ratio<=3.5; close_location>=90; signal<=950; rank<=2,False,21,3,2,1,0,18,66.67,9.52,20.77,0.3
3,distance<=-10; value_ratio<=5; close_location>=80,False,50,3,2,1,0,47,66.67,4.0,20.77,0.3
3,distance<=-10; value_ratio<=5; close_location>=80; rank<=2,False,50,3,2,1,0,47,66.67,4.0,20.77,0.3
3,distance<=-10; value_ratio<=5; close_location>=80; signal<=940,False,50,3,2,1,0,47,66.67,4.0,20.77,0.3
3,distance<=-10; value_ratio<=5; close_location>=80; signal<=940; rank<=2,False,50,3,2,1,0,47,66.67,4.0,20.77,0.3
3,distance<=-10; value_ratio<=5; close_location>=80; signal<=950,False,50,3,2,1,0,47,66.67,4.0,20.77,0.3
3,distance<=-10; value_ratio<=5; close_location>=80; signal<=950; rank<=2,False,50,3,2,1,0,47,66.67,4.0,20.77,0.3
3,distance<=-10; value_ratio<=5; close_location>=88,False,38,3,2,1,0,35,66.67,5.26,20.77,0.3
3,distance<=-10; value_ratio<=5; close_location>=88; rank<=2,False,38,3,2,1,0,35,66.67,5.26,20.77,0.3
3,distance<=-10; value_ratio<=5; close_location>=88; signal<=940,False,38,3,2,1,0,35,66.67,5.26,20.77,0.3
3,distance<=-10; value_ratio<=5; close_location>=88; signal<=940; rank<=2,False,38,3,2,1,0,35,66.67,5.26,20.77,0.3
3,distance<=-10; value_ratio<=5; close_location>=88; signal<=950,False,38,3,2,1,0,35,66.67,5.26,20.77,0.3
3,distance<=-10; value_ratio<=5; close_location>=88; signal<=950; rank<=2,False,38,3,2,1,0,35,66.67,5.26,20.77,0.3
3,distance<=-10; value_ratio<=5; close_location>=90,False,33,3,2,1,0,30,66.67,6.06,20.77,0.3
3,distance<=-10; value_ratio<=5; close_location>=90; rank<=2,False,33,3,2,1,0,30,66.67,6.06,20.77,0.3
3,distance<=-10; value_ratio<=5; close_location>=90; signal<=940,False,33,3,2,1,0,30,66.67,6.06,20.77,0.3
3,distance<=-10; value_ratio<=5; close_location>=90; signal<=940; rank<=2,False,33,3,2,1,0,30,66.67,6.06,20.77,0.3
3,distance<=-10; value_ratio<=5; close_location>=90; signal<=950,False,33,3,2,1,0,30,66.67,6.06,20.77,0.3
3,distance<=-10; value_ratio<=5; close_location>=90; signal<=950; rank<=2,False,33,3,2,1,0,30,66.67,6.06,20.77,0.3
3,distance<=-12; close_location>=80,False,52,3,2,1,0,49,66.67,3.85,20.77,0.3
3,distance<=-12; close_location>=80; rank<=2,False,52,3,2,1,0,49,66.67,3.85,20.77,0.3
3,distance<=-12; close_location>=80; signal<=940,False,52,3,2,1,0,49,66.67,3.85,20.77,0.3
3,distance<=-12; close_location>=80; signal<=940; rank<=2,False,52,3,2,1,0,49,66.67,3.85,20.77,0.3
3,distance<=-12; close_location>=80; signal<=950,False,52,3,2,1,0,49,66.67,3.85,20.77,0.3
3,distance<=-12; close_location>=80; signal<=950; rank<=2,False,52,3,2,1,0,49,66.67,3.85,20.77,0.3
3,distance<=-15; close_location>=80,False,42,3,2,1,0,39,66.67,4.76,20.77,0.3
3,distance<=-15; close_location>=80; rank<=2,False,42,3,2,1,0,39,66.67,4.76,20.77,0.3
3,distance<=-15; close_location>=80; signal<=940,False,42,3,2,1,0,39,66.67,4.76,20.77,0.3
3,distance<=-15; close_location>=80; signal<=940; rank<=2,False,42,3,2,1,0,39,66.67,4.76,20.77,0.3
3,distance<=-15; close_location>=80; signal<=950,False,42,3,2,1,0,39,66.67,4.76,20.77,0.3
3,distance<=-15; close_location>=80; signal<=950; rank<=2,False,42,3,2,1,0,39,66.67,4.76,20.77,0.3
3,distance<=-3; close_location>=80; signal<=930,False,90,1,1,0,0,89,100.0,1.11,20.65,1.2
3,distance<=-3; close_location>=80; signal<=930; rank<=2,False,90,1,1,0,0,89,100.0,1.11,20.65,1.2
3,distance<=-3; close_location>=88; signal<=930,False,61,1,1,0,0,60,100.0,1.64,20.65,1.2
3,distance<=-3; close_location>=88; signal<=930; rank<=2,False,61,1,1,0,0,60,100.0,1.64,20.65,1.2
3,distance<=-3; close_location>=90; signal<=930,False,56,1,1,0,0,55,100.0,1.79,20.65,1.2
3,distance<=-3; close_location>=90; signal<=930; rank<=2,False,56,1,1,0,0,55,100.0,1.79,20.65,1.2
3,distance<=-3; value_ratio<=2.5; signal<=930,False,26,1,1,0,0,25,100.0,3.85,20.65,1.2
3,distance<=-3; value_ratio<=2.5; signal<=930; rank<=2,False,26,1,1,0,0,25,100.0,3.85,20.65,1.2
3,distance<=-3; value_ratio<=2.5; close_location>=80; signal<=930,False,25,1,1,0,0,24,100.0,4.0,20.65,1.2
3,distance<=-3; value_ratio<=2.5; close_location>=80; signal<=930; rank<=2,False,25,1,1,0,0,24,100.0,4.0,20.65,1.2
3,distance<=-3; value_ratio<=2.5; close_location>=88; signal<=930,False,19,1,1,0,0,18,100.0,5.26,20.65,1.2
3,distance<=-3; value_ratio<=2.5; close_location>=88; signal<=930; rank<=2,False,19,1,1,0,0,18,100.0,5.26,20.65,1.2
3,distance<=-3; value_ratio<=2.5; close_location>=90; signal<=930,False,17,1,1,0,0,16,100.0,5.88,20.65,1.2
3,distance<=-3; value_ratio<=2.5; close_location>=90; signal<=930; rank<=2,False,17,1,1,0,0,16,100.0,5.88,20.65,1.2
3,distance<=-3; value_ratio<=3; close_location>=80; signal<=930,False,38,1,1,0,0,37,100.0,2.63,20.65,1.2
3,distance<=-3; value_ratio<=3; close_location>=80; signal<=930; rank<=2,False,38,1,1,0,0,37,100.0,2.63,20.65,1.2
3,distance<=-3; value_ratio<=3; close_location>=88; signal<=930,False,25,1,1,0,0,24,100.0,4.0,20.65,1.2
3,distance<=-3; value_ratio<=3; close_location>=88; signal<=930; rank<=2,False,25,1,1,0,0,24,100.0,4.0,20.65,1.2
3,distance<=-3; value_ratio<=3; close_location>=90; signal<=930,False,23,1,1,0,0,22,100.0,4.35,20.65,1.2
3,distance<=-3; value_ratio<=3; close_location>=90; signal<=930; rank<=2,False,23,1,1,0,0,22,100.0,4.35,20.65,1.2
3,distance<=-3; value_ratio<=3.5; close_location>=80; signal<=930,False,54,1,1,0,0,53,100.0,1.85,20.65,1.2
3,distance<=-3; value_ratio<=3.5; close_location>=80; signal<=930; rank<=2,False,54,1,1,0,0,53,100.0,1.85,20.65,1.2
3,distance<=-3; value_ratio<=3.5; close_location>=88; signal<=930,False,37,1,1,0,0,36,100.0,2.7,20.65,1.2
3,distance<=-3; value_ratio<=3.5; close_location>=88; signal<=930; rank<=2,False,37,1,1,0,0,36,100.0,2.7,20.65,1.2
3,distance<=-3; value_ratio<=3.5; close_location>=90; signal<=930,False,34,1,1,0,0,33,100.0,2.94,20.65,1.2
3,distance<=-3; value_ratio<=3.5; close_location>=90; signal<=930; rank<=2,False,34,1,1,0,0,33,100.0,2.94,20.65,1.2
3,distance<=-3; value_ratio<=5; close_location>=80; signal<=930,False,82,1,1,0,0,81,100.0,1.22,20.65,1.2
3,distance<=-3; value_ratio<=5; close_location>=80; signal<=930; rank<=2,False,82,1,1,0,0,81,100.0,1.22,20.65,1.2
3,distance<=-3; value_ratio<=5; close_location>=88; signal<=930,False,57,1,1,0,0,56,100.0,1.75,20.65,1.2
3,distance<=-3; value_ratio<=5; close_location>=88; signal<=930; rank<=2,False,57,1,1,0,0,56,100.0,1.75,20.65,1.2
3,distance<=-3; value_ratio<=5; close_location>=90; signal<=930,False,52,1,1,0,0,51,100.0,1.92,20.65,1.2
3,distance<=-3; value_ratio<=5; close_location>=90; signal<=930; rank<=2,False,52,1,1,0,0,51,100.0,1.92,20.65,1.2
3,distance<=-5; close_location>=80; signal<=930,False,84,1,1,0,0,83,100.0,1.19,20.65,1.2
3,distance<=-5; close_location>=80; signal<=930; rank<=2,False,84,1,1,0,0,83,100.0,1.19,20.65,1.2
3,distance<=-5; close_location>=88; signal<=930,False,56,1,1,0,0,55,100.0,1.79,20.65,1.2
3,distance<=-5; close_location>=88; signal<=930; rank<=2,False,56,1,1,0,0,55,100.0,1.79,20.65,1.2
3,distance<=-5; close_location>=90; signal<=930,False,51,1,1,0,0,50,100.0,1.96,20.65,1.2
3,distance<=-5; close_location>=90; signal<=930; rank<=2,False,51,1,1,0,0,50,100.0,1.96,20.65,1.2
3,distance<=-5; value_ratio<=2.5; signal<=930,False,26,1,1,0,0,25,100.0,3.85,20.65,1.2
3,distance<=-5; value_ratio<=2.5; signal<=930; rank<=2,False,26,1,1,0,0,25,100.0,3.85,20.65,1.2
3,distance<=-5; value_ratio<=2.5; close_location>=80; signal<=930,False,25,1,1,0,0,24,100.0,4.0,20.65,1.2
3,distance<=-5; value_ratio<=2.5; close_location>=80; signal<=930; rank<=2,False,25,1,1,0,0,24,100.0,4.0,20.65,1.2
3,distance<=-5; value_ratio<=2.5; close_location>=88; signal<=930,False,19,1,1,0,0,18,100.0,5.26,20.65,1.2
3,distance<=-5; value_ratio<=2.5; close_location>=88; signal<=930; rank<=2,False,19,1,1,0,0,18,100.0,5.26,20.65,1.2
3,distance<=-5; value_ratio<=2.5; close_location>=90; signal<=930,False,17,1,1,0,0,16,100.0,5.88,20.65,1.2
3,distance<=-5; value_ratio<=2.5; close_location>=90; signal<=930; rank<=2,False,17,1,1,0,0,16,100.0,5.88,20.65,1.2
3,distance<=-5; value_ratio<=3; close_location>=80; signal<=930,False,37,1,1,0,0,36,100.0,2.7,20.65,1.2
3,distance<=-5; value_ratio<=3; close_location>=80; signal<=930; rank<=2,False,37,1,1,0,0,36,100.0,2.7,20.65,1.2
3,distance<=-5; value_ratio<=3; close_location>=88; signal<=930,False,25,1,1,0,0,24,100.0,4.0,20.65,1.2
3,distance<=-5; value_ratio<=3; close_location>=88; signal<=930; rank<=2,False,25,1,1,0,0,24,100.0,4.0,20.65,1.2
3,distance<=-5; value_ratio<=3; close_location>=90; signal<=930,False,23,1,1,0,0,22,100.0,4.35,20.65,1.2
3,distance<=-5; value_ratio<=3; close_location>=90; signal<=930; rank<=2,False,23,1,1,0,0,22,100.0,4.35,20.65,1.2
3,distance<=-5; value_ratio<=3.5; close_location>=80; signal<=930,False,51,1,1,0,0,50,100.0,1.96,20.65,1.2
3,distance<=-5; value_ratio<=3.5; close_location>=80; signal<=930; rank<=2,False,51,1,1,0,0,50,100.0,1.96,20.65,1.2
3,distance<=-5; value_ratio<=3.5; close_location>=88; signal<=930,False,35,1,1,0,0,34,100.0,2.86,20.65,1.2
3,distance<=-5; value_ratio<=3.5; close_location>=88; signal<=930; rank<=2,False,35,1,1,0,0,34,100.0,2.86,20.65,1.2
3,distance<=-5; value_ratio<=3.5; close_location>=90; signal<=930,False,32,1,1,0,0,31,100.0,3.12,20.65,1.2
3,distance<=-5; value_ratio<=3.5; close_location>=90; signal<=930; rank<=2,False,32,1,1,0,0,31,100.0,3.12,20.65,1.2
3,distance<=-5; value_ratio<=5; close_location>=80; signal<=930,False,76,1,1,0,0,75,100.0,1.32,20.65,1.2
3,distance<=-5; value_ratio<=5; close_location>=80; signal<=930; rank<=2,False,76,1,1,0,0,75,100.0,1.32,20.65,1.2
3,distance<=-5; value_ratio<=5; close_location>=88; signal<=930,False,52,1,1,0,0,51,100.0,1.92,20.65,1.2
3,distance<=-5; value_ratio<=5; close_location>=88; signal<=930; rank<=2,False,52,1,1,0,0,51,100.0,1.92,20.65,1.2
3,distance<=-5; value_ratio<=5; close_location>=90; signal<=930,False,47,1,1,0,0,46,100.0,2.13,20.65,1.2
3,distance<=-5; value_ratio<=5; close_location>=90; signal<=930; rank<=2,False,47,1,1,0,0,46,100.0,2.13,20.65,1.2
3,distance<=-8; close_location>=80; signal<=930,False,72,1,1,0,0,71,100.0,1.39,20.65,1.2
3,distance<=-8; close_location>=80; signal<=930; rank<=2,False,72,1,1,0,0,71,100.0,1.39,20.65,1.2
3,distance<=-8; close_location>=88; signal<=930,False,50,1,1,0,0,49,100.0,2.0,20.65,1.2
3,distance<=-8; close_location>=88; signal<=930; rank<=2,False,50,1,1,0,0,49,100.0,2.0,20.65,1.2
3,distance<=-8; close_location>=90; signal<=930,False,45,1,1,0,0,44,100.0,2.22,20.65,1.2
3,distance<=-8; close_location>=90; signal<=930; rank<=2,False,45,1,1,0,0,44,100.0,2.22,20.65,1.2
3,distance<=-8; value_ratio<=2.5; signal<=930,False,20,1,1,0,0,19,100.0,5.0,20.65,1.2
3,distance<=-8; value_ratio<=2.5; signal<=930; rank<=2,False,20,1,1,0,0,19,100.0,5.0,20.65,1.2
3,distance<=-8; value_ratio<=2.5; close_location>=80; signal<=930,False,19,1,1,0,0,18,100.0,5.26,20.65,1.2
3,distance<=-8; value_ratio<=2.5; close_location>=80; signal<=930; rank<=2,False,19,1,1,0,0,18,100.0,5.26,20.65,1.2
3,distance<=-8; value_ratio<=2.5; close_location>=88; signal<=930,False,15,1,1,0,0,14,100.0,6.67,20.65,1.2
3,distance<=-8; value_ratio<=2.5; close_location>=88; signal<=930; rank<=2,False,15,1,1,0,0,14,100.0,6.67,20.65,1.2
3,distance<=-8; value_ratio<=2.5; close_location>=90; signal<=930,False,13,1,1,0,0,12,100.0,7.69,20.65,1.2
3,distance<=-8; value_ratio<=2.5; close_location>=90; signal<=930; rank<=2,False,13,1,1,0,0,12,100.0,7.69,20.65,1.2
3,distance<=-8; value_ratio<=3; close_location>=80; signal<=930,False,30,1,1,0,0,29,100.0,3.33,20.65,1.2
3,distance<=-8; value_ratio<=3; close_location>=80; signal<=930; rank<=2,False,30,1,1,0,0,29,100.0,3.33,20.65,1.2
3,distance<=-8; value_ratio<=3; close_location>=88; signal<=930,False,21,1,1,0,0,20,100.0,4.76,20.65,1.2
3,distance<=-8; value_ratio<=3; close_location>=88; signal<=930; rank<=2,False,21,1,1,0,0,20,100.0,4.76,20.65,1.2
3,distance<=-8; value_ratio<=3; close_location>=90; signal<=930,False,19,1,1,0,0,18,100.0,5.26,20.65,1.2
3,distance<=-8; value_ratio<=3; close_location>=90; signal<=930; rank<=2,False,19,1,1,0,0,18,100.0,5.26,20.65,1.2
3,distance<=-8; value_ratio<=3.5; close_location>=80; signal<=930,False,42,1,1,0,0,41,100.0,2.38,20.65,1.2
3,distance<=-8; value_ratio<=3.5; close_location>=80; signal<=930; rank<=2,False,42,1,1,0,0,41,100.0,2.38,20.65,1.2
3,distance<=-8; value_ratio<=3.5; close_location>=88; signal<=930,False,30,1,1,0,0,29,100.0,3.33,20.65,1.2
3,distance<=-8; value_ratio<=3.5; close_location>=88; signal<=930; rank<=2,False,30,1,1,0,0,29,100.0,3.33,20.65,1.2
3,distance<=-8; value_ratio<=3.5; close_location>=90; signal<=930,False,27,1,1,0,0,26,100.0,3.7,20.65,1.2
3,distance<=-8; value_ratio<=3.5; close_location>=90; signal<=930; rank<=2,False,27,1,1,0,0,26,100.0,3.7,20.65,1.2
3,distance<=-8; value_ratio<=5; close_location>=80; signal<=930,False,64,1,1,0,0,63,100.0,1.56,20.65,1.2
3,distance<=-8; value_ratio<=5; close_location>=80; signal<=930; rank<=2,False,64,1,1,0,0,63,100.0,1.56,20.65,1.2
3,distance<=-8; value_ratio<=5; close_location>=88; signal<=930,False,46,1,1,0,0,45,100.0,2.17,20.65,1.2
3,distance<=-8; value_ratio<=5; close_location>=88; signal<=930; rank<=2,False,46,1,1,0,0,45,100.0,2.17,20.65,1.2
3,distance<=-8; value_ratio<=5; close_location>=90; signal<=930,False,41,1,1,0,0,40,100.0,2.44,20.65,1.2
3,distance<=-8; value_ratio<=5; close_location>=90; signal<=930; rank<=2,False,41,1,1,0,0,40,100.0,2.44,20.65,1.2
3,distance<=-10; close_location>=80; signal<=930,False,57,1,1,0,0,56,100.0,1.75,20.65,1.2
3,distance<=-10; close_location>=80; signal<=930; rank<=2,False,57,1,1,0,0,56,100.0,1.75,20.65,1.2
3,distance<=-10; close_location>=88; signal<=930,False,42,1,1,0,0,41,100.0,2.38,20.65,1.2
3,distance<=-10; close_location>=88; signal<=930; rank<=2,False,42,1,1,0,0,41,100.0,2.38,20.65,1.2
3,distance<=-10; close_location>=90; signal<=930,False,37,1,1,0,0,36,100.0,2.7,20.65,1.2
3,distance<=-10; close_location>=90; signal<=930; rank<=2,False,37,1,1,0,0,36,100.0,2.7,20.65,1.2
3,distance<=-10; value_ratio<=2.5; signal<=930,False,14,1,1,0,0,13,100.0,7.14,20.65,1.2
3,distance<=-10; value_ratio<=2.5; signal<=930; rank<=2,False,14,1,1,0,0,13,100.0,7.14,20.65,1.2
3,distance<=-10; value_ratio<=2.5; close_location>=80; signal<=930,False,13,1,1,0,0,12,100.0,7.69,20.65,1.2
3,distance<=-10; value_ratio<=2.5; close_location>=80; signal<=930; rank<=2,False,13,1,1,0,0,12,100.0,7.69,20.65,1.2
3,distance<=-10; value_ratio<=2.5; close_location>=88; signal<=930,False,10,1,1,0,0,9,100.0,10.0,20.65,1.2
3,distance<=-10; value_ratio<=2.5; close_location>=88; signal<=930; rank<=2,False,10,1,1,0,0,9,100.0,10.0,20.65,1.2
3,distance<=-10; value_ratio<=2.5; close_location>=90; signal<=930,False,8,1,1,0,0,7,100.0,12.5,20.65,1.2
3,distance<=-10; value_ratio<=2.5; close_location>=90; signal<=930; rank<=2,False,8,1,1,0,0,7,100.0,12.5,20.65,1.2
3,distance<=-10; value_ratio<=3; close_location>=80; signal<=930,False,23,1,1,0,0,22,100.0,4.35,20.65,1.2
3,distance<=-10; value_ratio<=3; close_location>=80; signal<=930; rank<=2,False,23,1,1,0,0,22,100.0,4.35,20.65,1.2
3,distance<=-10; value_ratio<=3; close_location>=88; signal<=930,False,16,1,1,0,0,15,100.0,6.25,20.65,1.2
3,distance<=-10; value_ratio<=3; close_location>=88; signal<=930; rank<=2,False,16,1,1,0,0,15,100.0,6.25,20.65,1.2
3,distance<=-10; value_ratio<=3; close_location>=90; signal<=930,False,14,1,1,0,0,13,100.0,7.14,20.65,1.2
3,distance<=-10; value_ratio<=3; close_location>=90; signal<=930; rank<=2,False,14,1,1,0,0,13,100.0,7.14,20.65,1.2
3,distance<=-10; value_ratio<=3.5; close_location>=80; signal<=930,False,33,1,1,0,0,32,100.0,3.03,20.65,1.2
3,distance<=-10; value_ratio<=3.5; close_location>=80; signal<=930; rank<=2,False,33,1,1,0,0,32,100.0,3.03,20.65,1.2
3,distance<=-10; value_ratio<=3.5; close_location>=88; signal<=930,False,24,1,1,0,0,23,100.0,4.17,20.65,1.2
3,distance<=-10; value_ratio<=3.5; close_location>=88; signal<=930; rank<=2,False,24,1,1,0,0,23,100.0,4.17,20.65,1.2
3,distance<=-10; value_ratio<=3.5; close_location>=90; signal<=930,False,21,1,1,0,0,20,100.0,4.76,20.65,1.2
3,distance<=-10; value_ratio<=3.5; close_location>=90; signal<=930; rank<=2,False,21,1,1,0,0,20,100.0,4.76,20.65,1.2
3,distance<=-10; value_ratio<=5; close_location>=80; signal<=930,False,50,1,1,0,0,49,100.0,2.0,20.65,1.2
3,distance<=-10; value_ratio<=5; close_location>=80; signal<=930; rank<=2,False,50,1,1,0,0,49,100.0,2.0,20.65,1.2
3,distance<=-10; value_ratio<=5; close_location>=88; signal<=930,False,38,1,1,0,0,37,100.0,2.63,20.65,1.2
3,distance<=-10; value_ratio<=5; close_location>=88; signal<=930; rank<=2,False,38,1,1,0,0,37,100.0,2.63,20.65,1.2
3,distance<=-10; value_ratio<=5; close_location>=90; signal<=930,False,33,1,1,0,0,32,100.0,3.03,20.65,1.2
3,distance<=-10; value_ratio<=5; close_location>=90; signal<=930; rank<=2,False,33,1,1,0,0,32,100.0,3.03,20.65,1.2
3,distance<=-12; close_location>=80; signal<=930,False,52,1,1,0,0,51,100.0,1.92,20.65,1.2
3,distance<=-12; close_location>=80; signal<=930; rank<=2,False,52,1,1,0,0,51,100.0,1.92,20.65,1.2
3,distance<=-12; close_location>=88; signal<=930,False,37,1,1,0,0,36,100.0,2.7,20.65,1.2
3,distance<=-12; close_location>=88; signal<=930; rank<=2,False,37,1,1,0,0,36,100.0,2.7,20.65,1.2
3,distance<=-12; close_location>=90; signal<=930,False,32,1,1,0,0,31,100.0,3.12,20.65,1.2
3,distance<=-12; close_location>=90; signal<=930; rank<=2,False,32,1,1,0,0,31,100.0,3.12,20.65,1.2
3,distance<=-12; value_ratio<=2.5,False,12,1,1,0,0,11,100.0,8.33,20.65,1.2
3,distance<=-12; value_ratio<=2.5; rank<=2,False,12,1,1,0,0,11,100.0,8.33,20.65,1.2
3,distance<=-12; value_ratio<=2.5; signal<=930,False,12,1,1,0,0,11,100.0,8.33,20.65,1.2
3,distance<=-12; value_ratio<=2.5; signal<=930; rank<=2,False,12,1,1,0,0,11,100.0,8.33,20.65,1.2
3,distance<=-12; value_ratio<=2.5; signal<=940,False,12,1,1,0,0,11,100.0,8.33,20.65,1.2
3,distance<=-12; value_ratio<=2.5; signal<=940; rank<=2,False,12,1,1,0,0,11,100.0,8.33,20.65,1.2
3,distance<=-12; value_ratio<=2.5; signal<=950,False,12,1,1,0,0,11,100.0,8.33,20.65,1.2
3,distance<=-12; value_ratio<=2.5; signal<=950; rank<=2,False,12,1,1,0,0,11,100.0,8.33,20.65,1.2
3,distance<=-12; value_ratio<=2.5; close_location>=80,False,11,1,1,0,0,10,100.0,9.09,20.65,1.2
3,distance<=-12; value_ratio<=2.5; close_location>=80; rank<=2,False,11,1,1,0,0,10,100.0,9.09,20.65,1.2
3,distance<=-12; value_ratio<=2.5; close_location>=80; signal<=930,False,11,1,1,0,0,10,100.0,9.09,20.65,1.2
3,distance<=-12; value_ratio<=2.5; close_location>=80; signal<=930; rank<=2,False,11,1,1,0,0,10,100.0,9.09,20.65,1.2
3,distance<=-12; value_ratio<=2.5; close_location>=80; signal<=940,False,11,1,1,0,0,10,100.0,9.09,20.65,1.2
3,distance<=-12; value_ratio<=2.5; close_location>=80; signal<=940; rank<=2,False,11,1,1,0,0,10,100.0,9.09,20.65,1.2
3,distance<=-12; value_ratio<=2.5; close_location>=80; signal<=950,False,11,1,1,0,0,10,100.0,9.09,20.65,1.2
3,distance<=-12; value_ratio<=2.5; close_location>=80; signal<=950; rank<=2,False,11,1,1,0,0,10,100.0,9.09,20.65,1.2
3,distance<=-12; value_ratio<=2.5; close_location>=88,False,8,1,1,0,0,7,100.0,12.5,20.65,1.2
3,distance<=-12; value_ratio<=2.5; close_location>=88; rank<=2,False,8,1,1,0,0,7,100.0,12.5,20.65,1.2
3,distance<=-12; value_ratio<=2.5; close_location>=88; signal<=930,False,8,1,1,0,0,7,100.0,12.5,20.65,1.2
3,distance<=-12; value_ratio<=2.5; close_location>=88; signal<=930; rank<=2,False,8,1,1,0,0,7,100.0,12.5,20.65,1.2
3,distance<=-12; value_ratio<=2.5; close_location>=88; signal<=940,False,8,1,1,0,0,7,100.0,12.5,20.65,1.2
3,distance<=-12; value_ratio<=2.5; close_location>=88; signal<=940; rank<=2,False,8,1,1,0,0,7,100.0,12.5,20.65,1.2
3,distance<=-12; value_ratio<=2.5; close_location>=88; signal<=950,False,8,1,1,0,0,7,100.0,12.5,20.65,1.2
3,distance<=-12; value_ratio<=2.5; close_location>=88; signal<=950; rank<=2,False,8,1,1,0,0,7,100.0,12.5,20.65,1.2
3,distance<=-12; value_ratio<=2.5; close_location>=90,False,6,1,1,0,0,5,100.0,16.67,20.65,1.2
3,distance<=-12; value_ratio<=2.5; close_location>=90; rank<=2,False,6,1,1,0,0,5,100.0,16.67,20.65,1.2
3,distance<=-12; value_ratio<=2.5; close_location>=90; signal<=930,False,6,1,1,0,0,5,100.0,16.67,20.65,1.2
3,distance<=-12; value_ratio<=2.5; close_location>=90; signal<=930; rank<=2,False,6,1,1,0,0,5,100.0,16.67,20.65,1.2
3,distance<=-12; value_ratio<=2.5; close_location>=90; signal<=940,False,6,1,1,0,0,5,100.0,16.67,20.65,1.2
3,distance<=-12; value_ratio<=2.5; close_location>=90; signal<=940; rank<=2,False,6,1,1,0,0,5,100.0,16.67,20.65,1.2
3,distance<=-12; value_ratio<=2.5; close_location>=90; signal<=950,False,6,1,1,0,0,5,100.0,16.67,20.65,1.2
3,distance<=-12; value_ratio<=2.5; close_location>=90; signal<=950; rank<=2,False,6,1,1,0,0,5,100.0,16.67,20.65,1.2
3,distance<=-12; value_ratio<=3; close_location>=80; signal<=930,False,21,1,1,0,0,20,100.0,4.76,20.65,1.2
3,distance<=-12; value_ratio<=3; close_location>=80; signal<=930; rank<=2,False,21,1,1,0,0,20,100.0,4.76,20.65,1.2
3,distance<=-12; value_ratio<=3; close_location>=88; signal<=930,False,14,1,1,0,0,13,100.0,7.14,20.65,1.2
3,distance<=-12; value_ratio<=3; close_location>=88; signal<=930; rank<=2,False,14,1,1,0,0,13,100.0,7.14,20.65,1.2
3,distance<=-12; value_ratio<=3; close_location>=90; signal<=930,False,12,1,1,0,0,11,100.0,8.33,20.65,1.2
3,distance<=-12; value_ratio<=3; close_location>=90; signal<=930; rank<=2,False,12,1,1,0,0,11,100.0,8.33,20.65,1.2
3,distance<=-12; value_ratio<=3.5; close_location>=80; signal<=930,False,31,1,1,0,0,30,100.0,3.23,20.65,1.2
3,distance<=-12; value_ratio<=3.5; close_location>=80; signal<=930; rank<=2,False,31,1,1,0,0,30,100.0,3.23,20.65,1.2
3,distance<=-12; value_ratio<=3.5; close_location>=88; signal<=930,False,22,1,1,0,0,21,100.0,4.55,20.65,1.2
3,distance<=-12; value_ratio<=3.5; close_location>=88; signal<=930; rank<=2,False,22,1,1,0,0,21,100.0,4.55,20.65,1.2
3,distance<=-12; value_ratio<=3.5; close_location>=90; signal<=930,False,19,1,1,0,0,18,100.0,5.26,20.65,1.2
3,distance<=-12; value_ratio<=3.5; close_location>=90; signal<=930; rank<=2,False,19,1,1,0,0,18,100.0,5.26,20.65,1.2
3,distance<=-12; value_ratio<=5; close_location>=80; signal<=930,False,45,1,1,0,0,44,100.0,2.22,20.65,1.2
3,distance<=-12; value_ratio<=5; close_location>=80; signal<=930; rank<=2,False,45,1,1,0,0,44,100.0,2.22,20.65,1.2
3,distance<=-12; value_ratio<=5; close_location>=88; signal<=930,False,33,1,1,0,0,32,100.0,3.03,20.65,1.2
3,distance<=-12; value_ratio<=5; close_location>=88; signal<=930; rank<=2,False,33,1,1,0,0,32,100.0,3.03,20.65,1.2
3,distance<=-12; value_ratio<=5; close_location>=90; signal<=930,False,28,1,1,0,0,27,100.0,3.57,20.65,1.2
3,distance<=-12; value_ratio<=5; close_location>=90; signal<=930; rank<=2,False,28,1,1,0,0,27,100.0,3.57,20.65,1.2
3,distance<=-15; close_location>=80; signal<=930,False,42,1,1,0,0,41,100.0,2.38,20.65,1.2
3,distance<=-15; close_location>=80; signal<=930; rank<=2,False,42,1,1,0,0,41,100.0,2.38,20.65,1.2
3,distance<=-15; close_location>=88; signal<=930,False,30,1,1,0,0,29,100.0,3.33,20.65,1.2
3,distance<=-15; close_location>=88; signal<=930; rank<=2,False,30,1,1,0,0,29,100.0,3.33,20.65,1.2
3,distance<=-15; close_location>=90; signal<=930,False,25,1,1,0,0,24,100.0,4.0,20.65,1.2
3,distance<=-15; close_location>=90; signal<=930; rank<=2,False,25,1,1,0,0,24,100.0,4.0,20.65,1.2
3,distance<=-15; value_ratio<=2.5,False,10,1,1,0,0,9,100.0,10.0,20.65,1.2
3,distance<=-15; value_ratio<=2.5; rank<=2,False,10,1,1,0,0,9,100.0,10.0,20.65,1.2
3,distance<=-15; value_ratio<=2.5; signal<=930,False,10,1,1,0,0,9,100.0,10.0,20.65,1.2
3,distance<=-15; value_ratio<=2.5; signal<=930; rank<=2,False,10,1,1,0,0,9,100.0,10.0,20.65,1.2
3,distance<=-15; value_ratio<=2.5; signal<=940,False,10,1,1,0,0,9,100.0,10.0,20.65,1.2
3,distance<=-15; value_ratio<=2.5; signal<=940; rank<=2,False,10,1,1,0,0,9,100.0,10.0,20.65,1.2
3,distance<=-15; value_ratio<=2.5; signal<=950,False,10,1,1,0,0,9,100.0,10.0,20.65,1.2
3,distance<=-15; value_ratio<=2.5; signal<=950; rank<=2,False,10,1,1,0,0,9,100.0,10.0,20.65,1.2
3,distance<=-15; value_ratio<=2.5; close_location>=80,False,9,1,1,0,0,8,100.0,11.11,20.65,1.2
3,distance<=-15; value_ratio<=2.5; close_location>=80; rank<=2,False,9,1,1,0,0,8,100.0,11.11,20.65,1.2
3,distance<=-15; value_ratio<=2.5; close_location>=80; signal<=930,False,9,1,1,0,0,8,100.0,11.11,20.65,1.2
3,distance<=-15; value_ratio<=2.5; close_location>=80; signal<=930; rank<=2,False,9,1,1,0,0,8,100.0,11.11,20.65,1.2
3,distance<=-15; value_ratio<=2.5; close_location>=80; signal<=940,False,9,1,1,0,0,8,100.0,11.11,20.65,1.2
3,distance<=-15; value_ratio<=2.5; close_location>=80; signal<=940; rank<=2,False,9,1,1,0,0,8,100.0,11.11,20.65,1.2
3,distance<=-15; value_ratio<=2.5; close_location>=80; signal<=950,False,9,1,1,0,0,8,100.0,11.11,20.65,1.2
3,distance<=-15; value_ratio<=2.5; close_location>=80; signal<=950; rank<=2,False,9,1,1,0,0,8,100.0,11.11,20.65,1.2
3,distance<=-15; value_ratio<=2.5; close_location>=88,False,6,1,1,0,0,5,100.0,16.67,20.65,1.2
3,distance<=-15; value_ratio<=2.5; close_location>=88; rank<=2,False,6,1,1,0,0,5,100.0,16.67,20.65,1.2
3,distance<=-15; value_ratio<=2.5; close_location>=88; signal<=930,False,6,1,1,0,0,5,100.0,16.67,20.65,1.2
3,distance<=-15; value_ratio<=2.5; close_location>=88; signal<=930; rank<=2,False,6,1,1,0,0,5,100.0,16.67,20.65,1.2
3,distance<=-15; value_ratio<=2.5; close_location>=88; signal<=940,False,6,1,1,0,0,5,100.0,16.67,20.65,1.2
3,distance<=-15; value_ratio<=2.5; close_location>=88; signal<=940; rank<=2,False,6,1,1,0,0,5,100.0,16.67,20.65,1.2
3,distance<=-15; value_ratio<=2.5; close_location>=88; signal<=950,False,6,1,1,0,0,5,100.0,16.67,20.65,1.2
3,distance<=-15; value_ratio<=2.5; close_location>=88; signal<=950; rank<=2,False,6,1,1,0,0,5,100.0,16.67,20.65,1.2
3,distance<=-15; value_ratio<=2.5; close_location>=90,False,4,1,1,0,0,3,100.0,25.0,20.65,1.2
3,distance<=-15; value_ratio<=2.5; close_location>=90; rank<=2,False,4,1,1,0,0,3,100.0,25.0,20.65,1.2
3,distance<=-15; value_ratio<=2.5; close_location>=90; signal<=930,False,4,1,1,0,0,3,100.0,25.0,20.65,1.2
3,distance<=-15; value_ratio<=2.5; close_location>=90; signal<=930; rank<=2,False,4,1,1,0,0,3,100.0,25.0,20.65,1.2
3,distance<=-15; value_ratio<=2.5; close_location>=90; signal<=940,False,4,1,1,0,0,3,100.0,25.0,20.65,1.2
3,distance<=-15; value_ratio<=2.5; close_location>=90; signal<=940; rank<=2,False,4,1,1,0,0,3,100.0,25.0,20.65,1.2
3,distance<=-15; value_ratio<=2.5; close_location>=90; signal<=950,False,4,1,1,0,0,3,100.0,25.0,20.65,1.2
3,distance<=-15; value_ratio<=2.5; close_location>=90; signal<=950; rank<=2,False,4,1,1,0,0,3,100.0,25.0,20.65,1.2
3,distance<=-15; value_ratio<=3; close_location>=80; signal<=930,False,18,1,1,0,0,17,100.0,5.56,20.65,1.2
3,distance<=-15; value_ratio<=3; close_location>=80; signal<=930; rank<=2,False,18,1,1,0,0,17,100.0,5.56,20.65,1.2
3,distance<=-15; value_ratio<=3; close_location>=88; signal<=930,False,12,1,1,0,0,11,100.0,8.33,20.65,1.2
3,distance<=-15; value_ratio<=3; close_location>=88; signal<=930; rank<=2,False,12,1,1,0,0,11,100.0,8.33,20.65,1.2
3,distance<=-15; value_ratio<=3; close_location>=90; signal<=930,False,10,1,1,0,0,9,100.0,10.0,20.65,1.2
3,distance<=-15; value_ratio<=3; close_location>=90; signal<=930; rank<=2,False,10,1,1,0,0,9,100.0,10.0,20.65,1.2
3,distance<=-15; value_ratio<=3.5; close_location>=80; signal<=930,False,28,1,1,0,0,27,100.0,3.57,20.65,1.2
3,distance<=-15; value_ratio<=3.5; close_location>=80; signal<=930; rank<=2,False,28,1,1,0,0,27,100.0,3.57,20.65,1.2
3,distance<=-15; value_ratio<=3.5; close_location>=88; signal<=930,False,20,1,1,0,0,19,100.0,5.0,20.65,1.2
3,distance<=-15; value_ratio<=3.5; close_location>=88; signal<=930; rank<=2,False,20,1,1,0,0,19,100.0,5.0,20.65,1.2
3,distance<=-15; value_ratio<=3.5; close_location>=90; signal<=930,False,17,1,1,0,0,16,100.0,5.88,20.65,1.2
3,distance<=-15; value_ratio<=3.5; close_location>=90; signal<=930; rank<=2,False,17,1,1,0,0,16,100.0,5.88,20.65,1.2
3,distance<=-15; value_ratio<=5; close_location>=80; signal<=930,False,37,1,1,0,0,36,100.0,2.7,20.65,1.2
3,distance<=-15; value_ratio<=5; close_location>=80; signal<=930; rank<=2,False,37,1,1,0,0,36,100.0,2.7,20.65,1.2
3,distance<=-15; value_ratio<=5; close_location>=88; signal<=930,False,27,1,1,0,0,26,100.0,3.7,20.65,1.2
3,distance<=-15; value_ratio<=5; close_location>=88; signal<=930; rank<=2,False,27,1,1,0,0,26,100.0,3.7,20.65,1.2
3,distance<=-15; value_ratio<=5; close_location>=90; signal<=930,False,22,1,1,0,0,21,100.0,4.55,20.65,1.2
3,distance<=-15; value_ratio<=5; close_location>=90; signal<=930; rank<=2,False,22,1,1,0,0,21,100.0,4.55,20.65,1.2
3,close_location>=88; signal<=940,False,80,6,3,1,2,74,50.0,3.75,18.76,0.361
3,close_location>=88; signal<=940; rank<=2,False,80,6,3,1,2,74,50.0,3.75,18.76,0.361
3,close_location>=90; signal<=940,False,71,6,3,1,2,65,50.0,4.23,18.76,0.361
3,close_location>=90; signal<=940; rank<=2,False,71,6,3,1,2,65,50.0,4.23,18.76,0.361
3,value_ratio<=3.5; close_location>=80; signal<=940,False,71,6,3,1,2,65,50.0,4.23,18.76,0.361
3,value_ratio<=3.5; close_location>=80; signal<=940; rank<=2,False,71,6,3,1,2,65,50.0,4.23,18.76,0.361
3,value_ratio<=3.5; close_location>=88; signal<=940,False,52,6,3,1,2,46,50.0,5.77,18.76,0.361
3,value_ratio<=3.5; close_location>=88; signal<=940; rank<=2,False,52,6,3,1,2,46,50.0,5.77,18.76,0.361
3,value_ratio<=3.5; close_location>=90; signal<=940,False,46,6,3,1,2,40,50.0,6.52,18.76,0.361
3,value_ratio<=3.5; close_location>=90; signal<=940; rank<=2,False,46,6,3,1,2,40,50.0,6.52,18.76,0.361
3,value_ratio<=5; close_location>=80; signal<=940,False,104,6,3,1,2,98,50.0,2.88,18.76,0.361
3,value_ratio<=5; close_location>=80; signal<=940; rank<=2,False,104,6,3,1,2,98,50.0,2.88,18.76,0.361
3,value_ratio<=5; close_location>=88; signal<=940,False,75,6,3,1,2,69,50.0,4.0,18.76,0.361
3,value_ratio<=5; close_location>=88; signal<=940; rank<=2,False,75,6,3,1,2,69,50.0,4.0,18.76,0.361
3,value_ratio<=5; close_location>=90; signal<=940,False,66,6,3,1,2,60,50.0,4.55,18.76,0.361
3,value_ratio<=5; close_location>=90; signal<=940; rank<=2,False,66,6,3,1,2,60,50.0,4.55,18.76,0.361
3,value_ratio<=3; signal<=940,False,57,6,3,2,1,51,50.0,5.26,18.76,0.243
3,value_ratio<=3; signal<=940; rank<=2,False,57,6,3,2,1,51,50.0,5.26,18.76,0.243
3,distance<=-3; value_ratio<=3,False,44,6,3,2,1,38,50.0,6.82,18.76,0.243
3,distance<=-3; value_ratio<=3; rank<=2,False,44,6,3,2,1,38,50.0,6.82,18.76,0.243
3,distance<=-3; value_ratio<=3; signal<=950,False,44,6,3,2,1,38,50.0,6.82,18.76,0.243
3,distance<=-3; value_ratio<=3; signal<=950; rank<=2,False,44,6,3,2,1,38,50.0,6.82,18.76,0.243
3,distance<=-5; value_ratio<=3,False,43,6,3,2,1,37,50.0,6.98,18.76,0.243
3,distance<=-5; value_ratio<=3; rank<=2,False,43,6,3,2,1,37,50.0,6.98,18.76,0.243
3,distance<=-5; value_ratio<=3; signal<=950,False,43,6,3,2,1,37,50.0,6.98,18.76,0.243
3,distance<=-5; value_ratio<=3; signal<=950; rank<=2,False,43,6,3,2,1,37,50.0,6.98,18.76,0.243
3,distance<=-8; value_ratio<=3,False,34,6,3,2,1,28,50.0,8.82,18.76,0.243
3,distance<=-8; value_ratio<=3; rank<=2,False,34,6,3,2,1,28,50.0,8.82,18.76,0.243
3,distance<=-8; value_ratio<=3; signal<=950,False,34,6,3,2,1,28,50.0,8.82,18.76,0.243
3,distance<=-8; value_ratio<=3; signal<=950; rank<=2,False,34,6,3,2,1,28,50.0,8.82,18.76,0.243
3,distance<=-3; value_ratio<=3.5,False,68,7,3,2,2,61,42.86,4.41,15.82,0.213
3,distance<=-3; value_ratio<=3.5; rank<=2,False,68,7,3,2,2,61,42.86,4.41,15.82,0.213
3,distance<=-3; value_ratio<=3.5; signal<=950,False,68,7,3,2,2,61,42.86,4.41,15.82,0.213
3,distance<=-3; value_ratio<=3.5; signal<=950; rank<=2,False,68,7,3,2,2,61,42.86,4.41,15.82,0.213
3,distance<=-5; value_ratio<=3.5,False,64,7,3,2,2,57,42.86,4.69,15.82,0.213
3,distance<=-5; value_ratio<=3.5; rank<=2,False,64,7,3,2,2,57,42.86,4.69,15.82,0.213
3,distance<=-5; value_ratio<=3.5; signal<=950,False,64,7,3,2,2,57,42.86,4.69,15.82,0.213
3,distance<=-5; value_ratio<=3.5; signal<=950; rank<=2,False,64,7,3,2,2,57,42.86,4.69,15.82,0.213
3,distance<=-8; value_ratio<=3.5,False,49,7,3,2,2,42,42.86,6.12,15.82,0.213
3,distance<=-8; value_ratio<=3.5; rank<=2,False,49,7,3,2,2,42,42.86,6.12,15.82,0.213
3,distance<=-8; value_ratio<=3.5; signal<=950,False,49,7,3,2,2,42,42.86,6.12,15.82,0.213
3,distance<=-8; value_ratio<=3.5; signal<=950; rank<=2,False,49,7,3,2,2,42,42.86,6.12,15.82,0.213
3,distance<=-10,False,76,7,3,3,1,69,42.86,3.95,15.82,-0.124
3,distance<=-10; rank<=2,False,76,7,3,3,1,69,42.86,3.95,15.82,-0.124
3,distance<=-10; signal<=940,False,76,7,3,3,1,69,42.86,3.95,15.82,-0.124
3,distance<=-10; signal<=940; rank<=2,False,76,7,3,3,1,69,42.86,3.95,15.82,-0.124
3,distance<=-10; signal<=950,False,76,7,3,3,1,69,42.86,3.95,15.82,-0.124
3,distance<=-10; signal<=950; rank<=2,False,76,7,3,3,1,69,42.86,3.95,15.82,-0.124
3,distance<=-3; close_location>=88; signal<=940,False,61,4,2,1,1,57,50.0,3.28,15.0,0.44
3,distance<=-3; close_location>=88; signal<=940; rank<=2,False,61,4,2,1,1,57,50.0,3.28,15.0,0.44
3,distance<=-3; close_location>=90; signal<=940,False,56,4,2,1,1,52,50.0,3.57,15.0,0.44
3,distance<=-3; close_location>=90; signal<=940; rank<=2,False,56,4,2,1,1,52,50.0,3.57,15.0,0.44
3,distance<=-3; value_ratio<=3; close_location>=80; signal<=940,False,38,4,2,1,1,34,50.0,5.26,15.0,0.44
3,distance<=-3; value_ratio<=3; close_location>=80; signal<=940; rank<=2,False,38,4,2,1,1,34,50.0,5.26,15.0,0.44
3,distance<=-3; value_ratio<=3; close_location>=88; signal<=940,False,25,4,2,1,1,21,50.0,8.0,15.0,0.44
3,distance<=-3; value_ratio<=3; close_location>=88; signal<=940; rank<=2,False,25,4,2,1,1,21,50.0,8.0,15.0,0.44
3,distance<=-3; value_ratio<=3; close_location>=90; signal<=940,False,23,4,2,1,1,19,50.0,8.7,15.0,0.44
3,distance<=-3; value_ratio<=3; close_location>=90; signal<=940; rank<=2,False,23,4,2,1,1,19,50.0,8.7,15.0,0.44
3,distance<=-3; value_ratio<=3.5; close_location>=80; signal<=940,False,54,4,2,1,1,50,50.0,3.7,15.0,0.44
3,distance<=-3; value_ratio<=3.5; close_location>=80; signal<=940; rank<=2,False,54,4,2,1,1,50,50.0,3.7,15.0,0.44
3,distance<=-3; value_ratio<=3.5; close_location>=88; signal<=940,False,37,4,2,1,1,33,50.0,5.41,15.0,0.44
3,distance<=-3; value_ratio<=3.5; close_location>=88; signal<=940; rank<=2,False,37,4,2,1,1,33,50.0,5.41,15.0,0.44
3,distance<=-3; value_ratio<=3.5; close_location>=90; signal<=940,False,34,4,2,1,1,30,50.0,5.88,15.0,0.44
3,distance<=-3; value_ratio<=3.5; close_location>=90; signal<=940; rank<=2,False,34,4,2,1,1,30,50.0,5.88,15.0,0.44
3,distance<=-3; value_ratio<=5; close_location>=80; signal<=940,False,82,4,2,1,1,78,50.0,2.44,15.0,0.44
3,distance<=-3; value_ratio<=5; close_location>=80; signal<=940; rank<=2,False,82,4,2,1,1,78,50.0,2.44,15.0,0.44
3,distance<=-3; value_ratio<=5; close_location>=88; signal<=940,False,57,4,2,1,1,53,50.0,3.51,15.0,0.44
3,distance<=-3; value_ratio<=5; close_location>=88; signal<=940; rank<=2,False,57,4,2,1,1,53,50.0,3.51,15.0,0.44
3,distance<=-3; value_ratio<=5; close_location>=90; signal<=940,False,52,4,2,1,1,48,50.0,3.85,15.0,0.44
3,distance<=-3; value_ratio<=5; close_location>=90; signal<=940; rank<=2,False,52,4,2,1,1,48,50.0,3.85,15.0,0.44
3,distance<=-5; close_location>=88; signal<=940,False,56,4,2,1,1,52,50.0,3.57,15.0,0.44
3,distance<=-5; close_location>=88; signal<=940; rank<=2,False,56,4,2,1,1,52,50.0,3.57,15.0,0.44
3,distance<=-5; close_location>=90; signal<=940,False,51,4,2,1,1,47,50.0,3.92,15.0,0.44
3,distance<=-5; close_location>=90; signal<=940; rank<=2,False,51,4,2,1,1,47,50.0,3.92,15.0,0.44
3,distance<=-5; value_ratio<=3; close_location>=80; signal<=940,False,37,4,2,1,1,33,50.0,5.41,15.0,0.44
3,distance<=-5; value_ratio<=3; close_location>=80; signal<=940; rank<=2,False,37,4,2,1,1,33,50.0,5.41,15.0,0.44
3,distance<=-5; value_ratio<=3; close_location>=88; signal<=940,False,25,4,2,1,1,21,50.0,8.0,15.0,0.44
3,distance<=-5; value_ratio<=3; close_location>=88; signal<=940; rank<=2,False,25,4,2,1,1,21,50.0,8.0,15.0,0.44
3,distance<=-5; value_ratio<=3; close_location>=90; signal<=940,False,23,4,2,1,1,19,50.0,8.7,15.0,0.44
3,distance<=-5; value_ratio<=3; close_location>=90; signal<=940; rank<=2,False,23,4,2,1,1,19,50.0,8.7,15.0,0.44
3,distance<=-5; value_ratio<=3.5; close_location>=80; signal<=940,False,51,4,2,1,1,47,50.0,3.92,15.0,0.44
3,distance<=-5; value_ratio<=3.5; close_location>=80; signal<=940; rank<=2,False,51,4,2,1,1,47,50.0,3.92,15.0,0.44
3,distance<=-5; value_ratio<=3.5; close_location>=88; signal<=940,False,35,4,2,1,1,31,50.0,5.71,15.0,0.44
3,distance<=-5; value_ratio<=3.5; close_location>=88; signal<=940; rank<=2,False,35,4,2,1,1,31,50.0,5.71,15.0,0.44
3,distance<=-5; value_ratio<=3.5; close_location>=90; signal<=940,False,32,4,2,1,1,28,50.0,6.25,15.0,0.44
3,distance<=-5; value_ratio<=3.5; close_location>=90; signal<=940; rank<=2,False,32,4,2,1,1,28,50.0,6.25,15.0,0.44
3,distance<=-5; value_ratio<=5; close_location>=80; signal<=940,False,76,4,2,1,1,72,50.0,2.63,15.0,0.44
3,distance<=-5; value_ratio<=5; close_location>=80; signal<=940; rank<=2,False,76,4,2,1,1,72,50.0,2.63,15.0,0.44
3,distance<=-5; value_ratio<=5; close_location>=88; signal<=940,False,52,4,2,1,1,48,50.0,3.85,15.0,0.44
3,distance<=-5; value_ratio<=5; close_location>=88; signal<=940; rank<=2,False,52,4,2,1,1,48,50.0,3.85,15.0,0.44
3,distance<=-5; value_ratio<=5; close_location>=90; signal<=940,False,47,4,2,1,1,43,50.0,4.26,15.0,0.44
3,distance<=-5; value_ratio<=5; close_location>=90; signal<=940; rank<=2,False,47,4,2,1,1,43,50.0,4.26,15.0,0.44
3,distance<=-8; close_location>=88; signal<=940,False,50,4,2,1,1,46,50.0,4.0,15.0,0.44
3,distance<=-8; close_location>=88; signal<=940; rank<=2,False,50,4,2,1,1,46,50.0,4.0,15.0,0.44
3,distance<=-8; close_location>=90; signal<=940,False,45,4,2,1,1,41,50.0,4.44,15.0,0.44
3,distance<=-8; close_location>=90; signal<=940; rank<=2,False,45,4,2,1,1,41,50.0,4.44,15.0,0.44
3,distance<=-8; value_ratio<=3; close_location>=80; signal<=940,False,30,4,2,1,1,26,50.0,6.67,15.0,0.44
3,distance<=-8; value_ratio<=3; close_location>=80; signal<=940; rank<=2,False,30,4,2,1,1,26,50.0,6.67,15.0,0.44
3,distance<=-8; value_ratio<=3; close_location>=88; signal<=940,False,21,4,2,1,1,17,50.0,9.52,15.0,0.44
3,distance<=-8; value_ratio<=3; close_location>=88; signal<=940; rank<=2,False,21,4,2,1,1,17,50.0,9.52,15.0,0.44
3,distance<=-8; value_ratio<=3; close_location>=90; signal<=940,False,19,4,2,1,1,15,50.0,10.53,15.0,0.44
3,distance<=-8; value_ratio<=3; close_location>=90; signal<=940; rank<=2,False,19,4,2,1,1,15,50.0,10.53,15.0,0.44
3,distance<=-8; value_ratio<=3.5; close_location>=80; signal<=940,False,42,4,2,1,1,38,50.0,4.76,15.0,0.44
3,distance<=-8; value_ratio<=3.5; close_location>=80; signal<=940; rank<=2,False,42,4,2,1,1,38,50.0,4.76,15.0,0.44
3,distance<=-8; value_ratio<=3.5; close_location>=88; signal<=940,False,30,4,2,1,1,26,50.0,6.67,15.0,0.44
3,distance<=-8; value_ratio<=3.5; close_location>=88; signal<=940; rank<=2,False,30,4,2,1,1,26,50.0,6.67,15.0,0.44
3,distance<=-8; value_ratio<=3.5; close_location>=90; signal<=940,False,27,4,2,1,1,23,50.0,7.41,15.0,0.44
3,distance<=-8; value_ratio<=3.5; close_location>=90; signal<=940; rank<=2,False,27,4,2,1,1,23,50.0,7.41,15.0,0.44
3,distance<=-8; value_ratio<=5; close_location>=80; signal<=940,False,64,4,2,1,1,60,50.0,3.12,15.0,0.44
3,distance<=-8; value_ratio<=5; close_location>=80; signal<=940; rank<=2,False,64,4,2,1,1,60,50.0,3.12,15.0,0.44
3,distance<=-8; value_ratio<=5; close_location>=88; signal<=940,False,46,4,2,1,1,42,50.0,4.35,15.0,0.44
3,distance<=-8; value_ratio<=5; close_location>=88; signal<=940; rank<=2,False,46,4,2,1,1,42,50.0,4.35,15.0,0.44
3,distance<=-8; value_ratio<=5; close_location>=90; signal<=940,False,41,4,2,1,1,37,50.0,4.88,15.0,0.44
3,distance<=-8; value_ratio<=5; close_location>=90; signal<=940; rank<=2,False,41,4,2,1,1,37,50.0,4.88,15.0,0.44
3,distance<=-10; value_ratio<=3,False,27,4,2,2,0,23,50.0,7.41,15.0,-0.15
3,distance<=-10; value_ratio<=3; rank<=2,False,27,4,2,2,0,23,50.0,7.41,15.0,-0.15
3,distance<=-10; value_ratio<=3; signal<=940,False,27,4,2,2,0,23,50.0,7.41,15.0,-0.15
3,distance<=-10; value_ratio<=3; signal<=940; rank<=2,False,27,4,2,2,0,23,50.0,7.41,15.0,-0.15
3,distance<=-10; value_ratio<=3; signal<=950,False,27,4,2,2,0,23,50.0,7.41,15.0,-0.15
3,distance<=-10; value_ratio<=3; signal<=950; rank<=2,False,27,4,2,2,0,23,50.0,7.41,15.0,-0.15
3,distance<=-3; value_ratio<=3; signal<=940,False,44,5,2,2,1,39,40.0,4.55,11.76,0.052
3,distance<=-3; value_ratio<=3; signal<=940; rank<=2,False,44,5,2,2,1,39,40.0,4.55,11.76,0.052
3,distance<=-5; value_ratio<=3; signal<=940,False,43,5,2,2,1,38,40.0,4.65,11.76,0.052
3,distance<=-5; value_ratio<=3; signal<=940; rank<=2,False,43,5,2,2,1,38,40.0,4.65,11.76,0.052
3,distance<=-8; value_ratio<=3; signal<=940,False,34,5,2,2,1,29,40.0,5.88,11.76,0.052
3,distance<=-8; value_ratio<=3; signal<=940; rank<=2,False,34,5,2,2,1,29,40.0,5.88,11.76,0.052
3,value_ratio<=3.5; signal<=930,False,87,5,2,1,2,82,40.0,2.3,11.76,0.028
3,value_ratio<=3.5; signal<=930; rank<=2,False,87,5,2,1,2,82,40.0,2.3,11.76,0.028
3,distance<=-10; value_ratio<=3.5,False,40,5,2,2,1,35,40.0,5.0,11.76,-0.114
3,distance<=-10; value_ratio<=3.5; rank<=2,False,40,5,2,2,1,35,40.0,5.0,11.76,-0.114
3,distance<=-10; value_ratio<=3.5; signal<=940,False,40,5,2,2,1,35,40.0,5.0,11.76,-0.114
3,distance<=-10; value_ratio<=3.5; signal<=940; rank<=2,False,40,5,2,2,1,35,40.0,5.0,11.76,-0.114
3,distance<=-10; value_ratio<=3.5; signal<=950,False,40,5,2,2,1,35,40.0,5.0,11.76,-0.114
3,distance<=-10; value_ratio<=3.5; signal<=950; rank<=2,False,40,5,2,2,1,35,40.0,5.0,11.76,-0.114
3,distance<=-10; value_ratio<=5,False,64,5,2,2,1,59,40.0,3.12,11.76,-0.114
3,distance<=-10; value_ratio<=5; rank<=2,False,64,5,2,2,1,59,40.0,3.12,11.76,-0.114
3,distance<=-10; value_ratio<=5; signal<=940,False,64,5,2,2,1,59,40.0,3.12,11.76,-0.114
3,distance<=-10; value_ratio<=5; signal<=940; rank<=2,False,64,5,2,2,1,59,40.0,3.12,11.76,-0.114
3,distance<=-10; value_ratio<=5; signal<=950,False,64,5,2,2,1,59,40.0,3.12,11.76,-0.114
3,distance<=-10; value_ratio<=5; signal<=950; rank<=2,False,64,5,2,2,1,59,40.0,3.12,11.76,-0.114
3,distance<=-12,False,68,5,2,3,0,63,40.0,2.94,11.76,-0.42
3,distance<=-12; rank<=2,False,68,5,2,3,0,63,40.0,2.94,11.76,-0.42
3,distance<=-12; signal<=940,False,68,5,2,3,0,63,40.0,2.94,11.76,-0.42
3,distance<=-12; signal<=940; rank<=2,False,68,5,2,3,0,63,40.0,2.94,11.76,-0.42
3,distance<=-12; signal<=950,False,68,5,2,3,0,63,40.0,2.94,11.76,-0.42
3,distance<=-12; signal<=950; rank<=2,False,68,5,2,3,0,63,40.0,2.94,11.76,-0.42
3,distance<=-15,False,56,5,2,3,0,51,40.0,3.57,11.76,-0.42
3,distance<=-15; rank<=2,False,56,5,2,3,0,51,40.0,3.57,11.76,-0.42
3,distance<=-15; signal<=940,False,56,5,2,3,0,51,40.0,3.57,11.76,-0.42
3,distance<=-15; signal<=940; rank<=2,False,56,5,2,3,0,51,40.0,3.57,11.76,-0.42
3,distance<=-15; signal<=950,False,56,5,2,3,0,51,40.0,3.57,11.76,-0.42
3,distance<=-15; signal<=950; rank<=2,False,56,5,2,3,0,51,40.0,3.57,11.76,-0.42
3,distance<=-3; value_ratio<=3.5; signal<=940,False,68,6,2,2,2,62,33.33,2.94,9.68,0.049
3,distance<=-3; value_ratio<=3.5; signal<=940; rank<=2,False,68,6,2,2,2,62,33.33,2.94,9.68,0.049
3,distance<=-5; value_ratio<=3.5; signal<=940,False,64,6,2,2,2,58,33.33,3.12,9.68,0.049
3,distance<=-5; value_ratio<=3.5; signal<=940; rank<=2,False,64,6,2,2,2,58,33.33,3.12,9.68,0.049
3,distance<=-8; value_ratio<=3.5; signal<=940,False,49,6,2,2,2,43,33.33,4.08,9.68,0.049
3,distance<=-8; value_ratio<=3.5; signal<=940; rank<=2,False,49,6,2,2,2,43,33.33,4.08,9.68,0.049
3,distance<=-3; value_ratio<=3; signal<=930,False,44,2,1,1,0,42,50.0,2.27,9.45,-0.15
3,distance<=-3; value_ratio<=3; signal<=930; rank<=2,False,44,2,1,1,0,42,50.0,2.27,9.45,-0.15
3,distance<=-5; value_ratio<=3; signal<=930,False,43,2,1,1,0,41,50.0,2.33,9.45,-0.15
3,distance<=-5; value_ratio<=3; signal<=930; rank<=2,False,43,2,1,1,0,41,50.0,2.33,9.45,-0.15
3,distance<=-8; value_ratio<=3; signal<=930,False,34,2,1,1,0,32,50.0,2.94,9.45,-0.15
3,distance<=-8; value_ratio<=3; signal<=930; rank<=2,False,34,2,1,1,0,32,50.0,2.94,9.45,-0.15
3,distance<=-10; value_ratio<=3; signal<=930,False,27,2,1,1,0,25,50.0,3.7,9.45,-0.15
3,distance<=-10; value_ratio<=3; signal<=930; rank<=2,False,27,2,1,1,0,25,50.0,3.7,9.45,-0.15
3,distance<=-12; signal<=930,False,68,2,1,1,0,66,50.0,1.47,9.45,-0.15
3,distance<=-12; signal<=930; rank<=2,False,68,2,1,1,0,66,50.0,1.47,9.45,-0.15
3,distance<=-12; close_location>=88,False,37,2,1,1,0,35,50.0,2.7,9.45,-0.15
3,distance<=-12; close_location>=88; rank<=2,False,37,2,1,1,0,35,50.0,2.7,9.45,-0.15
3,distance<=-12; close_location>=88; signal<=940,False,37,2,1,1,0,35,50.0,2.7,9.45,-0.15
3,distance<=-12; close_location>=88; signal<=940; rank<=2,False,37,2,1,1,0,35,50.0,2.7,9.45,-0.15
3,distance<=-12; close_location>=88; signal<=950,False,37,2,1,1,0,35,50.0,2.7,9.45,-0.15
3,distance<=-12; close_location>=88; signal<=950; rank<=2,False,37,2,1,1,0,35,50.0,2.7,9.45,-0.15
3,distance<=-12; close_location>=90,False,32,2,1,1,0,30,50.0,3.12,9.45,-0.15
3,distance<=-12; close_location>=90; rank<=2,False,32,2,1,1,0,30,50.0,3.12,9.45,-0.15
3,distance<=-12; close_location>=90; signal<=940,False,32,2,1,1,0,30,50.0,3.12,9.45,-0.15
3,distance<=-12; close_location>=90; signal<=940; rank<=2,False,32,2,1,1,0,30,50.0,3.12,9.45,-0.15
3,distance<=-12; close_location>=90; signal<=950,False,32,2,1,1,0,30,50.0,3.12,9.45,-0.15
3,distance<=-12; close_location>=90; signal<=950; rank<=2,False,32,2,1,1,0,30,50.0,3.12,9.45,-0.15
3,distance<=-12; value_ratio<=3; signal<=930,False,24,2,1,1,0,22,50.0,4.17,9.45,-0.15
3,distance<=-12; value_ratio<=3; signal<=930; rank<=2,False,24,2,1,1,0,22,50.0,4.17,9.45,-0.15
3,distance<=-12; value_ratio<=3; close_location>=80,False,21,2,1,1,0,19,50.0,4.76,9.45,-0.15
3,distance<=-12; value_ratio<=3; close_location>=80; rank<=2,False,21,2,1,1,0,19,50.0,4.76,9.45,-0.15
3,distance<=-12; value_ratio<=3; close_location>=80; signal<=940,False,21,2,1,1,0,19,50.0,4.76,9.45,-0.15
3,distance<=-12; value_ratio<=3; close_location>=80; signal<=940; rank<=2,False,21,2,1,1,0,19,50.0,4.76,9.45,-0.15
3,distance<=-12; value_ratio<=3; close_location>=80; signal<=950,False,21,2,1,1,0,19,50.0,4.76,9.45,-0.15
3,distance<=-12; value_ratio<=3; close_location>=80; signal<=950; rank<=2,False,21,2,1,1,0,19,50.0,4.76,9.45,-0.15
3,distance<=-12; value_ratio<=3; close_location>=88,False,14,2,1,1,0,12,50.0,7.14,9.45,-0.15
3,distance<=-12; value_ratio<=3; close_location>=88; rank<=2,False,14,2,1,1,0,12,50.0,7.14,9.45,-0.15
3,distance<=-12; value_ratio<=3; close_location>=88; signal<=940,False,14,2,1,1,0,12,50.0,7.14,9.45,-0.15
3,distance<=-12; value_ratio<=3; close_location>=88; signal<=940; rank<=2,False,14,2,1,1,0,12,50.0,7.14,9.45,-0.15
3,distance<=-12; value_ratio<=3; close_location>=88; signal<=950,False,14,2,1,1,0,12,50.0,7.14,9.45,-0.15
3,distance<=-12; value_ratio<=3; close_location>=88; signal<=950; rank<=2,False,14,2,1,1,0,12,50.0,7.14,9.45,-0.15
3,distance<=-12; value_ratio<=3; close_location>=90,False,12,2,1,1,0,10,50.0,8.33,9.45,-0.15
3,distance<=-12; value_ratio<=3; close_location>=90; rank<=2,False,12,2,1,1,0,10,50.0,8.33,9.45,-0.15
3,distance<=-12; value_ratio<=3; close_location>=90; signal<=940,False,12,2,1,1,0,10,50.0,8.33,9.45,-0.15
3,distance<=-12; value_ratio<=3; close_location>=90; signal<=940; rank<=2,False,12,2,1,1,0,10,50.0,8.33,9.45,-0.15
3,distance<=-12; value_ratio<=3; close_location>=90; signal<=950,False,12,2,1,1,0,10,50.0,8.33,9.45,-0.15
3,distance<=-12; value_ratio<=3; close_location>=90; signal<=950; rank<=2,False,12,2,1,1,0,10,50.0,8.33,9.45,-0.15
3,distance<=-12; value_ratio<=3.5; signal<=930,False,36,2,1,1,0,34,50.0,2.78,9.45,-0.15
3,distance<=-12; value_ratio<=3.5; signal<=930; rank<=2,False,36,2,1,1,0,34,50.0,2.78,9.45,-0.15
3,distance<=-12; value_ratio<=3.5; close_location>=80,False,31,2,1,1,0,29,50.0,3.23,9.45,-0.15
3,distance<=-12; value_ratio<=3.5; close_location>=80; rank<=2,False,31,2,1,1,0,29,50.0,3.23,9.45,-0.15
3,distance<=-12; value_ratio<=3.5; close_location>=80; signal<=940,False,31,2,1,1,0,29,50.0,3.23,9.45,-0.15
3,distance<=-12; value_ratio<=3.5; close_location>=80; signal<=940; rank<=2,False,31,2,1,1,0,29,50.0,3.23,9.45,-0.15
3,distance<=-12; value_ratio<=3.5; close_location>=80; signal<=950,False,31,2,1,1,0,29,50.0,3.23,9.45,-0.15
3,distance<=-12; value_ratio<=3.5; close_location>=80; signal<=950; rank<=2,False,31,2,1,1,0,29,50.0,3.23,9.45,-0.15
3,distance<=-12; value_ratio<=3.5; close_location>=88,False,22,2,1,1,0,20,50.0,4.55,9.45,-0.15
3,distance<=-12; value_ratio<=3.5; close_location>=88; rank<=2,False,22,2,1,1,0,20,50.0,4.55,9.45,-0.15
3,distance<=-12; value_ratio<=3.5; close_location>=88; signal<=940,False,22,2,1,1,0,20,50.0,4.55,9.45,-0.15
3,distance<=-12; value_ratio<=3.5; close_location>=88; signal<=940; rank<=2,False,22,2,1,1,0,20,50.0,4.55,9.45,-0.15
3,distance<=-12; value_ratio<=3.5; close_location>=88; signal<=950,False,22,2,1,1,0,20,50.0,4.55,9.45,-0.15
3,distance<=-12; value_ratio<=3.5; close_location>=88; signal<=950; rank<=2,False,22,2,1,1,0,20,50.0,4.55,9.45,-0.15
3,distance<=-12; value_ratio<=3.5; close_location>=90,False,19,2,1,1,0,17,50.0,5.26,9.45,-0.15
3,distance<=-12; value_ratio<=3.5; close_location>=90; rank<=2,False,19,2,1,1,0,17,50.0,5.26,9.45,-0.15
3,distance<=-12; value_ratio<=3.5; close_location>=90; signal<=940,False,19,2,1,1,0,17,50.0,5.26,9.45,-0.15
3,distance<=-12; value_ratio<=3.5; close_location>=90; signal<=940; rank<=2,False,19,2,1,1,0,17,50.0,5.26,9.45,-0.15
3,distance<=-12; value_ratio<=3.5; close_location>=90; signal<=950,False,19,2,1,1,0,17,50.0,5.26,9.45,-0.15
3,distance<=-12; value_ratio<=3.5; close_location>=90; signal<=950; rank<=2,False,19,2,1,1,0,17,50.0,5.26,9.45,-0.15
3,distance<=-12; value_ratio<=5; signal<=930,False,57,2,1,1,0,55,50.0,1.75,9.45,-0.15
3,distance<=-12; value_ratio<=5; signal<=930; rank<=2,False,57,2,1,1,0,55,50.0,1.75,9.45,-0.15
3,distance<=-12; value_ratio<=5; close_location>=80,False,45,2,1,1,0,43,50.0,2.22,9.45,-0.15
3,distance<=-12; value_ratio<=5; close_location>=80; rank<=2,False,45,2,1,1,0,43,50.0,2.22,9.45,-0.15
3,distance<=-12; value_ratio<=5; close_location>=80; signal<=940,False,45,2,1,1,0,43,50.0,2.22,9.45,-0.15
3,distance<=-12; value_ratio<=5; close_location>=80; signal<=940; rank<=2,False,45,2,1,1,0,43,50.0,2.22,9.45,-0.15
3,distance<=-12; value_ratio<=5; close_location>=80; signal<=950,False,45,2,1,1,0,43,50.0,2.22,9.45,-0.15
3,distance<=-12; value_ratio<=5; close_location>=80; signal<=950; rank<=2,False,45,2,1,1,0,43,50.0,2.22,9.45,-0.15
3,distance<=-12; value_ratio<=5; close_location>=88,False,33,2,1,1,0,31,50.0,3.03,9.45,-0.15
3,distance<=-12; value_ratio<=5; close_location>=88; rank<=2,False,33,2,1,1,0,31,50.0,3.03,9.45,-0.15
3,distance<=-12; value_ratio<=5; close_location>=88; signal<=940,False,33,2,1,1,0,31,50.0,3.03,9.45,-0.15
3,distance<=-12; value_ratio<=5; close_location>=88; signal<=940; rank<=2,False,33,2,1,1,0,31,50.0,3.03,9.45,-0.15
3,distance<=-12; value_ratio<=5; close_location>=88; signal<=950,False,33,2,1,1,0,31,50.0,3.03,9.45,-0.15
3,distance<=-12; value_ratio<=5; close_location>=88; signal<=950; rank<=2,False,33,2,1,1,0,31,50.0,3.03,9.45,-0.15
3,distance<=-12; value_ratio<=5; close_location>=90,False,28,2,1,1,0,26,50.0,3.57,9.45,-0.15
3,distance<=-12; value_ratio<=5; close_location>=90; rank<=2,False,28,2,1,1,0,26,50.0,3.57,9.45,-0.15
3,distance<=-12; value_ratio<=5; close_location>=90; signal<=940,False,28,2,1,1,0,26,50.0,3.57,9.45,-0.15
3,distance<=-12; value_ratio<=5; close_location>=90; signal<=940; rank<=2,False,28,2,1,1,0,26,50.0,3.57,9.45,-0.15
3,distance<=-12; value_ratio<=5; close_location>=90; signal<=950,False,28,2,1,1,0,26,50.0,3.57,9.45,-0.15
3,distance<=-12; value_ratio<=5; close_location>=90; signal<=950; rank<=2,False,28,2,1,1,0,26,50.0,3.57,9.45,-0.15
3,distance<=-15; signal<=930,False,56,2,1,1,0,54,50.0,1.79,9.45,-0.15
3,distance<=-15; signal<=930; rank<=2,False,56,2,1,1,0,54,50.0,1.79,9.45,-0.15
3,distance<=-15; close_location>=88,False,30,2,1,1,0,28,50.0,3.33,9.45,-0.15
3,distance<=-15; close_location>=88; rank<=2,False,30,2,1,1,0,28,50.0,3.33,9.45,-0.15
3,distance<=-15; close_location>=88; signal<=940,False,30,2,1,1,0,28,50.0,3.33,9.45,-0.15
3,distance<=-15; close_location>=88; signal<=940; rank<=2,False,30,2,1,1,0,28,50.0,3.33,9.45,-0.15
3,distance<=-15; close_location>=88; signal<=950,False,30,2,1,1,0,28,50.0,3.33,9.45,-0.15
3,distance<=-15; close_location>=88; signal<=950; rank<=2,False,30,2,1,1,0,28,50.0,3.33,9.45,-0.15
3,distance<=-15; close_location>=90,False,25,2,1,1,0,23,50.0,4.0,9.45,-0.15
3,distance<=-15; close_location>=90; rank<=2,False,25,2,1,1,0,23,50.0,4.0,9.45,-0.15
3,distance<=-15; close_location>=90; signal<=940,False,25,2,1,1,0,23,50.0,4.0,9.45,-0.15
3,distance<=-15; close_location>=90; signal<=940; rank<=2,False,25,2,1,1,0,23,50.0,4.0,9.45,-0.15
3,distance<=-15; close_location>=90; signal<=950,False,25,2,1,1,0,23,50.0,4.0,9.45,-0.15
3,distance<=-15; close_location>=90; signal<=950; rank<=2,False,25,2,1,1,0,23,50.0,4.0,9.45,-0.15
3,distance<=-15; value_ratio<=3; signal<=930,False,21,2,1,1,0,19,50.0,4.76,9.45,-0.15
3,distance<=-15; value_ratio<=3; signal<=930; rank<=2,False,21,2,1,1,0,19,50.0,4.76,9.45,-0.15
3,distance<=-15; value_ratio<=3; close_location>=80,False,18,2,1,1,0,16,50.0,5.56,9.45,-0.15
3,distance<=-15; value_ratio<=3; close_location>=80; rank<=2,False,18,2,1,1,0,16,50.0,5.56,9.45,-0.15
3,distance<=-15; value_ratio<=3; close_location>=80; signal<=940,False,18,2,1,1,0,16,50.0,5.56,9.45,-0.15
3,distance<=-15; value_ratio<=3; close_location>=80; signal<=940; rank<=2,False,18,2,1,1,0,16,50.0,5.56,9.45,-0.15
3,distance<=-15; value_ratio<=3; close_location>=80; signal<=950,False,18,2,1,1,0,16,50.0,5.56,9.45,-0.15
3,distance<=-15; value_ratio<=3; close_location>=80; signal<=950; rank<=2,False,18,2,1,1,0,16,50.0,5.56,9.45,-0.15
3,distance<=-15; value_ratio<=3; close_location>=88,False,12,2,1,1,0,10,50.0,8.33,9.45,-0.15
3,distance<=-15; value_ratio<=3; close_location>=88; rank<=2,False,12,2,1,1,0,10,50.0,8.33,9.45,-0.15
3,distance<=-15; value_ratio<=3; close_location>=88; signal<=940,False,12,2,1,1,0,10,50.0,8.33,9.45,-0.15
3,distance<=-15; value_ratio<=3; close_location>=88; signal<=940; rank<=2,False,12,2,1,1,0,10,50.0,8.33,9.45,-0.15
3,distance<=-15; value_ratio<=3; close_location>=88; signal<=950,False,12,2,1,1,0,10,50.0,8.33,9.45,-0.15
3,distance<=-15; value_ratio<=3; close_location>=88; signal<=950; rank<=2,False,12,2,1,1,0,10,50.0,8.33,9.45,-0.15
3,distance<=-15; value_ratio<=3; close_location>=90,False,10,2,1,1,0,8,50.0,10.0,9.45,-0.15
3,distance<=-15; value_ratio<=3; close_location>=90; rank<=2,False,10,2,1,1,0,8,50.0,10.0,9.45,-0.15
3,distance<=-15; value_ratio<=3; close_location>=90; signal<=940,False,10,2,1,1,0,8,50.0,10.0,9.45,-0.15
3,distance<=-15; value_ratio<=3; close_location>=90; signal<=940; rank<=2,False,10,2,1,1,0,8,50.0,10.0,9.45,-0.15
3,distance<=-15; value_ratio<=3; close_location>=90; signal<=950,False,10,2,1,1,0,8,50.0,10.0,9.45,-0.15
3,distance<=-15; value_ratio<=3; close_location>=90; signal<=950; rank<=2,False,10,2,1,1,0,8,50.0,10.0,9.45,-0.15
3,distance<=-15; value_ratio<=3.5; signal<=930,False,32,2,1,1,0,30,50.0,3.12,9.45,-0.15
3,distance<=-15; value_ratio<=3.5; signal<=930; rank<=2,False,32,2,1,1,0,30,50.0,3.12,9.45,-0.15
3,distance<=-15; value_ratio<=3.5; close_location>=80,False,28,2,1,1,0,26,50.0,3.57,9.45,-0.15
3,distance<=-15; value_ratio<=3.5; close_location>=80; rank<=2,False,28,2,1,1,0,26,50.0,3.57,9.45,-0.15
3,distance<=-15; value_ratio<=3.5; close_location>=80; signal<=940,False,28,2,1,1,0,26,50.0,3.57,9.45,-0.15
3,distance<=-15; value_ratio<=3.5; close_location>=80; signal<=940; rank<=2,False,28,2,1,1,0,26,50.0,3.57,9.45,-0.15
3,distance<=-15; value_ratio<=3.5; close_location>=80; signal<=950,False,28,2,1,1,0,26,50.0,3.57,9.45,-0.15
3,distance<=-15; value_ratio<=3.5; close_location>=80; signal<=950; rank<=2,False,28,2,1,1,0,26,50.0,3.57,9.45,-0.15
3,distance<=-15; value_ratio<=3.5; close_location>=88,False,20,2,1,1,0,18,50.0,5.0,9.45,-0.15
3,distance<=-15; value_ratio<=3.5; close_location>=88; rank<=2,False,20,2,1,1,0,18,50.0,5.0,9.45,-0.15
3,distance<=-15; value_ratio<=3.5; close_location>=88; signal<=940,False,20,2,1,1,0,18,50.0,5.0,9.45,-0.15
3,distance<=-15; value_ratio<=3.5; close_location>=88; signal<=940; rank<=2,False,20,2,1,1,0,18,50.0,5.0,9.45,-0.15
3,distance<=-15; value_ratio<=3.5; close_location>=88; signal<=950,False,20,2,1,1,0,18,50.0,5.0,9.45,-0.15
3,distance<=-15; value_ratio<=3.5; close_location>=88; signal<=950; rank<=2,False,20,2,1,1,0,18,50.0,5.0,9.45,-0.15
3,distance<=-15; value_ratio<=3.5; close_location>=90,False,17,2,1,1,0,15,50.0,5.88,9.45,-0.15
3,distance<=-15; value_ratio<=3.5; close_location>=90; rank<=2,False,17,2,1,1,0,15,50.0,5.88,9.45,-0.15
3,distance<=-15; value_ratio<=3.5; close_location>=90; signal<=940,False,17,2,1,1,0,15,50.0,5.88,9.45,-0.15
3,distance<=-15; value_ratio<=3.5; close_location>=90; signal<=940; rank<=2,False,17,2,1,1,0,15,50.0,5.88,9.45,-0.15
3,distance<=-15; value_ratio<=3.5; close_location>=90; signal<=950,False,17,2,1,1,0,15,50.0,5.88,9.45,-0.15
3,distance<=-15; value_ratio<=3.5; close_location>=90; signal<=950; rank<=2,False,17,2,1,1,0,15,50.0,5.88,9.45,-0.15
3,distance<=-15; value_ratio<=5; signal<=930,False,47,2,1,1,0,45,50.0,2.13,9.45,-0.15
3,distance<=-15; value_ratio<=5; signal<=930; rank<=2,False,47,2,1,1,0,45,50.0,2.13,9.45,-0.15
3,distance<=-15; value_ratio<=5; close_location>=80,False,37,2,1,1,0,35,50.0,2.7,9.45,-0.15
3,distance<=-15; value_ratio<=5; close_location>=80; rank<=2,False,37,2,1,1,0,35,50.0,2.7,9.45,-0.15
3,distance<=-15; value_ratio<=5; close_location>=80; signal<=940,False,37,2,1,1,0,35,50.0,2.7,9.45,-0.15
3,distance<=-15; value_ratio<=5; close_location>=80; signal<=940; rank<=2,False,37,2,1,1,0,35,50.0,2.7,9.45,-0.15
3,distance<=-15; value_ratio<=5; close_location>=80; signal<=950,False,37,2,1,1,0,35,50.0,2.7,9.45,-0.15
3,distance<=-15; value_ratio<=5; close_location>=80; signal<=950; rank<=2,False,37,2,1,1,0,35,50.0,2.7,9.45,-0.15
3,distance<=-15; value_ratio<=5; close_location>=88,False,27,2,1,1,0,25,50.0,3.7,9.45,-0.15
3,distance<=-15; value_ratio<=5; close_location>=88; rank<=2,False,27,2,1,1,0,25,50.0,3.7,9.45,-0.15
3,distance<=-15; value_ratio<=5; close_location>=88; signal<=940,False,27,2,1,1,0,25,50.0,3.7,9.45,-0.15
3,distance<=-15; value_ratio<=5; close_location>=88; signal<=940; rank<=2,False,27,2,1,1,0,25,50.0,3.7,9.45,-0.15
3,distance<=-15; value_ratio<=5; close_location>=88; signal<=950,False,27,2,1,1,0,25,50.0,3.7,9.45,-0.15
3,distance<=-15; value_ratio<=5; close_location>=88; signal<=950; rank<=2,False,27,2,1,1,0,25,50.0,3.7,9.45,-0.15
3,distance<=-15; value_ratio<=5; close_location>=90,False,22,2,1,1,0,20,50.0,4.55,9.45,-0.15
3,distance<=-15; value_ratio<=5; close_location>=90; rank<=2,False,22,2,1,1,0,20,50.0,4.55,9.45,-0.15
3,distance<=-15; value_ratio<=5; close_location>=90; signal<=940,False,22,2,1,1,0,20,50.0,4.55,9.45,-0.15
3,distance<=-15; value_ratio<=5; close_location>=90; signal<=940; rank<=2,False,22,2,1,1,0,20,50.0,4.55,9.45,-0.15
3,distance<=-15; value_ratio<=5; close_location>=90; signal<=950,False,22,2,1,1,0,20,50.0,4.55,9.45,-0.15
3,distance<=-15; value_ratio<=5; close_location>=90; signal<=950; rank<=2,False,22,2,1,1,0,20,50.0,4.55,9.45,-0.15
3,signal<=930,False,160,7,2,2,3,153,28.57,1.25,8.22,-0.232
3,signal<=930; rank<=2,False,160,7,2,2,3,153,28.57,1.25,8.22,-0.232
3,value_ratio<=5; signal<=930,False,134,7,2,2,3,127,28.57,1.49,8.22,-0.232
3,value_ratio<=5; signal<=930; rank<=2,False,134,7,2,2,3,127,28.57,1.49,8.22,-0.232
3,distance<=-3; value_ratio<=3.5; signal<=930,False,68,3,1,1,1,65,33.33,1.47,6.15,-0.089
3,distance<=-3; value_ratio<=3.5; signal<=930; rank<=2,False,68,3,1,1,1,65,33.33,1.47,6.15,-0.089
3,distance<=-5; value_ratio<=3.5; signal<=930,False,64,3,1,1,1,61,33.33,1.56,6.15,-0.089
3,distance<=-5; value_ratio<=3.5; signal<=930; rank<=2,False,64,3,1,1,1,61,33.33,1.56,6.15,-0.089
3,distance<=-8; value_ratio<=3.5; signal<=930,False,49,3,1,1,1,46,33.33,2.04,6.15,-0.089
3,distance<=-8; value_ratio<=3.5; signal<=930; rank<=2,False,49,3,1,1,1,46,33.33,2.04,6.15,-0.089
3,distance<=-10; signal<=930,False,76,3,1,1,1,73,33.33,1.32,6.15,-0.089
3,distance<=-10; signal<=930; rank<=2,False,76,3,1,1,1,73,33.33,1.32,6.15,-0.089
3,distance<=-10; value_ratio<=3.5; signal<=930,False,40,3,1,1,1,37,33.33,2.5,6.15,-0.089
3,distance<=-10; value_ratio<=3.5; signal<=930; rank<=2,False,40,3,1,1,1,37,33.33,2.5,6.15,-0.089
3,distance<=-10; value_ratio<=5; signal<=930,False,64,3,1,1,1,61,33.33,1.56,6.15,-0.089
3,distance<=-10; value_ratio<=5; signal<=930; rank<=2,False,64,3,1,1,1,61,33.33,1.56,6.15,-0.089
3,distance<=-12; value_ratio<=3,False,24,3,1,2,0,21,33.33,4.17,6.15,-0.6
3,distance<=-12; value_ratio<=3; rank<=2,False,24,3,1,2,0,21,33.33,4.17,6.15,-0.6
3,distance<=-12; value_ratio<=3; signal<=940,False,24,3,1,2,0,21,33.33,4.17,6.15,-0.6
3,distance<=-12; value_ratio<=3; signal<=940; rank<=2,False,24,3,1,2,0,21,33.33,4.17,6.15,-0.6
3,distance<=-12; value_ratio<=3; signal<=950,False,24,3,1,2,0,21,33.33,4.17,6.15,-0.6
3,distance<=-12; value_ratio<=3; signal<=950; rank<=2,False,24,3,1,2,0,21,33.33,4.17,6.15,-0.6
3,distance<=-12; value_ratio<=3.5,False,36,3,1,2,0,33,33.33,2.78,6.15,-0.6
3,distance<=-12; value_ratio<=3.5; rank<=2,False,36,3,1,2,0,33,33.33,2.78,6.15,-0.6
3,distance<=-12; value_ratio<=3.5; signal<=940,False,36,3,1,2,0,33,33.33,2.78,6.15,-0.6
3,distance<=-12; value_ratio<=3.5; signal<=940; rank<=2,False,36,3,1,2,0,33,33.33,2.78,6.15,-0.6
3,distance<=-12; value_ratio<=3.5; signal<=950,False,36,3,1,2,0,33,33.33,2.78,6.15,-0.6
3,distance<=-12; value_ratio<=3.5; signal<=950; rank<=2,False,36,3,1,2,0,33,33.33,2.78,6.15,-0.6
3,distance<=-12; value_ratio<=5,False,57,3,1,2,0,54,33.33,1.75,6.15,-0.6
3,distance<=-12; value_ratio<=5; rank<=2,False,57,3,1,2,0,54,33.33,1.75,6.15,-0.6
3,distance<=-12; value_ratio<=5; signal<=940,False,57,3,1,2,0,54,33.33,1.75,6.15,-0.6
3,distance<=-12; value_ratio<=5; signal<=940; rank<=2,False,57,3,1,2,0,54,33.33,1.75,6.15,-0.6
3,distance<=-12; value_ratio<=5; signal<=950,False,57,3,1,2,0,54,33.33,1.75,6.15,-0.6
3,distance<=-12; value_ratio<=5; signal<=950; rank<=2,False,57,3,1,2,0,54,33.33,1.75,6.15,-0.6
3,distance<=-15; value_ratio<=3,False,21,3,1,2,0,18,33.33,4.76,6.15,-0.6
3,distance<=-15; value_ratio<=3; rank<=2,False,21,3,1,2,0,18,33.33,4.76,6.15,-0.6
3,distance<=-15; value_ratio<=3; signal<=940,False,21,3,1,2,0,18,33.33,4.76,6.15,-0.6
3,distance<=-15; value_ratio<=3; signal<=940; rank<=2,False,21,3,1,2,0,18,33.33,4.76,6.15,-0.6
3,distance<=-15; value_ratio<=3; signal<=950,False,21,3,1,2,0,18,33.33,4.76,6.15,-0.6
3,distance<=-15; value_ratio<=3; signal<=950; rank<=2,False,21,3,1,2,0,18,33.33,4.76,6.15,-0.6
3,distance<=-15; value_ratio<=3.5,False,32,3,1,2,0,29,33.33,3.12,6.15,-0.6
3,distance<=-15; value_ratio<=3.5; rank<=2,False,32,3,1,2,0,29,33.33,3.12,6.15,-0.6
3,distance<=-15; value_ratio<=3.5; signal<=940,False,32,3,1,2,0,29,33.33,3.12,6.15,-0.6
3,distance<=-15; value_ratio<=3.5; signal<=940; rank<=2,False,32,3,1,2,0,29,33.33,3.12,6.15,-0.6
3,distance<=-15; value_ratio<=3.5; signal<=950,False,32,3,1,2,0,29,33.33,3.12,6.15,-0.6
3,distance<=-15; value_ratio<=3.5; signal<=950; rank<=2,False,32,3,1,2,0,29,33.33,3.12,6.15,-0.6
3,distance<=-15; value_ratio<=5,False,47,3,1,2,0,44,33.33,2.13,6.15,-0.6
3,distance<=-15; value_ratio<=5; rank<=2,False,47,3,1,2,0,44,33.33,2.13,6.15,-0.6
3,distance<=-15; value_ratio<=5; signal<=940,False,47,3,1,2,0,44,33.33,2.13,6.15,-0.6
3,distance<=-15; value_ratio<=5; signal<=940; rank<=2,False,47,3,1,2,0,44,33.33,2.13,6.15,-0.6
3,distance<=-15; value_ratio<=5; signal<=950,False,47,3,1,2,0,44,33.33,2.13,6.15,-0.6
3,distance<=-15; value_ratio<=5; signal<=950; rank<=2,False,47,3,1,2,0,44,33.33,2.13,6.15,-0.6
3,distance<=-3; signal<=930,False,126,5,1,2,2,121,20.0,0.79,3.62,-0.407
3,distance<=-3; signal<=930; rank<=2,False,126,5,1,2,2,121,20.0,0.79,3.62,-0.407
3,distance<=-3; value_ratio<=5; signal<=930,False,108,5,1,2,2,103,20.0,0.93,3.62,-0.407
3,distance<=-3; value_ratio<=5; signal<=930; rank<=2,False,108,5,1,2,2,103,20.0,0.93,3.62,-0.407
3,distance<=-5; signal<=930,False,118,5,1,2,2,113,20.0,0.85,3.62,-0.407
3,distance<=-5; signal<=930; rank<=2,False,118,5,1,2,2,113,20.0,0.85,3.62,-0.407
3,distance<=-5; value_ratio<=5; signal<=930,False,100,5,1,2,2,95,20.0,1.0,3.62,-0.407
3,distance<=-5; value_ratio<=5; signal<=930; rank<=2,False,100,5,1,2,2,95,20.0,1.0,3.62,-0.407
3,distance<=-8; signal<=930,False,96,5,1,2,2,91,20.0,1.04,3.62,-0.407
3,distance<=-8; signal<=930; rank<=2,False,96,5,1,2,2,91,20.0,1.04,3.62,-0.407
3,distance<=-8; value_ratio<=5; signal<=930,False,80,5,1,2,2,75,20.0,1.25,3.62,-0.407
3,distance<=-8; value_ratio<=5; signal<=930; rank<=2,False,80,5,1,2,2,75,20.0,1.25,3.62,-0.407
3,rank<=1,False,80,3,0,1,2,77,0.0,0.0,0.0,-0.853
3,signal<=940; rank<=1,False,80,3,0,1,2,77,0.0,0.0,0.0,-0.853
3,signal<=950; rank<=1,False,80,3,0,1,2,77,0.0,0.0,0.0,-0.853
3,signal<=930; rank<=1,False,80,2,0,0,2,78,0.0,0.0,0.0,-0.53
3,value_ratio<=5; rank<=1,False,63,2,0,0,2,61,0.0,0.0,0.0,-0.53
3,value_ratio<=5; signal<=930; rank<=1,False,63,2,0,0,2,61,0.0,0.0,0.0,-0.53
3,value_ratio<=5; signal<=940; rank<=1,False,63,2,0,0,2,61,0.0,0.0,0.0,-0.53
3,value_ratio<=5; signal<=950; rank<=1,False,63,2,0,0,2,61,0.0,0.0,0.0,-0.53
3,distance<=-3; rank<=1,False,63,2,0,1,1,61,0.0,0.0,0.0,-0.883
3,distance<=-3; signal<=940; rank<=1,False,63,2,0,1,1,61,0.0,0.0,0.0,-0.883
3,distance<=-3; signal<=950; rank<=1,False,63,2,0,1,1,61,0.0,0.0,0.0,-0.883
3,distance<=-5; rank<=1,False,58,2,0,1,1,56,0.0,0.0,0.0,-0.883
3,distance<=-5; signal<=940; rank<=1,False,58,2,0,1,1,56,0.0,0.0,0.0,-0.883
3,distance<=-5; signal<=950; rank<=1,False,58,2,0,1,1,56,0.0,0.0,0.0,-0.883
3,distance<=-8; rank<=1,False,48,2,0,1,1,46,0.0,0.0,0.0,-0.883
3,distance<=-8; signal<=940; rank<=1,False,48,2,0,1,1,46,0.0,0.0,0.0,-0.883
3,distance<=-8; signal<=950; rank<=1,False,48,2,0,1,1,46,0.0,0.0,0.0,-0.883
3,distance<=-3; signal<=930; rank<=1,False,63,1,0,0,1,62,0.0,0.0,0.0,-0.267
3,distance<=-3; value_ratio<=5; rank<=1,False,51,1,0,0,1,50,0.0,0.0,0.0,-0.267
3,distance<=-3; value_ratio<=5; signal<=930; rank<=1,False,51,1,0,0,1,50,0.0,0.0,0.0,-0.267
3,distance<=-3; value_ratio<=5; signal<=940; rank<=1,False,51,1,0,0,1,50,0.0,0.0,0.0,-0.267
3,distance<=-3; value_ratio<=5; signal<=950; rank<=1,False,51,1,0,0,1,50,0.0,0.0,0.0,-0.267
3,distance<=-5; signal<=930; rank<=1,False,58,1,0,0,1,57,0.0,0.0,0.0,-0.267
3,distance<=-5; value_ratio<=5; rank<=1,False,46,1,0,0,1,45,0.0,0.0,0.0,-0.267
3,distance<=-5; value_ratio<=5; signal<=930; rank<=1,False,46,1,0,0,1,45,0.0,0.0,0.0,-0.267
3,distance<=-5; value_ratio<=5; signal<=940; rank<=1,False,46,1,0,0,1,45,0.0,0.0,0.0,-0.267
3,distance<=-5; value_ratio<=5; signal<=950; rank<=1,False,46,1,0,0,1,45,0.0,0.0,0.0,-0.267
3,distance<=-8; signal<=930; rank<=1,False,48,1,0,0,1,47,0.0,0.0,0.0,-0.267
3,distance<=-8; value_ratio<=5; rank<=1,False,38,1,0,0,1,37,0.0,0.0,0.0,-0.267
3,distance<=-8; value_ratio<=5; signal<=930; rank<=1,False,38,1,0,0,1,37,0.0,0.0,0.0,-0.267
3,distance<=-8; value_ratio<=5; signal<=940; rank<=1,False,38,1,0,0,1,37,0.0,0.0,0.0,-0.267
3,distance<=-8; value_ratio<=5; signal<=950; rank<=1,False,38,1,0,0,1,37,0.0,0.0,0.0,-0.267
3,close_location>=80; rank<=1,False,60,1,0,0,1,59,0.0,0.0,0.0,-0.792
3,close_location>=80; signal<=930; rank<=1,False,60,1,0,0,1,59,0.0,0.0,0.0,-0.792
3,close_location>=80; signal<=940; rank<=1,False,60,1,0,0,1,59,0.0,0.0,0.0,-0.792
3,close_location>=80; signal<=950; rank<=1,False,60,1,0,0,1,59,0.0,0.0,0.0,-0.792
3,close_location>=88; rank<=1,False,46,1,0,0,1,45,0.0,0.0,0.0,-0.792
3,close_location>=88; signal<=930; rank<=1,False,46,1,0,0,1,45,0.0,0.0,0.0,-0.792
3,close_location>=88; signal<=940; rank<=1,False,46,1,0,0,1,45,0.0,0.0,0.0,-0.792
3,close_location>=88; signal<=950; rank<=1,False,46,1,0,0,1,45,0.0,0.0,0.0,-0.792
3,close_location>=90; rank<=1,False,41,1,0,0,1,40,0.0,0.0,0.0,-0.792
3,close_location>=90; signal<=930; rank<=1,False,41,1,0,0,1,40,0.0,0.0,0.0,-0.792
3,close_location>=90; signal<=940; rank<=1,False,41,1,0,0,1,40,0.0,0.0,0.0,-0.792
3,close_location>=90; signal<=950; rank<=1,False,41,1,0,0,1,40,0.0,0.0,0.0,-0.792
3,value_ratio<=3.5; rank<=1,False,34,1,0,0,1,33,0.0,0.0,0.0,-0.792
3,value_ratio<=3.5; signal<=930; rank<=1,False,34,1,0,0,1,33,0.0,0.0,0.0,-0.792
3,value_ratio<=3.5; signal<=940; rank<=1,False,34,1,0,0,1,33,0.0,0.0,0.0,-0.792
3,value_ratio<=3.5; signal<=950; rank<=1,False,34,1,0,0,1,33,0.0,0.0,0.0,-0.792
3,value_ratio<=3.5; close_location>=80; rank<=1,False,28,1,0,0,1,27,0.0,0.0,0.0,-0.792
3,value_ratio<=3.5; close_location>=80; signal<=930; rank<=1,False,28,1,0,0,1,27,0.0,0.0,0.0,-0.792
3,value_ratio<=3.5; close_location>=80; signal<=940; rank<=1,False,28,1,0,0,1,27,0.0,0.0,0.0,-0.792
3,value_ratio<=3.5; close_location>=80; signal<=950; rank<=1,False,28,1,0,0,1,27,0.0,0.0,0.0,-0.792
3,value_ratio<=3.5; close_location>=88; rank<=1,False,22,1,0,0,1,21,0.0,0.0,0.0,-0.792
3,value_ratio<=3.5; close_location>=88; signal<=930; rank<=1,False,22,1,0,0,1,21,0.0,0.0,0.0,-0.792
3,value_ratio<=3.5; close_location>=88; signal<=940; rank<=1,False,22,1,0,0,1,21,0.0,0.0,0.0,-0.792
3,value_ratio<=3.5; close_location>=88; signal<=950; rank<=1,False,22,1,0,0,1,21,0.0,0.0,0.0,-0.792
3,value_ratio<=3.5; close_location>=90; rank<=1,False,19,1,0,0,1,18,0.0,0.0,0.0,-0.792
3,value_ratio<=3.5; close_location>=90; signal<=930; rank<=1,False,19,1,0,0,1,18,0.0,0.0,0.0,-0.792
3,value_ratio<=3.5; close_location>=90; signal<=940; rank<=1,False,19,1,0,0,1,18,0.0,0.0,0.0,-0.792
3,value_ratio<=3.5; close_location>=90; signal<=950; rank<=1,False,19,1,0,0,1,18,0.0,0.0,0.0,-0.792
3,value_ratio<=5; close_location>=80; rank<=1,False,52,1,0,0,1,51,0.0,0.0,0.0,-0.792
3,value_ratio<=5; close_location>=80; signal<=930; rank<=1,False,52,1,0,0,1,51,0.0,0.0,0.0,-0.792
3,value_ratio<=5; close_location>=80; signal<=940; rank<=1,False,52,1,0,0,1,51,0.0,0.0,0.0,-0.792
3,value_ratio<=5; close_location>=80; signal<=950; rank<=1,False,52,1,0,0,1,51,0.0,0.0,0.0,-0.792
3,value_ratio<=5; close_location>=88; rank<=1,False,41,1,0,0,1,40,0.0,0.0,0.0,-0.792
3,value_ratio<=5; close_location>=88; signal<=930; rank<=1,False,41,1,0,0,1,40,0.0,0.0,0.0,-0.792
3,value_ratio<=5; close_location>=88; signal<=940; rank<=1,False,41,1,0,0,1,40,0.0,0.0,0.0,-0.792
3,value_ratio<=5; close_location>=88; signal<=950; rank<=1,False,41,1,0,0,1,40,0.0,0.0,0.0,-0.792
3,value_ratio<=5; close_location>=90; rank<=1,False,36,1,0,0,1,35,0.0,0.0,0.0,-0.792
3,value_ratio<=5; close_location>=90; signal<=930; rank<=1,False,36,1,0,0,1,35,0.0,0.0,0.0,-0.792
3,value_ratio<=5; close_location>=90; signal<=940; rank<=1,False,36,1,0,0,1,35,0.0,0.0,0.0,-0.792
3,value_ratio<=5; close_location>=90; signal<=950; rank<=1,False,36,1,0,0,1,35,0.0,0.0,0.0,-0.792
3,distance<=-10; rank<=1,False,39,1,0,1,0,38,0.0,0.0,0.0,-1.5
3,distance<=-10; signal<=940; rank<=1,False,39,1,0,1,0,38,0.0,0.0,0.0,-1.5
3,distance<=-10; signal<=950; rank<=1,False,39,1,0,1,0,38,0.0,0.0,0.0,-1.5
3,distance<=-12; rank<=1,False,34,1,0,1,0,33,0.0,0.0,0.0,-1.5
3,distance<=-12; signal<=940; rank<=1,False,34,1,0,1,0,33,0.0,0.0,0.0,-1.5
3,distance<=-12; signal<=950; rank<=1,False,34,1,0,1,0,33,0.0,0.0,0.0,-1.5
3,distance<=-15; rank<=1,False,29,1,0,1,0,28,0.0,0.0,0.0,-1.5
3,distance<=-15; signal<=940; rank<=1,False,29,1,0,1,0,28,0.0,0.0,0.0,-1.5
3,distance<=-15; signal<=950; rank<=1,False,29,1,0,1,0,28,0.0,0.0,0.0,-1.5
3,value_ratio<=2.5; rank<=1,False,7,0,0,0,0,7,0.0,0.0,0.0,0.0
3,value_ratio<=2.5; signal<=930; rank<=1,False,7,0,0,0,0,7,0.0,0.0,0.0,0.0
3,value_ratio<=2.5; signal<=940; rank<=1,False,7,0,0,0,0,7,0.0,0.0,0.0,0.0
3,value_ratio<=2.5; signal<=950; rank<=1,False,7,0,0,0,0,7,0.0,0.0,0.0,0.0
3,value_ratio<=2.5; close_location>=80; rank<=1,False,6,0,0,0,0,6,0.0,0.0,0.0,0.0
3,value_ratio<=2.5; close_location>=80; signal<=930; rank<=1,False,6,0,0,0,0,6,0.0,0.0,0.0,0.0
3,value_ratio<=2.5; close_location>=80; signal<=940; rank<=1,False,6,0,0,0,0,6,0.0,0.0,0.0,0.0
3,value_ratio<=2.5; close_location>=80; signal<=950; rank<=1,False,6,0,0,0,0,6,0.0,0.0,0.0,0.0
3,value_ratio<=2.5; close_location>=88; rank<=1,False,5,0,0,0,0,5,0.0,0.0,0.0,0.0
3,value_ratio<=2.5; close_location>=88; signal<=930; rank<=1,False,5,0,0,0,0,5,0.0,0.0,0.0,0.0
3,value_ratio<=2.5; close_location>=88; signal<=940; rank<=1,False,5,0,0,0,0,5,0.0,0.0,0.0,0.0
3,value_ratio<=2.5; close_location>=88; signal<=950; rank<=1,False,5,0,0,0,0,5,0.0,0.0,0.0,0.0
3,value_ratio<=2.5; close_location>=90; rank<=1,False,4,0,0,0,0,4,0.0,0.0,0.0,0.0
3,value_ratio<=2.5; close_location>=90; signal<=930; rank<=1,False,4,0,0,0,0,4,0.0,0.0,0.0,0.0
3,value_ratio<=2.5; close_location>=90; signal<=940; rank<=1,False,4,0,0,0,0,4,0.0,0.0,0.0,0.0
3,value_ratio<=2.5; close_location>=90; signal<=950; rank<=1,False,4,0,0,0,0,4,0.0,0.0,0.0,0.0
3,value_ratio<=3; rank<=1,False,20,0,0,0,0,20,0.0,0.0,0.0,0.0
3,value_ratio<=3; signal<=930; rank<=1,False,20,0,0,0,0,20,0.0,0.0,0.0,0.0
3,value_ratio<=3; signal<=940; rank<=1,False,20,0,0,0,0,20,0.0,0.0,0.0,0.0
3,value_ratio<=3; signal<=950; rank<=1,False,20,0,0,0,0,20,0.0,0.0,0.0,0.0
3,value_ratio<=3; close_location>=80; rank<=1,False,17,0,0,0,0,17,0.0,0.0,0.0,0.0
3,value_ratio<=3; close_location>=80; signal<=930; rank<=1,False,17,0,0,0,0,17,0.0,0.0,0.0,0.0
3,value_ratio<=3; close_location>=80; signal<=940; rank<=1,False,17,0,0,0,0,17,0.0,0.0,0.0,0.0
3,value_ratio<=3; close_location>=80; signal<=950; rank<=1,False,17,0,0,0,0,17,0.0,0.0,0.0,0.0
3,value_ratio<=3; close_location>=88; rank<=1,False,14,0,0,0,0,14,0.0,0.0,0.0,0.0
3,value_ratio<=3; close_location>=88; signal<=930; rank<=1,False,14,0,0,0,0,14,0.0,0.0,0.0,0.0
3,value_ratio<=3; close_location>=88; signal<=940; rank<=1,False,14,0,0,0,0,14,0.0,0.0,0.0,0.0
3,value_ratio<=3; close_location>=88; signal<=950; rank<=1,False,14,0,0,0,0,14,0.0,0.0,0.0,0.0
3,value_ratio<=3; close_location>=90; rank<=1,False,12,0,0,0,0,12,0.0,0.0,0.0,0.0
3,value_ratio<=3; close_location>=90; signal<=930; rank<=1,False,12,0,0,0,0,12,0.0,0.0,0.0,0.0
3,value_ratio<=3; close_location>=90; signal<=940; rank<=1,False,12,0,0,0,0,12,0.0,0.0,0.0,0.0
3,value_ratio<=3; close_location>=90; signal<=950; rank<=1,False,12,0,0,0,0,12,0.0,0.0,0.0,0.0
3,distance<=-3; close_location>=80; rank<=1,False,47,0,0,0,0,47,0.0,0.0,0.0,0.0
3,distance<=-3; close_location>=80; signal<=930; rank<=1,False,47,0,0,0,0,47,0.0,0.0,0.0,0.0
3,distance<=-3; close_location>=80; signal<=940; rank<=1,False,47,0,0,0,0,47,0.0,0.0,0.0,0.0
3,distance<=-3; close_location>=80; signal<=950; rank<=1,False,47,0,0,0,0,47,0.0,0.0,0.0,0.0
3,distance<=-3; close_location>=88; rank<=1,False,36,0,0,0,0,36,0.0,0.0,0.0,0.0
3,distance<=-3; close_location>=88; signal<=930; rank<=1,False,36,0,0,0,0,36,0.0,0.0,0.0,0.0
3,distance<=-3; close_location>=88; signal<=940; rank<=1,False,36,0,0,0,0,36,0.0,0.0,0.0,0.0
3,distance<=-3; close_location>=88; signal<=950; rank<=1,False,36,0,0,0,0,36,0.0,0.0,0.0,0.0
3,distance<=-3; close_location>=90; rank<=1,False,32,0,0,0,0,32,0.0,0.0,0.0,0.0
3,distance<=-3; close_location>=90; signal<=930; rank<=1,False,32,0,0,0,0,32,0.0,0.0,0.0,0.0
3,distance<=-3; close_location>=90; signal<=940; rank<=1,False,32,0,0,0,0,32,0.0,0.0,0.0,0.0
3,distance<=-3; close_location>=90; signal<=950; rank<=1,False,32,0,0,0,0,32,0.0,0.0,0.0,0.0
3,distance<=-3; value_ratio<=2.5; rank<=1,False,5,0,0,0,0,5,0.0,0.0,0.0,0.0
3,distance<=-3; value_ratio<=2.5; signal<=930; rank<=1,False,5,0,0,0,0,5,0.0,0.0,0.0,0.0
3,distance<=-3; value_ratio<=2.5; signal<=940; rank<=1,False,5,0,0,0,0,5,0.0,0.0,0.0,0.0
3,distance<=-3; value_ratio<=2.5; signal<=950; rank<=1,False,5,0,0,0,0,5,0.0,0.0,0.0,0.0
3,distance<=-3; value_ratio<=2.5; close_location>=80; rank<=1,False,5,0,0,0,0,5,0.0,0.0,0.0,0.0
3,distance<=-3; value_ratio<=2.5; close_location>=80; signal<=930; rank<=1,False,5,0,0,0,0,5,0.0,0.0,0.0,0.0
3,distance<=-3; value_ratio<=2.5; close_location>=80; signal<=940; rank<=1,False,5,0,0,0,0,5,0.0,0.0,0.0,0.0
3,distance<=-3; value_ratio<=2.5; close_location>=80; signal<=950; rank<=1,False,5,0,0,0,0,5,0.0,0.0,0.0,0.0
3,distance<=-3; value_ratio<=2.5; close_location>=88; rank<=1,False,4,0,0,0,0,4,0.0,0.0,0.0,0.0
3,distance<=-3; value_ratio<=2.5; close_location>=88; signal<=930; rank<=1,False,4,0,0,0,0,4,0.0,0.0,0.0,0.0
3,distance<=-3; value_ratio<=2.5; close_location>=88; signal<=940; rank<=1,False,4,0,0,0,0,4,0.0,0.0,0.0,0.0
3,distance<=-3; value_ratio<=2.5; close_location>=88; signal<=950; rank<=1,False,4,0,0,0,0,4,0.0,0.0,0.0,0.0
3,distance<=-3; value_ratio<=2.5; close_location>=90; rank<=1,False,3,0,0,0,0,3,0.0,0.0,0.0,0.0
3,distance<=-3; value_ratio<=2.5; close_location>=90; signal<=930; rank<=1,False,3,0,0,0,0,3,0.0,0.0,0.0,0.0
3,distance<=-3; value_ratio<=2.5; close_location>=90; signal<=940; rank<=1,False,3,0,0,0,0,3,0.0,0.0,0.0,0.0
3,distance<=-3; value_ratio<=2.5; close_location>=90; signal<=950; rank<=1,False,3,0,0,0,0,3,0.0,0.0,0.0,0.0
3,distance<=-3; value_ratio<=3; rank<=1,False,13,0,0,0,0,13,0.0,0.0,0.0,0.0
3,distance<=-3; value_ratio<=3; signal<=930; rank<=1,False,13,0,0,0,0,13,0.0,0.0,0.0,0.0
3,distance<=-3; value_ratio<=3; signal<=940; rank<=1,False,13,0,0,0,0,13,0.0,0.0,0.0,0.0
3,distance<=-3; value_ratio<=3; signal<=950; rank<=1,False,13,0,0,0,0,13,0.0,0.0,0.0,0.0
3,distance<=-3; value_ratio<=3; close_location>=80; rank<=1,False,11,0,0,0,0,11,0.0,0.0,0.0,0.0
3,distance<=-3; value_ratio<=3; close_location>=80; signal<=930; rank<=1,False,11,0,0,0,0,11,0.0,0.0,0.0,0.0
3,distance<=-3; value_ratio<=3; close_location>=80; signal<=940; rank<=1,False,11,0,0,0,0,11,0.0,0.0,0.0,0.0
3,distance<=-3; value_ratio<=3; close_location>=80; signal<=950; rank<=1,False,11,0,0,0,0,11,0.0,0.0,0.0,0.0
3,distance<=-3; value_ratio<=3; close_location>=88; rank<=1,False,8,0,0,0,0,8,0.0,0.0,0.0,0.0
3,distance<=-3; value_ratio<=3; close_location>=88; signal<=930; rank<=1,False,8,0,0,0,0,8,0.0,0.0,0.0,0.0
3,distance<=-3; value_ratio<=3; close_location>=88; signal<=940; rank<=1,False,8,0,0,0,0,8,0.0,0.0,0.0,0.0
3,distance<=-3; value_ratio<=3; close_location>=88; signal<=950; rank<=1,False,8,0,0,0,0,8,0.0,0.0,0.0,0.0
3,distance<=-3; value_ratio<=3; close_location>=90; rank<=1,False,7,0,0,0,0,7,0.0,0.0,0.0,0.0
3,distance<=-3; value_ratio<=3; close_location>=90; signal<=930; rank<=1,False,7,0,0,0,0,7,0.0,0.0,0.0,0.0
3,distance<=-3; value_ratio<=3; close_location>=90; signal<=940; rank<=1,False,7,0,0,0,0,7,0.0,0.0,0.0,0.0
3,distance<=-3; value_ratio<=3; close_location>=90; signal<=950; rank<=1,False,7,0,0,0,0,7,0.0,0.0,0.0,0.0
3,distance<=-3; value_ratio<=3.5; rank<=1,False,25,0,0,0,0,25,0.0,0.0,0.0,0.0
3,distance<=-3; value_ratio<=3.5; signal<=930; rank<=1,False,25,0,0,0,0,25,0.0,0.0,0.0,0.0
3,distance<=-3; value_ratio<=3.5; signal<=940; rank<=1,False,25,0,0,0,0,25,0.0,0.0,0.0,0.0
3,distance<=-3; value_ratio<=3.5; signal<=950; rank<=1,False,25,0,0,0,0,25,0.0,0.0,0.0,0.0
3,distance<=-3; value_ratio<=3.5; close_location>=80; rank<=1,False,20,0,0,0,0,20,0.0,0.0,0.0,0.0
3,distance<=-3; value_ratio<=3.5; close_location>=80; signal<=930; rank<=1,False,20,0,0,0,0,20,0.0,0.0,0.0,0.0
3,distance<=-3; value_ratio<=3.5; close_location>=80; signal<=940; rank<=1,False,20,0,0,0,0,20,0.0,0.0,0.0,0.0
3,distance<=-3; value_ratio<=3.5; close_location>=80; signal<=950; rank<=1,False,20,0,0,0,0,20,0.0,0.0,0.0,0.0
3,distance<=-3; value_ratio<=3.5; close_location>=88; rank<=1,False,14,0,0,0,0,14,0.0,0.0,0.0,0.0
3,distance<=-3; value_ratio<=3.5; close_location>=88; signal<=930; rank<=1,False,14,0,0,0,0,14,0.0,0.0,0.0,0.0
3,distance<=-3; value_ratio<=3.5; close_location>=88; signal<=940; rank<=1,False,14,0,0,0,0,14,0.0,0.0,0.0,0.0
3,distance<=-3; value_ratio<=3.5; close_location>=88; signal<=950; rank<=1,False,14,0,0,0,0,14,0.0,0.0,0.0,0.0
3,distance<=-3; value_ratio<=3.5; close_location>=90; rank<=1,False,12,0,0,0,0,12,0.0,0.0,0.0,0.0
3,distance<=-3; value_ratio<=3.5; close_location>=90; signal<=930; rank<=1,False,12,0,0,0,0,12,0.0,0.0,0.0,0.0
3,distance<=-3; value_ratio<=3.5; close_location>=90; signal<=940; rank<=1,False,12,0,0,0,0,12,0.0,0.0,0.0,0.0
3,distance<=-3; value_ratio<=3.5; close_location>=90; signal<=950; rank<=1,False,12,0,0,0,0,12,0.0,0.0,0.0,0.0
3,distance<=-3; value_ratio<=5; close_location>=80; rank<=1,False,41,0,0,0,0,41,0.0,0.0,0.0,0.0
3,distance<=-3; value_ratio<=5; close_location>=80; signal<=930; rank<=1,False,41,0,0,0,0,41,0.0,0.0,0.0,0.0
3,distance<=-3; value_ratio<=5; close_location>=80; signal<=940; rank<=1,False,41,0,0,0,0,41,0.0,0.0,0.0,0.0
3,distance<=-3; value_ratio<=5; close_location>=80; signal<=950; rank<=1,False,41,0,0,0,0,41,0.0,0.0,0.0,0.0
3,distance<=-3; value_ratio<=5; close_location>=88; rank<=1,False,32,0,0,0,0,32,0.0,0.0,0.0,0.0
3,distance<=-3; value_ratio<=5; close_location>=88; signal<=930; rank<=1,False,32,0,0,0,0,32,0.0,0.0,0.0,0.0
3,distance<=-3; value_ratio<=5; close_location>=88; signal<=940; rank<=1,False,32,0,0,0,0,32,0.0,0.0,0.0,0.0
3,distance<=-3; value_ratio<=5; close_location>=88; signal<=950; rank<=1,False,32,0,0,0,0,32,0.0,0.0,0.0,0.0
3,distance<=-3; value_ratio<=5; close_location>=90; rank<=1,False,28,0,0,0,0,28,0.0,0.0,0.0,0.0
3,distance<=-3; value_ratio<=5; close_location>=90; signal<=930; rank<=1,False,28,0,0,0,0,28,0.0,0.0,0.0,0.0
3,distance<=-3; value_ratio<=5; close_location>=90; signal<=940; rank<=1,False,28,0,0,0,0,28,0.0,0.0,0.0,0.0
3,distance<=-3; value_ratio<=5; close_location>=90; signal<=950; rank<=1,False,28,0,0,0,0,28,0.0,0.0,0.0,0.0
3,distance<=-5; close_location>=80; rank<=1,False,43,0,0,0,0,43,0.0,0.0,0.0,0.0
3,distance<=-5; close_location>=80; signal<=930; rank<=1,False,43,0,0,0,0,43,0.0,0.0,0.0,0.0
3,distance<=-5; close_location>=80; signal<=940; rank<=1,False,43,0,0,0,0,43,0.0,0.0,0.0,0.0
3,distance<=-5; close_location>=80; signal<=950; rank<=1,False,43,0,0,0,0,43,0.0,0.0,0.0,0.0
3,distance<=-5; close_location>=88; rank<=1,False,32,0,0,0,0,32,0.0,0.0,0.0,0.0
3,distance<=-5; close_location>=88; signal<=930; rank<=1,False,32,0,0,0,0,32,0.0,0.0,0.0,0.0
3,distance<=-5; close_location>=88; signal<=940; rank<=1,False,32,0,0,0,0,32,0.0,0.0,0.0,0.0
3,distance<=-5; close_location>=88; signal<=950; rank<=1,False,32,0,0,0,0,32,0.0,0.0,0.0,0.0
3,distance<=-5; close_location>=90; rank<=1,False,28,0,0,0,0,28,0.0,0.0,0.0,0.0
3,distance<=-5; close_location>=90; signal<=930; rank<=1,False,28,0,0,0,0,28,0.0,0.0,0.0,0.0
3,distance<=-5; close_location>=90; signal<=940; rank<=1,False,28,0,0,0,0,28,0.0,0.0,0.0,0.0
3,distance<=-5; close_location>=90; signal<=950; rank<=1,False,28,0,0,0,0,28,0.0,0.0,0.0,0.0
3,distance<=-5; value_ratio<=2.5; rank<=1,False,5,0,0,0,0,5,0.0,0.0,0.0,0.0
3,distance<=-5; value_ratio<=2.5; signal<=930; rank<=1,False,5,0,0,0,0,5,0.0,0.0,0.0,0.0
3,distance<=-5; value_ratio<=2.5; signal<=940; rank<=1,False,5,0,0,0,0,5,0.0,0.0,0.0,0.0
3,distance<=-5; value_ratio<=2.5; signal<=950; rank<=1,False,5,0,0,0,0,5,0.0,0.0,0.0,0.0
3,distance<=-5; value_ratio<=2.5; close_location>=80; rank<=1,False,5,0,0,0,0,5,0.0,0.0,0.0,0.0
3,distance<=-5; value_ratio<=2.5; close_location>=80; signal<=930; rank<=1,False,5,0,0,0,0,5,0.0,0.0,0.0,0.0
3,distance<=-5; value_ratio<=2.5; close_location>=80; signal<=940; rank<=1,False,5,0,0,0,0,5,0.0,0.0,0.0,0.0
3,distance<=-5; value_ratio<=2.5; close_location>=80; signal<=950; rank<=1,False,5,0,0,0,0,5,0.0,0.0,0.0,0.0
3,distance<=-5; value_ratio<=2.5; close_location>=88; rank<=1,False,4,0,0,0,0,4,0.0,0.0,0.0,0.0
3,distance<=-5; value_ratio<=2.5; close_location>=88; signal<=930; rank<=1,False,4,0,0,0,0,4,0.0,0.0,0.0,0.0
3,distance<=-5; value_ratio<=2.5; close_location>=88; signal<=940; rank<=1,False,4,0,0,0,0,4,0.0,0.0,0.0,0.0
3,distance<=-5; value_ratio<=2.5; close_location>=88; signal<=950; rank<=1,False,4,0,0,0,0,4,0.0,0.0,0.0,0.0
3,distance<=-5; value_ratio<=2.5; close_location>=90; rank<=1,False,3,0,0,0,0,3,0.0,0.0,0.0,0.0
3,distance<=-5; value_ratio<=2.5; close_location>=90; signal<=930; rank<=1,False,3,0,0,0,0,3,0.0,0.0,0.0,0.0
3,distance<=-5; value_ratio<=2.5; close_location>=90; signal<=940; rank<=1,False,3,0,0,0,0,3,0.0,0.0,0.0,0.0
3,distance<=-5; value_ratio<=2.5; close_location>=90; signal<=950; rank<=1,False,3,0,0,0,0,3,0.0,0.0,0.0,0.0
3,distance<=-5; value_ratio<=3; rank<=1,False,13,0,0,0,0,13,0.0,0.0,0.0,0.0
3,distance<=-5; value_ratio<=3; signal<=930; rank<=1,False,13,0,0,0,0,13,0.0,0.0,0.0,0.0
3,distance<=-5; value_ratio<=3; signal<=940; rank<=1,False,13,0,0,0,0,13,0.0,0.0,0.0,0.0
3,distance<=-5; value_ratio<=3; signal<=950; rank<=1,False,13,0,0,0,0,13,0.0,0.0,0.0,0.0
3,distance<=-5; value_ratio<=3; close_location>=80; rank<=1,False,11,0,0,0,0,11,0.0,0.0,0.0,0.0
3,distance<=-5; value_ratio<=3; close_location>=80; signal<=930; rank<=1,False,11,0,0,0,0,11,0.0,0.0,0.0,0.0
3,distance<=-5; value_ratio<=3; close_location>=80; signal<=940; rank<=1,False,11,0,0,0,0,11,0.0,0.0,0.0,0.0
3,distance<=-5; value_ratio<=3; close_location>=80; signal<=950; rank<=1,False,11,0,0,0,0,11,0.0,0.0,0.0,0.0
3,distance<=-5; value_ratio<=3; close_location>=88; rank<=1,False,8,0,0,0,0,8,0.0,0.0,0.0,0.0
3,distance<=-5; value_ratio<=3; close_location>=88; signal<=930; rank<=1,False,8,0,0,0,0,8,0.0,0.0,0.0,0.0
3,distance<=-5; value_ratio<=3; close_location>=88; signal<=940; rank<=1,False,8,0,0,0,0,8,0.0,0.0,0.0,0.0
3,distance<=-5; value_ratio<=3; close_location>=88; signal<=950; rank<=1,False,8,0,0,0,0,8,0.0,0.0,0.0,0.0
3,distance<=-5; value_ratio<=3; close_location>=90; rank<=1,False,7,0,0,0,0,7,0.0,0.0,0.0,0.0
3,distance<=-5; value_ratio<=3; close_location>=90; signal<=930; rank<=1,False,7,0,0,0,0,7,0.0,0.0,0.0,0.0
3,distance<=-5; value_ratio<=3; close_location>=90; signal<=940; rank<=1,False,7,0,0,0,0,7,0.0,0.0,0.0,0.0
3,distance<=-5; value_ratio<=3; close_location>=90; signal<=950; rank<=1,False,7,0,0,0,0,7,0.0,0.0,0.0,0.0
3,distance<=-5; value_ratio<=3.5; rank<=1,False,24,0,0,0,0,24,0.0,0.0,0.0,0.0
3,distance<=-5; value_ratio<=3.5; signal<=930; rank<=1,False,24,0,0,0,0,24,0.0,0.0,0.0,0.0
3,distance<=-5; value_ratio<=3.5; signal<=940; rank<=1,False,24,0,0,0,0,24,0.0,0.0,0.0,0.0
3,distance<=-5; value_ratio<=3.5; signal<=950; rank<=1,False,24,0,0,0,0,24,0.0,0.0,0.0,0.0
3,distance<=-5; value_ratio<=3.5; close_location>=80; rank<=1,False,19,0,0,0,0,19,0.0,0.0,0.0,0.0
3,distance<=-5; value_ratio<=3.5; close_location>=80; signal<=930; rank<=1,False,19,0,0,0,0,19,0.0,0.0,0.0,0.0
3,distance<=-5; value_ratio<=3.5; close_location>=80; signal<=940; rank<=1,False,19,0,0,0,0,19,0.0,0.0,0.0,0.0
3,distance<=-5; value_ratio<=3.5; close_location>=80; signal<=950; rank<=1,False,19,0,0,0,0,19,0.0,0.0,0.0,0.0
3,distance<=-5; value_ratio<=3.5; close_location>=88; rank<=1,False,13,0,0,0,0,13,0.0,0.0,0.0,0.0
3,distance<=-5; value_ratio<=3.5; close_location>=88; signal<=930; rank<=1,False,13,0,0,0,0,13,0.0,0.0,0.0,0.0
3,distance<=-5; value_ratio<=3.5; close_location>=88; signal<=940; rank<=1,False,13,0,0,0,0,13,0.0,0.0,0.0,0.0
3,distance<=-5; value_ratio<=3.5; close_location>=88; signal<=950; rank<=1,False,13,0,0,0,0,13,0.0,0.0,0.0,0.0
3,distance<=-5; value_ratio<=3.5; close_location>=90; rank<=1,False,11,0,0,0,0,11,0.0,0.0,0.0,0.0
3,distance<=-5; value_ratio<=3.5; close_location>=90; signal<=930; rank<=1,False,11,0,0,0,0,11,0.0,0.0,0.0,0.0
3,distance<=-5; value_ratio<=3.5; close_location>=90; signal<=940; rank<=1,False,11,0,0,0,0,11,0.0,0.0,0.0,0.0
3,distance<=-5; value_ratio<=3.5; close_location>=90; signal<=950; rank<=1,False,11,0,0,0,0,11,0.0,0.0,0.0,0.0
3,distance<=-5; value_ratio<=5; close_location>=80; rank<=1,False,37,0,0,0,0,37,0.0,0.0,0.0,0.0
3,distance<=-5; value_ratio<=5; close_location>=80; signal<=930; rank<=1,False,37,0,0,0,0,37,0.0,0.0,0.0,0.0
3,distance<=-5; value_ratio<=5; close_location>=80; signal<=940; rank<=1,False,37,0,0,0,0,37,0.0,0.0,0.0,0.0
3,distance<=-5; value_ratio<=5; close_location>=80; signal<=950; rank<=1,False,37,0,0,0,0,37,0.0,0.0,0.0,0.0
3,distance<=-5; value_ratio<=5; close_location>=88; rank<=1,False,28,0,0,0,0,28,0.0,0.0,0.0,0.0
3,distance<=-5; value_ratio<=5; close_location>=88; signal<=930; rank<=1,False,28,0,0,0,0,28,0.0,0.0,0.0,0.0
3,distance<=-5; value_ratio<=5; close_location>=88; signal<=940; rank<=1,False,28,0,0,0,0,28,0.0,0.0,0.0,0.0
3,distance<=-5; value_ratio<=5; close_location>=88; signal<=950; rank<=1,False,28,0,0,0,0,28,0.0,0.0,0.0,0.0
3,distance<=-5; value_ratio<=5; close_location>=90; rank<=1,False,24,0,0,0,0,24,0.0,0.0,0.0,0.0
3,distance<=-5; value_ratio<=5; close_location>=90; signal<=930; rank<=1,False,24,0,0,0,0,24,0.0,0.0,0.0,0.0
3,distance<=-5; value_ratio<=5; close_location>=90; signal<=940; rank<=1,False,24,0,0,0,0,24,0.0,0.0,0.0,0.0
3,distance<=-5; value_ratio<=5; close_location>=90; signal<=950; rank<=1,False,24,0,0,0,0,24,0.0,0.0,0.0,0.0
3,distance<=-8; close_location>=80; rank<=1,False,39,0,0,0,0,39,0.0,0.0,0.0,0.0
3,distance<=-8; close_location>=80; signal<=930; rank<=1,False,39,0,0,0,0,39,0.0,0.0,0.0,0.0
3,distance<=-8; close_location>=80; signal<=940; rank<=1,False,39,0,0,0,0,39,0.0,0.0,0.0,0.0
3,distance<=-8; close_location>=80; signal<=950; rank<=1,False,39,0,0,0,0,39,0.0,0.0,0.0,0.0
3,distance<=-8; close_location>=88; rank<=1,False,30,0,0,0,0,30,0.0,0.0,0.0,0.0
3,distance<=-8; close_location>=88; signal<=930; rank<=1,False,30,0,0,0,0,30,0.0,0.0,0.0,0.0
3,distance<=-8; close_location>=88; signal<=940; rank<=1,False,30,0,0,0,0,30,0.0,0.0,0.0,0.0
3,distance<=-8; close_location>=88; signal<=950; rank<=1,False,30,0,0,0,0,30,0.0,0.0,0.0,0.0
3,distance<=-8; close_location>=90; rank<=1,False,26,0,0,0,0,26,0.0,0.0,0.0,0.0
3,distance<=-8; close_location>=90; signal<=930; rank<=1,False,26,0,0,0,0,26,0.0,0.0,0.0,0.0
3,distance<=-8; close_location>=90; signal<=940; rank<=1,False,26,0,0,0,0,26,0.0,0.0,0.0,0.0
3,distance<=-8; close_location>=90; signal<=950; rank<=1,False,26,0,0,0,0,26,0.0,0.0,0.0,0.0
3,distance<=-8; value_ratio<=2.5; rank<=1,False,5,0,0,0,0,5,0.0,0.0,0.0,0.0
3,distance<=-8; value_ratio<=2.5; signal<=930; rank<=1,False,5,0,0,0,0,5,0.0,0.0,0.0,0.0
3,distance<=-8; value_ratio<=2.5; signal<=940; rank<=1,False,5,0,0,0,0,5,0.0,0.0,0.0,0.0
3,distance<=-8; value_ratio<=2.5; signal<=950; rank<=1,False,5,0,0,0,0,5,0.0,0.0,0.0,0.0
3,distance<=-8; value_ratio<=2.5; close_location>=80; rank<=1,False,5,0,0,0,0,5,0.0,0.0,0.0,0.0
3,distance<=-8; value_ratio<=2.5; close_location>=80; signal<=930; rank<=1,False,5,0,0,0,0,5,0.0,0.0,0.0,0.0
3,distance<=-8; value_ratio<=2.5; close_location>=80; signal<=940; rank<=1,False,5,0,0,0,0,5,0.0,0.0,0.0,0.0
3,distance<=-8; value_ratio<=2.5; close_location>=80; signal<=950; rank<=1,False,5,0,0,0,0,5,0.0,0.0,0.0,0.0
3,distance<=-8; value_ratio<=2.5; close_location>=88; rank<=1,False,4,0,0,0,0,4,0.0,0.0,0.0,0.0
3,distance<=-8; value_ratio<=2.5; close_location>=88; signal<=930; rank<=1,False,4,0,0,0,0,4,0.0,0.0,0.0,0.0
3,distance<=-8; value_ratio<=2.5; close_location>=88; signal<=940; rank<=1,False,4,0,0,0,0,4,0.0,0.0,0.0,0.0
3,distance<=-8; value_ratio<=2.5; close_location>=88; signal<=950; rank<=1,False,4,0,0,0,0,4,0.0,0.0,0.0,0.0
3,distance<=-8; value_ratio<=2.5; close_location>=90; rank<=1,False,3,0,0,0,0,3,0.0,0.0,0.0,0.0
3,distance<=-8; value_ratio<=2.5; close_location>=90; signal<=930; rank<=1,False,3,0,0,0,0,3,0.0,0.0,0.0,0.0
3,distance<=-8; value_ratio<=2.5; close_location>=90; signal<=940; rank<=1,False,3,0,0,0,0,3,0.0,0.0,0.0,0.0
3,distance<=-8; value_ratio<=2.5; close_location>=90; signal<=950; rank<=1,False,3,0,0,0,0,3,0.0,0.0,0.0,0.0
3,distance<=-8; value_ratio<=3; rank<=1,False,11,0,0,0,0,11,0.0,0.0,0.0,0.0
3,distance<=-8; value_ratio<=3; signal<=930; rank<=1,False,11,0,0,0,0,11,0.0,0.0,0.0,0.0
3,distance<=-8; value_ratio<=3; signal<=940; rank<=1,False,11,0,0,0,0,11,0.0,0.0,0.0,0.0
3,distance<=-8; value_ratio<=3; signal<=950; rank<=1,False,11,0,0,0,0,11,0.0,0.0,0.0,0.0
3,distance<=-8; value_ratio<=3; close_location>=80; rank<=1,False,10,0,0,0,0,10,0.0,0.0,0.0,0.0
3,distance<=-8; value_ratio<=3; close_location>=80; signal<=930; rank<=1,False,10,0,0,0,0,10,0.0,0.0,0.0,0.0
3,distance<=-8; value_ratio<=3; close_location>=80; signal<=940; rank<=1,False,10,0,0,0,0,10,0.0,0.0,0.0,0.0
3,distance<=-8; value_ratio<=3; close_location>=80; signal<=950; rank<=1,False,10,0,0,0,0,10,0.0,0.0,0.0,0.0
3,distance<=-8; value_ratio<=3; close_location>=88; rank<=1,False,8,0,0,0,0,8,0.0,0.0,0.0,0.0
3,distance<=-8; value_ratio<=3; close_location>=88; signal<=930; rank<=1,False,8,0,0,0,0,8,0.0,0.0,0.0,0.0
3,distance<=-8; value_ratio<=3; close_location>=88; signal<=940; rank<=1,False,8,0,0,0,0,8,0.0,0.0,0.0,0.0
3,distance<=-8; value_ratio<=3; close_location>=88; signal<=950; rank<=1,False,8,0,0,0,0,8,0.0,0.0,0.0,0.0
3,distance<=-8; value_ratio<=3; close_location>=90; rank<=1,False,7,0,0,0,0,7,0.0,0.0,0.0,0.0
3,distance<=-8; value_ratio<=3; close_location>=90; signal<=930; rank<=1,False,7,0,0,0,0,7,0.0,0.0,0.0,0.0
3,distance<=-8; value_ratio<=3; close_location>=90; signal<=940; rank<=1,False,7,0,0,0,0,7,0.0,0.0,0.0,0.0
3,distance<=-8; value_ratio<=3; close_location>=90; signal<=950; rank<=1,False,7,0,0,0,0,7,0.0,0.0,0.0,0.0
3,distance<=-8; value_ratio<=3.5; rank<=1,False,17,0,0,0,0,17,0.0,0.0,0.0,0.0
3,distance<=-8; value_ratio<=3.5; signal<=930; rank<=1,False,17,0,0,0,0,17,0.0,0.0,0.0,0.0
3,distance<=-8; value_ratio<=3.5; signal<=940; rank<=1,False,17,0,0,0,0,17,0.0,0.0,0.0,0.0
3,distance<=-8; value_ratio<=3.5; signal<=950; rank<=1,False,17,0,0,0,0,17,0.0,0.0,0.0,0.0
3,distance<=-8; value_ratio<=3.5; close_location>=80; rank<=1,False,16,0,0,0,0,16,0.0,0.0,0.0,0.0
3,distance<=-8; value_ratio<=3.5; close_location>=80; signal<=930; rank<=1,False,16,0,0,0,0,16,0.0,0.0,0.0,0.0
3,distance<=-8; value_ratio<=3.5; close_location>=80; signal<=940; rank<=1,False,16,0,0,0,0,16,0.0,0.0,0.0,0.0
3,distance<=-8; value_ratio<=3.5; close_location>=80; signal<=950; rank<=1,False,16,0,0,0,0,16,0.0,0.0,0.0,0.0
3,distance<=-8; value_ratio<=3.5; close_location>=88; rank<=1,False,12,0,0,0,0,12,0.0,0.0,0.0,0.0
3,distance<=-8; value_ratio<=3.5; close_location>=88; signal<=930; rank<=1,False,12,0,0,0,0,12,0.0,0.0,0.0,0.0
3,distance<=-8; value_ratio<=3.5; close_location>=88; signal<=940; rank<=1,False,12,0,0,0,0,12,0.0,0.0,0.0,0.0
3,distance<=-8; value_ratio<=3.5; close_location>=88; signal<=950; rank<=1,False,12,0,0,0,0,12,0.0,0.0,0.0,0.0
3,distance<=-8; value_ratio<=3.5; close_location>=90; rank<=1,False,10,0,0,0,0,10,0.0,0.0,0.0,0.0
3,distance<=-8; value_ratio<=3.5; close_location>=90; signal<=930; rank<=1,False,10,0,0,0,0,10,0.0,0.0,0.0,0.0
3,distance<=-8; value_ratio<=3.5; close_location>=90; signal<=940; rank<=1,False,10,0,0,0,0,10,0.0,0.0,0.0,0.0
3,distance<=-8; value_ratio<=3.5; close_location>=90; signal<=950; rank<=1,False,10,0,0,0,0,10,0.0,0.0,0.0,0.0
3,distance<=-8; value_ratio<=5; close_location>=80; rank<=1,False,33,0,0,0,0,33,0.0,0.0,0.0,0.0
3,distance<=-8; value_ratio<=5; close_location>=80; signal<=930; rank<=1,False,33,0,0,0,0,33,0.0,0.0,0.0,0.0
3,distance<=-8; value_ratio<=5; close_location>=80; signal<=940; rank<=1,False,33,0,0,0,0,33,0.0,0.0,0.0,0.0
3,distance<=-8; value_ratio<=5; close_location>=80; signal<=950; rank<=1,False,33,0,0,0,0,33,0.0,0.0,0.0,0.0
3,distance<=-8; value_ratio<=5; close_location>=88; rank<=1,False,26,0,0,0,0,26,0.0,0.0,0.0,0.0
3,distance<=-8; value_ratio<=5; close_location>=88; signal<=930; rank<=1,False,26,0,0,0,0,26,0.0,0.0,0.0,0.0
3,distance<=-8; value_ratio<=5; close_location>=88; signal<=940; rank<=1,False,26,0,0,0,0,26,0.0,0.0,0.0,0.0
3,distance<=-8; value_ratio<=5; close_location>=88; signal<=950; rank<=1,False,26,0,0,0,0,26,0.0,0.0,0.0,0.0
3,distance<=-8; value_ratio<=5; close_location>=90; rank<=1,False,22,0,0,0,0,22,0.0,0.0,0.0,0.0
3,distance<=-8; value_ratio<=5; close_location>=90; signal<=930; rank<=1,False,22,0,0,0,0,22,0.0,0.0,0.0,0.0
3,distance<=-8; value_ratio<=5; close_location>=90; signal<=940; rank<=1,False,22,0,0,0,0,22,0.0,0.0,0.0,0.0
3,distance<=-8; value_ratio<=5; close_location>=90; signal<=950; rank<=1,False,22,0,0,0,0,22,0.0,0.0,0.0,0.0
3,distance<=-10; signal<=930; rank<=1,False,39,0,0,0,0,39,0.0,0.0,0.0,0.0
3,distance<=-10; close_location>=80; rank<=1,False,31,0,0,0,0,31,0.0,0.0,0.0,0.0
3,distance<=-10; close_location>=80; signal<=930; rank<=1,False,31,0,0,0,0,31,0.0,0.0,0.0,0.0
3,distance<=-10; close_location>=80; signal<=940; rank<=1,False,31,0,0,0,0,31,0.0,0.0,0.0,0.0
3,distance<=-10; close_location>=80; signal<=950; rank<=1,False,31,0,0,0,0,31,0.0,0.0,0.0,0.0
3,distance<=-10; close_location>=88; rank<=1,False,25,0,0,0,0,25,0.0,0.0,0.0,0.0
3,distance<=-10; close_location>=88; signal<=930; rank<=1,False,25,0,0,0,0,25,0.0,0.0,0.0,0.0
3,distance<=-10; close_location>=88; signal<=940; rank<=1,False,25,0,0,0,0,25,0.0,0.0,0.0,0.0
3,distance<=-10; close_location>=88; signal<=950; rank<=1,False,25,0,0,0,0,25,0.0,0.0,0.0,0.0
3,distance<=-10; close_location>=90; rank<=1,False,21,0,0,0,0,21,0.0,0.0,0.0,0.0
3,distance<=-10; close_location>=90; signal<=930; rank<=1,False,21,0,0,0,0,21,0.0,0.0,0.0,0.0
3,distance<=-10; close_location>=90; signal<=940; rank<=1,False,21,0,0,0,0,21,0.0,0.0,0.0,0.0
3,distance<=-10; close_location>=90; signal<=950; rank<=1,False,21,0,0,0,0,21,0.0,0.0,0.0,0.0
3,distance<=-10; value_ratio<=2.5; rank<=1,False,3,0,0,0,0,3,0.0,0.0,0.0,0.0
3,distance<=-10; value_ratio<=2.5; signal<=930; rank<=1,False,3,0,0,0,0,3,0.0,0.0,0.0,0.0
3,distance<=-10; value_ratio<=2.5; signal<=940; rank<=1,False,3,0,0,0,0,3,0.0,0.0,0.0,0.0
3,distance<=-10; value_ratio<=2.5; signal<=950; rank<=1,False,3,0,0,0,0,3,0.0,0.0,0.0,0.0
3,distance<=-10; value_ratio<=2.5; close_location>=80; rank<=1,False,3,0,0,0,0,3,0.0,0.0,0.0,0.0
3,distance<=-10; value_ratio<=2.5; close_location>=80; signal<=930; rank<=1,False,3,0,0,0,0,3,0.0,0.0,0.0,0.0
3,distance<=-10; value_ratio<=2.5; close_location>=80; signal<=940; rank<=1,False,3,0,0,0,0,3,0.0,0.0,0.0,0.0
3,distance<=-10; value_ratio<=2.5; close_location>=80; signal<=950; rank<=1,False,3,0,0,0,0,3,0.0,0.0,0.0,0.0
3,distance<=-10; value_ratio<=2.5; close_location>=88; rank<=1,False,2,0,0,0,0,2,0.0,0.0,0.0,0.0
3,distance<=-10; value_ratio<=2.5; close_location>=88; signal<=930; rank<=1,False,2,0,0,0,0,2,0.0,0.0,0.0,0.0
3,distance<=-10; value_ratio<=2.5; close_location>=88; signal<=940; rank<=1,False,2,0,0,0,0,2,0.0,0.0,0.0,0.0
3,distance<=-10; value_ratio<=2.5; close_location>=88; signal<=950; rank<=1,False,2,0,0,0,0,2,0.0,0.0,0.0,0.0
3,distance<=-10; value_ratio<=2.5; close_location>=90; rank<=1,False,1,0,0,0,0,1,0.0,0.0,0.0,0.0
3,distance<=-10; value_ratio<=2.5; close_location>=90; signal<=930; rank<=1,False,1,0,0,0,0,1,0.0,0.0,0.0,0.0
3,distance<=-10; value_ratio<=2.5; close_location>=90; signal<=940; rank<=1,False,1,0,0,0,0,1,0.0,0.0,0.0,0.0
3,distance<=-10; value_ratio<=2.5; close_location>=90; signal<=950; rank<=1,False,1,0,0,0,0,1,0.0,0.0,0.0,0.0
3,distance<=-10; value_ratio<=3; rank<=1,False,9,0,0,0,0,9,0.0,0.0,0.0,0.0
3,distance<=-10; value_ratio<=3; signal<=930; rank<=1,False,9,0,0,0,0,9,0.0,0.0,0.0,0.0
3,distance<=-10; value_ratio<=3; signal<=940; rank<=1,False,9,0,0,0,0,9,0.0,0.0,0.0,0.0
3,distance<=-10; value_ratio<=3; signal<=950; rank<=1,False,9,0,0,0,0,9,0.0,0.0,0.0,0.0
3,distance<=-10; value_ratio<=3; close_location>=80; rank<=1,False,8,0,0,0,0,8,0.0,0.0,0.0,0.0
3,distance<=-10; value_ratio<=3; close_location>=80; signal<=930; rank<=1,False,8,0,0,0,0,8,0.0,0.0,0.0,0.0
3,distance<=-10; value_ratio<=3; close_location>=80; signal<=940; rank<=1,False,8,0,0,0,0,8,0.0,0.0,0.0,0.0
3,distance<=-10; value_ratio<=3; close_location>=80; signal<=950; rank<=1,False,8,0,0,0,0,8,0.0,0.0,0.0,0.0
3,distance<=-10; value_ratio<=3; close_location>=88; rank<=1,False,6,0,0,0,0,6,0.0,0.0,0.0,0.0
3,distance<=-10; value_ratio<=3; close_location>=88; signal<=930; rank<=1,False,6,0,0,0,0,6,0.0,0.0,0.0,0.0
3,distance<=-10; value_ratio<=3; close_location>=88; signal<=940; rank<=1,False,6,0,0,0,0,6,0.0,0.0,0.0,0.0
3,distance<=-10; value_ratio<=3; close_location>=88; signal<=950; rank<=1,False,6,0,0,0,0,6,0.0,0.0,0.0,0.0
3,distance<=-10; value_ratio<=3; close_location>=90; rank<=1,False,5,0,0,0,0,5,0.0,0.0,0.0,0.0
3,distance<=-10; value_ratio<=3; close_location>=90; signal<=930; rank<=1,False,5,0,0,0,0,5,0.0,0.0,0.0,0.0
3,distance<=-10; value_ratio<=3; close_location>=90; signal<=940; rank<=1,False,5,0,0,0,0,5,0.0,0.0,0.0,0.0
3,distance<=-10; value_ratio<=3; close_location>=90; signal<=950; rank<=1,False,5,0,0,0,0,5,0.0,0.0,0.0,0.0
3,distance<=-10; value_ratio<=3.5; rank<=1,False,13,0,0,0,0,13,0.0,0.0,0.0,0.0
3,distance<=-10; value_ratio<=3.5; signal<=930; rank<=1,False,13,0,0,0,0,13,0.0,0.0,0.0,0.0
3,distance<=-10; value_ratio<=3.5; signal<=940; rank<=1,False,13,0,0,0,0,13,0.0,0.0,0.0,0.0
3,distance<=-10; value_ratio<=3.5; signal<=950; rank<=1,False,13,0,0,0,0,13,0.0,0.0,0.0,0.0
3,distance<=-10; value_ratio<=3.5; close_location>=80; rank<=1,False,12,0,0,0,0,12,0.0,0.0,0.0,0.0
3,distance<=-10; value_ratio<=3.5; close_location>=80; signal<=930; rank<=1,False,12,0,0,0,0,12,0.0,0.0,0.0,0.0
3,distance<=-10; value_ratio<=3.5; close_location>=80; signal<=940; rank<=1,False,12,0,0,0,0,12,0.0,0.0,0.0,0.0
3,distance<=-10; value_ratio<=3.5; close_location>=80; signal<=950; rank<=1,False,12,0,0,0,0,12,0.0,0.0,0.0,0.0
3,distance<=-10; value_ratio<=3.5; close_location>=88; rank<=1,False,9,0,0,0,0,9,0.0,0.0,0.0,0.0
3,distance<=-10; value_ratio<=3.5; close_location>=88; signal<=930; rank<=1,False,9,0,0,0,0,9,0.0,0.0,0.0,0.0
3,distance<=-10; value_ratio<=3.5; close_location>=88; signal<=940; rank<=1,False,9,0,0,0,0,9,0.0,0.0,0.0,0.0
3,distance<=-10; value_ratio<=3.5; close_location>=88; signal<=950; rank<=1,False,9,0,0,0,0,9,0.0,0.0,0.0,0.0
3,distance<=-10; value_ratio<=3.5; close_location>=90; rank<=1,False,7,0,0,0,0,7,0.0,0.0,0.0,0.0
3,distance<=-10; value_ratio<=3.5; close_location>=90; signal<=930; rank<=1,False,7,0,0,0,0,7,0.0,0.0,0.0,0.0
3,distance<=-10; value_ratio<=3.5; close_location>=90; signal<=940; rank<=1,False,7,0,0,0,0,7,0.0,0.0,0.0,0.0
3,distance<=-10; value_ratio<=3.5; close_location>=90; signal<=950; rank<=1,False,7,0,0,0,0,7,0.0,0.0,0.0,0.0
3,distance<=-10; value_ratio<=5; rank<=1,False,30,0,0,0,0,30,0.0,0.0,0.0,0.0
3,distance<=-10; value_ratio<=5; signal<=930; rank<=1,False,30,0,0,0,0,30,0.0,0.0,0.0,0.0
3,distance<=-10; value_ratio<=5; signal<=940; rank<=1,False,30,0,0,0,0,30,0.0,0.0,0.0,0.0
3,distance<=-10; value_ratio<=5; signal<=950; rank<=1,False,30,0,0,0,0,30,0.0,0.0,0.0,0.0
3,distance<=-10; value_ratio<=5; close_location>=80; rank<=1,False,26,0,0,0,0,26,0.0,0.0,0.0,0.0
3,distance<=-10; value_ratio<=5; close_location>=80; signal<=930; rank<=1,False,26,0,0,0,0,26,0.0,0.0,0.0,0.0
3,distance<=-10; value_ratio<=5; close_location>=80; signal<=940; rank<=1,False,26,0,0,0,0,26,0.0,0.0,0.0,0.0
3,distance<=-10; value_ratio<=5; close_location>=80; signal<=950; rank<=1,False,26,0,0,0,0,26,0.0,0.0,0.0,0.0
3,distance<=-10; value_ratio<=5; close_location>=88; rank<=1,False,21,0,0,0,0,21,0.0,0.0,0.0,0.0
3,distance<=-10; value_ratio<=5; close_location>=88; signal<=930; rank<=1,False,21,0,0,0,0,21,0.0,0.0,0.0,0.0
3,distance<=-10; value_ratio<=5; close_location>=88; signal<=940; rank<=1,False,21,0,0,0,0,21,0.0,0.0,0.0,0.0
3,distance<=-10; value_ratio<=5; close_location>=88; signal<=950; rank<=1,False,21,0,0,0,0,21,0.0,0.0,0.0,0.0
3,distance<=-10; value_ratio<=5; close_location>=90; rank<=1,False,17,0,0,0,0,17,0.0,0.0,0.0,0.0
3,distance<=-10; value_ratio<=5; close_location>=90; signal<=930; rank<=1,False,17,0,0,0,0,17,0.0,0.0,0.0,0.0
3,distance<=-10; value_ratio<=5; close_location>=90; signal<=940; rank<=1,False,17,0,0,0,0,17,0.0,0.0,0.0,0.0
3,distance<=-10; value_ratio<=5; close_location>=90; signal<=950; rank<=1,False,17,0,0,0,0,17,0.0,0.0,0.0,0.0
3,distance<=-12; signal<=930; rank<=1,False,34,0,0,0,0,34,0.0,0.0,0.0,0.0
3,distance<=-12; close_location>=80; rank<=1,False,28,0,0,0,0,28,0.0,0.0,0.0,0.0
3,distance<=-12; close_location>=80; signal<=930; rank<=1,False,28,0,0,0,0,28,0.0,0.0,0.0,0.0
3,distance<=-12; close_location>=80; signal<=940; rank<=1,False,28,0,0,0,0,28,0.0,0.0,0.0,0.0
3,distance<=-12; close_location>=80; signal<=950; rank<=1,False,28,0,0,0,0,28,0.0,0.0,0.0,0.0
3,distance<=-12; close_location>=88; rank<=1,False,22,0,0,0,0,22,0.0,0.0,0.0,0.0
3,distance<=-12; close_location>=88; signal<=930; rank<=1,False,22,0,0,0,0,22,0.0,0.0,0.0,0.0
3,distance<=-12; close_location>=88; signal<=940; rank<=1,False,22,0,0,0,0,22,0.0,0.0,0.0,0.0
3,distance<=-12; close_location>=88; signal<=950; rank<=1,False,22,0,0,0,0,22,0.0,0.0,0.0,0.0
3,distance<=-12; close_location>=90; rank<=1,False,18,0,0,0,0,18,0.0,0.0,0.0,0.0
3,distance<=-12; close_location>=90; signal<=930; rank<=1,False,18,0,0,0,0,18,0.0,0.0,0.0,0.0
3,distance<=-12; close_location>=90; signal<=940; rank<=1,False,18,0,0,0,0,18,0.0,0.0,0.0,0.0
3,distance<=-12; close_location>=90; signal<=950; rank<=1,False,18,0,0,0,0,18,0.0,0.0,0.0,0.0
3,distance<=-12; value_ratio<=2.5; rank<=1,False,3,0,0,0,0,3,0.0,0.0,0.0,0.0
3,distance<=-12; value_ratio<=2.5; signal<=930; rank<=1,False,3,0,0,0,0,3,0.0,0.0,0.0,0.0
3,distance<=-12; value_ratio<=2.5; signal<=940; rank<=1,False,3,0,0,0,0,3,0.0,0.0,0.0,0.0
3,distance<=-12; value_ratio<=2.5; signal<=950; rank<=1,False,3,0,0,0,0,3,0.0,0.0,0.0,0.0
3,distance<=-12; value_ratio<=2.5; close_location>=80; rank<=1,False,3,0,0,0,0,3,0.0,0.0,0.0,0.0
3,distance<=-12; value_ratio<=2.5; close_location>=80; signal<=930; rank<=1,False,3,0,0,0,0,3,0.0,0.0,0.0,0.0
3,distance<=-12; value_ratio<=2.5; close_location>=80; signal<=940; rank<=1,False,3,0,0,0,0,3,0.0,0.0,0.0,0.0
3,distance<=-12; value_ratio<=2.5; close_location>=80; signal<=950; rank<=1,False,3,0,0,0,0,3,0.0,0.0,0.0,0.0
3,distance<=-12; value_ratio<=2.5; close_location>=88; rank<=1,False,2,0,0,0,0,2,0.0,0.0,0.0,0.0
3,distance<=-12; value_ratio<=2.5; close_location>=88; signal<=930; rank<=1,False,2,0,0,0,0,2,0.0,0.0,0.0,0.0
3,distance<=-12; value_ratio<=2.5; close_location>=88; signal<=940; rank<=1,False,2,0,0,0,0,2,0.0,0.0,0.0,0.0
3,distance<=-12; value_ratio<=2.5; close_location>=88; signal<=950; rank<=1,False,2,0,0,0,0,2,0.0,0.0,0.0,0.0
3,distance<=-12; value_ratio<=2.5; close_location>=90; rank<=1,False,1,0,0,0,0,1,0.0,0.0,0.0,0.0
3,distance<=-12; value_ratio<=2.5; close_location>=90; signal<=930; rank<=1,False,1,0,0,0,0,1,0.0,0.0,0.0,0.0
3,distance<=-12; value_ratio<=2.5; close_location>=90; signal<=940; rank<=1,False,1,0,0,0,0,1,0.0,0.0,0.0,0.0
3,distance<=-12; value_ratio<=2.5; close_location>=90; signal<=950; rank<=1,False,1,0,0,0,0,1,0.0,0.0,0.0,0.0
3,distance<=-12; value_ratio<=3; rank<=1,False,8,0,0,0,0,8,0.0,0.0,0.0,0.0
3,distance<=-12; value_ratio<=3; signal<=930; rank<=1,False,8,0,0,0,0,8,0.0,0.0,0.0,0.0
3,distance<=-12; value_ratio<=3; signal<=940; rank<=1,False,8,0,0,0,0,8,0.0,0.0,0.0,0.0
3,distance<=-12; value_ratio<=3; signal<=950; rank<=1,False,8,0,0,0,0,8,0.0,0.0,0.0,0.0
3,distance<=-12; value_ratio<=3; close_location>=80; rank<=1,False,8,0,0,0,0,8,0.0,0.0,0.0,0.0
3,distance<=-12; value_ratio<=3; close_location>=80; signal<=930; rank<=1,False,8,0,0,0,0,8,0.0,0.0,0.0,0.0
3,distance<=-12; value_ratio<=3; close_location>=80; signal<=940; rank<=1,False,8,0,0,0,0,8,0.0,0.0,0.0,0.0
3,distance<=-12; value_ratio<=3; close_location>=80; signal<=950; rank<=1,False,8,0,0,0,0,8,0.0,0.0,0.0,0.0
3,distance<=-12; value_ratio<=3; close_location>=88; rank<=1,False,6,0,0,0,0,6,0.0,0.0,0.0,0.0
3,distance<=-12; value_ratio<=3; close_location>=88; signal<=930; rank<=1,False,6,0,0,0,0,6,0.0,0.0,0.0,0.0
3,distance<=-12; value_ratio<=3; close_location>=88; signal<=940; rank<=1,False,6,0,0,0,0,6,0.0,0.0,0.0,0.0
3,distance<=-12; value_ratio<=3; close_location>=88; signal<=950; rank<=1,False,6,0,0,0,0,6,0.0,0.0,0.0,0.0
3,distance<=-12; value_ratio<=3; close_location>=90; rank<=1,False,5,0,0,0,0,5,0.0,0.0,0.0,0.0
3,distance<=-12; value_ratio<=3; close_location>=90; signal<=930; rank<=1,False,5,0,0,0,0,5,0.0,0.0,0.0,0.0
3,distance<=-12; value_ratio<=3; close_location>=90; signal<=940; rank<=1,False,5,0,0,0,0,5,0.0,0.0,0.0,0.0
3,distance<=-12; value_ratio<=3; close_location>=90; signal<=950; rank<=1,False,5,0,0,0,0,5,0.0,0.0,0.0,0.0
3,distance<=-12; value_ratio<=3.5; rank<=1,False,12,0,0,0,0,12,0.0,0.0,0.0,0.0
3,distance<=-12; value_ratio<=3.5; signal<=930; rank<=1,False,12,0,0,0,0,12,0.0,0.0,0.0,0.0
3,distance<=-12; value_ratio<=3.5; signal<=940; rank<=1,False,12,0,0,0,0,12,0.0,0.0,0.0,0.0
3,distance<=-12; value_ratio<=3.5; signal<=950; rank<=1,False,12,0,0,0,0,12,0.0,0.0,0.0,0.0
3,distance<=-12; value_ratio<=3.5; close_location>=80; rank<=1,False,12,0,0,0,0,12,0.0,0.0,0.0,0.0
3,distance<=-12; value_ratio<=3.5; close_location>=80; signal<=930; rank<=1,False,12,0,0,0,0,12,0.0,0.0,0.0,0.0
3,distance<=-12; value_ratio<=3.5; close_location>=80; signal<=940; rank<=1,False,12,0,0,0,0,12,0.0,0.0,0.0,0.0
3,distance<=-12; value_ratio<=3.5; close_location>=80; signal<=950; rank<=1,False,12,0,0,0,0,12,0.0,0.0,0.0,0.0
3,distance<=-12; value_ratio<=3.5; close_location>=88; rank<=1,False,9,0,0,0,0,9,0.0,0.0,0.0,0.0
3,distance<=-12; value_ratio<=3.5; close_location>=88; signal<=930; rank<=1,False,9,0,0,0,0,9,0.0,0.0,0.0,0.0
3,distance<=-12; value_ratio<=3.5; close_location>=88; signal<=940; rank<=1,False,9,0,0,0,0,9,0.0,0.0,0.0,0.0
3,distance<=-12; value_ratio<=3.5; close_location>=88; signal<=950; rank<=1,False,9,0,0,0,0,9,0.0,0.0,0.0,0.0
3,distance<=-12; value_ratio<=3.5; close_location>=90; rank<=1,False,7,0,0,0,0,7,0.0,0.0,0.0,0.0
3,distance<=-12; value_ratio<=3.5; close_location>=90; signal<=930; rank<=1,False,7,0,0,0,0,7,0.0,0.0,0.0,0.0
3,distance<=-12; value_ratio<=3.5; close_location>=90; signal<=940; rank<=1,False,7,0,0,0,0,7,0.0,0.0,0.0,0.0
3,distance<=-12; value_ratio<=3.5; close_location>=90; signal<=950; rank<=1,False,7,0,0,0,0,7,0.0,0.0,0.0,0.0
3,distance<=-12; value_ratio<=5; rank<=1,False,26,0,0,0,0,26,0.0,0.0,0.0,0.0
3,distance<=-12; value_ratio<=5; signal<=930; rank<=1,False,26,0,0,0,0,26,0.0,0.0,0.0,0.0
3,distance<=-12; value_ratio<=5; signal<=940; rank<=1,False,26,0,0,0,0,26,0.0,0.0,0.0,0.0
3,distance<=-12; value_ratio<=5; signal<=950; rank<=1,False,26,0,0,0,0,26,0.0,0.0,0.0,0.0
3,distance<=-12; value_ratio<=5; close_location>=80; rank<=1,False,23,0,0,0,0,23,0.0,0.0,0.0,0.0
3,distance<=-12; value_ratio<=5; close_location>=80; signal<=930; rank<=1,False,23,0,0,0,0,23,0.0,0.0,0.0,0.0
3,distance<=-12; value_ratio<=5; close_location>=80; signal<=940; rank<=1,False,23,0,0,0,0,23,0.0,0.0,0.0,0.0
3,distance<=-12; value_ratio<=5; close_location>=80; signal<=950; rank<=1,False,23,0,0,0,0,23,0.0,0.0,0.0,0.0
3,distance<=-12; value_ratio<=5; close_location>=88; rank<=1,False,18,0,0,0,0,18,0.0,0.0,0.0,0.0
3,distance<=-12; value_ratio<=5; close_location>=88; signal<=930; rank<=1,False,18,0,0,0,0,18,0.0,0.0,0.0,0.0
3,distance<=-12; value_ratio<=5; close_location>=88; signal<=940; rank<=1,False,18,0,0,0,0,18,0.0,0.0,0.0,0.0
3,distance<=-12; value_ratio<=5; close_location>=88; signal<=950; rank<=1,False,18,0,0,0,0,18,0.0,0.0,0.0,0.0
3,distance<=-12; value_ratio<=5; close_location>=90; rank<=1,False,14,0,0,0,0,14,0.0,0.0,0.0,0.0
3,distance<=-12; value_ratio<=5; close_location>=90; signal<=930; rank<=1,False,14,0,0,0,0,14,0.0,0.0,0.0,0.0
3,distance<=-12; value_ratio<=5; close_location>=90; signal<=940; rank<=1,False,14,0,0,0,0,14,0.0,0.0,0.0,0.0
3,distance<=-12; value_ratio<=5; close_location>=90; signal<=950; rank<=1,False,14,0,0,0,0,14,0.0,0.0,0.0,0.0
3,distance<=-15; signal<=930; rank<=1,False,29,0,0,0,0,29,0.0,0.0,0.0,0.0
3,distance<=-15; close_location>=80; rank<=1,False,23,0,0,0,0,23,0.0,0.0,0.0,0.0
3,distance<=-15; close_location>=80; signal<=930; rank<=1,False,23,0,0,0,0,23,0.0,0.0,0.0,0.0
3,distance<=-15; close_location>=80; signal<=940; rank<=1,False,23,0,0,0,0,23,0.0,0.0,0.0,0.0
3,distance<=-15; close_location>=80; signal<=950; rank<=1,False,23,0,0,0,0,23,0.0,0.0,0.0,0.0
3,distance<=-15; close_location>=88; rank<=1,False,18,0,0,0,0,18,0.0,0.0,0.0,0.0
3,distance<=-15; close_location>=88; signal<=930; rank<=1,False,18,0,0,0,0,18,0.0,0.0,0.0,0.0
3,distance<=-15; close_location>=88; signal<=940; rank<=1,False,18,0,0,0,0,18,0.0,0.0,0.0,0.0
3,distance<=-15; close_location>=88; signal<=950; rank<=1,False,18,0,0,0,0,18,0.0,0.0,0.0,0.0
3,distance<=-15; close_location>=90; rank<=1,False,14,0,0,0,0,14,0.0,0.0,0.0,0.0
3,distance<=-15; close_location>=90; signal<=930; rank<=1,False,14,0,0,0,0,14,0.0,0.0,0.0,0.0
3,distance<=-15; close_location>=90; signal<=940; rank<=1,False,14,0,0,0,0,14,0.0,0.0,0.0,0.0
3,distance<=-15; close_location>=90; signal<=950; rank<=1,False,14,0,0,0,0,14,0.0,0.0,0.0,0.0
3,distance<=-15; value_ratio<=2.5; rank<=1,False,3,0,0,0,0,3,0.0,0.0,0.0,0.0
3,distance<=-15; value_ratio<=2.5; signal<=930; rank<=1,False,3,0,0,0,0,3,0.0,0.0,0.0,0.0
3,distance<=-15; value_ratio<=2.5; signal<=940; rank<=1,False,3,0,0,0,0,3,0.0,0.0,0.0,0.0
3,distance<=-15; value_ratio<=2.5; signal<=950; rank<=1,False,3,0,0,0,0,3,0.0,0.0,0.0,0.0
3,distance<=-15; value_ratio<=2.5; close_location>=80; rank<=1,False,3,0,0,0,0,3,0.0,0.0,0.0,0.0
3,distance<=-15; value_ratio<=2.5; close_location>=80; signal<=930; rank<=1,False,3,0,0,0,0,3,0.0,0.0,0.0,0.0
3,distance<=-15; value_ratio<=2.5; close_location>=80; signal<=940; rank<=1,False,3,0,0,0,0,3,0.0,0.0,0.0,0.0
3,distance<=-15; value_ratio<=2.5; close_location>=80; signal<=950; rank<=1,False,3,0,0,0,0,3,0.0,0.0,0.0,0.0
3,distance<=-15; value_ratio<=2.5; close_location>=88; rank<=1,False,2,0,0,0,0,2,0.0,0.0,0.0,0.0
3,distance<=-15; value_ratio<=2.5; close_location>=88; signal<=930; rank<=1,False,2,0,0,0,0,2,0.0,0.0,0.0,0.0
3,distance<=-15; value_ratio<=2.5; close_location>=88; signal<=940; rank<=1,False,2,0,0,0,0,2,0.0,0.0,0.0,0.0
3,distance<=-15; value_ratio<=2.5; close_location>=88; signal<=950; rank<=1,False,2,0,0,0,0,2,0.0,0.0,0.0,0.0
3,distance<=-15; value_ratio<=2.5; close_location>=90; rank<=1,False,1,0,0,0,0,1,0.0,0.0,0.0,0.0
3,distance<=-15; value_ratio<=2.5; close_location>=90; signal<=930; rank<=1,False,1,0,0,0,0,1,0.0,0.0,0.0,0.0
3,distance<=-15; value_ratio<=2.5; close_location>=90; signal<=940; rank<=1,False,1,0,0,0,0,1,0.0,0.0,0.0,0.0
3,distance<=-15; value_ratio<=2.5; close_location>=90; signal<=950; rank<=1,False,1,0,0,0,0,1,0.0,0.0,0.0,0.0
3,distance<=-15; value_ratio<=3; rank<=1,False,8,0,0,0,0,8,0.0,0.0,0.0,0.0
3,distance<=-15; value_ratio<=3; signal<=930; rank<=1,False,8,0,0,0,0,8,0.0,0.0,0.0,0.0
3,distance<=-15; value_ratio<=3; signal<=940; rank<=1,False,8,0,0,0,0,8,0.0,0.0,0.0,0.0
3,distance<=-15; value_ratio<=3; signal<=950; rank<=1,False,8,0,0,0,0,8,0.0,0.0,0.0,0.0
3,distance<=-15; value_ratio<=3; close_location>=80; rank<=1,False,8,0,0,0,0,8,0.0,0.0,0.0,0.0
3,distance<=-15; value_ratio<=3; close_location>=80; signal<=930; rank<=1,False,8,0,0,0,0,8,0.0,0.0,0.0,0.0
3,distance<=-15; value_ratio<=3; close_location>=80; signal<=940; rank<=1,False,8,0,0,0,0,8,0.0,0.0,0.0,0.0
3,distance<=-15; value_ratio<=3; close_location>=80; signal<=950; rank<=1,False,8,0,0,0,0,8,0.0,0.0,0.0,0.0
3,distance<=-15; value_ratio<=3; close_location>=88; rank<=1,False,6,0,0,0,0,6,0.0,0.0,0.0,0.0
3,distance<=-15; value_ratio<=3; close_location>=88; signal<=930; rank<=1,False,6,0,0,0,0,6,0.0,0.0,0.0,0.0
3,distance<=-15; value_ratio<=3; close_location>=88; signal<=940; rank<=1,False,6,0,0,0,0,6,0.0,0.0,0.0,0.0
3,distance<=-15; value_ratio<=3; close_location>=88; signal<=950; rank<=1,False,6,0,0,0,0,6,0.0,0.0,0.0,0.0
3,distance<=-15; value_ratio<=3; close_location>=90; rank<=1,False,5,0,0,0,0,5,0.0,0.0,0.0,0.0
3,distance<=-15; value_ratio<=3; close_location>=90; signal<=930; rank<=1,False,5,0,0,0,0,5,0.0,0.0,0.0,0.0
3,distance<=-15; value_ratio<=3; close_location>=90; signal<=940; rank<=1,False,5,0,0,0,0,5,0.0,0.0,0.0,0.0
3,distance<=-15; value_ratio<=3; close_location>=90; signal<=950; rank<=1,False,5,0,0,0,0,5,0.0,0.0,0.0,0.0
3,distance<=-15; value_ratio<=3.5; rank<=1,False,12,0,0,0,0,12,0.0,0.0,0.0,0.0
3,distance<=-15; value_ratio<=3.5; signal<=930; rank<=1,False,12,0,0,0,0,12,0.0,0.0,0.0,0.0
3,distance<=-15; value_ratio<=3.5; signal<=940; rank<=1,False,12,0,0,0,0,12,0.0,0.0,0.0,0.0
3,distance<=-15; value_ratio<=3.5; signal<=950; rank<=1,False,12,0,0,0,0,12,0.0,0.0,0.0,0.0
3,distance<=-15; value_ratio<=3.5; close_location>=80; rank<=1,False,12,0,0,0,0,12,0.0,0.0,0.0,0.0
3,distance<=-15; value_ratio<=3.5; close_location>=80; signal<=930; rank<=1,False,12,0,0,0,0,12,0.0,0.0,0.0,0.0
3,distance<=-15; value_ratio<=3.5; close_location>=80; signal<=940; rank<=1,False,12,0,0,0,0,12,0.0,0.0,0.0,0.0
3,distance<=-15; value_ratio<=3.5; close_location>=80; signal<=950; rank<=1,False,12,0,0,0,0,12,0.0,0.0,0.0,0.0
3,distance<=-15; value_ratio<=3.5; close_location>=88; rank<=1,False,9,0,0,0,0,9,0.0,0.0,0.0,0.0
3,distance<=-15; value_ratio<=3.5; close_location>=88; signal<=930; rank<=1,False,9,0,0,0,0,9,0.0,0.0,0.0,0.0
3,distance<=-15; value_ratio<=3.5; close_location>=88; signal<=940; rank<=1,False,9,0,0,0,0,9,0.0,0.0,0.0,0.0
3,distance<=-15; value_ratio<=3.5; close_location>=88; signal<=950; rank<=1,False,9,0,0,0,0,9,0.0,0.0,0.0,0.0
3,distance<=-15; value_ratio<=3.5; close_location>=90; rank<=1,False,7,0,0,0,0,7,0.0,0.0,0.0,0.0
3,distance<=-15; value_ratio<=3.5; close_location>=90; signal<=930; rank<=1,False,7,0,0,0,0,7,0.0,0.0,0.0,0.0
3,distance<=-15; value_ratio<=3.5; close_location>=90; signal<=940; rank<=1,False,7,0,0,0,0,7,0.0,0.0,0.0,0.0
3,distance<=-15; value_ratio<=3.5; close_location>=90; signal<=950; rank<=1,False,7,0,0,0,0,7,0.0,0.0,0.0,0.0
3,distance<=-15; value_ratio<=5; rank<=1,False,22,0,0,0,0,22,0.0,0.0,0.0,0.0
3,distance<=-15; value_ratio<=5; signal<=930; rank<=1,False,22,0,0,0,0,22,0.0,0.0,0.0,0.0
3,distance<=-15; value_ratio<=5; signal<=940; rank<=1,False,22,0,0,0,0,22,0.0,0.0,0.0,0.0
3,distance<=-15; value_ratio<=5; signal<=950; rank<=1,False,22,0,0,0,0,22,0.0,0.0,0.0,0.0
3,distance<=-15; value_ratio<=5; close_location>=80; rank<=1,False,19,0,0,0,0,19,0.0,0.0,0.0,0.0
3,distance<=-15; value_ratio<=5; close_location>=80; signal<=930; rank<=1,False,19,0,0,0,0,19,0.0,0.0,0.0,0.0
3,distance<=-15; value_ratio<=5; close_location>=80; signal<=940; rank<=1,False,19,0,0,0,0,19,0.0,0.0,0.0,0.0
3,distance<=-15; value_ratio<=5; close_location>=80; signal<=950; rank<=1,False,19,0,0,0,0,19,0.0,0.0,0.0,0.0
3,distance<=-15; value_ratio<=5; close_location>=88; rank<=1,False,15,0,0,0,0,15,0.0,0.0,0.0,0.0
3,distance<=-15; value_ratio<=5; close_location>=88; signal<=930; rank<=1,False,15,0,0,0,0,15,0.0,0.0,0.0,0.0
3,distance<=-15; value_ratio<=5; close_location>=88; signal<=940; rank<=1,False,15,0,0,0,0,15,0.0,0.0,0.0,0.0
3,distance<=-15; value_ratio<=5; close_location>=88; signal<=950; rank<=1,False,15,0,0,0,0,15,0.0,0.0,0.0,0.0
3,distance<=-15; value_ratio<=5; close_location>=90; rank<=1,False,11,0,0,0,0,11,0.0,0.0,0.0,0.0
3,distance<=-15; value_ratio<=5; close_location>=90; signal<=930; rank<=1,False,11,0,0,0,0,11,0.0,0.0,0.0,0.0
3,distance<=-15; value_ratio<=5; close_location>=90; signal<=940; rank<=1,False,11,0,0,0,0,11,0.0,0.0,0.0,0.0
3,distance<=-15; value_ratio<=5; close_location>=90; signal<=950; rank<=1,False,11,0,0,0,0,11,0.0,0.0,0.0,0.0
