filter,signals,successes,failures,time_exits,success_rate,wilson_low,avg_net_return_pct
signal_close_vs_vwap_pct >= 0.5; volume_ratio >= 2.5; day_change_pct >= 5,10,9,1,0,90.0,59.58,0.93
signal_close_vs_vwap_pct >= 0.8; volume_ratio >= 2.0; cum_value_bil <= 10,9,8,1,0,88.89,56.5,0.9
signal_close_vs_vwap_pct >= 0.8; volume_ratio >= 2.0; day_change_pct >= 5,9,8,1,0,88.89,56.5,0.9
signal_close_vs_vwap_pct >= 0.8; day_change_pct >= 5; distance_from_60d_high_pct <= -8,9,8,1,0,88.89,56.5,0.9
signal_score >= 70; day_change_pct >= 5,8,7,1,0,87.5,52.91,0.862
signal_hhmm <= 940; signal_score >= 70; day_change_pct >= 5,8,7,1,0,87.5,52.91,0.862
entry_vs_opening_high_pct >= -0.5; volume_ratio >= 2.5; day_change_pct >= 5,8,7,0,1,87.5,52.91,0.927
signal_close_vs_vwap_pct >= 0.3; signal_score >= 70; day_change_pct >= 5,8,7,1,0,87.5,52.91,0.862
signal_close_vs_vwap_pct >= 0.5; volume_ratio >= 3.0; day_change_pct >= 5,8,7,1,0,87.5,52.91,0.862
signal_close_vs_vwap_pct >= 0.5; signal_score >= 70; day_change_pct >= 5,8,7,1,0,87.5,52.91,0.862
signal_close_vs_vwap_pct >= 0.5; day_change_pct >= 5; distance_from_60d_high_pct <= -10,8,7,0,1,87.5,52.91,1.064
signal_close_vs_vwap_pct >= 0.8; volume_ratio >= 2.0; cum_value_bil <= 8,8,7,1,0,87.5,52.91,0.862
signal_close_vs_vwap_pct >= 0.8; volume_ratio >= 2.5; cum_value_bil <= 10,8,7,1,0,87.5,52.91,0.862
signal_close_vs_vwap_pct >= 0.8; volume_ratio >= 2.5; distance_from_60d_high_pct <= -8,8,7,1,0,87.5,52.91,0.862
signal_close_vs_vwap_pct >= 0.8; cum_value_bil <= 15; distance_from_60d_high_pct <= -8,8,7,1,0,87.5,52.91,0.862
volume_ratio >= 2.5; cum_value_bil <= 10; distance_from_60d_high_pct <= -10,8,7,0,1,87.5,52.91,0.927
volume_ratio >= 2.5; day_change_pct >= 5,12,10,1,1,83.33,55.2,0.793
signal_close_vs_vwap_pct >= 0.3; volume_ratio >= 2.5; day_change_pct >= 5,12,10,1,1,83.33,55.2,0.793
volume_ratio >= 2.0; volume_ratio >= 2.5; day_change_pct >= 5,12,10,1,1,83.33,55.2,0.793
signal_close_vs_vwap_pct >= 0.8; cum_value_bil <= 10; day_change_pct >= 5,11,9,2,0,81.82,52.3,0.709
signal_close_vs_vwap_pct >= 0.8; cum_value_bil <= 15; day_change_pct >= 5,11,9,2,0,81.82,52.3,0.709
volume_ratio >= 2.5; cum_value_bil <= 10; day_change_pct >= 5,11,9,1,1,81.82,52.3,0.756
volume_ratio >= 2.5; cum_value_bil <= 15; day_change_pct >= 5,11,9,1,1,81.82,52.3,0.756
volume_ratio >= 2.5; day_change_pct >= 5; entry_gap_pct >= -1.5,11,9,1,1,81.82,52.3,0.756
volume_ratio >= 2.5; day_change_pct >= 5; entry_gap_pct >= -1,11,9,1,1,81.82,52.3,0.756
volume_ratio >= 2.5; day_change_pct >= 5; distance_from_60d_high_pct <= -8,11,9,1,1,81.82,52.3,0.756
volume_ratio >= 3.0; day_change_pct >= 5,10,8,1,1,80.0,49.02,0.712
signal_hhmm <= 940; day_change_pct >= 5; distance_from_60d_high_pct <= -10,10,8,0,2,80.0,49.02,0.873
entry_vs_opening_high_pct >= -0.8; volume_ratio >= 2.5; day_change_pct >= 5,10,8,1,1,80.0,49.02,0.712
entry_vs_opening_high_pct >= -0.5; volume_ratio >= 2.0; day_change_pct >= 5,10,8,1,1,80.0,49.02,0.712
signal_close_vs_vwap_pct >= 0.3; volume_ratio >= 3.0; day_change_pct >= 5,10,8,1,1,80.0,49.02,0.712
signal_close_vs_vwap_pct >= 0.8; volume_ratio >= 2.0; cum_value_bil <= 15,10,8,2,0,80.0,49.02,0.66
volume_ratio >= 2.0; volume_ratio >= 3.0; day_change_pct >= 5,10,8,1,1,80.0,49.02,0.712
volume_ratio >= 2.5; volume_ratio >= 3.0; day_change_pct >= 5,10,8,1,1,80.0,49.02,0.712
volume_ratio >= 2.5; cum_value_bil <= 8; day_change_pct >= 5,10,8,1,1,80.0,49.02,0.712
signal_close_vs_vwap_pct >= 0.5; day_change_pct >= 5; distance_from_60d_high_pct <= -8,14,11,2,1,78.57,52.41,0.736
signal_close_vs_vwap_pct >= 0.5; signal_score >= 70,9,7,2,0,77.78,45.26,0.6
signal_close_vs_vwap_pct >= 0.8; volume_ratio >= 2.5,9,7,2,0,77.78,45.26,0.6
volume_ratio >= 2.5; distance_from_60d_high_pct <= -10,9,7,1,1,77.78,45.26,0.657
signal_hhmm <= 935; volume_ratio >= 2.0; day_change_pct >= 5,9,7,2,0,77.78,45.26,0.6
signal_hhmm <= 940; signal_close_vs_vwap_pct >= 0.5; signal_score >= 70,9,7,2,0,77.78,45.26,0.6
signal_hhmm <= 940; volume_ratio >= 2.5; day_change_pct >= 5,9,7,1,1,77.78,45.26,0.657
signal_hhmm <= 940; volume_ratio >= 2.5; distance_from_60d_high_pct <= -10,9,7,1,1,77.78,45.26,0.657
opening_width_pct <= 3.0; volume_ratio >= 2.5; day_change_pct >= 5,9,7,1,1,77.78,45.26,0.657
entry_vs_opening_high_pct >= -0.8; signal_close_vs_vwap_pct >= 0.8; volume_ratio >= 2.5,9,7,2,0,77.78,45.26,0.6
entry_vs_opening_high_pct >= -0.8; signal_close_vs_vwap_pct >= 0.8; cum_value_bil <= 5,9,7,2,0,77.78,45.26,0.6
entry_vs_opening_high_pct >= -0.8; volume_ratio >= 2.5; distance_from_60d_high_pct <= -10,9,7,1,1,77.78,45.26,0.657
entry_vs_opening_high_pct >= -0.5; volume_ratio >= 2.5; distance_from_60d_high_pct <= -10,9,7,1,1,77.78,45.26,0.657
entry_vs_opening_high_pct >= -0.5; day_change_pct >= 5; distance_from_60d_high_pct <= -10,9,7,1,1,77.78,45.26,0.657
signal_close_vs_vwap_pct >= 0.3; signal_close_vs_vwap_pct >= 0.5; signal_score >= 70,9,7,2,0,77.78,45.26,0.6
signal_close_vs_vwap_pct >= 0.3; signal_close_vs_vwap_pct >= 0.8; volume_ratio >= 2.5,9,7,2,0,77.78,45.26,0.6
signal_close_vs_vwap_pct >= 0.3; volume_ratio >= 2.5; distance_from_60d_high_pct <= -10,9,7,1,1,77.78,45.26,0.657
signal_close_vs_vwap_pct >= 0.5; signal_close_vs_vwap_pct >= 0.8; volume_ratio >= 2.5,9,7,2,0,77.78,45.26,0.6
signal_close_vs_vwap_pct >= 0.5; volume_ratio >= 3.0; distance_from_60d_high_pct <= -8,9,7,2,0,77.78,45.26,0.6
signal_close_vs_vwap_pct >= 0.8; volume_ratio >= 2.0; volume_ratio >= 2.5,9,7,2,0,77.78,45.26,0.6
signal_close_vs_vwap_pct >= 0.8; volume_ratio >= 2.5; cum_value_bil <= 15,9,7,2,0,77.78,45.26,0.6
signal_close_vs_vwap_pct >= 0.8; cum_value_bil <= 5; day_change_pct >= 5,9,7,2,0,77.78,45.26,0.6
signal_close_vs_vwap_pct >= 0.8; cum_value_bil <= 8; day_change_pct >= 5,9,7,2,0,77.78,45.26,0.6
volume_ratio >= 2.0; volume_ratio >= 2.5; distance_from_60d_high_pct <= -10,9,7,1,1,77.78,45.26,0.657
volume_ratio >= 2.5; cum_value_bil <= 15; distance_from_60d_high_pct <= -10,9,7,1,1,77.78,45.26,0.657
volume_ratio >= 2.5; market_median_change_pct >= -0.5; day_change_pct >= 5,9,7,1,1,77.78,45.26,0.657
volume_ratio >= 2.5; entry_gap_pct >= -1.5; distance_from_60d_high_pct <= -10,9,7,1,1,77.78,45.26,0.657
volume_ratio >= 2.5; entry_gap_pct >= -1; distance_from_60d_high_pct <= -10,9,7,1,1,77.78,45.26,0.657
volume_ratio >= 2.5; distance_from_60d_high_pct <= -8; distance_from_60d_high_pct <= -10,9,7,1,1,77.78,45.26,0.657
volume_ratio >= 3.0; cum_value_bil <= 10; day_change_pct >= 5,9,7,1,1,77.78,45.26,0.657
volume_ratio >= 3.0; cum_value_bil <= 15; day_change_pct >= 5,9,7,1,1,77.78,45.26,0.657
volume_ratio >= 3.0; day_change_pct >= 5; entry_gap_pct >= -1.5,9,7,1,1,77.78,45.26,0.657
volume_ratio >= 3.0; day_change_pct >= 5; entry_gap_pct >= -1,9,7,1,1,77.78,45.26,0.657
volume_ratio >= 3.0; day_change_pct >= 5; distance_from_60d_high_pct <= -8,9,7,1,1,77.78,45.26,0.657
day_change_pct >= 5; entry_gap_pct >= -1; distance_from_60d_high_pct <= -10,9,7,0,2,77.78,45.26,0.836
signal_close_vs_vwap_pct >= 0.8; day_change_pct >= 5,13,10,3,0,76.92,49.74,0.577
entry_vs_opening_high_pct >= -0.5; signal_close_vs_vwap_pct >= 0.5; day_change_pct >= 5,13,10,3,0,76.92,49.74,0.577
signal_close_vs_vwap_pct >= 0.3; signal_close_vs_vwap_pct >= 0.8; day_change_pct >= 5,13,10,3,0,76.92,49.74,0.577
signal_close_vs_vwap_pct >= 0.5; signal_close_vs_vwap_pct >= 0.8; day_change_pct >= 5,13,10,3,0,76.92,49.74,0.577
signal_close_vs_vwap_pct >= 0.5; volume_ratio >= 2.0; day_change_pct >= 5,13,10,2,1,76.92,49.74,0.701
volume_ratio >= 2.0; cum_value_bil <= 10; day_change_pct >= 5,13,10,1,2,76.92,49.74,0.741
volume_ratio >= 2.0; cum_value_bil <= 15; day_change_pct >= 5,13,10,1,2,76.92,49.74,0.741
signal_hhmm <= 935; day_change_pct >= 5; distance_from_60d_high_pct <= -8,12,9,3,0,75.0,46.77,0.525
signal_hhmm <= 940; signal_close_vs_vwap_pct >= 0.8; day_change_pct >= 5,12,9,3,0,75.0,46.77,0.525
entry_vs_opening_high_pct >= -0.8; signal_close_vs_vwap_pct >= 0.8; day_change_pct >= 5,12,9,3,0,75.0,46.77,0.525
signal_close_vs_vwap_pct >= 0.5; volume_ratio >= 2.5; distance_from_60d_high_pct <= -8,12,9,3,0,75.0,46.77,0.525
volume_ratio >= 2.0; cum_value_bil <= 8; day_change_pct >= 5,12,9,1,2,75.0,46.77,0.702
volume_ratio >= 2.5; cum_value_bil <= 10; distance_from_60d_high_pct <= -8,12,9,2,1,75.0,46.77,0.568
opening_width_pct <= 3.0; signal_score >= 70,8,6,2,0,75.0,40.93,0.525
signal_score >= 70; distance_from_60d_high_pct <= -8,8,6,2,0,75.0,40.93,0.525
signal_hhmm <= 930; day_change_pct >= 5; distance_from_60d_high_pct <= -8,8,6,2,0,75.0,40.93,0.525
signal_hhmm <= 935; entry_vs_opening_high_pct >= -0.5; volume_ratio >= 2.5,8,6,1,1,75.0,40.93,0.631
signal_hhmm <= 940; opening_width_pct <= 3.0; signal_score >= 70,8,6,2,0,75.0,40.93,0.525
signal_hhmm <= 940; signal_close_vs_vwap_pct >= 0.8; volume_ratio >= 2.5,8,6,2,0,75.0,40.93,0.525
signal_hhmm <= 940; signal_score >= 70; distance_from_60d_high_pct <= -8,8,6,2,0,75.0,40.93,0.525
opening_width_pct <= 3.0; signal_close_vs_vwap_pct >= 0.3; signal_score >= 70,8,6,2,0,75.0,40.93,0.525
opening_width_pct <= 3.0; volume_ratio >= 3.0; day_change_pct >= 5,8,6,1,1,75.0,40.93,0.59
entry_vs_opening_high_pct >= -0.8; signal_close_vs_vwap_pct >= 0.5; signal_score >= 70,8,6,2,0,75.0,40.93,0.525
entry_vs_opening_high_pct >= -0.8; volume_ratio >= 3.0; day_change_pct >= 5,8,6,1,1,75.0,40.93,0.59
entry_vs_opening_high_pct >= -0.8; signal_score >= 70; distance_from_60d_high_pct <= -8,8,6,2,0,75.0,40.93,0.525
entry_vs_opening_high_pct >= -0.5; signal_close_vs_vwap_pct >= 0.8; volume_ratio >= 2.5,8,6,2,0,75.0,40.93,0.525
entry_vs_opening_high_pct >= -0.5; signal_close_vs_vwap_pct >= 0.8; cum_value_bil <= 5,8,6,2,0,75.0,40.93,0.525
entry_vs_opening_high_pct >= -0.5; volume_ratio >= 2.5; cum_value_bil <= 5,8,6,0,2,75.0,40.93,0.695
entry_vs_opening_high_pct >= -0.2; signal_close_vs_vwap_pct >= 0.5; day_change_pct >= 5,8,6,2,0,75.0,40.93,0.525
entry_vs_opening_high_pct >= -0.2; signal_close_vs_vwap_pct >= 0.8; day_change_pct >= 5,8,6,2,0,75.0,40.93,0.525
signal_close_vs_vwap_pct >= 0.3; signal_score >= 70; distance_from_60d_high_pct <= -8,8,6,2,0,75.0,40.93,0.525
signal_close_vs_vwap_pct >= 0.5; market_median_change_pct >= -0.5; signal_score >= 70,8,6,2,0,75.0,40.93,0.525
signal_close_vs_vwap_pct >= 0.5; market_median_change_pct >= 0; signal_score >= 70,8,6,2,0,75.0,40.93,0.525
signal_close_vs_vwap_pct >= 0.5; signal_score >= 70; entry_gap_pct >= -1.5,8,6,2,0,75.0,40.93,0.525
signal_close_vs_vwap_pct >= 0.5; signal_score >= 70; entry_gap_pct >= -1,8,6,2,0,75.0,40.93,0.525
signal_close_vs_vwap_pct >= 0.5; signal_score >= 70; distance_from_60d_high_pct <= -8,8,6,2,0,75.0,40.93,0.525
signal_close_vs_vwap_pct >= 0.8; volume_ratio >= 2.5; entry_gap_pct >= -1.5,8,6,2,0,75.0,40.93,0.525
signal_close_vs_vwap_pct >= 0.8; volume_ratio >= 2.5; entry_gap_pct >= -1,8,6,2,0,75.0,40.93,0.525
volume_ratio >= 2.0; day_change_pct >= 5; distance_from_60d_high_pct <= -10,8,6,0,2,75.0,40.93,0.791
volume_ratio >= 2.5; cum_value_bil <= 5; day_change_pct >= 5,8,6,1,1,75.0,40.93,0.59
volume_ratio >= 2.5; market_median_change_pct >= -0.5; distance_from_60d_high_pct <= -10,8,6,1,1,75.0,40.93,0.59
volume_ratio >= 2.5; market_median_change_pct >= 0; day_change_pct >= 5,8,6,1,1,75.0,40.93,0.59
volume_ratio >= 3.0; cum_value_bil <= 8; day_change_pct >= 5,8,6,1,1,75.0,40.93,0.59
signal_score >= 70; entry_gap_pct >= -1.5; distance_from_60d_high_pct <= -8,8,6,2,0,75.0,40.93,0.525
signal_score >= 70; entry_gap_pct >= -1; distance_from_60d_high_pct <= -8,8,6,2,0,75.0,40.93,0.525
volume_ratio >= 2.0; day_change_pct >= 5,15,11,2,2,73.33,48.05,0.622
signal_close_vs_vwap_pct >= 0.3; volume_ratio >= 2.0; day_change_pct >= 5,15,11,2,2,73.33,48.05,0.622
day_change_pct >= 5; distance_from_60d_high_pct <= -10,11,8,1,2,72.73,43.43,0.657
signal_hhmm <= 935; cum_value_bil <= 8; day_change_pct >= 5,11,8,3,0,72.73,43.43,0.464
signal_hhmm <= 935; cum_value_bil <= 10; day_change_pct >= 5,11,8,3,0,72.73,43.43,0.464
signal_hhmm <= 935; cum_value_bil <= 15; day_change_pct >= 5,11,8,3,0,72.73,43.43,0.464
opening_width_pct <= 3.0; signal_close_vs_vwap_pct >= 0.8; day_change_pct >= 5,11,8,3,0,72.73,43.43,0.464
entry_vs_opening_high_pct >= -0.8; signal_close_vs_vwap_pct >= 0.8; cum_value_bil <= 10,11,8,3,0,72.73,43.43,0.464
entry_vs_opening_high_pct >= -0.8; day_change_pct >= 5; distance_from_60d_high_pct <= -10,11,8,1,2,72.73,43.43,0.657
entry_vs_opening_high_pct >= -0.5; signal_close_vs_vwap_pct >= 0.8; day_change_pct >= 5,11,8,3,0,72.73,43.43,0.464
entry_vs_opening_high_pct >= -0.5; volume_ratio >= 2.5; cum_value_bil <= 10,11,8,1,2,72.73,43.43,0.587
entry_vs_opening_high_pct >= -0.5; volume_ratio >= 2.5; distance_from_60d_high_pct <= -8,11,8,1,2,72.73,43.43,0.534
signal_close_vs_vwap_pct >= 0.8; day_change_pct >= 5; entry_gap_pct >= -1.5,11,8,3,0,72.73,43.43,0.464
signal_close_vs_vwap_pct >= 0.8; day_change_pct >= 5; entry_gap_pct >= -1,11,8,3,0,72.73,43.43,0.464
volume_ratio >= 2.5; cum_value_bil <= 8; distance_from_60d_high_pct <= -8,11,8,2,1,72.73,43.43,0.511
day_change_pct >= 5; distance_from_60d_high_pct <= -8; distance_from_60d_high_pct <= -10,11,8,1,2,72.73,43.43,0.657
signal_close_vs_vwap_pct >= 0.5; day_change_pct >= 5,18,13,4,1,72.22,49.13,0.539
signal_close_vs_vwap_pct >= 0.3; signal_close_vs_vwap_pct >= 0.5; day_change_pct >= 5,18,13,4,1,72.22,49.13,0.539
signal_close_vs_vwap_pct >= 0.5; cum_value_bil <= 10; day_change_pct >= 5,14,10,3,1,71.43,45.35,0.544
signal_close_vs_vwap_pct >= 0.5; cum_value_bil <= 15; day_change_pct >= 5,14,10,3,1,71.43,45.35,0.544
volume_ratio >= 2.0; day_change_pct >= 5; entry_gap_pct >= -1.5,14,10,2,2,71.43,45.35,0.58
volume_ratio >= 2.0; day_change_pct >= 5; entry_gap_pct >= -1,14,10,2,2,71.43,45.35,0.58
signal_score >= 70,10,7,3,0,70.0,39.68,0.39
signal_hhmm <= 940; signal_score >= 70,10,7,3,0,70.0,39.68,0.39
signal_close_vs_vwap_pct >= 0.3; signal_score >= 70,10,7,3,0,70.0,39.68,0.39
signal_close_vs_vwap_pct >= 0.8; cum_value_bil <= 5,10,7,3,0,70.0,39.68,0.39
signal_hhmm <= 935; signal_close_vs_vwap_pct >= 0.8; day_change_pct >= 5,10,7,3,0,70.0,39.68,0.39
signal_hhmm <= 935; volume_ratio >= 2.5; cum_value_bil <= 8,10,7,2,1,70.0,39.68,0.475
signal_hhmm <= 935; volume_ratio >= 2.5; cum_value_bil <= 10,10,7,2,1,70.0,39.68,0.475
signal_hhmm <= 935; volume_ratio >= 2.5; distance_from_60d_high_pct <= -8,10,7,3,0,70.0,39.68,0.39
signal_hhmm <= 935; cum_value_bil <= 5; day_change_pct >= 5,10,7,3,0,70.0,39.68,0.39
signal_hhmm <= 935; cum_value_bil <= 8; distance_from_60d_high_pct <= -10,10,7,1,2,70.0,39.68,0.572
signal_hhmm <= 940; signal_close_vs_vwap_pct >= 0.3; signal_score >= 70,10,7,3,0,70.0,39.68,0.39
entry_vs_opening_high_pct >= -0.8; signal_close_vs_vwap_pct >= 0.8; cum_value_bil <= 8,10,7,3,0,70.0,39.68,0.39
entry_vs_opening_high_pct >= -0.5; signal_close_vs_vwap_pct >= 0.5; volume_ratio >= 2.5,10,7,2,1,70.0,39.68,0.475
entry_vs_opening_high_pct >= -0.5; signal_close_vs_vwap_pct >= 0.8; cum_value_bil <= 10,10,7,3,0,70.0,39.68,0.39
entry_vs_opening_high_pct >= -0.5; volume_ratio >= 2.5; cum_value_bil <= 8,10,7,1,2,70.0,39.68,0.526
signal_close_vs_vwap_pct >= 0.3; signal_close_vs_vwap_pct >= 0.8; cum_value_bil <= 5,10,7,3,0,70.0,39.68,0.39
signal_close_vs_vwap_pct >= 0.3; day_change_pct >= 5; distance_from_60d_high_pct <= -10,10,7,1,2,70.0,39.68,0.603
signal_close_vs_vwap_pct >= 0.5; signal_close_vs_vwap_pct >= 0.8; cum_value_bil <= 5,10,7,3,0,70.0,39.68,0.39
signal_close_vs_vwap_pct >= 0.8; cum_value_bil <= 5; cum_value_bil <= 8,10,7,3,0,70.0,39.68,0.39
signal_close_vs_vwap_pct >= 0.8; cum_value_bil <= 5; cum_value_bil <= 10,10,7,3,0,70.0,39.68,0.39
signal_close_vs_vwap_pct >= 0.8; cum_value_bil <= 5; cum_value_bil <= 15,10,7,3,0,70.0,39.68,0.39
signal_close_vs_vwap_pct >= 0.8; market_median_change_pct >= -0.5; day_change_pct >= 5,10,7,3,0,70.0,39.68,0.39
signal_close_vs_vwap_pct >= 0.8; market_median_change_pct >= 0; day_change_pct >= 5,10,7,3,0,70.0,39.68,0.39
volume_ratio >= 2.0; cum_value_bil <= 5; day_change_pct >= 5,10,7,1,2,70.0,39.68,0.603
volume_ratio >= 2.5; cum_value_bil <= 5; distance_from_60d_high_pct <= -8,10,7,2,1,70.0,39.68,0.442
cum_value_bil <= 10; day_change_pct >= 5; distance_from_60d_high_pct <= -10,10,7,1,2,70.0,39.68,0.603
cum_value_bil <= 15; day_change_pct >= 5; distance_from_60d_high_pct <= -10,10,7,1,2,70.0,39.68,0.603
market_median_change_pct >= -0.5; day_change_pct >= 5; distance_from_60d_high_pct <= -10,10,7,1,2,70.0,39.68,0.603
market_median_change_pct >= 0; day_change_pct >= 5; distance_from_60d_high_pct <= -10,10,7,1,2,70.0,39.68,0.603
day_change_pct >= 5; entry_gap_pct >= -1.5; distance_from_60d_high_pct <= -10,10,7,1,2,70.0,39.68,0.603
signal_close_vs_vwap_pct >= 0.8; cum_value_bil <= 10,13,9,4,0,69.23,42.37,0.369
signal_hhmm <= 935; signal_close_vs_vwap_pct >= 0.3; day_change_pct >= 5,13,9,4,0,69.23,42.37,0.369
signal_hhmm <= 935; signal_close_vs_vwap_pct >= 0.5; day_change_pct >= 5,13,9,4,0,69.23,42.37,0.369
entry_vs_opening_high_pct >= -0.8; volume_ratio >= 2.0; day_change_pct >= 5,13,9,2,2,69.23,42.37,0.533
entry_vs_opening_high_pct >= -0.5; day_change_pct >= 5; distance_from_60d_high_pct <= -8,13,9,3,1,69.23,42.37,0.409
signal_close_vs_vwap_pct >= 0.3; signal_close_vs_vwap_pct >= 0.8; cum_value_bil <= 10,13,9,4,0,69.23,42.37,0.369
signal_close_vs_vwap_pct >= 0.5; signal_close_vs_vwap_pct >= 0.8; cum_value_bil <= 10,13,9,4,0,69.23,42.37,0.369
signal_close_vs_vwap_pct >= 0.8; cum_value_bil <= 10; cum_value_bil <= 15,13,9,4,0,69.23,42.37,0.369
volume_ratio >= 2.0; day_change_pct >= 5; distance_from_60d_high_pct <= -8,13,9,2,2,69.23,42.37,0.533
volume_ratio >= 2.5; cum_value_bil <= 15; distance_from_60d_high_pct <= -8,13,9,3,1,69.23,42.37,0.409
cum_value_bil <= 10; day_change_pct >= 5; distance_from_60d_high_pct <= -8,13,9,2,2,69.23,42.37,0.533
cum_value_bil <= 15; day_change_pct >= 5; distance_from_60d_high_pct <= -8,13,9,2,2,69.23,42.37,0.533
signal_hhmm <= 940; signal_close_vs_vwap_pct >= 0.5; day_change_pct >= 5,16,11,4,1,68.75,44.4,0.457
opening_width_pct <= 3.0; signal_close_vs_vwap_pct >= 0.5; day_change_pct >= 5,16,11,4,1,68.75,44.4,0.457
entry_vs_opening_high_pct >= -0.8; signal_close_vs_vwap_pct >= 0.5; day_change_pct >= 5,16,11,4,1,68.75,44.4,0.457
signal_close_vs_vwap_pct >= 0.3; day_change_pct >= 5; distance_from_60d_high_pct <= -8,16,11,3,2,68.75,44.4,0.489
signal_close_vs_vwap_pct >= 0.5; day_change_pct >= 5; entry_gap_pct >= -1.5,16,11,4,1,68.75,44.4,0.457
signal_close_vs_vwap_pct >= 0.5; day_change_pct >= 5; entry_gap_pct >= -1,16,11,4,1,68.75,44.4,0.457
signal_close_vs_vwap_pct >= 0.3; day_change_pct >= 5,21,14,5,2,66.67,45.37,0.401
cum_value_bil <= 10; day_change_pct >= 5,18,12,4,2,66.67,43.75,0.418
cum_value_bil <= 15; day_change_pct >= 5,18,12,4,2,66.67,43.75,0.418
day_change_pct >= 5; distance_from_60d_high_pct <= -8,18,12,4,2,66.67,43.75,0.418
signal_close_vs_vwap_pct >= 0.3; day_change_pct >= 5; entry_gap_pct >= -1,18,12,4,2,66.67,43.75,0.418
cum_value_bil <= 10; cum_value_bil <= 15; day_change_pct >= 5,18,12,4,2,66.67,43.75,0.418
signal_hhmm <= 935; day_change_pct >= 5,15,10,5,0,66.67,41.71,0.3
volume_ratio >= 2.5; cum_value_bil <= 10,15,10,3,2,66.67,41.71,0.391
volume_ratio >= 2.5; distance_from_60d_high_pct <= -8,15,10,3,2,66.67,41.71,0.352
signal_hhmm <= 935; signal_hhmm <= 940; day_change_pct >= 5,15,10,5,0,66.67,41.71,0.3
signal_hhmm <= 935; entry_vs_opening_high_pct >= -0.8; day_change_pct >= 5,15,10,5,0,66.67,41.71,0.3
signal_hhmm <= 940; cum_value_bil <= 10; day_change_pct >= 5,15,10,3,2,66.67,41.71,0.442
signal_hhmm <= 940; cum_value_bil <= 15; day_change_pct >= 5,15,10,3,2,66.67,41.71,0.442
signal_hhmm <= 940; day_change_pct >= 5; distance_from_60d_high_pct <= -8,15,10,3,2,66.67,41.71,0.442
entry_vs_opening_high_pct >= -0.5; signal_close_vs_vwap_pct >= 0.3; day_change_pct >= 5,15,10,4,1,66.67,41.71,0.334
signal_close_vs_vwap_pct >= 0.3; volume_ratio >= 2.5; cum_value_bil <= 10,15,10,3,2,66.67,41.71,0.391
signal_close_vs_vwap_pct >= 0.3; volume_ratio >= 2.5; distance_from_60d_high_pct <= -8,15,10,3,2,66.67,41.71,0.352
signal_close_vs_vwap_pct >= 0.5; market_median_change_pct >= -0.5; day_change_pct >= 5,15,10,4,1,66.67,41.71,0.407
signal_close_vs_vwap_pct >= 0.5; market_median_change_pct >= 0; day_change_pct >= 5,15,10,4,1,66.67,41.71,0.407
volume_ratio >= 2.0; volume_ratio >= 2.5; cum_value_bil <= 10,15,10,3,2,66.67,41.71,0.391
volume_ratio >= 2.0; volume_ratio >= 2.5; distance_from_60d_high_pct <= -8,15,10,3,2,66.67,41.71,0.352
volume_ratio >= 2.5; cum_value_bil <= 10; cum_value_bil <= 15,15,10,3,2,66.67,41.71,0.391
day_change_pct >= 5; entry_gap_pct >= -1; distance_from_60d_high_pct <= -8,15,10,3,2,66.67,41.71,0.442
signal_hhmm <= 935; entry_vs_opening_high_pct >= -0.5; day_change_pct >= 5,12,8,4,0,66.67,39.06,0.3
signal_hhmm <= 935; volume_ratio >= 2.0; cum_value_bil <= 8,12,8,2,2,66.67,39.06,0.414
signal_hhmm <= 935; volume_ratio >= 2.0; cum_value_bil <= 10,12,8,2,2,66.67,39.06,0.414
signal_hhmm <= 940; signal_close_vs_vwap_pct >= 0.8; cum_value_bil <= 10,12,8,4,0,66.67,39.06,0.3
signal_hhmm <= 940; volume_ratio >= 2.0; day_change_pct >= 5,12,8,2,2,66.67,39.06,0.477
signal_hhmm <= 940; volume_ratio >= 2.5; distance_from_60d_high_pct <= -8,12,8,3,1,66.67,39.06,0.343
opening_width_pct <= 3.0; volume_ratio >= 2.0; day_change_pct >= 5,12,8,2,2,66.67,39.06,0.477
opening_width_pct <= 3.0; volume_ratio >= 2.5; distance_from_60d_high_pct <= -8,12,8,2,2,66.67,39.06,0.365
entry_vs_opening_high_pct >= -0.8; signal_close_vs_vwap_pct >= 0.8; cum_value_bil <= 15,12,8,4,0,66.67,39.06,0.3
entry_vs_opening_high_pct >= -0.5; volume_ratio >= 2.5; cum_value_bil <= 15,12,8,2,2,66.67,39.06,0.414
entry_vs_opening_high_pct >= -0.5; cum_value_bil <= 10; day_change_pct >= 5,12,8,3,1,66.67,39.06,0.343
entry_vs_opening_high_pct >= -0.5; cum_value_bil <= 15; day_change_pct >= 5,12,8,3,1,66.67,39.06,0.343
signal_close_vs_vwap_pct >= 0.5; volume_ratio >= 2.5; cum_value_bil <= 10,12,8,3,1,66.67,39.06,0.37
signal_close_vs_vwap_pct >= 0.5; cum_value_bil <= 8; day_change_pct >= 5,12,8,3,1,66.67,39.06,0.434
volume_ratio >= 2.0; market_median_change_pct >= -0.5; day_change_pct >= 5,12,8,2,2,66.67,39.06,0.477
cum_value_bil <= 8; day_change_pct >= 5; distance_from_60d_high_pct <= -8,12,8,2,2,66.67,39.06,0.477
signal_hhmm <= 930; day_change_pct >= 5,9,6,3,0,66.67,35.42,0.3
entry_vs_opening_high_pct >= -0.8; signal_score >= 70,9,6,3,0,66.67,35.42,0.3
signal_close_vs_vwap_pct >= 1.0; volume_ratio >= 2.0,9,6,3,0,66.67,35.42,0.3
market_median_change_pct >= -0.5; signal_score >= 70,9,6,3,0,66.67,35.42,0.3
market_median_change_pct >= 0; signal_score >= 70,9,6,3,0,66.67,35.42,0.3
signal_score >= 70; entry_gap_pct >= -1.5,9,6,3,0,66.67,35.42,0.3
signal_score >= 70; entry_gap_pct >= -1,9,6,3,0,66.67,35.42,0.3
signal_hhmm <= 930; signal_hhmm <= 935; day_change_pct >= 5,9,6,3,0,66.67,35.42,0.3
signal_hhmm <= 930; signal_hhmm <= 940; day_change_pct >= 5,9,6,3,0,66.67,35.42,0.3
signal_hhmm <= 930; opening_width_pct <= 3.0; day_change_pct >= 5,9,6,3,0,66.67,35.42,0.3
signal_hhmm <= 930; entry_vs_opening_high_pct >= -0.8; day_change_pct >= 5,9,6,3,0,66.67,35.42,0.3
signal_hhmm <= 935; opening_width_pct <= 3.0; volume_ratio >= 2.5,9,6,2,1,66.67,35.42,0.394
signal_hhmm <= 935; signal_close_vs_vwap_pct >= 0.8; cum_value_bil <= 5,9,6,3,0,66.67,35.42,0.3
signal_hhmm <= 935; signal_close_vs_vwap_pct >= 0.8; cum_value_bil <= 8,9,6,3,0,66.67,35.42,0.3
signal_hhmm <= 935; signal_close_vs_vwap_pct >= 0.8; cum_value_bil <= 10,9,6,3,0,66.67,35.42,0.3
signal_hhmm <= 935; volume_ratio >= 2.5; cum_value_bil <= 5,9,6,2,1,66.67,35.42,0.394
signal_hhmm <= 935; cum_value_bil <= 5; distance_from_60d_high_pct <= -10,9,6,1,2,66.67,35.42,0.502
signal_hhmm <= 940; entry_vs_opening_high_pct >= -0.8; signal_score >= 70,9,6,3,0,66.67,35.42,0.3
signal_hhmm <= 940; signal_close_vs_vwap_pct >= 0.8; cum_value_bil <= 5,9,6,3,0,66.67,35.42,0.3
signal_hhmm <= 940; market_median_change_pct >= -0.5; signal_score >= 70,9,6,3,0,66.67,35.42,0.3
signal_hhmm <= 940; market_median_change_pct >= 0; signal_score >= 70,9,6,3,0,66.67,35.42,0.3
signal_hhmm <= 940; signal_score >= 70; entry_gap_pct >= -1.5,9,6,3,0,66.67,35.42,0.3
signal_hhmm <= 940; signal_score >= 70; entry_gap_pct >= -1,9,6,3,0,66.67,35.42,0.3
opening_width_pct <= 3.0; signal_close_vs_vwap_pct >= 0.8; cum_value_bil <= 5,9,6,3,0,66.67,35.42,0.3
opening_width_pct <= 3.0; day_change_pct >= 5; distance_from_60d_high_pct <= -10,9,6,1,2,66.67,35.42,0.536
entry_vs_opening_high_pct >= -0.8; signal_close_vs_vwap_pct >= 0.3; signal_score >= 70,9,6,3,0,66.67,35.42,0.3
entry_vs_opening_high_pct >= -0.8; signal_close_vs_vwap_pct >= 1.0; volume_ratio >= 2.0,9,6,3,0,66.67,35.42,0.3
entry_vs_opening_high_pct >= -0.8; signal_score >= 70; entry_gap_pct >= -1.5,9,6,3,0,66.67,35.42,0.3
entry_vs_opening_high_pct >= -0.8; signal_score >= 70; entry_gap_pct >= -1,9,6,3,0,66.67,35.42,0.3
entry_vs_opening_high_pct >= -0.5; signal_close_vs_vwap_pct >= 0.8; cum_value_bil <= 8,9,6,3,0,66.67,35.42,0.3
signal_close_vs_vwap_pct >= 0.3; signal_close_vs_vwap_pct >= 1.0; volume_ratio >= 2.0,9,6,3,0,66.67,35.42,0.3
signal_close_vs_vwap_pct >= 0.3; market_median_change_pct >= -0.5; signal_score >= 70,9,6,3,0,66.67,35.42,0.3
signal_close_vs_vwap_pct >= 0.3; market_median_change_pct >= 0; signal_score >= 70,9,6,3,0,66.67,35.42,0.3
signal_close_vs_vwap_pct >= 0.3; signal_score >= 70; entry_gap_pct >= -1.5,9,6,3,0,66.67,35.42,0.3
signal_close_vs_vwap_pct >= 0.3; signal_score >= 70; entry_gap_pct >= -1,9,6,3,0,66.67,35.42,0.3
signal_close_vs_vwap_pct >= 0.5; signal_close_vs_vwap_pct >= 1.0; volume_ratio >= 2.0,9,6,3,0,66.67,35.42,0.3
signal_close_vs_vwap_pct >= 0.5; volume_ratio >= 2.5; cum_value_bil <= 5,9,6,2,1,66.67,35.42,0.394
signal_close_vs_vwap_pct >= 0.5; cum_value_bil <= 10; distance_from_60d_high_pct <= -10,9,6,2,1,66.67,35.42,0.479
signal_close_vs_vwap_pct >= 0.8; signal_close_vs_vwap_pct >= 1.0; volume_ratio >= 2.0,9,6,3,0,66.67,35.42,0.3
signal_close_vs_vwap_pct >= 0.8; cum_value_bil <= 5; entry_gap_pct >= -1.5,9,6,3,0,66.67,35.42,0.3
signal_close_vs_vwap_pct >= 0.8; cum_value_bil <= 5; entry_gap_pct >= -1,9,6,3,0,66.67,35.42,0.3
signal_close_vs_vwap_pct >= 1.0; volume_ratio >= 2.0; distance_from_60d_high_pct <= -8,9,6,3,0,66.67,35.42,0.3
volume_ratio >= 2.5; cum_value_bil <= 10; entry_gap_pct >= -0.5,9,6,2,1,66.67,35.42,0.357
volume_ratio >= 3.0; cum_value_bil <= 10; distance_from_60d_high_pct <= -8,9,6,2,1,66.67,35.42,0.357
volume_ratio >= 3.0; cum_value_bil <= 15; distance_from_60d_high_pct <= -8,9,6,2,1,66.67,35.42,0.357
cum_value_bil <= 8; day_change_pct >= 5; distance_from_60d_high_pct <= -10,9,6,1,2,66.67,35.42,0.536
market_median_change_pct >= -0.5; market_median_change_pct >= 0; signal_score >= 70,9,6,3,0,66.67,35.42,0.3
signal_score >= 70; entry_gap_pct >= -1.5; entry_gap_pct >= -1,9,6,3,0,66.67,35.42,0.3
day_change_pct >= 5,23,15,6,2,65.22,44.89,0.353
signal_hhmm <= 940; signal_close_vs_vwap_pct >= 0.3; day_change_pct >= 5,17,11,4,2,64.71,41.3,0.372
entry_vs_opening_high_pct >= -0.8; day_change_pct >= 5; distance_from_60d_high_pct <= -8,17,11,4,2,64.71,41.3,0.372
signal_close_vs_vwap_pct >= 0.3; volume_ratio >= 2.0; cum_value_bil <= 10,17,11,3,3,64.71,41.3,0.422
signal_close_vs_vwap_pct >= 0.3; cum_value_bil <= 10; day_change_pct >= 5,17,11,4,2,64.71,41.3,0.372
signal_close_vs_vwap_pct >= 0.3; cum_value_bil <= 15; day_change_pct >= 5,17,11,4,2,64.71,41.3,0.372
signal_close_vs_vwap_pct >= 0.5; volume_ratio >= 2.5,14,9,4,1,64.29,38.76,0.296
signal_close_vs_vwap_pct >= 0.8; cum_value_bil <= 15,14,9,5,0,64.29,38.76,0.236
volume_ratio >= 2.5; cum_value_bil <= 8,14,9,3,2,64.29,38.76,0.333
signal_hhmm <= 935; opening_width_pct <= 3.0; day_change_pct >= 5,14,9,5,0,64.29,38.76,0.236
signal_hhmm <= 935; day_change_pct >= 5; entry_gap_pct >= -1.5,14,9,5,0,64.29,38.76,0.236
signal_hhmm <= 935; day_change_pct >= 5; entry_gap_pct >= -1,14,9,5,0,64.29,38.76,0.236
signal_hhmm <= 940; entry_vs_opening_high_pct >= -0.5; day_change_pct >= 5,14,9,4,1,64.29,38.76,0.273
entry_vs_opening_high_pct >= -0.8; volume_ratio >= 2.5; cum_value_bil <= 10,14,9,3,2,64.29,38.76,0.333
entry_vs_opening_high_pct >= -0.8; volume_ratio >= 2.5; distance_from_60d_high_pct <= -8,14,9,3,2,64.29,38.76,0.291
entry_vs_opening_high_pct >= -0.5; volume_ratio >= 2.0; cum_value_bil <= 10,14,9,1,4,64.29,38.76,0.453
entry_vs_opening_high_pct >= -0.5; day_change_pct >= 5; entry_gap_pct >= -1,14,9,4,1,64.29,38.76,0.273
signal_close_vs_vwap_pct >= 0.3; signal_close_vs_vwap_pct >= 0.5; volume_ratio >= 2.5,14,9,4,1,64.29,38.76,0.296
signal_close_vs_vwap_pct >= 0.3; signal_close_vs_vwap_pct >= 0.8; cum_value_bil <= 15,14,9,5,0,64.29,38.76,0.236
signal_close_vs_vwap_pct >= 0.3; volume_ratio >= 2.5; cum_value_bil <= 8,14,9,3,2,64.29,38.76,0.333
signal_close_vs_vwap_pct >= 0.5; signal_close_vs_vwap_pct >= 0.8; cum_value_bil <= 15,14,9,5,0,64.29,38.76,0.236
signal_close_vs_vwap_pct >= 0.5; volume_ratio >= 2.0; volume_ratio >= 2.5,14,9,4,1,64.29,38.76,0.296
signal_close_vs_vwap_pct >= 0.5; volume_ratio >= 2.0; cum_value_bil <= 10,14,9,3,2,64.29,38.76,0.411
volume_ratio >= 2.0; volume_ratio >= 2.5; cum_value_bil <= 8,14,9,3,2,64.29,38.76,0.333
volume_ratio >= 2.5; cum_value_bil <= 8; cum_value_bil <= 10,14,9,3,2,64.29,38.76,0.333
volume_ratio >= 2.5; cum_value_bil <= 8; cum_value_bil <= 15,14,9,3,2,64.29,38.76,0.333
volume_ratio >= 2.5; cum_value_bil <= 10; entry_gap_pct >= -1.5,14,9,3,2,64.29,38.76,0.333
volume_ratio >= 2.5; cum_value_bil <= 10; entry_gap_pct >= -1,14,9,3,2,64.29,38.76,0.333
volume_ratio >= 2.5; entry_gap_pct >= -1.5; distance_from_60d_high_pct <= -8,14,9,3,2,64.29,38.76,0.291
volume_ratio >= 2.5; entry_gap_pct >= -1; distance_from_60d_high_pct <= -8,14,9,3,2,64.29,38.76,0.291
cum_value_bil <= 10; day_change_pct >= 5; entry_gap_pct >= -1,14,9,3,2,64.29,38.76,0.388
cum_value_bil <= 15; day_change_pct >= 5; entry_gap_pct >= -1,14,9,3,2,64.29,38.76,0.388
signal_hhmm <= 935; volume_ratio >= 2.5,11,7,3,1,63.64,35.38,0.295
signal_close_vs_vwap_pct >= 0.5; volume_ratio >= 3.0,11,7,3,1,63.64,35.38,0.295
signal_close_vs_vwap_pct >= 0.8; cum_value_bil <= 8,11,7,4,0,63.64,35.38,0.218
volume_ratio >= 2.5; cum_value_bil <= 5,11,7,2,2,63.64,35.38,0.342
volume_ratio >= 3.0; distance_from_60d_high_pct <= -8,11,7,2,2,63.64,35.38,0.289
signal_hhmm <= 935; signal_hhmm <= 940; volume_ratio >= 2.5,11,7,3,1,63.64,35.38,0.295
signal_hhmm <= 935; entry_vs_opening_high_pct >= -0.8; volume_ratio >= 2.5,11,7,3,1,63.64,35.38,0.295
signal_hhmm <= 935; signal_close_vs_vwap_pct >= 0.3; volume_ratio >= 2.5,11,7,3,1,63.64,35.38,0.295
signal_hhmm <= 935; volume_ratio >= 2.0; volume_ratio >= 2.5,11,7,3,1,63.64,35.38,0.295
signal_hhmm <= 935; volume_ratio >= 2.0; cum_value_bil <= 5,11,7,2,2,63.64,35.38,0.343
signal_hhmm <= 935; volume_ratio >= 2.5; cum_value_bil <= 15,11,7,3,1,63.64,35.38,0.295
signal_hhmm <= 935; volume_ratio >= 2.5; entry_gap_pct >= -1.5,11,7,3,1,63.64,35.38,0.295
signal_hhmm <= 935; volume_ratio >= 2.5; entry_gap_pct >= -1,11,7,3,1,63.64,35.38,0.295
signal_hhmm <= 935; cum_value_bil <= 10; distance_from_60d_high_pct <= -10,11,7,2,2,63.64,35.38,0.383
signal_hhmm <= 940; entry_vs_opening_high_pct >= -0.5; volume_ratio >= 2.5,11,7,2,2,63.64,35.38,0.342
opening_width_pct <= 3.0; signal_close_vs_vwap_pct >= 0.5; volume_ratio >= 2.5,11,7,3,1,63.64,35.38,0.295
opening_width_pct <= 3.0; signal_close_vs_vwap_pct >= 0.8; cum_value_bil <= 10,11,7,4,0,63.64,35.38,0.218
opening_width_pct <= 3.0; signal_close_vs_vwap_pct >= 0.8; cum_value_bil <= 15,11,7,4,0,63.64,35.38,0.218
entry_vs_opening_high_pct >= -0.8; volume_ratio >= 2.5; cum_value_bil <= 5,11,7,2,2,63.64,35.38,0.342
entry_vs_opening_high_pct >= -0.5; signal_close_vs_vwap_pct >= 0.8; cum_value_bil <= 15,11,7,4,0,63.64,35.38,0.218
entry_vs_opening_high_pct >= -0.5; volume_ratio >= 2.0; cum_value_bil <= 5,11,7,0,4,63.64,35.38,0.495
entry_vs_opening_high_pct >= -0.5; cum_value_bil <= 8; day_change_pct >= 5,11,7,3,1,63.64,35.38,0.265
signal_close_vs_vwap_pct >= 0.3; signal_close_vs_vwap_pct >= 0.5; volume_ratio >= 3.0,11,7,3,1,63.64,35.38,0.295
signal_close_vs_vwap_pct >= 0.3; signal_close_vs_vwap_pct >= 0.8; cum_value_bil <= 8,11,7,4,0,63.64,35.38,0.218
signal_close_vs_vwap_pct >= 0.3; volume_ratio >= 2.5; cum_value_bil <= 5,11,7,2,2,63.64,35.38,0.342
signal_close_vs_vwap_pct >= 0.3; volume_ratio >= 3.0; distance_from_60d_high_pct <= -8,11,7,2,2,63.64,35.38,0.289
signal_close_vs_vwap_pct >= 0.5; signal_close_vs_vwap_pct >= 0.8; cum_value_bil <= 8,11,7,4,0,63.64,35.38,0.218
signal_close_vs_vwap_pct >= 0.5; volume_ratio >= 2.0; volume_ratio >= 3.0,11,7,3,1,63.64,35.38,0.295
signal_close_vs_vwap_pct >= 0.5; volume_ratio >= 2.0; cum_value_bil <= 5,11,7,2,2,63.64,35.38,0.441
signal_close_vs_vwap_pct >= 0.5; volume_ratio >= 2.5; volume_ratio >= 3.0,11,7,3,1,63.64,35.38,0.295
signal_close_vs_vwap_pct >= 0.5; volume_ratio >= 2.5; cum_value_bil <= 8,11,7,3,1,63.64,35.38,0.295
signal_close_vs_vwap_pct >= 0.5; cum_value_bil <= 5; day_change_pct >= 5,11,7,3,1,63.64,35.38,0.365
signal_close_vs_vwap_pct >= 0.8; volume_ratio >= 2.0; distance_from_60d_high_pct <= -8,11,7,4,0,63.64,35.38,0.218
signal_close_vs_vwap_pct >= 0.8; cum_value_bil <= 8; cum_value_bil <= 10,11,7,4,0,63.64,35.38,0.218
signal_close_vs_vwap_pct >= 0.8; cum_value_bil <= 8; cum_value_bil <= 15,11,7,4,0,63.64,35.38,0.218
signal_close_vs_vwap_pct >= 0.8; cum_value_bil <= 10; entry_gap_pct >= -1.5,11,7,4,0,63.64,35.38,0.218
signal_close_vs_vwap_pct >= 0.8; cum_value_bil <= 10; entry_gap_pct >= -1,11,7,4,0,63.64,35.38,0.218
volume_ratio >= 2.0; volume_ratio >= 2.5; cum_value_bil <= 5,11,7,2,2,63.64,35.38,0.342
volume_ratio >= 2.0; volume_ratio >= 3.0; distance_from_60d_high_pct <= -8,11,7,2,2,63.64,35.38,0.289
volume_ratio >= 2.0; cum_value_bil <= 10; distance_from_60d_high_pct <= -10,11,7,0,4,63.64,35.38,0.564
volume_ratio >= 2.0; market_median_change_pct >= 0; day_change_pct >= 5,11,7,2,2,63.64,35.38,0.412
volume_ratio >= 2.5; volume_ratio >= 3.0; distance_from_60d_high_pct <= -8,11,7,2,2,63.64,35.38,0.289
volume_ratio >= 2.5; cum_value_bil <= 5; cum_value_bil <= 8,11,7,2,2,63.64,35.38,0.342
volume_ratio >= 2.5; cum_value_bil <= 5; cum_value_bil <= 10,11,7,2,2,63.64,35.38,0.342
volume_ratio >= 2.5; cum_value_bil <= 5; cum_value_bil <= 15,11,7,2,2,63.64,35.38,0.342
volume_ratio >= 2.5; cum_value_bil <= 10; market_median_change_pct >= -0.5,11,7,2,2,63.64,35.38,0.342
volume_ratio >= 2.5; market_median_change_pct >= -0.5; distance_from_60d_high_pct <= -8,11,7,2,2,63.64,35.38,0.289
cum_value_bil <= 5; day_change_pct >= 5; distance_from_60d_high_pct <= -8,11,7,2,2,63.64,35.38,0.412
signal_hhmm <= 940; day_change_pct >= 5,19,12,5,2,63.16,41.04,0.317
day_change_pct >= 5; entry_gap_pct >= -1,19,12,5,2,63.16,41.04,0.317
signal_close_vs_vwap_pct >= 0.3; day_change_pct >= 5; entry_gap_pct >= -1.5,19,12,5,2,63.16,41.04,0.317
day_change_pct >= 5; entry_gap_pct >= -1.5; entry_gap_pct >= -1,19,12,5,2,63.16,41.04,0.317
entry_vs_opening_high_pct >= -0.5; day_change_pct >= 5,16,10,5,1,62.5,38.64,0.22
volume_ratio >= 2.5; cum_value_bil <= 15,16,10,4,2,62.5,38.64,0.273
cum_value_bil <= 8; day_change_pct >= 5,16,10,4,2,62.5,38.64,0.32
opening_width_pct <= 3.0; day_change_pct >= 5; distance_from_60d_high_pct <= -8,16,10,4,2,62.5,38.64,0.32
entry_vs_opening_high_pct >= -0.8; entry_vs_opening_high_pct >= -0.5; day_change_pct >= 5,16,10,5,1,62.5,38.64,0.22
entry_vs_opening_high_pct >= -0.8; cum_value_bil <= 10; day_change_pct >= 5,16,10,4,2,62.5,38.64,0.32
entry_vs_opening_high_pct >= -0.8; cum_value_bil <= 15; day_change_pct >= 5,16,10,4,2,62.5,38.64,0.32
signal_close_vs_vwap_pct >= 0.3; volume_ratio >= 2.0; cum_value_bil <= 8,16,10,3,3,62.5,38.64,0.373
signal_close_vs_vwap_pct >= 0.3; volume_ratio >= 2.5; cum_value_bil <= 15,16,10,4,2,62.5,38.64,0.273
volume_ratio >= 2.0; volume_ratio >= 2.5; cum_value_bil <= 15,16,10,4,2,62.5,38.64,0.273
cum_value_bil <= 8; cum_value_bil <= 10; day_change_pct >= 5,16,10,4,2,62.5,38.64,0.32
cum_value_bil <= 8; cum_value_bil <= 15; day_change_pct >= 5,16,10,4,2,62.5,38.64,0.32
day_change_pct >= 5; entry_gap_pct >= -1.5; distance_from_60d_high_pct <= -8,16,10,4,2,62.5,38.64,0.32
signal_hhmm <= 935; signal_score >= 70,8,5,3,0,62.5,30.57,0.187
entry_vs_opening_high_pct >= -0.5; signal_score >= 70,8,5,3,0,62.5,30.57,0.187
cum_value_bil <= 3; day_change_pct >= 5,8,5,2,1,62.5,30.57,0.252
signal_hhmm <= 930; opening_width_pct <= 3.0; volume_ratio >= 2.5,8,5,2,1,62.5,30.57,0.293
signal_hhmm <= 930; signal_close_vs_vwap_pct >= 0.3; day_change_pct >= 5,8,5,3,0,62.5,30.57,0.187
signal_hhmm <= 930; signal_close_vs_vwap_pct >= 0.5; day_change_pct >= 5,8,5,3,0,62.5,30.57,0.187
signal_hhmm <= 930; volume_ratio >= 2.5; cum_value_bil <= 8,8,5,2,1,62.5,30.57,0.293
signal_hhmm <= 930; volume_ratio >= 2.5; cum_value_bil <= 10,8,5,2,1,62.5,30.57,0.293
signal_hhmm <= 930; volume_ratio >= 2.5; distance_from_60d_high_pct <= -8,8,5,3,0,62.5,30.57,0.187
signal_hhmm <= 930; cum_value_bil <= 8; distance_from_60d_high_pct <= -10,8,5,1,2,62.5,30.57,0.415
signal_hhmm <= 930; market_median_change_pct >= -0.5; day_change_pct >= 5,8,5,3,0,62.5,30.57,0.187
signal_hhmm <= 930; market_median_change_pct >= 0; day_change_pct >= 5,8,5,3,0,62.5,30.57,0.187
signal_hhmm <= 930; day_change_pct >= 5; entry_gap_pct >= -1.5,8,5,3,0,62.5,30.57,0.187
signal_hhmm <= 930; day_change_pct >= 5; entry_gap_pct >= -1,8,5,3,0,62.5,30.57,0.187
signal_hhmm <= 935; signal_hhmm <= 940; signal_score >= 70,8,5,3,0,62.5,30.57,0.187
signal_hhmm <= 935; entry_vs_opening_high_pct >= -0.8; signal_score >= 70,8,5,3,0,62.5,30.57,0.187
signal_hhmm <= 935; signal_close_vs_vwap_pct >= 0.3; signal_score >= 70,8,5,3,0,62.5,30.57,0.187
signal_hhmm <= 935; volume_ratio >= 2.5; market_median_change_pct >= -0.5,8,5,2,1,62.5,30.57,0.293
signal_hhmm <= 935; signal_score >= 70; entry_gap_pct >= -1.5,8,5,3,0,62.5,30.57,0.187
signal_hhmm <= 935; signal_score >= 70; entry_gap_pct >= -1,8,5,3,0,62.5,30.57,0.187
signal_hhmm <= 940; entry_vs_opening_high_pct >= -0.5; signal_score >= 70,8,5,3,0,62.5,30.57,0.187
signal_hhmm <= 940; entry_vs_opening_high_pct >= -0.2; day_change_pct >= 5,8,5,2,1,62.5,30.57,0.252
signal_hhmm <= 940; signal_close_vs_vwap_pct >= 1.0; volume_ratio >= 2.0,8,5,3,0,62.5,30.57,0.187
signal_hhmm <= 940; volume_ratio >= 3.0; distance_from_60d_high_pct <= -8,8,5,2,1,62.5,30.57,0.252
opening_width_pct <= 2.5; signal_close_vs_vwap_pct >= 0.8; day_change_pct >= 5,8,5,3,0,62.5,30.57,0.187
opening_width_pct <= 2.5; day_change_pct >= 5; distance_from_60d_high_pct <= -10,8,5,1,2,62.5,30.57,0.453
opening_width_pct <= 3.0; cum_value_bil <= 3; day_change_pct >= 5,8,5,2,1,62.5,30.57,0.252
entry_vs_opening_high_pct >= -0.8; entry_vs_opening_high_pct >= -0.5; signal_score >= 70,8,5,3,0,62.5,30.57,0.187
entry_vs_opening_high_pct >= -0.8; cum_value_bil <= 3; day_change_pct >= 5,8,5,2,1,62.5,30.57,0.252
entry_vs_opening_high_pct >= -0.8; market_median_change_pct >= -0.5; signal_score >= 70,8,5,3,0,62.5,30.57,0.187
entry_vs_opening_high_pct >= -0.8; market_median_change_pct >= 0; signal_score >= 70,8,5,3,0,62.5,30.57,0.187
entry_vs_opening_high_pct >= -0.5; signal_close_vs_vwap_pct >= 0.3; signal_score >= 70,8,5,3,0,62.5,30.57,0.187
entry_vs_opening_high_pct >= -0.5; signal_close_vs_vwap_pct >= 1.0; volume_ratio >= 2.0,8,5,3,0,62.5,30.57,0.187
entry_vs_opening_high_pct >= -0.5; volume_ratio >= 3.0; cum_value_bil <= 10,8,5,1,2,62.5,30.57,0.358
entry_vs_opening_high_pct >= -0.5; volume_ratio >= 3.0; cum_value_bil <= 15,8,5,1,2,62.5,30.57,0.358
entry_vs_opening_high_pct >= -0.5; market_median_change_pct >= -0.5; signal_score >= 70,8,5,3,0,62.5,30.57,0.187
entry_vs_opening_high_pct >= -0.5; market_median_change_pct >= 0; signal_score >= 70,8,5,3,0,62.5,30.57,0.187
entry_vs_opening_high_pct >= -0.5; signal_score >= 70; entry_gap_pct >= -1.5,8,5,3,0,62.5,30.57,0.187
entry_vs_opening_high_pct >= -0.5; signal_score >= 70; entry_gap_pct >= -1,8,5,3,0,62.5,30.57,0.187
entry_vs_opening_high_pct >= -0.2; volume_ratio >= 2.0; cum_value_bil <= 15,8,5,1,2,62.5,30.57,0.397
entry_vs_opening_high_pct >= -0.2; cum_value_bil <= 10; day_change_pct >= 5,8,5,2,1,62.5,30.57,0.252
entry_vs_opening_high_pct >= -0.2; cum_value_bil <= 15; day_change_pct >= 5,8,5,2,1,62.5,30.57,0.252
entry_vs_opening_high_pct >= -0.2; day_change_pct >= 5; entry_gap_pct >= -1,8,5,2,1,62.5,30.57,0.252
entry_vs_opening_high_pct >= -0.2; day_change_pct >= 5; distance_from_60d_high_pct <= -8,8,5,2,1,62.5,30.57,0.252
signal_close_vs_vwap_pct >= 0.5; volume_ratio >= 3.0; cum_value_bil <= 5,8,5,2,1,62.5,30.57,0.293
signal_close_vs_vwap_pct >= 0.5; cum_value_bil <= 10; market_median_change_pct >= 0.3,8,5,2,1,62.5,30.57,0.293
signal_close_vs_vwap_pct >= 0.5; day_change_pct >= 5; entry_gap_pct >= -0.5,8,5,3,0,62.5,30.57,0.188
signal_close_vs_vwap_pct >= 0.8; volume_ratio >= 2.0; distance_from_60d_high_pct <= -10,8,5,3,0,62.5,30.57,0.187
signal_close_vs_vwap_pct >= 0.8; market_median_change_pct >= -0.5; distance_from_60d_high_pct <= -10,8,5,3,0,62.5,30.57,0.187
signal_close_vs_vwap_pct >= 0.8; market_median_change_pct >= 0; distance_from_60d_high_pct <= -10,8,5,3,0,62.5,30.57,0.187
signal_close_vs_vwap_pct >= 1.0; volume_ratio >= 2.0; entry_gap_pct >= -1.5,8,5,3,0,62.5,30.57,0.187
signal_close_vs_vwap_pct >= 1.0; volume_ratio >= 2.0; entry_gap_pct >= -1,8,5,3,0,62.5,30.57,0.187
volume_ratio >= 2.5; cum_value_bil <= 8; entry_gap_pct >= -0.5,8,5,2,1,62.5,30.57,0.252
volume_ratio >= 3.0; cum_value_bil <= 5; distance_from_60d_high_pct <= -8,8,5,2,1,62.5,30.57,0.252
volume_ratio >= 3.0; cum_value_bil <= 8; distance_from_60d_high_pct <= -8,8,5,2,1,62.5,30.57,0.252
cum_value_bil <= 3; cum_value_bil <= 5; day_change_pct >= 5,8,5,2,1,62.5,30.57,0.252
cum_value_bil <= 3; cum_value_bil <= 8; day_change_pct >= 5,8,5,2,1,62.5,30.57,0.252
cum_value_bil <= 3; cum_value_bil <= 10; day_change_pct >= 5,8,5,2,1,62.5,30.57,0.252
cum_value_bil <= 3; cum_value_bil <= 15; day_change_pct >= 5,8,5,2,1,62.5,30.57,0.252
cum_value_bil <= 5; day_change_pct >= 5; distance_from_60d_high_pct <= -10,8,5,1,2,62.5,30.57,0.453
cum_value_bil <= 10; day_change_pct >= 5; entry_gap_pct >= -0.5,8,5,2,1,62.5,30.57,0.252
cum_value_bil <= 15; day_change_pct >= 5; entry_gap_pct >= -0.5,8,5,2,1,62.5,30.57,0.252
market_median_change_pct >= -0.5; signal_score >= 70; entry_gap_pct >= -1.5,8,5,3,0,62.5,30.57,0.187
market_median_change_pct >= -0.5; signal_score >= 70; entry_gap_pct >= -1,8,5,3,0,62.5,30.57,0.187
market_median_change_pct >= 0; signal_score >= 70; entry_gap_pct >= -1.5,8,5,3,0,62.5,30.57,0.187
market_median_change_pct >= 0; signal_score >= 70; entry_gap_pct >= -1,8,5,3,0,62.5,30.57,0.187
day_change_pct >= 5; entry_gap_pct >= -0.5; distance_from_60d_high_pct <= -8,8,5,2,1,62.5,30.57,0.252
entry_vs_opening_high_pct >= -0.5; volume_ratio >= 2.5,13,8,2,3,61.54,35.52,0.286
signal_close_vs_vwap_pct >= 0.8; volume_ratio >= 2.0,13,8,5,0,61.54,35.52,0.162
signal_close_vs_vwap_pct >= 0.8; distance_from_60d_high_pct <= -8,13,8,5,0,61.54,35.52,0.162
signal_hhmm <= 935; volume_ratio >= 2.0; cum_value_bil <= 15,13,8,3,2,61.54,35.52,0.267
signal_hhmm <= 935; market_median_change_pct >= -0.5; day_change_pct >= 5,13,8,5,0,61.54,35.52,0.162
signal_hhmm <= 935; market_median_change_pct >= 0; day_change_pct >= 5,13,8,5,0,61.54,35.52,0.162
signal_hhmm <= 940; signal_close_vs_vwap_pct >= 0.8; cum_value_bil <= 15,13,8,5,0,61.54,35.52,0.162
signal_hhmm <= 940; volume_ratio >= 2.5; cum_value_bil <= 10,13,8,3,2,61.54,35.52,0.266
signal_hhmm <= 940; cum_value_bil <= 8; day_change_pct >= 5,13,8,3,2,61.54,35.52,0.325
entry_vs_opening_high_pct >= -0.8; entry_vs_opening_high_pct >= -0.5; volume_ratio >= 2.5,13,8,2,3,61.54,35.52,0.286
entry_vs_opening_high_pct >= -0.8; signal_close_vs_vwap_pct >= 0.5; volume_ratio >= 2.5,13,8,4,1,61.54,35.52,0.227
entry_vs_opening_high_pct >= -0.8; signal_close_vs_vwap_pct >= 0.8; volume_ratio >= 2.0,13,8,5,0,61.54,35.52,0.162
entry_vs_opening_high_pct >= -0.8; signal_close_vs_vwap_pct >= 0.8; distance_from_60d_high_pct <= -8,13,8,5,0,61.54,35.52,0.162
entry_vs_opening_high_pct >= -0.8; volume_ratio >= 2.5; cum_value_bil <= 8,13,8,3,2,61.54,35.52,0.266
entry_vs_opening_high_pct >= -0.5; signal_close_vs_vwap_pct >= 0.3; volume_ratio >= 2.5,13,8,2,3,61.54,35.52,0.286
entry_vs_opening_high_pct >= -0.5; signal_close_vs_vwap_pct >= 0.5; cum_value_bil <= 10,13,8,4,1,61.54,35.52,0.227
entry_vs_opening_high_pct >= -0.5; volume_ratio >= 2.0; volume_ratio >= 2.5,13,8,2,3,61.54,35.52,0.286
entry_vs_opening_high_pct >= -0.5; volume_ratio >= 2.0; cum_value_bil <= 8,13,8,1,4,61.54,35.52,0.396
signal_close_vs_vwap_pct >= 0.3; signal_close_vs_vwap_pct >= 0.8; volume_ratio >= 2.0,13,8,5,0,61.54,35.52,0.162
signal_close_vs_vwap_pct >= 0.3; signal_close_vs_vwap_pct >= 0.8; distance_from_60d_high_pct <= -8,13,8,5,0,61.54,35.52,0.162
signal_close_vs_vwap_pct >= 0.3; volume_ratio >= 2.0; cum_value_bil <= 5,13,8,2,3,61.54,35.52,0.39
signal_close_vs_vwap_pct >= 0.5; signal_close_vs_vwap_pct >= 0.8; volume_ratio >= 2.0,13,8,5,0,61.54,35.52,0.162
signal_close_vs_vwap_pct >= 0.5; signal_close_vs_vwap_pct >= 0.8; distance_from_60d_high_pct <= -8,13,8,5,0,61.54,35.52,0.162
signal_close_vs_vwap_pct >= 0.5; volume_ratio >= 2.0; cum_value_bil <= 8,13,8,3,2,61.54,35.52,0.35
signal_close_vs_vwap_pct >= 0.5; volume_ratio >= 2.5; cum_value_bil <= 15,13,8,4,1,61.54,35.52,0.227
signal_close_vs_vwap_pct >= 0.5; volume_ratio >= 2.5; entry_gap_pct >= -1.5,13,8,4,1,61.54,35.52,0.227
signal_close_vs_vwap_pct >= 0.5; volume_ratio >= 2.5; entry_gap_pct >= -1,13,8,4,1,61.54,35.52,0.227
volume_ratio >= 2.5; cum_value_bil <= 8; entry_gap_pct >= -1.5,13,8,3,2,61.54,35.52,0.266
volume_ratio >= 2.5; cum_value_bil <= 8; entry_gap_pct >= -1,13,8,3,2,61.54,35.52,0.266
cum_value_bil <= 8; day_change_pct >= 5; entry_gap_pct >= -1,13,8,3,2,61.54,35.52,0.325
volume_ratio >= 2.5,18,11,4,3,61.11,38.62,0.24
signal_close_vs_vwap_pct >= 0.3; volume_ratio >= 2.5,18,11,4,3,61.11,38.62,0.24
volume_ratio >= 2.0; volume_ratio >= 2.5,18,11,4,3,61.11,38.62,0.24
signal_hhmm <= 940; entry_vs_opening_high_pct >= -0.8; day_change_pct >= 5,18,11,5,2,61.11,38.62,0.268
opening_width_pct <= 3.0; signal_close_vs_vwap_pct >= 0.3; day_change_pct >= 5,18,11,5,2,61.11,38.62,0.268
entry_vs_opening_high_pct >= -0.8; signal_close_vs_vwap_pct >= 0.3; day_change_pct >= 5,18,11,5,2,61.11,38.62,0.268
signal_close_vs_vwap_pct >= 0.3; volume_ratio >= 2.0; volume_ratio >= 2.5,18,11,4,3,61.11,38.62,0.24
signal_close_vs_vwap_pct >= 0.3; volume_ratio >= 2.0; cum_value_bil <= 15,18,11,4,3,61.11,38.62,0.315
signal_close_vs_vwap_pct >= 0.3; market_median_change_pct >= -0.5; day_change_pct >= 5,18,11,5,2,61.11,38.62,0.268
opening_width_pct <= 3.0; day_change_pct >= 5,20,12,6,2,60.0,38.66,0.226
entry_vs_opening_high_pct >= -0.8; day_change_pct >= 5,20,12,6,2,60.0,38.66,0.226
market_median_change_pct >= -0.5; day_change_pct >= 5,20,12,6,2,60.0,38.66,0.226
day_change_pct >= 5; entry_gap_pct >= -1.5,20,12,6,2,60.0,38.66,0.226
signal_hhmm <= 935; cum_value_bil <= 8; distance_from_60d_high_pct <= -8,15,9,4,2,60.0,35.75,0.241
opening_width_pct <= 3.0; cum_value_bil <= 10; day_change_pct >= 5,15,9,4,2,60.0,35.75,0.262
opening_width_pct <= 3.0; cum_value_bil <= 15; day_change_pct >= 5,15,9,4,2,60.0,35.75,0.262
entry_vs_opening_high_pct >= -0.8; volume_ratio >= 2.5; cum_value_bil <= 15,15,9,4,2,60.0,35.75,0.211
entry_vs_opening_high_pct >= -0.8; cum_value_bil <= 8; day_change_pct >= 5,15,9,4,2,60.0,35.75,0.262
entry_vs_opening_high_pct >= -0.5; signal_close_vs_vwap_pct >= 0.5; distance_from_60d_high_pct <= -8,15,9,6,0,60.0,35.75,0.12
entry_vs_opening_high_pct >= -0.5; volume_ratio >= 2.0; cum_value_bil <= 15,15,9,2,4,60.0,35.75,0.323
entry_vs_opening_high_pct >= -0.5; day_change_pct >= 5; entry_gap_pct >= -1.5,15,9,5,1,60.0,35.75,0.154
signal_close_vs_vwap_pct >= 0.3; cum_value_bil <= 8; day_change_pct >= 5,15,9,4,2,60.0,35.75,0.262
signal_close_vs_vwap_pct >= 0.5; volume_ratio >= 2.0; cum_value_bil <= 15,15,9,4,2,60.0,35.75,0.284
volume_ratio >= 2.0; cum_value_bil <= 10; distance_from_60d_high_pct <= -8,15,9,2,4,60.0,35.75,0.374
volume_ratio >= 2.5; cum_value_bil <= 15; entry_gap_pct >= -1.5,15,9,4,2,60.0,35.75,0.211
volume_ratio >= 2.5; cum_value_bil <= 15; entry_gap_pct >= -1,15,9,4,2,60.0,35.75,0.211
cum_value_bil <= 10; market_median_change_pct >= -0.5; day_change_pct >= 5,15,9,4,2,60.0,35.75,0.262
cum_value_bil <= 10; day_change_pct >= 5; entry_gap_pct >= -1.5,15,9,4,2,60.0,35.75,0.262
cum_value_bil <= 15; market_median_change_pct >= -0.5; day_change_pct >= 5,15,9,4,2,60.0,35.75,0.262
cum_value_bil <= 15; day_change_pct >= 5; entry_gap_pct >= -1.5,15,9,4,2,60.0,35.75,0.262
market_median_change_pct >= -0.5; day_change_pct >= 5; distance_from_60d_high_pct <= -8,15,9,4,2,60.0,35.75,0.262
market_median_change_pct >= 0; day_change_pct >= 5; distance_from_60d_high_pct <= -8,15,9,4,2,60.0,35.75,0.262
signal_close_vs_vwap_pct >= 1.0,10,6,4,0,60.0,31.27,0.12
entry_vs_opening_high_pct >= -0.8; signal_close_vs_vwap_pct >= 1.0,10,6,4,0,60.0,31.27,0.12
entry_vs_opening_high_pct >= -0.2; day_change_pct >= 5,10,6,3,1,60.0,31.27,0.172
signal_close_vs_vwap_pct >= 0.3; signal_close_vs_vwap_pct >= 1.0,10,6,4,0,60.0,31.27,0.12
signal_close_vs_vwap_pct >= 0.5; signal_close_vs_vwap_pct >= 1.0,10,6,4,0,60.0,31.27,0.12
signal_close_vs_vwap_pct >= 0.8; signal_close_vs_vwap_pct >= 1.0,10,6,4,0,60.0,31.27,0.12
signal_close_vs_vwap_pct >= 0.8; distance_from_60d_high_pct <= -10,10,6,4,0,60.0,31.27,0.12
signal_close_vs_vwap_pct >= 1.0; distance_from_60d_high_pct <= -8,10,6,4,0,60.0,31.27,0.12
signal_hhmm <= 935; opening_width_pct <= 2.5; day_change_pct >= 5,10,6,4,0,60.0,31.27,0.12
signal_hhmm <= 935; signal_close_vs_vwap_pct >= 0.5; volume_ratio >= 2.5,10,6,3,1,60.0,31.27,0.204
signal_hhmm <= 935; signal_close_vs_vwap_pct >= 0.8; volume_ratio >= 2.0,10,6,4,0,60.0,31.27,0.12
signal_hhmm <= 935; signal_close_vs_vwap_pct >= 0.8; cum_value_bil <= 15,10,6,4,0,60.0,31.27,0.12
signal_hhmm <= 935; volume_ratio >= 2.0; distance_from_60d_high_pct <= -10,10,6,3,1,60.0,31.27,0.172
signal_hhmm <= 940; signal_close_vs_vwap_pct >= 0.8; cum_value_bil <= 8,10,6,4,0,60.0,31.27,0.12
signal_hhmm <= 940; signal_close_vs_vwap_pct >= 0.8; distance_from_60d_high_pct <= -10,10,6,4,0,60.0,31.27,0.12
signal_hhmm <= 940; volume_ratio >= 2.5; cum_value_bil <= 5,10,6,2,2,60.0,31.27,0.256
opening_width_pct <= 3.0; entry_vs_opening_high_pct >= -0.5; volume_ratio >= 2.5,10,6,1,3,60.0,31.27,0.282
opening_width_pct <= 3.0; signal_close_vs_vwap_pct >= 0.5; volume_ratio >= 3.0,10,6,3,1,60.0,31.27,0.204
opening_width_pct <= 3.0; signal_close_vs_vwap_pct >= 0.8; volume_ratio >= 2.0,10,6,4,0,60.0,31.27,0.12
opening_width_pct <= 3.0; signal_close_vs_vwap_pct >= 0.8; cum_value_bil <= 8,10,6,4,0,60.0,31.27,0.12
opening_width_pct <= 3.0; signal_close_vs_vwap_pct >= 0.8; distance_from_60d_high_pct <= -8,10,6,4,0,60.0,31.27,0.12
opening_width_pct <= 3.0; volume_ratio >= 2.5; cum_value_bil <= 5,10,6,2,2,60.0,31.27,0.256
opening_width_pct <= 3.0; volume_ratio >= 3.0; distance_from_60d_high_pct <= -8,10,6,2,2,60.0,31.27,0.198
entry_vs_opening_high_pct >= -0.8; entry_vs_opening_high_pct >= -0.2; day_change_pct >= 5,10,6,3,1,60.0,31.27,0.172
entry_vs_opening_high_pct >= -0.8; signal_close_vs_vwap_pct >= 0.3; signal_close_vs_vwap_pct >= 1.0,10,6,4,0,60.0,31.27,0.12
entry_vs_opening_high_pct >= -0.8; signal_close_vs_vwap_pct >= 0.5; signal_close_vs_vwap_pct >= 1.0,10,6,4,0,60.0,31.27,0.12
entry_vs_opening_high_pct >= -0.8; signal_close_vs_vwap_pct >= 0.5; volume_ratio >= 3.0,10,6,3,1,60.0,31.27,0.204
entry_vs_opening_high_pct >= -0.8; signal_close_vs_vwap_pct >= 0.8; signal_close_vs_vwap_pct >= 1.0,10,6,4,0,60.0,31.27,0.12
entry_vs_opening_high_pct >= -0.8; signal_close_vs_vwap_pct >= 0.8; distance_from_60d_high_pct <= -10,10,6,4,0,60.0,31.27,0.12
entry_vs_opening_high_pct >= -0.8; signal_close_vs_vwap_pct >= 1.0; distance_from_60d_high_pct <= -8,10,6,4,0,60.0,31.27,0.12
entry_vs_opening_high_pct >= -0.8; volume_ratio >= 3.0; distance_from_60d_high_pct <= -8,10,6,2,2,60.0,31.27,0.198
entry_vs_opening_high_pct >= -0.5; entry_vs_opening_high_pct >= -0.2; day_change_pct >= 5,10,6,3,1,60.0,31.27,0.172
entry_vs_opening_high_pct >= -0.5; signal_close_vs_vwap_pct >= 0.5; cum_value_bil <= 5,10,6,3,1,60.0,31.27,0.204
entry_vs_opening_high_pct >= -0.5; signal_close_vs_vwap_pct >= 0.8; distance_from_60d_high_pct <= -10,10,6,4,0,60.0,31.27,0.12
entry_vs_opening_high_pct >= -0.5; cum_value_bil <= 5; day_change_pct >= 5,10,6,3,1,60.0,31.27,0.172
entry_vs_opening_high_pct >= -0.2; signal_close_vs_vwap_pct >= 0.3; day_change_pct >= 5,10,6,3,1,60.0,31.27,0.172
signal_close_vs_vwap_pct >= 0.3; signal_close_vs_vwap_pct >= 0.5; signal_close_vs_vwap_pct >= 1.0,10,6,4,0,60.0,31.27,0.12
signal_close_vs_vwap_pct >= 0.3; signal_close_vs_vwap_pct >= 0.8; signal_close_vs_vwap_pct >= 1.0,10,6,4,0,60.0,31.27,0.12
signal_close_vs_vwap_pct >= 0.3; signal_close_vs_vwap_pct >= 0.8; distance_from_60d_high_pct <= -10,10,6,4,0,60.0,31.27,0.12
signal_close_vs_vwap_pct >= 0.3; signal_close_vs_vwap_pct >= 1.0; distance_from_60d_high_pct <= -8,10,6,4,0,60.0,31.27,0.12
signal_close_vs_vwap_pct >= 0.3; cum_value_bil <= 8; distance_from_60d_high_pct <= -10,10,6,2,2,60.0,31.27,0.333
signal_close_vs_vwap_pct >= 0.3; day_change_pct >= 5; entry_gap_pct >= -0.5,10,6,3,1,60.0,31.27,0.172
signal_close_vs_vwap_pct >= 0.5; signal_close_vs_vwap_pct >= 0.8; signal_close_vs_vwap_pct >= 1.0,10,6,4,0,60.0,31.27,0.12
signal_close_vs_vwap_pct >= 0.5; signal_close_vs_vwap_pct >= 0.8; distance_from_60d_high_pct <= -10,10,6,4,0,60.0,31.27,0.12
signal_close_vs_vwap_pct >= 0.5; signal_close_vs_vwap_pct >= 1.0; distance_from_60d_high_pct <= -8,10,6,4,0,60.0,31.27,0.12
signal_close_vs_vwap_pct >= 0.5; volume_ratio >= 2.0; distance_from_60d_high_pct <= -10,10,6,3,1,60.0,31.27,0.281
signal_close_vs_vwap_pct >= 0.5; volume_ratio >= 2.5; market_median_change_pct >= -0.5,10,6,3,1,60.0,31.27,0.204
signal_close_vs_vwap_pct >= 0.5; volume_ratio >= 2.5; market_median_change_pct >= 0,10,6,3,1,60.0,31.27,0.204
signal_close_vs_vwap_pct >= 0.5; volume_ratio >= 3.0; cum_value_bil <= 10,10,6,3,1,60.0,31.27,0.204
signal_close_vs_vwap_pct >= 0.5; volume_ratio >= 3.0; cum_value_bil <= 15,10,6,3,1,60.0,31.27,0.204
signal_close_vs_vwap_pct >= 0.5; volume_ratio >= 3.0; entry_gap_pct >= -1.5,10,6,3,1,60.0,31.27,0.204
signal_close_vs_vwap_pct >= 0.5; volume_ratio >= 3.0; entry_gap_pct >= -1,10,6,3,1,60.0,31.27,0.204
signal_close_vs_vwap_pct >= 0.5; cum_value_bil <= 5; distance_from_60d_high_pct <= -8,10,6,3,1,60.0,31.27,0.281
signal_close_vs_vwap_pct >= 0.5; cum_value_bil <= 15; distance_from_60d_high_pct <= -10,10,6,3,1,60.0,31.27,0.281
signal_close_vs_vwap_pct >= 0.8; signal_close_vs_vwap_pct >= 1.0; distance_from_60d_high_pct <= -8,10,6,4,0,60.0,31.27,0.12
signal_close_vs_vwap_pct >= 0.8; cum_value_bil <= 8; entry_gap_pct >= -1.5,10,6,4,0,60.0,31.27,0.12
signal_close_vs_vwap_pct >= 0.8; cum_value_bil <= 8; entry_gap_pct >= -1,10,6,4,0,60.0,31.27,0.12
signal_close_vs_vwap_pct >= 0.8; cum_value_bil <= 10; market_median_change_pct >= -0.5,10,6,4,0,60.0,31.27,0.12
signal_close_vs_vwap_pct >= 0.8; cum_value_bil <= 10; market_median_change_pct >= 0,10,6,4,0,60.0,31.27,0.12
signal_close_vs_vwap_pct >= 0.8; entry_gap_pct >= -1.5; distance_from_60d_high_pct <= -10,10,6,4,0,60.0,31.27,0.12
signal_close_vs_vwap_pct >= 0.8; entry_gap_pct >= -1; distance_from_60d_high_pct <= -10,10,6,4,0,60.0,31.27,0.12
signal_close_vs_vwap_pct >= 0.8; distance_from_60d_high_pct <= -8; distance_from_60d_high_pct <= -10,10,6,4,0,60.0,31.27,0.12
volume_ratio >= 2.0; cum_value_bil <= 8; distance_from_60d_high_pct <= -10,10,6,0,4,60.0,31.27,0.501
volume_ratio >= 2.0; cum_value_bil <= 10; entry_gap_pct >= -0.5,10,6,2,2,60.0,31.27,0.288
volume_ratio >= 2.5; cum_value_bil <= 5; entry_gap_pct >= -1.5,10,6,2,2,60.0,31.27,0.256
volume_ratio >= 2.5; cum_value_bil <= 5; entry_gap_pct >= -1,10,6,2,2,60.0,31.27,0.256
volume_ratio >= 2.5; cum_value_bil <= 8; market_median_change_pct >= -0.5,10,6,2,2,60.0,31.27,0.256
volume_ratio >= 2.5; cum_value_bil <= 15; entry_gap_pct >= -0.5,10,6,3,1,60.0,31.27,0.172
volume_ratio >= 2.5; market_median_change_pct >= -0.5; entry_gap_pct >= -0.5,10,6,2,2,60.0,31.27,0.198
volume_ratio >= 2.5; market_median_change_pct >= 0; distance_from_60d_high_pct <= -8,10,6,2,2,60.0,31.27,0.198
volume_ratio >= 3.0; entry_gap_pct >= -1.5; distance_from_60d_high_pct <= -8,10,6,2,2,60.0,31.27,0.198
volume_ratio >= 3.0; entry_gap_pct >= -1; distance_from_60d_high_pct <= -8,10,6,2,2,60.0,31.27,0.198
volume_ratio >= 2.5; entry_gap_pct >= -1.5,17,10,4,3,58.82,36.01,0.184
volume_ratio >= 2.5; entry_gap_pct >= -1,17,10,4,3,58.82,36.01,0.184
signal_hhmm <= 940; opening_width_pct <= 3.0; day_change_pct >= 5,17,10,5,2,58.82,36.01,0.213
signal_hhmm <= 940; market_median_change_pct >= -0.5; day_change_pct >= 5,17,10,5,2,58.82,36.01,0.213
signal_hhmm <= 940; market_median_change_pct >= 0; day_change_pct >= 5,17,10,5,2,58.82,36.01,0.213
signal_hhmm <= 940; day_change_pct >= 5; entry_gap_pct >= -1.5,17,10,5,2,58.82,36.01,0.213
signal_hhmm <= 940; day_change_pct >= 5; entry_gap_pct >= -1,17,10,5,2,58.82,36.01,0.213
entry_vs_opening_high_pct >= -0.8; day_change_pct >= 5; entry_gap_pct >= -1,17,10,5,2,58.82,36.01,0.213
signal_close_vs_vwap_pct >= 0.3; volume_ratio >= 2.5; entry_gap_pct >= -1.5,17,10,4,3,58.82,36.01,0.184
signal_close_vs_vwap_pct >= 0.3; volume_ratio >= 2.5; entry_gap_pct >= -1,17,10,4,3,58.82,36.01,0.184
signal_close_vs_vwap_pct >= 0.3; market_median_change_pct >= 0; day_change_pct >= 5,17,10,5,2,58.82,36.01,0.213
volume_ratio >= 2.0; volume_ratio >= 2.5; entry_gap_pct >= -1.5,17,10,4,3,58.82,36.01,0.184
volume_ratio >= 2.0; volume_ratio >= 2.5; entry_gap_pct >= -1,17,10,4,3,58.82,36.01,0.184
volume_ratio >= 2.5; entry_gap_pct >= -1.5; entry_gap_pct >= -1,17,10,4,3,58.82,36.01,0.184
market_median_change_pct >= -0.5; day_change_pct >= 5; entry_gap_pct >= -1,17,10,5,2,58.82,36.01,0.213
volume_ratio >= 3.0; cum_value_bil <= 10,12,7,3,2,58.33,31.95,0.188
volume_ratio >= 3.0; cum_value_bil <= 15,12,7,3,2,58.33,31.95,0.188
signal_hhmm <= 935; entry_vs_opening_high_pct >= -0.5; cum_value_bil <= 8,12,7,3,2,58.33,31.95,0.189
signal_hhmm <= 935; cum_value_bil <= 5; distance_from_60d_high_pct <= -8,12,7,3,2,58.33,31.95,0.226
signal_hhmm <= 935; cum_value_bil <= 15; distance_from_60d_high_pct <= -10,12,7,3,2,58.33,31.95,0.226
signal_hhmm <= 940; signal_close_vs_vwap_pct >= 0.5; volume_ratio >= 2.5,12,7,4,1,58.33,31.95,0.145
signal_hhmm <= 940; signal_close_vs_vwap_pct >= 0.8; volume_ratio >= 2.0,12,7,5,0,58.33,31.95,0.075
signal_hhmm <= 940; signal_close_vs_vwap_pct >= 0.8; distance_from_60d_high_pct <= -8,12,7,5,0,58.33,31.95,0.075
signal_hhmm <= 940; volume_ratio >= 2.5; cum_value_bil <= 8,12,7,3,2,58.33,31.95,0.188
signal_hhmm <= 940; cum_value_bil <= 5; day_change_pct >= 5,12,7,3,2,58.33,31.95,0.252
opening_width_pct <= 3.0; volume_ratio >= 2.5; cum_value_bil <= 8,12,7,3,2,58.33,31.95,0.188
opening_width_pct <= 3.0; volume_ratio >= 2.5; cum_value_bil <= 10,12,7,3,2,58.33,31.95,0.188
opening_width_pct <= 3.0; volume_ratio >= 2.5; cum_value_bil <= 15,12,7,3,2,58.33,31.95,0.188
entry_vs_opening_high_pct >= -0.5; signal_close_vs_vwap_pct >= 0.5; cum_value_bil <= 8,12,7,4,1,58.33,31.95,0.145
entry_vs_opening_high_pct >= -0.5; signal_close_vs_vwap_pct >= 0.5; distance_from_60d_high_pct <= -10,12,7,5,0,58.33,31.95,0.075
entry_vs_opening_high_pct >= -0.5; signal_close_vs_vwap_pct >= 0.8; volume_ratio >= 2.0,12,7,5,0,58.33,31.95,0.075
entry_vs_opening_high_pct >= -0.5; signal_close_vs_vwap_pct >= 0.8; distance_from_60d_high_pct <= -8,12,7,5,0,58.33,31.95,0.075
entry_vs_opening_high_pct >= -0.5; volume_ratio >= 2.5; entry_gap_pct >= -1.5,12,7,2,3,58.33,31.95,0.21
entry_vs_opening_high_pct >= -0.5; volume_ratio >= 2.5; entry_gap_pct >= -1,12,7,2,3,58.33,31.95,0.21
entry_vs_opening_high_pct >= -0.5; cum_value_bil <= 8; distance_from_60d_high_pct <= -8,12,7,2,3,58.33,31.95,0.258
entry_vs_opening_high_pct >= -0.5; cum_value_bil <= 10; distance_from_60d_high_pct <= -10,12,7,2,3,58.33,31.95,0.258
signal_close_vs_vwap_pct >= 0.3; volume_ratio >= 2.0; distance_from_60d_high_pct <= -10,12,7,3,2,58.33,31.95,0.252
signal_close_vs_vwap_pct >= 0.3; volume_ratio >= 3.0; cum_value_bil <= 10,12,7,3,2,58.33,31.95,0.188
signal_close_vs_vwap_pct >= 0.3; volume_ratio >= 3.0; cum_value_bil <= 15,12,7,3,2,58.33,31.95,0.188
signal_close_vs_vwap_pct >= 0.3; cum_value_bil <= 10; distance_from_60d_high_pct <= -10,12,7,3,2,58.33,31.95,0.252
signal_close_vs_vwap_pct >= 0.5; cum_value_bil <= 8; distance_from_60d_high_pct <= -8,12,7,4,1,58.33,31.95,0.209
signal_close_vs_vwap_pct >= 0.8; volume_ratio >= 2.0; entry_gap_pct >= -1.5,12,7,5,0,58.33,31.95,0.075
signal_close_vs_vwap_pct >= 0.8; volume_ratio >= 2.0; entry_gap_pct >= -1,12,7,5,0,58.33,31.95,0.075
signal_close_vs_vwap_pct >= 0.8; cum_value_bil <= 15; entry_gap_pct >= -1.5,12,7,5,0,58.33,31.95,0.075
signal_close_vs_vwap_pct >= 0.8; cum_value_bil <= 15; entry_gap_pct >= -1,12,7,5,0,58.33,31.95,0.075
signal_close_vs_vwap_pct >= 0.8; entry_gap_pct >= -1.5; distance_from_60d_high_pct <= -8,12,7,5,0,58.33,31.95,0.075
signal_close_vs_vwap_pct >= 0.8; entry_gap_pct >= -1; distance_from_60d_high_pct <= -8,12,7,5,0,58.33,31.95,0.075
volume_ratio >= 2.0; volume_ratio >= 3.0; cum_value_bil <= 10,12,7,3,2,58.33,31.95,0.188
volume_ratio >= 2.0; volume_ratio >= 3.0; cum_value_bil <= 15,12,7,3,2,58.33,31.95,0.188
volume_ratio >= 2.0; cum_value_bil <= 15; distance_from_60d_high_pct <= -10,12,7,1,4,58.33,31.95,0.392
volume_ratio >= 2.5; volume_ratio >= 3.0; cum_value_bil <= 10,12,7,3,2,58.33,31.95,0.188
volume_ratio >= 2.5; volume_ratio >= 3.0; cum_value_bil <= 15,12,7,3,2,58.33,31.95,0.188
volume_ratio >= 2.5; cum_value_bil <= 15; market_median_change_pct >= -0.5,12,7,3,2,58.33,31.95,0.188
volume_ratio >= 3.0; cum_value_bil <= 10; cum_value_bil <= 15,12,7,3,2,58.33,31.95,0.188
volume_ratio >= 2.0; cum_value_bil <= 10,19,11,3,5,57.89,36.28,0.308
market_median_change_pct >= 0; day_change_pct >= 5,19,11,6,2,57.89,36.28,0.175
volume_ratio >= 2.0; cum_value_bil <= 10; cum_value_bil <= 15,19,11,3,5,57.89,36.28,0.308
market_median_change_pct >= -0.5; market_median_change_pct >= 0; day_change_pct >= 5,19,11,6,2,57.89,36.28,0.175
volume_ratio >= 3.0,14,8,3,3,57.14,32.59,0.159
signal_hhmm <= 940; volume_ratio >= 2.5,14,8,4,2,57.14,32.59,0.14
opening_width_pct <= 3.0; volume_ratio >= 2.5,14,8,3,3,57.14,32.59,0.159
signal_close_vs_vwap_pct >= 0.3; volume_ratio >= 3.0,14,8,3,3,57.14,32.59,0.159
volume_ratio >= 2.0; volume_ratio >= 3.0,14,8,3,3,57.14,32.59,0.159
volume_ratio >= 2.5; volume_ratio >= 3.0,14,8,3,3,57.14,32.59,0.159
volume_ratio >= 2.5; market_median_change_pct >= -0.5,14,8,3,3,57.14,32.59,0.159
cum_value_bil <= 5; day_change_pct >= 5,14,8,4,2,57.14,32.59,0.195
signal_hhmm <= 940; entry_vs_opening_high_pct >= -0.8; volume_ratio >= 2.5,14,8,4,2,57.14,32.59,0.14
signal_hhmm <= 940; signal_close_vs_vwap_pct >= 0.3; volume_ratio >= 2.5,14,8,4,2,57.14,32.59,0.14
signal_hhmm <= 940; volume_ratio >= 2.0; volume_ratio >= 2.5,14,8,4,2,57.14,32.59,0.14
signal_hhmm <= 940; volume_ratio >= 2.5; cum_value_bil <= 15,14,8,4,2,57.14,32.59,0.14
signal_hhmm <= 940; volume_ratio >= 2.5; entry_gap_pct >= -1.5,14,8,4,2,57.14,32.59,0.14
signal_hhmm <= 940; volume_ratio >= 2.5; entry_gap_pct >= -1,14,8,4,2,57.14,32.59,0.14
opening_width_pct <= 3.0; entry_vs_opening_high_pct >= -0.5; day_change_pct >= 5,14,8,5,1,57.14,32.59,0.08
opening_width_pct <= 3.0; signal_close_vs_vwap_pct >= 0.3; volume_ratio >= 2.5,14,8,3,3,57.14,32.59,0.159
opening_width_pct <= 3.0; volume_ratio >= 2.0; volume_ratio >= 2.5,14,8,3,3,57.14,32.59,0.159
opening_width_pct <= 3.0; cum_value_bil <= 8; day_change_pct >= 5,14,8,4,2,57.14,32.59,0.195
entry_vs_opening_high_pct >= -0.8; cum_value_bil <= 5; day_change_pct >= 5,14,8,4,2,57.14,32.59,0.195
entry_vs_opening_high_pct >= -0.5; signal_close_vs_vwap_pct >= 0.5; volume_ratio >= 2.0,14,8,5,1,57.14,32.59,0.103
entry_vs_opening_high_pct >= -0.5; signal_close_vs_vwap_pct >= 0.5; cum_value_bil <= 15,14,8,5,1,57.14,32.59,0.103
entry_vs_opening_high_pct >= -0.5; cum_value_bil <= 10; distance_from_60d_high_pct <= -8,14,8,3,3,57.14,32.59,0.2
entry_vs_opening_high_pct >= -0.5; market_median_change_pct >= -0.5; day_change_pct >= 5,14,8,5,1,57.14,32.59,0.08
entry_vs_opening_high_pct >= -0.5; market_median_change_pct >= 0; day_change_pct >= 5,14,8,5,1,57.14,32.59,0.08
signal_close_vs_vwap_pct >= 0.3; volume_ratio >= 2.0; volume_ratio >= 3.0,14,8,3,3,57.14,32.59,0.159
signal_close_vs_vwap_pct >= 0.3; volume_ratio >= 2.5; volume_ratio >= 3.0,14,8,3,3,57.14,32.59,0.159
signal_close_vs_vwap_pct >= 0.3; volume_ratio >= 2.5; market_median_change_pct >= -0.5,14,8,3,3,57.14,32.59,0.159
signal_close_vs_vwap_pct >= 0.5; cum_value_bil <= 10; distance_from_60d_high_pct <= -8,14,8,5,1,57.14,32.59,0.158
volume_ratio >= 2.0; volume_ratio >= 2.5; volume_ratio >= 3.0,14,8,3,3,57.14,32.59,0.159
volume_ratio >= 2.0; volume_ratio >= 2.5; market_median_change_pct >= -0.5,14,8,3,3,57.14,32.59,0.159
volume_ratio >= 2.0; cum_value_bil <= 8; distance_from_60d_high_pct <= -8,14,8,2,4,57.14,32.59,0.315
volume_ratio >= 2.5; market_median_change_pct >= -0.5; entry_gap_pct >= -1.5,14,8,3,3,57.14,32.59,0.159
volume_ratio >= 2.5; market_median_change_pct >= -0.5; entry_gap_pct >= -1,14,8,3,3,57.14,32.59,0.159
cum_value_bil <= 5; cum_value_bil <= 8; day_change_pct >= 5,14,8,4,2,57.14,32.59,0.195
cum_value_bil <= 5; cum_value_bil <= 10; day_change_pct >= 5,14,8,4,2,57.14,32.59,0.195
cum_value_bil <= 5; cum_value_bil <= 15; day_change_pct >= 5,14,8,4,2,57.14,32.59,0.195
cum_value_bil <= 8; day_change_pct >= 5; entry_gap_pct >= -1.5,14,8,4,2,57.14,32.59,0.195
cum_value_bil <= 10; market_median_change_pct >= 0; day_change_pct >= 5,14,8,4,2,57.14,32.59,0.195
cum_value_bil <= 15; market_median_change_pct >= 0; day_change_pct >= 5,14,8,4,2,57.14,32.59,0.195
entry_vs_opening_high_pct >= -0.8; volume_ratio >= 2.5,16,9,4,3,56.25,33.18,0.12
opening_width_pct <= 3.0; day_change_pct >= 5; entry_gap_pct >= -1,16,9,5,2,56.25,33.18,0.152
entry_vs_opening_high_pct >= -0.8; signal_close_vs_vwap_pct >= 0.3; volume_ratio >= 2.5,16,9,4,3,56.25,33.18,0.12
entry_vs_opening_high_pct >= -0.8; volume_ratio >= 2.0; volume_ratio >= 2.5,16,9,4,3,56.25,33.18,0.12
signal_close_vs_vwap_pct >= 0.5; volume_ratio >= 2.0; distance_from_60d_high_pct <= -8,16,9,6,1,56.25,33.18,0.119
volume_ratio >= 2.0; cum_value_bil <= 15; distance_from_60d_high_pct <= -8,16,9,3,4,56.25,33.18,0.257
market_median_change_pct >= 0; day_change_pct >= 5; entry_gap_pct >= -1,16,9,5,2,56.25,33.18,0.152
volume_ratio >= 2.0; cum_value_bil <= 8,18,10,3,5,55.56,33.72,0.258
opening_width_pct <= 3.0; entry_vs_opening_high_pct >= -0.8; day_change_pct >= 5,18,10,6,2,55.56,33.72,0.118
entry_vs_opening_high_pct >= -0.8; volume_ratio >= 2.0; cum_value_bil <= 10,18,10,3,5,55.56,33.72,0.258
entry_vs_opening_high_pct >= -0.8; day_change_pct >= 5; entry_gap_pct >= -1.5,18,10,6,2,55.56,33.72,0.118
volume_ratio >= 2.0; cum_value_bil <= 8; cum_value_bil <= 10,18,10,3,5,55.56,33.72,0.258
volume_ratio >= 2.0; cum_value_bil <= 8; cum_value_bil <= 15,18,10,3,5,55.56,33.72,0.258
volume_ratio >= 2.0; cum_value_bil <= 10; entry_gap_pct >= -1.5,18,10,3,5,55.56,33.72,0.258
volume_ratio >= 2.0; cum_value_bil <= 10; entry_gap_pct >= -1,18,10,3,5,55.56,33.72,0.258
market_median_change_pct >= -0.5; day_change_pct >= 5; entry_gap_pct >= -1.5,18,10,6,2,55.56,33.72,0.118
signal_hhmm <= 930; volume_ratio >= 2.5,9,5,3,1,55.56,26.66,0.094
signal_hhmm <= 940; signal_close_vs_vwap_pct >= 1.0,9,5,4,0,55.56,26.66,-0.0
entry_vs_opening_high_pct >= -0.8; cum_value_bil <= 3,9,5,2,2,55.56,26.66,0.186
entry_vs_opening_high_pct >= -0.5; signal_close_vs_vwap_pct >= 1.0,9,5,4,0,55.56,26.66,-0.0
entry_vs_opening_high_pct >= -0.5; volume_ratio >= 3.0,9,5,1,3,55.56,26.66,0.18
signal_close_vs_vwap_pct >= 1.0; entry_gap_pct >= -1.5,9,5,4,0,55.56,26.66,-0.0
signal_close_vs_vwap_pct >= 1.0; entry_gap_pct >= -1,9,5,4,0,55.56,26.66,-0.0
volume_ratio >= 3.0; cum_value_bil <= 5,9,5,2,2,55.56,26.66,0.151
signal_hhmm <= 925; cum_value_bil <= 8; market_median_change_pct >= -0.5,9,5,1,3,55.56,26.66,0.296
signal_hhmm <= 925; cum_value_bil <= 8; distance_from_60d_high_pct <= -8,9,5,2,2,55.56,26.66,0.202
signal_hhmm <= 930; signal_hhmm <= 935; volume_ratio >= 2.5,9,5,3,1,55.56,26.66,0.094
signal_hhmm <= 930; signal_hhmm <= 940; volume_ratio >= 2.5,9,5,3,1,55.56,26.66,0.094
signal_hhmm <= 930; entry_vs_opening_high_pct >= -0.8; volume_ratio >= 2.5,9,5,3,1,55.56,26.66,0.094
signal_hhmm <= 930; signal_close_vs_vwap_pct >= 0.3; volume_ratio >= 2.5,9,5,3,1,55.56,26.66,0.094
signal_hhmm <= 930; volume_ratio >= 2.0; volume_ratio >= 2.5,9,5,3,1,55.56,26.66,0.094
signal_hhmm <= 930; volume_ratio >= 2.0; cum_value_bil <= 8,9,5,2,2,55.56,26.66,0.152
signal_hhmm <= 930; volume_ratio >= 2.0; cum_value_bil <= 10,9,5,2,2,55.56,26.66,0.152
signal_hhmm <= 930; volume_ratio >= 2.5; cum_value_bil <= 15,9,5,3,1,55.56,26.66,0.094
signal_hhmm <= 930; volume_ratio >= 2.5; entry_gap_pct >= -1.5,9,5,3,1,55.56,26.66,0.094
signal_hhmm <= 930; volume_ratio >= 2.5; entry_gap_pct >= -1,9,5,3,1,55.56,26.66,0.094
signal_hhmm <= 930; cum_value_bil <= 10; distance_from_60d_high_pct <= -10,9,5,2,2,55.56,26.66,0.202
signal_hhmm <= 935; signal_close_vs_vwap_pct >= 0.8; distance_from_60d_high_pct <= -10,9,5,4,0,55.56,26.66,-0.0
signal_hhmm <= 940; entry_vs_opening_high_pct >= -0.8; signal_close_vs_vwap_pct >= 1.0,9,5,4,0,55.56,26.66,-0.0
signal_hhmm <= 940; signal_close_vs_vwap_pct >= 0.3; signal_close_vs_vwap_pct >= 1.0,9,5,4,0,55.56,26.66,-0.0
signal_hhmm <= 940; signal_close_vs_vwap_pct >= 0.5; signal_close_vs_vwap_pct >= 1.0,9,5,4,0,55.56,26.66,-0.0
signal_hhmm <= 940; signal_close_vs_vwap_pct >= 0.5; volume_ratio >= 3.0,9,5,3,1,55.56,26.66,0.094
signal_hhmm <= 940; signal_close_vs_vwap_pct >= 0.8; signal_close_vs_vwap_pct >= 1.0,9,5,4,0,55.56,26.66,-0.0
signal_hhmm <= 940; signal_close_vs_vwap_pct >= 1.0; entry_gap_pct >= -1.5,9,5,4,0,55.56,26.66,-0.0
signal_hhmm <= 940; signal_close_vs_vwap_pct >= 1.0; entry_gap_pct >= -1,9,5,4,0,55.56,26.66,-0.0
signal_hhmm <= 940; signal_close_vs_vwap_pct >= 1.0; distance_from_60d_high_pct <= -8,9,5,4,0,55.56,26.66,-0.0
signal_hhmm <= 940; volume_ratio >= 2.5; entry_gap_pct >= -0.5,9,5,3,1,55.56,26.66,0.057
opening_width_pct <= 2.5; signal_close_vs_vwap_pct >= 0.5; day_change_pct >= 5,9,5,3,1,55.56,26.66,0.179
opening_width_pct <= 3.0; entry_vs_opening_high_pct >= -0.8; cum_value_bil <= 3,9,5,2,2,55.56,26.66,0.186
opening_width_pct <= 3.0; entry_vs_opening_high_pct >= -0.2; day_change_pct >= 5,9,5,3,1,55.56,26.66,0.057
opening_width_pct <= 3.0; volume_ratio >= 3.0; cum_value_bil <= 5,9,5,2,2,55.56,26.66,0.151
entry_vs_opening_high_pct >= -0.8; entry_vs_opening_high_pct >= -0.5; signal_close_vs_vwap_pct >= 1.0,9,5,4,0,55.56,26.66,-0.0
entry_vs_opening_high_pct >= -0.8; entry_vs_opening_high_pct >= -0.5; volume_ratio >= 3.0,9,5,1,3,55.56,26.66,0.18
entry_vs_opening_high_pct >= -0.8; signal_close_vs_vwap_pct >= 1.0; entry_gap_pct >= -1.5,9,5,4,0,55.56,26.66,-0.0
entry_vs_opening_high_pct >= -0.8; signal_close_vs_vwap_pct >= 1.0; entry_gap_pct >= -1,9,5,4,0,55.56,26.66,-0.0
entry_vs_opening_high_pct >= -0.8; volume_ratio >= 3.0; cum_value_bil <= 5,9,5,2,2,55.56,26.66,0.151
entry_vs_opening_high_pct >= -0.8; cum_value_bil <= 3; cum_value_bil <= 5,9,5,2,2,55.56,26.66,0.186
entry_vs_opening_high_pct >= -0.8; cum_value_bil <= 3; cum_value_bil <= 8,9,5,2,2,55.56,26.66,0.186
entry_vs_opening_high_pct >= -0.8; cum_value_bil <= 3; cum_value_bil <= 10,9,5,2,2,55.56,26.66,0.186
entry_vs_opening_high_pct >= -0.8; cum_value_bil <= 3; cum_value_bil <= 15,9,5,2,2,55.56,26.66,0.186
entry_vs_opening_high_pct >= -0.5; signal_close_vs_vwap_pct >= 0.3; signal_close_vs_vwap_pct >= 1.0,9,5,4,0,55.56,26.66,-0.0
entry_vs_opening_high_pct >= -0.5; signal_close_vs_vwap_pct >= 0.3; volume_ratio >= 3.0,9,5,1,3,55.56,26.66,0.18
entry_vs_opening_high_pct >= -0.5; signal_close_vs_vwap_pct >= 0.5; signal_close_vs_vwap_pct >= 1.0,9,5,4,0,55.56,26.66,-0.0
entry_vs_opening_high_pct >= -0.5; signal_close_vs_vwap_pct >= 0.8; signal_close_vs_vwap_pct >= 1.0,9,5,4,0,55.56,26.66,-0.0
entry_vs_opening_high_pct >= -0.5; signal_close_vs_vwap_pct >= 1.0; distance_from_60d_high_pct <= -8,9,5,4,0,55.56,26.66,-0.0
entry_vs_opening_high_pct >= -0.5; volume_ratio >= 2.0; volume_ratio >= 3.0,9,5,1,3,55.56,26.66,0.18
entry_vs_opening_high_pct >= -0.5; volume_ratio >= 2.5; volume_ratio >= 3.0,9,5,1,3,55.56,26.66,0.18
entry_vs_opening_high_pct >= -0.5; volume_ratio >= 2.5; entry_gap_pct >= -0.5,9,5,2,2,55.56,26.66,0.087
entry_vs_opening_high_pct >= -0.2; signal_close_vs_vwap_pct >= 0.3; cum_value_bil <= 10,9,5,3,1,55.56,26.66,0.057
entry_vs_opening_high_pct >= -0.2; signal_close_vs_vwap_pct >= 0.5; volume_ratio >= 2.0,9,5,4,0,55.56,26.66,-0.0
entry_vs_opening_high_pct >= -0.2; signal_close_vs_vwap_pct >= 0.8; volume_ratio >= 2.0,9,5,4,0,55.56,26.66,-0.0
entry_vs_opening_high_pct >= -0.2; market_median_change_pct >= -0.5; day_change_pct >= 5,9,5,3,1,55.56,26.66,0.057
entry_vs_opening_high_pct >= -0.2; market_median_change_pct >= 0; day_change_pct >= 5,9,5,3,1,55.56,26.66,0.057
entry_vs_opening_high_pct >= -0.2; day_change_pct >= 5; entry_gap_pct >= -1.5,9,5,3,1,55.56,26.66,0.057
signal_close_vs_vwap_pct >= 0.3; signal_close_vs_vwap_pct >= 1.0; entry_gap_pct >= -1.5,9,5,4,0,55.56,26.66,-0.0
signal_close_vs_vwap_pct >= 0.3; signal_close_vs_vwap_pct >= 1.0; entry_gap_pct >= -1,9,5,4,0,55.56,26.66,-0.0
signal_close_vs_vwap_pct >= 0.3; volume_ratio >= 3.0; cum_value_bil <= 5,9,5,2,2,55.56,26.66,0.151
signal_close_vs_vwap_pct >= 0.3; cum_value_bil <= 5; distance_from_60d_high_pct <= -10,9,5,2,2,55.56,26.66,0.236
signal_close_vs_vwap_pct >= 0.3; cum_value_bil <= 10; market_median_change_pct >= 0.3,9,5,3,1,55.56,26.66,0.094
signal_close_vs_vwap_pct >= 0.5; signal_close_vs_vwap_pct >= 1.0; entry_gap_pct >= -1.5,9,5,4,0,55.56,26.66,-0.0
signal_close_vs_vwap_pct >= 0.5; signal_close_vs_vwap_pct >= 1.0; entry_gap_pct >= -1,9,5,4,0,55.56,26.66,-0.0
signal_close_vs_vwap_pct >= 0.5; volume_ratio >= 3.0; cum_value_bil <= 8,9,5,3,1,55.56,26.66,0.094
signal_close_vs_vwap_pct >= 0.5; cum_value_bil <= 15; market_median_change_pct >= 0.3,9,5,3,1,55.56,26.66,0.094
signal_close_vs_vwap_pct >= 0.8; signal_close_vs_vwap_pct >= 1.0; entry_gap_pct >= -1.5,9,5,4,0,55.56,26.66,-0.0
signal_close_vs_vwap_pct >= 0.8; signal_close_vs_vwap_pct >= 1.0; entry_gap_pct >= -1,9,5,4,0,55.56,26.66,-0.0
signal_close_vs_vwap_pct >= 0.8; volume_ratio >= 2.0; market_median_change_pct >= -0.5,9,5,4,0,55.56,26.66,-0.0
signal_close_vs_vwap_pct >= 0.8; volume_ratio >= 2.0; market_median_change_pct >= 0,9,5,4,0,55.56,26.66,-0.0
signal_close_vs_vwap_pct >= 0.8; market_median_change_pct >= -0.5; distance_from_60d_high_pct <= -8,9,5,4,0,55.56,26.66,-0.0
signal_close_vs_vwap_pct >= 0.8; market_median_change_pct >= 0; distance_from_60d_high_pct <= -8,9,5,4,0,55.56,26.66,-0.0
signal_close_vs_vwap_pct >= 1.0; entry_gap_pct >= -1.5; entry_gap_pct >= -1,9,5,4,0,55.56,26.66,-0.0
signal_close_vs_vwap_pct >= 1.0; entry_gap_pct >= -1.5; distance_from_60d_high_pct <= -8,9,5,4,0,55.56,26.66,-0.0
signal_close_vs_vwap_pct >= 1.0; entry_gap_pct >= -1; distance_from_60d_high_pct <= -8,9,5,4,0,55.56,26.66,-0.0
volume_ratio >= 2.0; volume_ratio >= 3.0; cum_value_bil <= 5,9,5,2,2,55.56,26.66,0.151
volume_ratio >= 2.0; cum_value_bil <= 5; distance_from_60d_high_pct <= -10,9,5,0,4,55.56,26.66,0.423
volume_ratio >= 2.0; cum_value_bil <= 8; entry_gap_pct >= -0.5,9,5,2,2,55.56,26.66,0.186
volume_ratio >= 2.0; entry_gap_pct >= -0.5; distance_from_60d_high_pct <= -10,9,5,2,2,55.56,26.66,0.186
volume_ratio >= 2.5; volume_ratio >= 3.0; cum_value_bil <= 5,9,5,2,2,55.56,26.66,0.151
volume_ratio >= 2.5; cum_value_bil <= 10; market_median_change_pct >= 0,9,5,2,2,55.56,26.66,0.151
volume_ratio >= 2.5; entry_gap_pct >= -0.5; distance_from_60d_high_pct <= -8,9,5,2,2,55.56,26.66,0.087
volume_ratio >= 3.0; cum_value_bil <= 5; cum_value_bil <= 8,9,5,2,2,55.56,26.66,0.151
volume_ratio >= 3.0; cum_value_bil <= 5; cum_value_bil <= 10,9,5,2,2,55.56,26.66,0.151
volume_ratio >= 3.0; cum_value_bil <= 5; cum_value_bil <= 15,9,5,2,2,55.56,26.66,0.151
volume_ratio >= 2.0; cum_value_bil <= 15,20,11,4,5,55.0,34.21,0.218
volume_ratio >= 2.5; entry_gap_pct >= -0.5,11,6,3,2,54.55,28.01,0.044
volume_ratio >= 3.0; cum_value_bil <= 8,11,6,3,2,54.55,28.01,0.097
day_change_pct >= 5; entry_gap_pct >= -0.5,11,6,4,1,54.55,28.01,0.02
signal_hhmm <= 935; entry_vs_opening_high_pct >= -0.5; cum_value_bil <= 5,11,6,3,2,54.55,28.01,0.097
signal_hhmm <= 935; signal_close_vs_vwap_pct >= 0.8; distance_from_60d_high_pct <= -8,11,6,5,0,54.55,28.01,-0.027
signal_hhmm <= 940; opening_width_pct <= 3.0; volume_ratio >= 2.5,11,6,3,2,54.55,28.01,0.097
signal_hhmm <= 940; volume_ratio >= 2.5; market_median_change_pct >= -0.5,11,6,3,2,54.55,28.01,0.097
entry_vs_opening_high_pct >= -0.8; volume_ratio >= 3.0; cum_value_bil <= 10,11,6,3,2,54.55,28.01,0.097
entry_vs_opening_high_pct >= -0.8; volume_ratio >= 3.0; cum_value_bil <= 15,11,6,3,2,54.55,28.01,0.097
entry_vs_opening_high_pct >= -0.5; volume_ratio >= 2.5; market_median_change_pct >= -0.5,11,6,2,3,54.55,28.01,0.12
entry_vs_opening_high_pct >= -0.5; cum_value_bil <= 5; distance_from_60d_high_pct <= -8,11,6,2,3,54.55,28.01,0.173
entry_vs_opening_high_pct >= -0.5; cum_value_bil <= 8; distance_from_60d_high_pct <= -10,11,6,2,3,54.55,28.01,0.173
signal_close_vs_vwap_pct >= 0.3; volume_ratio >= 2.5; entry_gap_pct >= -0.5,11,6,3,2,54.55,28.01,0.044
signal_close_vs_vwap_pct >= 0.3; volume_ratio >= 3.0; cum_value_bil <= 8,11,6,3,2,54.55,28.01,0.097
signal_close_vs_vwap_pct >= 0.8; cum_value_bil <= 15; market_median_change_pct >= -0.5,11,6,5,0,54.55,28.01,-0.027
signal_close_vs_vwap_pct >= 0.8; cum_value_bil <= 15; market_median_change_pct >= 0,11,6,5,0,54.55,28.01,-0.027
volume_ratio >= 2.0; volume_ratio >= 2.5; entry_gap_pct >= -0.5,11,6,3,2,54.55,28.01,0.044
volume_ratio >= 2.0; volume_ratio >= 3.0; cum_value_bil <= 8,11,6,3,2,54.55,28.01,0.097
volume_ratio >= 2.0; cum_value_bil <= 15; entry_gap_pct >= -0.5,11,6,3,2,54.55,28.01,0.125
volume_ratio >= 2.5; volume_ratio >= 3.0; cum_value_bil <= 8,11,6,3,2,54.55,28.01,0.097
volume_ratio >= 2.5; entry_gap_pct >= -1.5; entry_gap_pct >= -0.5,11,6,3,2,54.55,28.01,0.044
volume_ratio >= 2.5; entry_gap_pct >= -1; entry_gap_pct >= -0.5,11,6,3,2,54.55,28.01,0.044
volume_ratio >= 3.0; cum_value_bil <= 8; cum_value_bil <= 10,11,6,3,2,54.55,28.01,0.097
volume_ratio >= 3.0; cum_value_bil <= 8; cum_value_bil <= 15,11,6,3,2,54.55,28.01,0.097
volume_ratio >= 3.0; cum_value_bil <= 10; entry_gap_pct >= -1.5,11,6,3,2,54.55,28.01,0.097
volume_ratio >= 3.0; cum_value_bil <= 10; entry_gap_pct >= -1,11,6,3,2,54.55,28.01,0.097
volume_ratio >= 3.0; cum_value_bil <= 15; entry_gap_pct >= -1.5,11,6,3,2,54.55,28.01,0.097
volume_ratio >= 3.0; cum_value_bil <= 15; entry_gap_pct >= -1,11,6,3,2,54.55,28.01,0.097
cum_value_bil <= 5; day_change_pct >= 5; entry_gap_pct >= -1,11,6,3,2,54.55,28.01,0.166
market_median_change_pct >= -0.5; day_change_pct >= 5; entry_gap_pct >= -0.5,11,6,4,1,54.55,28.01,0.02
day_change_pct >= 5; entry_gap_pct >= -1.5; entry_gap_pct >= -0.5,11,6,4,1,54.55,28.01,0.02
day_change_pct >= 5; entry_gap_pct >= -1; entry_gap_pct >= -0.5,11,6,4,1,54.55,28.01,0.02
volume_ratio >= 3.0; entry_gap_pct >= -1.5,13,7,3,3,53.85,29.14,0.079
volume_ratio >= 3.0; entry_gap_pct >= -1,13,7,3,3,53.85,29.14,0.079
signal_hhmm <= 930; cum_value_bil <= 8; distance_from_60d_high_pct <= -8,13,7,4,2,53.85,29.14,0.094
signal_hhmm <= 935; entry_vs_opening_high_pct >= -0.5; volume_ratio >= 2.0,13,7,4,2,53.85,29.14,0.059
signal_hhmm <= 935; entry_vs_opening_high_pct >= -0.5; cum_value_bil <= 10,13,7,4,2,53.85,29.14,0.059
signal_hhmm <= 935; entry_vs_opening_high_pct >= -0.5; distance_from_60d_high_pct <= -10,13,7,5,1,53.85,29.14,-0.006
signal_hhmm <= 935; signal_close_vs_vwap_pct >= 0.3; distance_from_60d_high_pct <= -10,13,7,6,0,53.85,29.14,-0.046
signal_hhmm <= 940; cum_value_bil <= 8; distance_from_60d_high_pct <= -10,13,7,1,5,53.85,29.14,0.346
opening_width_pct <= 3.0; entry_vs_opening_high_pct >= -0.8; volume_ratio >= 2.5,13,7,3,3,53.85,29.14,0.079
opening_width_pct <= 3.0; volume_ratio >= 2.5; entry_gap_pct >= -1.5,13,7,3,3,53.85,29.14,0.079
opening_width_pct <= 3.0; volume_ratio >= 2.5; entry_gap_pct >= -1,13,7,3,3,53.85,29.14,0.079
opening_width_pct <= 3.0; cum_value_bil <= 5; day_change_pct >= 5,13,7,4,2,53.85,29.14,0.117
entry_vs_opening_high_pct >= -0.5; signal_close_vs_vwap_pct >= 0.3; cum_value_bil <= 5,13,7,4,2,53.85,29.14,0.059
entry_vs_opening_high_pct >= -0.5; volume_ratio >= 2.0; distance_from_60d_high_pct <= -10,13,7,3,3,53.85,29.14,0.123
entry_vs_opening_high_pct >= -0.5; cum_value_bil <= 15; distance_from_60d_high_pct <= -10,13,7,3,3,53.85,29.14,0.123
signal_close_vs_vwap_pct >= 0.3; volume_ratio >= 3.0; entry_gap_pct >= -1.5,13,7,3,3,53.85,29.14,0.079
signal_close_vs_vwap_pct >= 0.3; volume_ratio >= 3.0; entry_gap_pct >= -1,13,7,3,3,53.85,29.14,0.079
signal_close_vs_vwap_pct >= 0.3; cum_value_bil <= 5; day_change_pct >= 5,13,7,4,2,53.85,29.14,0.117
signal_close_vs_vwap_pct >= 0.3; cum_value_bil <= 5; distance_from_60d_high_pct <= -8,13,7,4,2,53.85,29.14,0.117
signal_close_vs_vwap_pct >= 0.3; cum_value_bil <= 15; distance_from_60d_high_pct <= -10,13,7,4,2,53.85,29.14,0.117
volume_ratio >= 2.0; volume_ratio >= 3.0; entry_gap_pct >= -1.5,13,7,3,3,53.85,29.14,0.079
volume_ratio >= 2.0; volume_ratio >= 3.0; entry_gap_pct >= -1,13,7,3,3,53.85,29.14,0.079
volume_ratio >= 2.0; cum_value_bil <= 5; distance_from_60d_high_pct <= -8,13,7,2,4,53.85,29.14,0.247
volume_ratio >= 2.5; volume_ratio >= 3.0; entry_gap_pct >= -1.5,13,7,3,3,53.85,29.14,0.079
volume_ratio >= 2.5; volume_ratio >= 3.0; entry_gap_pct >= -1,13,7,3,3,53.85,29.14,0.079
volume_ratio >= 3.0; entry_gap_pct >= -1.5; entry_gap_pct >= -1,13,7,3,3,53.85,29.14,0.079
cum_value_bil <= 8; market_median_change_pct >= -0.5; day_change_pct >= 5,13,7,4,2,53.85,29.14,0.117
volume_ratio >= 2.0; cum_value_bil <= 5,15,8,2,5,53.33,30.12,0.25
signal_hhmm <= 935; signal_close_vs_vwap_pct >= 0.3; volume_ratio >= 2.0,15,8,6,1,53.33,30.12,-0.004
signal_hhmm <= 940; cum_value_bil <= 10; distance_from_60d_high_pct <= -10,15,8,2,5,53.33,30.12,0.28
entry_vs_opening_high_pct >= -0.8; volume_ratio >= 2.0; cum_value_bil <= 5,15,8,2,5,53.33,30.12,0.25
entry_vs_opening_high_pct >= -0.8; volume_ratio >= 2.5; entry_gap_pct >= -1.5,15,8,4,3,53.33,30.12,0.048
entry_vs_opening_high_pct >= -0.8; volume_ratio >= 2.5; entry_gap_pct >= -1,15,8,4,3,53.33,30.12,0.048
entry_vs_opening_high_pct >= -0.5; signal_close_vs_vwap_pct >= 0.3; cum_value_bil <= 8,15,8,5,2,53.33,30.12,0.031
entry_vs_opening_high_pct >= -0.5; signal_close_vs_vwap_pct >= 0.3; distance_from_60d_high_pct <= -10,15,8,6,1,53.33,30.12,-0.026
entry_vs_opening_high_pct >= -0.5; cum_value_bil <= 15; distance_from_60d_high_pct <= -8,15,8,4,3,53.33,30.12,0.087
signal_close_vs_vwap_pct >= 0.3; cum_value_bil <= 8; distance_from_60d_high_pct <= -8,15,8,5,2,53.33,30.12,0.082
signal_close_vs_vwap_pct >= 0.5; cum_value_bil <= 15; distance_from_60d_high_pct <= -8,15,8,6,1,53.33,30.12,0.047
volume_ratio >= 2.0; cum_value_bil <= 5; cum_value_bil <= 8,15,8,2,5,53.33,30.12,0.25
volume_ratio >= 2.0; cum_value_bil <= 5; cum_value_bil <= 10,15,8,2,5,53.33,30.12,0.25
volume_ratio >= 2.0; cum_value_bil <= 5; cum_value_bil <= 15,15,8,2,5,53.33,30.12,0.25
volume_ratio >= 2.0; cum_value_bil <= 10; market_median_change_pct >= -0.5,15,8,2,5,53.33,30.12,0.25
entry_vs_opening_high_pct >= -0.8; signal_close_vs_vwap_pct >= 0.8,17,9,8,0,52.94,30.96,-0.071
signal_hhmm <= 935; cum_value_bil <= 10; distance_from_60d_high_pct <= -8,17,9,6,2,52.94,30.96,0.036
signal_hhmm <= 940; volume_ratio >= 2.0; cum_value_bil <= 10,17,9,3,5,52.94,30.96,0.203
opening_width_pct <= 3.0; market_median_change_pct >= -0.5; day_change_pct >= 5,17,9,6,2,52.94,30.96,0.055
opening_width_pct <= 3.0; market_median_change_pct >= 0; day_change_pct >= 5,17,9,6,2,52.94,30.96,0.055
opening_width_pct <= 3.0; day_change_pct >= 5; entry_gap_pct >= -1.5,17,9,6,2,52.94,30.96,0.055
entry_vs_opening_high_pct >= -0.8; signal_close_vs_vwap_pct >= 0.3; signal_close_vs_vwap_pct >= 0.8,17,9,8,0,52.94,30.96,-0.071
entry_vs_opening_high_pct >= -0.8; signal_close_vs_vwap_pct >= 0.5; signal_close_vs_vwap_pct >= 0.8,17,9,8,0,52.94,30.96,-0.071
entry_vs_opening_high_pct >= -0.8; volume_ratio >= 2.0; cum_value_bil <= 8,17,9,3,5,52.94,30.96,0.203
entry_vs_opening_high_pct >= -0.8; market_median_change_pct >= -0.5; day_change_pct >= 5,17,9,6,2,52.94,30.96,0.055
entry_vs_opening_high_pct >= -0.8; market_median_change_pct >= 0; day_change_pct >= 5,17,9,6,2,52.94,30.96,0.055
entry_vs_opening_high_pct >= -0.5; signal_close_vs_vwap_pct >= 0.3; volume_ratio >= 2.0,17,9,5,3,52.94,30.96,0.025
entry_vs_opening_high_pct >= -0.5; signal_close_vs_vwap_pct >= 0.3; cum_value_bil <= 10,17,9,6,2,52.94,30.96,0.01
volume_ratio >= 2.0; cum_value_bil <= 8; entry_gap_pct >= -1.5,17,9,3,5,52.94,30.96,0.203
volume_ratio >= 2.0; cum_value_bil <= 8; entry_gap_pct >= -1,17,9,3,5,52.94,30.96,0.203
market_median_change_pct >= 0; day_change_pct >= 5; entry_gap_pct >= -1.5,17,9,6,2,52.94,30.96,0.055
signal_close_vs_vwap_pct >= 0.8,19,10,9,0,52.63,31.71,-0.079
signal_close_vs_vwap_pct >= 0.3; signal_close_vs_vwap_pct >= 0.8,19,10,9,0,52.63,31.71,-0.079
signal_close_vs_vwap_pct >= 0.5; signal_close_vs_vwap_pct >= 0.8,19,10,9,0,52.63,31.71,-0.079
signal_close_vs_vwap_pct >= 0.5; volume_ratio >= 2.0,19,10,7,2,52.63,31.71,0.05
entry_vs_opening_high_pct >= -0.8; volume_ratio >= 2.0; cum_value_bil <= 15,19,10,4,5,52.63,31.71,0.166
signal_close_vs_vwap_pct >= 0.3; signal_close_vs_vwap_pct >= 0.5; signal_close_vs_vwap_pct >= 0.8,19,10,9,0,52.63,31.71,-0.079
signal_close_vs_vwap_pct >= 0.3; signal_close_vs_vwap_pct >= 0.5; volume_ratio >= 2.0,19,10,7,2,52.63,31.71,0.05
signal_close_vs_vwap_pct >= 0.3; volume_ratio >= 2.0; distance_from_60d_high_pct <= -8,19,10,6,3,52.63,31.71,0.047
volume_ratio >= 2.0; cum_value_bil <= 15; entry_gap_pct >= -1.5,19,10,4,5,52.63,31.71,0.166
volume_ratio >= 2.0; cum_value_bil <= 15; entry_gap_pct >= -1,19,10,4,5,52.63,31.71,0.166
signal_close_vs_vwap_pct >= 0.3; volume_ratio >= 2.0,23,12,7,4,52.17,32.96,0.049
signal_close_vs_vwap_pct >= 0.5; distance_from_60d_high_pct <= -8,22,11,10,1,50.0,30.72,-0.077
signal_close_vs_vwap_pct >= 0.3; signal_close_vs_vwap_pct >= 0.5; distance_from_60d_high_pct <= -8,22,11,10,1,50.0,30.72,-0.077
signal_close_vs_vwap_pct >= 0.3; volume_ratio >= 2.0; entry_gap_pct >= -1.5,22,11,7,4,50.0,30.72,-0.003
signal_close_vs_vwap_pct >= 0.3; volume_ratio >= 2.0; entry_gap_pct >= -1,22,11,7,4,50.0,30.72,-0.003
entry_vs_opening_high_pct >= -0.5; signal_close_vs_vwap_pct >= 0.5,20,10,9,1,50.0,29.93,-0.108
cum_value_bil <= 8; distance_from_60d_high_pct <= -8,20,10,5,5,50.0,29.93,0.105
entry_vs_opening_high_pct >= -0.8; entry_vs_opening_high_pct >= -0.5; signal_close_vs_vwap_pct >= 0.5,20,10,9,1,50.0,29.93,-0.108
entry_vs_opening_high_pct >= -0.5; signal_close_vs_vwap_pct >= 0.3; signal_close_vs_vwap_pct >= 0.5,20,10,9,1,50.0,29.93,-0.108
entry_vs_opening_high_pct >= -0.5; signal_close_vs_vwap_pct >= 0.3; distance_from_60d_high_pct <= -8,20,10,8,2,50.0,29.93,-0.111
cum_value_bil <= 8; cum_value_bil <= 10; distance_from_60d_high_pct <= -8,20,10,5,5,50.0,29.93,0.105
cum_value_bil <= 8; cum_value_bil <= 15; distance_from_60d_high_pct <= -8,20,10,5,5,50.0,29.93,0.105
signal_hhmm <= 940; signal_close_vs_vwap_pct >= 0.8,18,9,9,0,50.0,29.03,-0.15
signal_hhmm <= 935; entry_vs_opening_high_pct >= -0.8; cum_value_bil <= 8,18,9,6,3,50.0,29.03,-0.002
signal_hhmm <= 935; cum_value_bil <= 15; distance_from_60d_high_pct <= -8,18,9,7,2,50.0,29.03,-0.049
signal_hhmm <= 940; signal_close_vs_vwap_pct >= 0.3; signal_close_vs_vwap_pct >= 0.8,18,9,9,0,50.0,29.03,-0.15
signal_hhmm <= 940; signal_close_vs_vwap_pct >= 0.5; signal_close_vs_vwap_pct >= 0.8,18,9,9,0,50.0,29.03,-0.15
signal_hhmm <= 940; volume_ratio >= 2.0; cum_value_bil <= 15,18,9,4,5,50.0,29.03,0.108
signal_hhmm <= 940; cum_value_bil <= 8; distance_from_60d_high_pct <= -8,18,9,4,5,50.0,29.03,0.133
opening_width_pct <= 3.0; signal_close_vs_vwap_pct >= 0.5; distance_from_60d_high_pct <= -8,18,9,8,1,50.0,29.03,-0.061
opening_width_pct <= 3.0; cum_value_bil <= 8; distance_from_60d_high_pct <= -8,18,9,4,5,50.0,29.03,0.133
entry_vs_opening_high_pct >= -0.8; signal_close_vs_vwap_pct >= 0.5; volume_ratio >= 2.0,18,9,7,2,50.0,29.03,-0.014
entry_vs_opening_high_pct >= -0.5; signal_close_vs_vwap_pct >= 0.3; cum_value_bil <= 15,18,9,7,2,50.0,29.03,-0.074
signal_close_vs_vwap_pct >= 0.3; volume_ratio >= 2.0; market_median_change_pct >= -0.5,18,9,5,4,50.0,29.03,0.03
signal_close_vs_vwap_pct >= 0.3; cum_value_bil <= 10; distance_from_60d_high_pct <= -8,18,9,7,2,50.0,29.03,-0.032
signal_close_vs_vwap_pct >= 0.5; volume_ratio >= 2.0; entry_gap_pct >= -1.5,18,9,7,2,50.0,29.03,-0.014
signal_close_vs_vwap_pct >= 0.5; volume_ratio >= 2.0; entry_gap_pct >= -1,18,9,7,2,50.0,29.03,-0.014
signal_hhmm <= 935; volume_ratio >= 2.0,16,8,6,2,50.0,28.0,-0.065
signal_hhmm <= 935; distance_from_60d_high_pct <= -10,16,8,6,2,50.0,28.0,-0.036
opening_width_pct <= 3.0; signal_close_vs_vwap_pct >= 0.8,16,8,8,0,50.0,28.0,-0.15
entry_vs_opening_high_pct >= -0.5; signal_close_vs_vwap_pct >= 0.8,16,8,8,0,50.0,28.0,-0.15
cum_value_bil <= 10; distance_from_60d_high_pct <= -10,16,8,3,5,50.0,28.0,0.169
signal_hhmm <= 935; signal_hhmm <= 940; volume_ratio >= 2.0,16,8,6,2,50.0,28.0,-0.065
signal_hhmm <= 935; signal_hhmm <= 940; distance_from_60d_high_pct <= -10,16,8,6,2,50.0,28.0,-0.036
signal_hhmm <= 935; entry_vs_opening_high_pct >= -0.8; volume_ratio >= 2.0,16,8,6,2,50.0,28.0,-0.065
signal_hhmm <= 935; entry_vs_opening_high_pct >= -0.8; cum_value_bil <= 5,16,8,5,3,50.0,28.0,0.016
signal_hhmm <= 935; entry_vs_opening_high_pct >= -0.8; distance_from_60d_high_pct <= -10,16,8,6,2,50.0,28.0,-0.036
signal_hhmm <= 935; signal_close_vs_vwap_pct >= 0.3; cum_value_bil <= 8,16,8,7,1,50.0,28.0,-0.097
signal_hhmm <= 935; volume_ratio >= 2.0; entry_gap_pct >= -1.5,16,8,6,2,50.0,28.0,-0.065
signal_hhmm <= 935; volume_ratio >= 2.0; entry_gap_pct >= -1,16,8,6,2,50.0,28.0,-0.065
signal_hhmm <= 935; distance_from_60d_high_pct <= -8; distance_from_60d_high_pct <= -10,16,8,6,2,50.0,28.0,-0.036
signal_hhmm <= 940; entry_vs_opening_high_pct >= -0.8; signal_close_vs_vwap_pct >= 0.8,16,8,8,0,50.0,28.0,-0.15
signal_hhmm <= 940; entry_vs_opening_high_pct >= -0.5; distance_from_60d_high_pct <= -10,16,8,5,3,50.0,28.0,-0.013
signal_hhmm <= 940; signal_close_vs_vwap_pct >= 0.3; distance_from_60d_high_pct <= -10,16,8,6,2,50.0,28.0,-0.017
signal_hhmm <= 940; volume_ratio >= 2.0; cum_value_bil <= 8,16,8,3,5,50.0,28.0,0.141
signal_hhmm <= 940; cum_value_bil <= 15; distance_from_60d_high_pct <= -10,16,8,3,5,50.0,28.0,0.169
opening_width_pct <= 3.0; signal_close_vs_vwap_pct >= 0.3; signal_close_vs_vwap_pct >= 0.8,16,8,8,0,50.0,28.0,-0.15
opening_width_pct <= 3.0; signal_close_vs_vwap_pct >= 0.5; signal_close_vs_vwap_pct >= 0.8,16,8,8,0,50.0,28.0,-0.15
opening_width_pct <= 3.0; signal_close_vs_vwap_pct >= 0.5; volume_ratio >= 2.0,16,8,6,2,50.0,28.0,0.003
opening_width_pct <= 3.0; volume_ratio >= 2.0; cum_value_bil <= 8,16,8,3,5,50.0,28.0,0.141
opening_width_pct <= 3.0; volume_ratio >= 2.0; cum_value_bil <= 10,16,8,3,5,50.0,28.0,0.141
opening_width_pct <= 3.0; volume_ratio >= 2.0; cum_value_bil <= 15,16,8,3,5,50.0,28.0,0.141
entry_vs_opening_high_pct >= -0.8; entry_vs_opening_high_pct >= -0.5; signal_close_vs_vwap_pct >= 0.8,16,8,8,0,50.0,28.0,-0.15
entry_vs_opening_high_pct >= -0.8; signal_close_vs_vwap_pct >= 0.8; entry_gap_pct >= -1.5,16,8,8,0,50.0,28.0,-0.15
entry_vs_opening_high_pct >= -0.8; signal_close_vs_vwap_pct >= 0.8; entry_gap_pct >= -1,16,8,8,0,50.0,28.0,-0.15
entry_vs_opening_high_pct >= -0.8; cum_value_bil <= 10; distance_from_60d_high_pct <= -10,16,8,3,5,50.0,28.0,0.169
entry_vs_opening_high_pct >= -0.5; signal_close_vs_vwap_pct >= 0.3; signal_close_vs_vwap_pct >= 0.8,16,8,8,0,50.0,28.0,-0.15
entry_vs_opening_high_pct >= -0.5; signal_close_vs_vwap_pct >= 0.5; signal_close_vs_vwap_pct >= 0.8,16,8,8,0,50.0,28.0,-0.15
entry_vs_opening_high_pct >= -0.5; volume_ratio >= 2.0; distance_from_60d_high_pct <= -8,16,8,4,4,50.0,28.0,0.004
entry_vs_opening_high_pct >= -0.5; entry_gap_pct >= -1; distance_from_60d_high_pct <= -10,16,8,5,3,50.0,28.0,-0.013
signal_close_vs_vwap_pct >= 0.3; entry_gap_pct >= -1; distance_from_60d_high_pct <= -10,16,8,6,2,50.0,28.0,-0.017
signal_close_vs_vwap_pct >= 0.5; market_median_change_pct >= -0.5; distance_from_60d_high_pct <= -8,16,8,7,1,50.0,28.0,-0.049
signal_close_vs_vwap_pct >= 0.5; market_median_change_pct >= 0; distance_from_60d_high_pct <= -8,16,8,7,1,50.0,28.0,-0.049
volume_ratio >= 2.0; cum_value_bil <= 15; market_median_change_pct >= -0.5,16,8,3,5,50.0,28.0,0.141
cum_value_bil <= 10; cum_value_bil <= 15; distance_from_60d_high_pct <= -10,16,8,3,5,50.0,28.0,0.169
cum_value_bil <= 10; distance_from_60d_high_pct <= -8; distance_from_60d_high_pct <= -10,16,8,3,5,50.0,28.0,0.169
signal_close_vs_vwap_pct >= 0.5; distance_from_60d_high_pct <= -10,14,7,6,1,50.0,26.8,-0.035
volume_ratio >= 2.0; distance_from_60d_high_pct <= -10,14,7,3,4,50.0,26.8,0.122
cum_value_bil <= 8; distance_from_60d_high_pct <= -10,14,7,2,5,50.0,26.8,0.214
signal_hhmm <= 935; opening_width_pct <= 2.5; cum_value_bil <= 8,14,7,3,4,50.0,26.8,0.104
signal_hhmm <= 935; opening_width_pct <= 3.0; volume_ratio >= 2.0,14,7,5,2,50.0,26.8,-0.052
signal_hhmm <= 935; opening_width_pct <= 3.0; distance_from_60d_high_pct <= -10,14,7,5,2,50.0,26.8,-0.02
signal_hhmm <= 935; entry_vs_opening_high_pct >= -0.8; signal_close_vs_vwap_pct >= 0.8,14,7,7,0,50.0,26.8,-0.15
signal_hhmm <= 935; entry_vs_opening_high_pct >= -0.5; cum_value_bil <= 15,14,7,5,2,50.0,26.8,-0.052
signal_hhmm <= 935; signal_close_vs_vwap_pct >= 0.3; cum_value_bil <= 5,14,7,6,1,50.0,26.8,-0.09
signal_hhmm <= 935; signal_close_vs_vwap_pct >= 0.5; volume_ratio >= 2.0,14,7,6,1,50.0,26.8,-0.09
signal_hhmm <= 935; volume_ratio >= 2.0; distance_from_60d_high_pct <= -8,14,7,6,1,50.0,26.8,-0.113
signal_hhmm <= 935; market_median_change_pct >= -0.5; distance_from_60d_high_pct <= -10,14,7,5,2,50.0,26.8,-0.02
signal_hhmm <= 940; signal_close_vs_vwap_pct >= 0.5; distance_from_60d_high_pct <= -10,14,7,6,1,50.0,26.8,-0.035
signal_hhmm <= 940; volume_ratio >= 2.0; cum_value_bil <= 5,14,7,2,5,50.0,26.8,0.182
signal_hhmm <= 940; volume_ratio >= 2.0; distance_from_60d_high_pct <= -10,14,7,3,4,50.0,26.8,0.122
opening_width_pct <= 3.0; entry_vs_opening_high_pct >= -0.8; signal_close_vs_vwap_pct >= 0.8,14,7,7,0,50.0,26.8,-0.15
opening_width_pct <= 3.0; volume_ratio >= 2.0; cum_value_bil <= 5,14,7,2,5,50.0,26.8,0.182
entry_vs_opening_high_pct >= -0.8; signal_close_vs_vwap_pct >= 0.5; cum_value_bil <= 5,14,7,5,2,50.0,26.8,0.025
entry_vs_opening_high_pct >= -0.8; signal_close_vs_vwap_pct >= 0.5; distance_from_60d_high_pct <= -10,14,7,6,1,50.0,26.8,-0.035
entry_vs_opening_high_pct >= -0.8; volume_ratio >= 2.0; distance_from_60d_high_pct <= -10,14,7,3,4,50.0,26.8,0.122
entry_vs_opening_high_pct >= -0.8; cum_value_bil <= 8; distance_from_60d_high_pct <= -10,14,7,2,5,50.0,26.8,0.214
signal_close_vs_vwap_pct >= 0.3; signal_close_vs_vwap_pct >= 0.5; distance_from_60d_high_pct <= -10,14,7,6,1,50.0,26.8,-0.035
signal_close_vs_vwap_pct >= 0.5; volume_ratio >= 2.0; market_median_change_pct >= -0.5,14,7,5,2,50.0,26.8,0.025
signal_close_vs_vwap_pct >= 0.5; volume_ratio >= 2.0; market_median_change_pct >= 0,14,7,5,2,50.0,26.8,0.025
signal_close_vs_vwap_pct >= 0.5; entry_gap_pct >= -1.5; distance_from_60d_high_pct <= -10,14,7,6,1,50.0,26.8,-0.035
signal_close_vs_vwap_pct >= 0.5; entry_gap_pct >= -1; distance_from_60d_high_pct <= -10,14,7,6,1,50.0,26.8,-0.035
signal_close_vs_vwap_pct >= 0.5; distance_from_60d_high_pct <= -8; distance_from_60d_high_pct <= -10,14,7,6,1,50.0,26.8,-0.035
volume_ratio >= 2.0; cum_value_bil <= 5; entry_gap_pct >= -1.5,14,7,2,5,50.0,26.8,0.182
volume_ratio >= 2.0; cum_value_bil <= 5; entry_gap_pct >= -1,14,7,2,5,50.0,26.8,0.182
volume_ratio >= 2.0; cum_value_bil <= 8; market_median_change_pct >= -0.5,14,7,2,5,50.0,26.8,0.182
volume_ratio >= 2.0; entry_gap_pct >= -1.5; distance_from_60d_high_pct <= -10,14,7,3,4,50.0,26.8,0.122
volume_ratio >= 2.0; entry_gap_pct >= -1; distance_from_60d_high_pct <= -10,14,7,3,4,50.0,26.8,0.122
volume_ratio >= 2.0; distance_from_60d_high_pct <= -8; distance_from_60d_high_pct <= -10,14,7,3,4,50.0,26.8,0.122
cum_value_bil <= 8; cum_value_bil <= 10; distance_from_60d_high_pct <= -10,14,7,2,5,50.0,26.8,0.214
cum_value_bil <= 8; cum_value_bil <= 15; distance_from_60d_high_pct <= -10,14,7,2,5,50.0,26.8,0.214
cum_value_bil <= 8; distance_from_60d_high_pct <= -8; distance_from_60d_high_pct <= -10,14,7,2,5,50.0,26.8,0.214
cum_value_bil <= 10; entry_gap_pct >= -1; distance_from_60d_high_pct <= -10,14,7,2,5,50.0,26.8,0.214
opening_width_pct <= 3.0; volume_ratio >= 3.0,12,6,3,3,50.0,25.38,-0.015
entry_vs_opening_high_pct >= -0.8; volume_ratio >= 3.0,12,6,3,3,50.0,25.38,-0.015
entry_vs_opening_high_pct >= -0.2; signal_close_vs_vwap_pct >= 0.5,12,6,6,0,50.0,25.38,-0.15
entry_vs_opening_high_pct >= -0.2; signal_close_vs_vwap_pct >= 0.8,12,6,6,0,50.0,25.38,-0.15
volume_ratio >= 2.5; market_median_change_pct >= 0,12,6,3,3,50.0,25.38,-0.015
signal_hhmm <= 935; signal_close_vs_vwap_pct >= 0.5; distance_from_60d_high_pct <= -10,12,6,6,0,50.0,25.38,-0.15
signal_hhmm <= 935; volume_ratio >= 2.0; market_median_change_pct >= -0.5,12,6,4,2,50.0,25.38,-0.036
signal_hhmm <= 940; opening_width_pct <= 2.5; day_change_pct >= 5,12,6,4,2,50.0,25.38,0.027
signal_hhmm <= 940; cum_value_bil <= 5; distance_from_60d_high_pct <= -10,12,6,1,5,50.0,25.38,0.275
opening_width_pct <= 3.0; signal_close_vs_vwap_pct >= 0.3; volume_ratio >= 3.0,12,6,3,3,50.0,25.38,-0.015
opening_width_pct <= 3.0; volume_ratio >= 2.0; volume_ratio >= 3.0,12,6,3,3,50.0,25.38,-0.015
opening_width_pct <= 3.0; volume_ratio >= 2.5; volume_ratio >= 3.0,12,6,3,3,50.0,25.38,-0.015
entry_vs_opening_high_pct >= -0.8; entry_vs_opening_high_pct >= -0.2; signal_close_vs_vwap_pct >= 0.5,12,6,6,0,50.0,25.38,-0.15
entry_vs_opening_high_pct >= -0.8; entry_vs_opening_high_pct >= -0.2; signal_close_vs_vwap_pct >= 0.8,12,6,6,0,50.0,25.38,-0.15
entry_vs_opening_high_pct >= -0.8; signal_close_vs_vwap_pct >= 0.3; volume_ratio >= 3.0,12,6,3,3,50.0,25.38,-0.015
entry_vs_opening_high_pct >= -0.8; volume_ratio >= 2.0; volume_ratio >= 3.0,12,6,3,3,50.0,25.38,-0.015
entry_vs_opening_high_pct >= -0.8; volume_ratio >= 2.5; volume_ratio >= 3.0,12,6,3,3,50.0,25.38,-0.015
entry_vs_opening_high_pct >= -0.8; volume_ratio >= 2.5; market_median_change_pct >= -0.5,12,6,3,3,50.0,25.38,-0.015
entry_vs_opening_high_pct >= -0.5; entry_vs_opening_high_pct >= -0.2; signal_close_vs_vwap_pct >= 0.5,12,6,6,0,50.0,25.38,-0.15
entry_vs_opening_high_pct >= -0.5; entry_vs_opening_high_pct >= -0.2; signal_close_vs_vwap_pct >= 0.8,12,6,6,0,50.0,25.38,-0.15
entry_vs_opening_high_pct >= -0.2; signal_close_vs_vwap_pct >= 0.3; signal_close_vs_vwap_pct >= 0.5,12,6,6,0,50.0,25.38,-0.15
entry_vs_opening_high_pct >= -0.2; signal_close_vs_vwap_pct >= 0.3; signal_close_vs_vwap_pct >= 0.8,12,6,6,0,50.0,25.38,-0.15
entry_vs_opening_high_pct >= -0.2; signal_close_vs_vwap_pct >= 0.5; signal_close_vs_vwap_pct >= 0.8,12,6,6,0,50.0,25.38,-0.15
signal_close_vs_vwap_pct >= 0.3; volume_ratio >= 2.5; market_median_change_pct >= 0,12,6,3,3,50.0,25.38,-0.015
signal_close_vs_vwap_pct >= 0.5; market_median_change_pct >= -0.5; distance_from_60d_high_pct <= -10,12,6,5,1,50.0,25.38,-0.016
signal_close_vs_vwap_pct >= 0.5; market_median_change_pct >= 0; distance_from_60d_high_pct <= -10,12,6,5,1,50.0,25.38,-0.016
volume_ratio >= 2.0; volume_ratio >= 2.5; market_median_change_pct >= 0,12,6,3,3,50.0,25.38,-0.015
volume_ratio >= 2.0; market_median_change_pct >= -0.5; distance_from_60d_high_pct <= -10,12,6,2,4,50.0,25.38,0.167
volume_ratio >= 2.5; market_median_change_pct >= -0.5; market_median_change_pct >= 0,12,6,3,3,50.0,25.38,-0.015
volume_ratio >= 2.5; market_median_change_pct >= 0; entry_gap_pct >= -1.5,12,6,3,3,50.0,25.38,-0.015
volume_ratio >= 2.5; market_median_change_pct >= 0; entry_gap_pct >= -1,12,6,3,3,50.0,25.38,-0.015
cum_value_bil <= 5; day_change_pct >= 5; entry_gap_pct >= -1.5,12,6,4,2,50.0,25.38,0.027
cum_value_bil <= 8; market_median_change_pct >= 0; day_change_pct >= 5,12,6,4,2,50.0,25.38,0.027
cum_value_bil <= 8; entry_gap_pct >= -1; distance_from_60d_high_pct <= -10,12,6,1,5,50.0,25.38,0.275
signal_hhmm <= 940; volume_ratio >= 3.0,10,5,3,2,50.0,23.66,-0.014
entry_vs_opening_high_pct >= -0.2; cum_value_bil <= 10,10,5,3,2,50.0,23.66,0.017
volume_ratio >= 3.0; market_median_change_pct >= -0.5,10,5,2,3,50.0,23.66,0.012
signal_hhmm <= 925; opening_width_pct <= 3.0; cum_value_bil <= 8,10,5,2,3,50.0,23.66,0.116
signal_hhmm <= 925; entry_vs_opening_high_pct >= -0.5; distance_from_60d_high_pct <= -10,10,5,4,1,50.0,23.66,-0.098
signal_hhmm <= 925; signal_close_vs_vwap_pct >= 0.3; distance_from_60d_high_pct <= -10,10,5,5,0,50.0,23.66,-0.15
signal_hhmm <= 930; volume_ratio >= 2.0; cum_value_bil <= 15,10,5,3,2,50.0,23.66,-0.013
signal_hhmm <= 930; cum_value_bil <= 5; distance_from_60d_high_pct <= -8,10,5,3,2,50.0,23.66,0.032
signal_hhmm <= 930; cum_value_bil <= 15; distance_from_60d_high_pct <= -10,10,5,3,2,50.0,23.66,0.032
signal_hhmm <= 935; opening_width_pct <= 2.5; volume_ratio >= 2.0,10,5,3,2,50.0,23.66,-0.013
signal_hhmm <= 940; entry_vs_opening_high_pct >= -0.8; volume_ratio >= 3.0,10,5,3,2,50.0,23.66,-0.014
signal_hhmm <= 940; signal_close_vs_vwap_pct >= 0.3; volume_ratio >= 3.0,10,5,3,2,50.0,23.66,-0.014
signal_hhmm <= 940; volume_ratio >= 2.0; volume_ratio >= 3.0,10,5,3,2,50.0,23.66,-0.014
signal_hhmm <= 940; volume_ratio >= 2.5; volume_ratio >= 3.0,10,5,3,2,50.0,23.66,-0.014
signal_hhmm <= 940; volume_ratio >= 2.5; market_median_change_pct >= 0,10,5,3,2,50.0,23.66,-0.014
signal_hhmm <= 940; volume_ratio >= 3.0; cum_value_bil <= 10,10,5,3,2,50.0,23.66,-0.014
signal_hhmm <= 940; volume_ratio >= 3.0; cum_value_bil <= 15,10,5,3,2,50.0,23.66,-0.014
signal_hhmm <= 940; volume_ratio >= 3.0; entry_gap_pct >= -1.5,10,5,3,2,50.0,23.66,-0.014
signal_hhmm <= 940; volume_ratio >= 3.0; entry_gap_pct >= -1,10,5,3,2,50.0,23.66,-0.014
signal_hhmm <= 940; day_change_pct >= 5; entry_gap_pct >= -0.5,10,5,4,1,50.0,23.66,-0.098
opening_width_pct <= 2.5; volume_ratio >= 2.0; cum_value_bil <= 5,10,5,0,5,50.0,23.66,0.315
opening_width_pct <= 2.5; volume_ratio >= 2.0; cum_value_bil <= 8,10,5,0,5,50.0,23.66,0.315
opening_width_pct <= 2.5; volume_ratio >= 2.0; cum_value_bil <= 10,10,5,0,5,50.0,23.66,0.315
opening_width_pct <= 2.5; volume_ratio >= 2.0; cum_value_bil <= 15,10,5,0,5,50.0,23.66,0.315
opening_width_pct <= 2.5; cum_value_bil <= 5; day_change_pct >= 5,10,5,3,2,50.0,23.66,0.063
opening_width_pct <= 2.5; cum_value_bil <= 8; day_change_pct >= 5,10,5,3,2,50.0,23.66,0.063
opening_width_pct <= 2.5; cum_value_bil <= 10; day_change_pct >= 5,10,5,3,2,50.0,23.66,0.063
opening_width_pct <= 2.5; cum_value_bil <= 15; day_change_pct >= 5,10,5,3,2,50.0,23.66,0.063
opening_width_pct <= 2.5; day_change_pct >= 5; distance_from_60d_high_pct <= -8,10,5,3,2,50.0,23.66,0.063
opening_width_pct <= 3.0; entry_vs_opening_high_pct >= -0.2; signal_close_vs_vwap_pct >= 0.5,10,5,5,0,50.0,23.66,-0.15
opening_width_pct <= 3.0; entry_vs_opening_high_pct >= -0.2; signal_close_vs_vwap_pct >= 0.8,10,5,5,0,50.0,23.66,-0.15
opening_width_pct <= 3.0; volume_ratio >= 2.5; market_median_change_pct >= -0.5,10,5,2,3,50.0,23.66,0.012
opening_width_pct <= 3.0; volume_ratio >= 3.0; cum_value_bil <= 8,10,5,3,2,50.0,23.66,-0.014
opening_width_pct <= 3.0; volume_ratio >= 3.0; cum_value_bil <= 10,10,5,3,2,50.0,23.66,-0.014
opening_width_pct <= 3.0; volume_ratio >= 3.0; cum_value_bil <= 15,10,5,3,2,50.0,23.66,-0.014
entry_vs_opening_high_pct >= -0.8; entry_vs_opening_high_pct >= -0.2; cum_value_bil <= 10,10,5,3,2,50.0,23.66,0.017
entry_vs_opening_high_pct >= -0.8; volume_ratio >= 2.5; entry_gap_pct >= -0.5,10,5,3,2,50.0,23.66,-0.072
entry_vs_opening_high_pct >= -0.8; volume_ratio >= 3.0; cum_value_bil <= 8,10,5,3,2,50.0,23.66,-0.014
entry_vs_opening_high_pct >= -0.8; day_change_pct >= 5; entry_gap_pct >= -0.5,10,5,4,1,50.0,23.66,-0.098
entry_vs_opening_high_pct >= -0.5; entry_vs_opening_high_pct >= -0.2; cum_value_bil <= 10,10,5,3,2,50.0,23.66,0.017
entry_vs_opening_high_pct >= -0.5; volume_ratio >= 2.5; market_median_change_pct >= 0,10,5,2,3,50.0,23.66,0.012
entry_vs_opening_high_pct >= -0.5; cum_value_bil <= 5; distance_from_60d_high_pct <= -10,10,5,2,3,50.0,23.66,0.07
entry_vs_opening_high_pct >= -0.5; day_change_pct >= 5; entry_gap_pct >= -0.5,10,5,4,1,50.0,23.66,-0.098
entry_vs_opening_high_pct >= -0.2; signal_close_vs_vwap_pct >= 0.3; cum_value_bil <= 15,10,5,4,1,50.0,23.66,-0.098
entry_vs_opening_high_pct >= -0.2; signal_close_vs_vwap_pct >= 0.5; market_median_change_pct >= -0.5,10,5,5,0,50.0,23.66,-0.15
entry_vs_opening_high_pct >= -0.2; signal_close_vs_vwap_pct >= 0.5; market_median_change_pct >= 0,10,5,5,0,50.0,23.66,-0.15
entry_vs_opening_high_pct >= -0.2; signal_close_vs_vwap_pct >= 0.5; distance_from_60d_high_pct <= -8,10,5,5,0,50.0,23.66,-0.15
entry_vs_opening_high_pct >= -0.2; signal_close_vs_vwap_pct >= 0.8; market_median_change_pct >= -0.5,10,5,5,0,50.0,23.66,-0.15
entry_vs_opening_high_pct >= -0.2; signal_close_vs_vwap_pct >= 0.8; market_median_change_pct >= 0,10,5,5,0,50.0,23.66,-0.15
entry_vs_opening_high_pct >= -0.2; signal_close_vs_vwap_pct >= 0.8; distance_from_60d_high_pct <= -8,10,5,5,0,50.0,23.66,-0.15
entry_vs_opening_high_pct >= -0.2; cum_value_bil <= 10; cum_value_bil <= 15,10,5,3,2,50.0,23.66,0.017
signal_close_vs_vwap_pct >= 0.3; volume_ratio >= 3.0; market_median_change_pct >= -0.5,10,5,2,3,50.0,23.66,0.012
signal_close_vs_vwap_pct >= 0.3; cum_value_bil <= 15; market_median_change_pct >= 0.3,10,5,4,1,50.0,23.66,-0.066
volume_ratio >= 2.0; volume_ratio >= 3.0; market_median_change_pct >= -0.5,10,5,2,3,50.0,23.66,0.012
volume_ratio >= 2.5; volume_ratio >= 3.0; market_median_change_pct >= -0.5,10,5,2,3,50.0,23.66,0.012
volume_ratio >= 2.5; cum_value_bil <= 15; market_median_change_pct >= 0,10,5,3,2,50.0,23.66,-0.014
volume_ratio >= 3.0; cum_value_bil <= 8; entry_gap_pct >= -1.5,10,5,3,2,50.0,23.66,-0.014
volume_ratio >= 3.0; cum_value_bil <= 8; entry_gap_pct >= -1,10,5,3,2,50.0,23.66,-0.014
volume_ratio >= 3.0; market_median_change_pct >= -0.5; entry_gap_pct >= -1.5,10,5,2,3,50.0,23.66,0.012
volume_ratio >= 3.0; market_median_change_pct >= -0.5; entry_gap_pct >= -1,10,5,2,3,50.0,23.66,0.012
cum_value_bil <= 10; entry_gap_pct >= -0.5; distance_from_60d_high_pct <= -10,10,5,2,3,50.0,23.66,0.147
market_median_change_pct >= 0; day_change_pct >= 5; entry_gap_pct >= -0.5,10,5,4,1,50.0,23.66,-0.098
signal_hhmm <= 935; signal_close_vs_vwap_pct >= 1.0,8,4,4,0,50.0,21.52,-0.15
signal_hhmm <= 935; cum_value_bil <= 3,8,4,3,1,50.0,21.52,-0.038
entry_vs_opening_high_pct >= -0.5; cum_value_bil <= 3,8,4,2,2,50.0,21.52,0.059
entry_vs_opening_high_pct >= -0.2; signal_close_vs_vwap_pct >= 1.0,8,4,4,0,50.0,21.52,-0.15
entry_vs_opening_high_pct >= -0.2; cum_value_bil <= 5,8,4,2,2,50.0,21.52,0.059
entry_vs_opening_high_pct >= -0.2; cum_value_bil <= 8,8,4,2,2,50.0,21.52,0.059
signal_close_vs_vwap_pct >= 0.3; cum_value_bil <= 3,8,4,3,1,50.0,21.52,-0.085
signal_close_vs_vwap_pct >= 0.3; market_median_change_pct >= 0.5,8,4,4,0,50.0,21.52,-0.15
signal_close_vs_vwap_pct >= 0.3; day_change_pct >= 7,8,4,4,0,50.0,21.52,-0.15
signal_close_vs_vwap_pct >= 0.8; market_median_change_pct >= 0.3,8,4,4,0,50.0,21.52,-0.15
volume_ratio >= 2.0; market_median_change_pct >= 0.3,8,4,2,2,50.0,21.52,0.021
signal_hhmm <= 925; opening_width_pct <= 2.5; cum_value_bil <= 8,8,4,1,3,50.0,21.52,0.183
signal_hhmm <= 925; entry_vs_opening_high_pct >= -0.5; cum_value_bil <= 10,8,4,2,2,50.0,21.52,0.021
signal_hhmm <= 925; signal_close_vs_vwap_pct >= 0.3; cum_value_bil <= 8,8,4,3,1,50.0,21.52,-0.044
signal_hhmm <= 925; volume_ratio >= 2.0; cum_value_bil <= 15,8,4,2,2,50.0,21.52,0.021
signal_hhmm <= 925; volume_ratio >= 2.0; market_median_change_pct >= -0.5,8,4,2,2,50.0,21.52,0.021
signal_hhmm <= 925; volume_ratio >= 2.0; distance_from_60d_high_pct <= -10,8,4,3,1,50.0,21.52,-0.085
signal_hhmm <= 925; cum_value_bil <= 8; entry_gap_pct >= -0.5,8,4,3,1,50.0,21.52,0.012
signal_hhmm <= 925; cum_value_bil <= 15; distance_from_60d_high_pct <= -10,8,4,2,2,50.0,21.52,0.077
signal_hhmm <= 930; entry_vs_opening_high_pct >= -0.5; cum_value_bil <= 8,8,4,2,2,50.0,21.52,0.021
signal_hhmm <= 930; signal_close_vs_vwap_pct >= 0.5; volume_ratio >= 2.5,8,4,3,1,50.0,21.52,-0.044
signal_hhmm <= 930; volume_ratio >= 2.0; cum_value_bil <= 5,8,4,2,2,50.0,21.52,0.021
signal_hhmm <= 930; volume_ratio >= 2.0; distance_from_60d_high_pct <= -10,8,4,3,1,50.0,21.52,-0.085
signal_hhmm <= 935; signal_hhmm <= 940; signal_close_vs_vwap_pct >= 1.0,8,4,4,0,50.0,21.52,-0.15
signal_hhmm <= 935; signal_hhmm <= 940; cum_value_bil <= 3,8,4,3,1,50.0,21.52,-0.038
signal_hhmm <= 935; opening_width_pct <= 3.0; cum_value_bil <= 3,8,4,3,1,50.0,21.52,-0.038
signal_hhmm <= 935; entry_vs_opening_high_pct >= -0.8; signal_close_vs_vwap_pct >= 1.0,8,4,4,0,50.0,21.52,-0.15
signal_hhmm <= 935; signal_close_vs_vwap_pct >= 0.3; signal_close_vs_vwap_pct >= 1.0,8,4,4,0,50.0,21.52,-0.15
signal_hhmm <= 935; signal_close_vs_vwap_pct >= 0.5; signal_close_vs_vwap_pct >= 1.0,8,4,4,0,50.0,21.52,-0.15
signal_hhmm <= 935; signal_close_vs_vwap_pct >= 0.8; signal_close_vs_vwap_pct >= 1.0,8,4,4,0,50.0,21.52,-0.15
signal_hhmm <= 935; signal_close_vs_vwap_pct >= 1.0; entry_gap_pct >= -1.5,8,4,4,0,50.0,21.52,-0.15
signal_hhmm <= 935; signal_close_vs_vwap_pct >= 1.0; entry_gap_pct >= -1,8,4,4,0,50.0,21.52,-0.15
signal_hhmm <= 935; signal_close_vs_vwap_pct >= 1.0; distance_from_60d_high_pct <= -8,8,4,4,0,50.0,21.52,-0.15
signal_hhmm <= 935; volume_ratio >= 2.0; entry_gap_pct >= -0.5,8,4,4,0,50.0,21.52,-0.15
signal_hhmm <= 935; cum_value_bil <= 3; cum_value_bil <= 5,8,4,3,1,50.0,21.52,-0.038
signal_hhmm <= 935; cum_value_bil <= 3; cum_value_bil <= 8,8,4,3,1,50.0,21.52,-0.038
signal_hhmm <= 935; cum_value_bil <= 3; cum_value_bil <= 10,8,4,3,1,50.0,21.52,-0.038
signal_hhmm <= 935; cum_value_bil <= 3; cum_value_bil <= 15,8,4,3,1,50.0,21.52,-0.038
signal_hhmm <= 935; day_change_pct >= 5; entry_gap_pct >= -0.5,8,4,4,0,50.0,21.52,-0.15
signal_hhmm <= 940; entry_vs_opening_high_pct >= -0.8; cum_value_bil <= 3,8,4,2,2,50.0,21.52,0.059
signal_hhmm <= 940; entry_vs_opening_high_pct >= -0.5; signal_close_vs_vwap_pct >= 1.0,8,4,4,0,50.0,21.52,-0.15
signal_hhmm <= 940; entry_vs_opening_high_pct >= -0.2; cum_value_bil <= 10,8,4,2,2,50.0,21.52,0.059
signal_hhmm <= 940; signal_close_vs_vwap_pct >= 0.3; market_median_change_pct >= 0.5,8,4,4,0,50.0,21.52,-0.15
signal_hhmm <= 940; signal_close_vs_vwap_pct >= 0.8; market_median_change_pct >= 0.3,8,4,4,0,50.0,21.52,-0.15
signal_hhmm <= 940; volume_ratio >= 2.0; market_median_change_pct >= 0.3,8,4,2,2,50.0,21.52,0.021
signal_hhmm <= 940; volume_ratio >= 3.0; cum_value_bil <= 5,8,4,2,2,50.0,21.52,0.02
opening_width_pct <= 2.5; entry_vs_opening_high_pct >= -0.8; cum_value_bil <= 3,8,4,2,2,50.0,21.52,0.059
opening_width_pct <= 2.5; entry_vs_opening_high_pct >= -0.2; day_change_pct >= 5,8,4,3,1,50.0,21.52,-0.085
opening_width_pct <= 2.5; signal_close_vs_vwap_pct >= 0.8; distance_from_60d_high_pct <= -8,8,4,4,0,50.0,21.52,-0.15
opening_width_pct <= 3.0; entry_vs_opening_high_pct >= -0.5; volume_ratio >= 3.0,8,4,1,3,50.0,21.52,0.053
opening_width_pct <= 3.0; entry_vs_opening_high_pct >= -0.5; cum_value_bil <= 3,8,4,2,2,50.0,21.52,0.059
opening_width_pct <= 3.0; entry_vs_opening_high_pct >= -0.2; cum_value_bil <= 5,8,4,2,2,50.0,21.52,0.059
opening_width_pct <= 3.0; entry_vs_opening_high_pct >= -0.2; cum_value_bil <= 8,8,4,2,2,50.0,21.52,0.059
opening_width_pct <= 3.0; entry_vs_opening_high_pct >= 0; signal_close_vs_vwap_pct >= 0.5,8,4,4,0,50.0,21.52,-0.15
opening_width_pct <= 3.0; entry_vs_opening_high_pct >= 0; signal_close_vs_vwap_pct >= 0.8,8,4,4,0,50.0,21.52,-0.15
opening_width_pct <= 3.0; signal_close_vs_vwap_pct >= 0.3; cum_value_bil <= 3,8,4,3,1,50.0,21.52,-0.085
entry_vs_opening_high_pct >= -0.8; entry_vs_opening_high_pct >= -0.5; cum_value_bil <= 3,8,4,2,2,50.0,21.52,0.059
entry_vs_opening_high_pct >= -0.8; entry_vs_opening_high_pct >= -0.2; signal_close_vs_vwap_pct >= 1.0,8,4,4,0,50.0,21.52,-0.15
entry_vs_opening_high_pct >= -0.8; entry_vs_opening_high_pct >= -0.2; cum_value_bil <= 5,8,4,2,2,50.0,21.52,0.059
entry_vs_opening_high_pct >= -0.8; entry_vs_opening_high_pct >= -0.2; cum_value_bil <= 8,8,4,2,2,50.0,21.52,0.059
entry_vs_opening_high_pct >= -0.8; signal_close_vs_vwap_pct >= 0.3; day_change_pct >= 7,8,4,4,0,50.0,21.52,-0.15
entry_vs_opening_high_pct >= -0.8; volume_ratio >= 2.0; market_median_change_pct >= 0.3,8,4,2,2,50.0,21.52,0.021
entry_vs_opening_high_pct >= -0.5; entry_vs_opening_high_pct >= -0.2; signal_close_vs_vwap_pct >= 1.0,8,4,4,0,50.0,21.52,-0.15
entry_vs_opening_high_pct >= -0.5; entry_vs_opening_high_pct >= -0.2; cum_value_bil <= 5,8,4,2,2,50.0,21.52,0.059
entry_vs_opening_high_pct >= -0.5; entry_vs_opening_high_pct >= -0.2; cum_value_bil <= 8,8,4,2,2,50.0,21.52,0.059
entry_vs_opening_high_pct >= -0.5; signal_close_vs_vwap_pct >= 0.5; market_median_change_pct >= 0.3,8,4,3,1,50.0,21.52,-0.044
entry_vs_opening_high_pct >= -0.5; signal_close_vs_vwap_pct >= 1.0; entry_gap_pct >= -1.5,8,4,4,0,50.0,21.52,-0.15
entry_vs_opening_high_pct >= -0.5; signal_close_vs_vwap_pct >= 1.0; entry_gap_pct >= -1,8,4,4,0,50.0,21.52,-0.15
entry_vs_opening_high_pct >= -0.5; volume_ratio >= 2.0; market_median_change_pct >= 0.3,8,4,2,2,50.0,21.52,0.021
entry_vs_opening_high_pct >= -0.5; volume_ratio >= 3.0; entry_gap_pct >= -1.5,8,4,1,3,50.0,21.52,0.053
entry_vs_opening_high_pct >= -0.5; volume_ratio >= 3.0; entry_gap_pct >= -1,8,4,1,3,50.0,21.52,0.053
entry_vs_opening_high_pct >= -0.5; cum_value_bil <= 3; cum_value_bil <= 5,8,4,2,2,50.0,21.52,0.059
entry_vs_opening_high_pct >= -0.5; cum_value_bil <= 3; cum_value_bil <= 8,8,4,2,2,50.0,21.52,0.059
entry_vs_opening_high_pct >= -0.5; cum_value_bil <= 3; cum_value_bil <= 10,8,4,2,2,50.0,21.52,0.059
entry_vs_opening_high_pct >= -0.5; cum_value_bil <= 3; cum_value_bil <= 15,8,4,2,2,50.0,21.52,0.059
entry_vs_opening_high_pct >= -0.5; cum_value_bil <= 15; market_median_change_pct >= 0.3,8,4,2,2,50.0,21.52,0.021
entry_vs_opening_high_pct >= -0.2; signal_close_vs_vwap_pct >= 0.3; signal_close_vs_vwap_pct >= 1.0,8,4,4,0,50.0,21.52,-0.15
entry_vs_opening_high_pct >= -0.2; signal_close_vs_vwap_pct >= 0.5; signal_close_vs_vwap_pct >= 1.0,8,4,4,0,50.0,21.52,-0.15
entry_vs_opening_high_pct >= -0.2; signal_close_vs_vwap_pct >= 0.5; distance_from_60d_high_pct <= -10,8,4,4,0,50.0,21.52,-0.15
entry_vs_opening_high_pct >= -0.2; signal_close_vs_vwap_pct >= 0.8; signal_close_vs_vwap_pct >= 1.0,8,4,4,0,50.0,21.52,-0.15
entry_vs_opening_high_pct >= -0.2; signal_close_vs_vwap_pct >= 0.8; distance_from_60d_high_pct <= -10,8,4,4,0,50.0,21.52,-0.15
entry_vs_opening_high_pct >= -0.2; signal_close_vs_vwap_pct >= 1.0; distance_from_60d_high_pct <= -8,8,4,4,0,50.0,21.52,-0.15
entry_vs_opening_high_pct >= -0.2; cum_value_bil <= 5; cum_value_bil <= 8,8,4,2,2,50.0,21.52,0.059
entry_vs_opening_high_pct >= -0.2; cum_value_bil <= 5; cum_value_bil <= 10,8,4,2,2,50.0,21.52,0.059
entry_vs_opening_high_pct >= -0.2; cum_value_bil <= 5; cum_value_bil <= 15,8,4,2,2,50.0,21.52,0.059
entry_vs_opening_high_pct >= -0.2; cum_value_bil <= 8; cum_value_bil <= 10,8,4,2,2,50.0,21.52,0.059
entry_vs_opening_high_pct >= -0.2; cum_value_bil <= 8; cum_value_bil <= 15,8,4,2,2,50.0,21.52,0.059
entry_vs_opening_high_pct >= -0.2; cum_value_bil <= 10; entry_gap_pct >= -1,8,4,2,2,50.0,21.52,0.059
entry_vs_opening_high_pct >= -0.2; cum_value_bil <= 10; distance_from_60d_high_pct <= -8,8,4,2,2,50.0,21.52,0.059
entry_vs_opening_high_pct >= 0; signal_close_vs_vwap_pct >= 0.5; volume_ratio >= 2.0,8,4,4,0,50.0,21.52,-0.15
entry_vs_opening_high_pct >= 0; signal_close_vs_vwap_pct >= 0.8; volume_ratio >= 2.0,8,4,4,0,50.0,21.52,-0.15
signal_close_vs_vwap_pct >= 0.3; signal_close_vs_vwap_pct >= 0.8; market_median_change_pct >= 0.3,8,4,4,0,50.0,21.52,-0.15
signal_close_vs_vwap_pct >= 0.3; cum_value_bil <= 3; cum_value_bil <= 5,8,4,3,1,50.0,21.52,-0.085
signal_close_vs_vwap_pct >= 0.3; cum_value_bil <= 3; cum_value_bil <= 8,8,4,3,1,50.0,21.52,-0.085
signal_close_vs_vwap_pct >= 0.3; cum_value_bil <= 3; cum_value_bil <= 10,8,4,3,1,50.0,21.52,-0.085
signal_close_vs_vwap_pct >= 0.3; cum_value_bil <= 3; cum_value_bil <= 15,8,4,3,1,50.0,21.52,-0.085
signal_close_vs_vwap_pct >= 0.3; market_median_change_pct >= -0.5; market_median_change_pct >= 0.5,8,4,4,0,50.0,21.52,-0.15
signal_close_vs_vwap_pct >= 0.3; market_median_change_pct >= 0; market_median_change_pct >= 0.5,8,4,4,0,50.0,21.52,-0.15
signal_close_vs_vwap_pct >= 0.3; market_median_change_pct >= 0.3; market_median_change_pct >= 0.5,8,4,4,0,50.0,21.52,-0.15
signal_close_vs_vwap_pct >= 0.3; day_change_pct >= 5; day_change_pct >= 7,8,4,4,0,50.0,21.52,-0.15
signal_close_vs_vwap_pct >= 0.5; signal_close_vs_vwap_pct >= 0.8; market_median_change_pct >= 0.3,8,4,4,0,50.0,21.52,-0.15
signal_close_vs_vwap_pct >= 0.5; market_median_change_pct >= 0.3; distance_from_60d_high_pct <= -8,8,4,4,0,50.0,21.52,-0.15
signal_close_vs_vwap_pct >= 0.8; cum_value_bil <= 8; market_median_change_pct >= -0.5,8,4,4,0,50.0,21.52,-0.15
signal_close_vs_vwap_pct >= 0.8; cum_value_bil <= 8; market_median_change_pct >= 0,8,4,4,0,50.0,21.52,-0.15
signal_close_vs_vwap_pct >= 0.8; market_median_change_pct >= -0.5; market_median_change_pct >= 0.3,8,4,4,0,50.0,21.52,-0.15
signal_close_vs_vwap_pct >= 0.8; market_median_change_pct >= 0; market_median_change_pct >= 0.3,8,4,4,0,50.0,21.52,-0.15
volume_ratio >= 2.0; market_median_change_pct >= -0.5; market_median_change_pct >= 0.3,8,4,2,2,50.0,21.52,0.021
volume_ratio >= 2.0; market_median_change_pct >= 0; market_median_change_pct >= 0.3,8,4,2,2,50.0,21.52,0.021
volume_ratio >= 2.0; market_median_change_pct >= 0.3; entry_gap_pct >= -1.5,8,4,2,2,50.0,21.52,0.021
volume_ratio >= 2.0; market_median_change_pct >= 0.3; entry_gap_pct >= -1,8,4,2,2,50.0,21.52,0.021
volume_ratio >= 2.5; cum_value_bil <= 8; market_median_change_pct >= 0,8,4,2,2,50.0,21.52,0.02
volume_ratio >= 2.5; market_median_change_pct >= 0; entry_gap_pct >= -0.5,8,4,2,2,50.0,21.52,-0.053
volume_ratio >= 3.0; cum_value_bil <= 5; entry_gap_pct >= -1.5,8,4,2,2,50.0,21.52,0.02
volume_ratio >= 3.0; cum_value_bil <= 5; entry_gap_pct >= -1,8,4,2,2,50.0,21.52,0.02
volume_ratio >= 3.0; cum_value_bil <= 10; market_median_change_pct >= -0.5,8,4,2,2,50.0,21.52,0.02
volume_ratio >= 3.0; cum_value_bil <= 15; market_median_change_pct >= -0.5,8,4,2,2,50.0,21.52,0.02
cum_value_bil <= 8; entry_gap_pct >= -0.5; distance_from_60d_high_pct <= -10,8,4,1,3,50.0,21.52,0.221
cum_value_bil <= 10; market_median_change_pct >= 0.3; distance_from_60d_high_pct <= -8,8,4,2,2,50.0,21.52,0.077
cum_value_bil <= 15; market_median_change_pct >= 0.3; distance_from_60d_high_pct <= -10,8,4,2,2,50.0,21.52,0.077
volume_ratio >= 2.0,25,12,7,6,48.0,30.03,-0.007
cum_value_bil <= 10; distance_from_60d_high_pct <= -8,23,11,7,5,47.83,29.24,0.013
cum_value_bil <= 10; cum_value_bil <= 15; distance_from_60d_high_pct <= -8,23,11,7,5,47.83,29.24,0.013
signal_hhmm <= 935; cum_value_bil <= 8,21,10,7,4,47.62,28.34,-0.045
signal_close_vs_vwap_pct >= 0.5; cum_value_bil <= 10,21,10,9,2,47.62,28.34,-0.097
volume_ratio >= 2.0; distance_from_60d_high_pct <= -8,21,10,6,5,47.62,28.34,-0.02
signal_hhmm <= 935; signal_hhmm <= 940; cum_value_bil <= 8,21,10,7,4,47.62,28.34,-0.045
signal_hhmm <= 935; cum_value_bil <= 8; cum_value_bil <= 10,21,10,7,4,47.62,28.34,-0.045
signal_hhmm <= 935; cum_value_bil <= 8; cum_value_bil <= 15,21,10,7,4,47.62,28.34,-0.045
signal_hhmm <= 940; cum_value_bil <= 10; distance_from_60d_high_pct <= -8,21,10,6,5,47.62,28.34,0.029
entry_vs_opening_high_pct >= -0.8; signal_close_vs_vwap_pct >= 0.3; volume_ratio >= 2.0,21,10,7,4,47.62,28.34,-0.06
entry_vs_opening_high_pct >= -0.8; signal_close_vs_vwap_pct >= 0.5; distance_from_60d_high_pct <= -8,21,10,10,1,47.62,28.34,-0.138
signal_close_vs_vwap_pct >= 0.3; signal_close_vs_vwap_pct >= 0.5; cum_value_bil <= 10,21,10,9,2,47.62,28.34,-0.097
signal_close_vs_vwap_pct >= 0.5; cum_value_bil <= 10; cum_value_bil <= 15,21,10,9,2,47.62,28.34,-0.097
signal_close_vs_vwap_pct >= 0.5; entry_gap_pct >= -1.5; distance_from_60d_high_pct <= -8,21,10,10,1,47.62,28.34,-0.138
signal_close_vs_vwap_pct >= 0.5; entry_gap_pct >= -1; distance_from_60d_high_pct <= -8,21,10,10,1,47.62,28.34,-0.138
entry_vs_opening_high_pct >= -0.5; volume_ratio >= 2.0,19,9,5,5,47.37,27.33,-0.047
entry_vs_opening_high_pct >= -0.5; cum_value_bil <= 10,19,9,6,4,47.37,27.33,-0.061
signal_hhmm <= 935; opening_width_pct <= 3.0; cum_value_bil <= 8,19,9,6,4,47.37,27.33,-0.034
signal_hhmm <= 940; entry_vs_opening_high_pct >= -0.5; signal_close_vs_vwap_pct >= 0.5,19,9,9,1,47.37,27.33,-0.177
signal_hhmm <= 940; signal_close_vs_vwap_pct >= 0.3; volume_ratio >= 2.0,19,9,7,3,47.37,27.33,-0.065
opening_width_pct <= 3.0; signal_close_vs_vwap_pct >= 0.3; volume_ratio >= 2.0,19,9,6,4,47.37,27.33,-0.051
entry_vs_opening_high_pct >= -0.8; entry_vs_opening_high_pct >= -0.5; volume_ratio >= 2.0,19,9,5,5,47.37,27.33,-0.047
entry_vs_opening_high_pct >= -0.8; entry_vs_opening_high_pct >= -0.5; cum_value_bil <= 10,19,9,6,4,47.37,27.33,-0.061
entry_vs_opening_high_pct >= -0.8; signal_close_vs_vwap_pct >= 0.5; cum_value_bil <= 10,19,9,8,2,47.37,27.33,-0.092
entry_vs_opening_high_pct >= -0.8; cum_value_bil <= 8; distance_from_60d_high_pct <= -8,19,9,5,5,47.37,27.33,0.048
entry_vs_opening_high_pct >= -0.5; signal_close_vs_vwap_pct >= 0.5; entry_gap_pct >= -1.5,19,9,9,1,47.37,27.33,-0.177
entry_vs_opening_high_pct >= -0.5; signal_close_vs_vwap_pct >= 0.5; entry_gap_pct >= -1,19,9,9,1,47.37,27.33,-0.177
entry_vs_opening_high_pct >= -0.5; cum_value_bil <= 10; cum_value_bil <= 15,19,9,6,4,47.37,27.33,-0.061
signal_close_vs_vwap_pct >= 0.3; cum_value_bil <= 15; distance_from_60d_high_pct <= -8,19,9,8,2,47.37,27.33,-0.109
entry_vs_opening_high_pct >= -0.5; cum_value_bil <= 8,17,8,5,4,47.06,26.16,-0.05
entry_vs_opening_high_pct >= -0.5; distance_from_60d_high_pct <= -10,17,8,6,3,47.06,26.16,-0.1
signal_close_vs_vwap_pct >= 0.3; distance_from_60d_high_pct <= -10,17,8,7,2,47.06,26.16,-0.104
signal_close_vs_vwap_pct >= 0.8; entry_gap_pct >= -1.5,17,8,9,0,47.06,26.16,-0.229
signal_close_vs_vwap_pct >= 0.8; entry_gap_pct >= -1,17,8,9,0,47.06,26.16,-0.229
cum_value_bil <= 5; distance_from_60d_high_pct <= -8,17,8,4,5,47.06,26.16,0.071
cum_value_bil <= 15; distance_from_60d_high_pct <= -10,17,8,4,5,47.06,26.16,0.071
signal_hhmm <= 935; entry_vs_opening_high_pct >= -0.5; signal_close_vs_vwap_pct >= 0.5,17,8,8,1,47.06,26.16,-0.18
signal_hhmm <= 935; entry_vs_opening_high_pct >= -0.5; distance_from_60d_high_pct <= -8,17,8,8,1,47.06,26.16,-0.199
signal_hhmm <= 935; cum_value_bil <= 8; market_median_change_pct >= -0.5,17,8,5,4,47.06,26.16,-0.02
signal_hhmm <= 940; entry_vs_opening_high_pct >= -0.5; volume_ratio >= 2.0,17,8,5,4,47.06,26.16,-0.05
signal_hhmm <= 940; entry_vs_opening_high_pct >= -0.5; cum_value_bil <= 10,17,8,5,4,47.06,26.16,-0.05
signal_hhmm <= 940; signal_close_vs_vwap_pct >= 0.5; volume_ratio >= 2.0,17,8,7,2,47.06,26.16,-0.085
signal_hhmm <= 940; signal_close_vs_vwap_pct >= 0.8; entry_gap_pct >= -1.5,17,8,9,0,47.06,26.16,-0.229
signal_hhmm <= 940; signal_close_vs_vwap_pct >= 0.8; entry_gap_pct >= -1,17,8,9,0,47.06,26.16,-0.229
opening_width_pct <= 3.0; entry_vs_opening_high_pct >= -0.5; signal_close_vs_vwap_pct >= 0.5,17,8,8,1,47.06,26.16,-0.18
entry_vs_opening_high_pct >= -0.8; entry_vs_opening_high_pct >= -0.5; cum_value_bil <= 8,17,8,5,4,47.06,26.16,-0.05
entry_vs_opening_high_pct >= -0.8; entry_vs_opening_high_pct >= -0.5; distance_from_60d_high_pct <= -10,17,8,6,3,47.06,26.16,-0.1
entry_vs_opening_high_pct >= -0.8; signal_close_vs_vwap_pct >= 0.3; cum_value_bil <= 5,17,8,6,3,47.06,26.16,-0.055
entry_vs_opening_high_pct >= -0.8; signal_close_vs_vwap_pct >= 0.3; distance_from_60d_high_pct <= -10,17,8,7,2,47.06,26.16,-0.104
entry_vs_opening_high_pct >= -0.8; signal_close_vs_vwap_pct >= 0.5; cum_value_bil <= 8,17,8,7,2,47.06,26.16,-0.085
entry_vs_opening_high_pct >= -0.8; cum_value_bil <= 5; distance_from_60d_high_pct <= -8,17,8,4,5,47.06,26.16,0.071
entry_vs_opening_high_pct >= -0.8; cum_value_bil <= 15; distance_from_60d_high_pct <= -10,17,8,4,5,47.06,26.16,0.071
entry_vs_opening_high_pct >= -0.5; signal_close_vs_vwap_pct >= 0.5; market_median_change_pct >= -0.5,17,8,8,1,47.06,26.16,-0.18
entry_vs_opening_high_pct >= -0.5; signal_close_vs_vwap_pct >= 0.5; market_median_change_pct >= 0,17,8,8,1,47.06,26.16,-0.18
entry_vs_opening_high_pct >= -0.5; cum_value_bil <= 8; cum_value_bil <= 10,17,8,5,4,47.06,26.16,-0.05
entry_vs_opening_high_pct >= -0.5; cum_value_bil <= 8; cum_value_bil <= 15,17,8,5,4,47.06,26.16,-0.05
entry_vs_opening_high_pct >= -0.5; cum_value_bil <= 10; entry_gap_pct >= -1,17,8,5,4,47.06,26.16,-0.05
entry_vs_opening_high_pct >= -0.5; entry_gap_pct >= -1.5; distance_from_60d_high_pct <= -10,17,8,6,3,47.06,26.16,-0.1
entry_vs_opening_high_pct >= -0.5; distance_from_60d_high_pct <= -8; distance_from_60d_high_pct <= -10,17,8,6,3,47.06,26.16,-0.1
signal_close_vs_vwap_pct >= 0.3; signal_close_vs_vwap_pct >= 0.8; entry_gap_pct >= -1.5,17,8,9,0,47.06,26.16,-0.229
signal_close_vs_vwap_pct >= 0.3; signal_close_vs_vwap_pct >= 0.8; entry_gap_pct >= -1,17,8,9,0,47.06,26.16,-0.229
signal_close_vs_vwap_pct >= 0.3; entry_gap_pct >= -1.5; distance_from_60d_high_pct <= -10,17,8,7,2,47.06,26.16,-0.104
signal_close_vs_vwap_pct >= 0.3; distance_from_60d_high_pct <= -8; distance_from_60d_high_pct <= -10,17,8,7,2,47.06,26.16,-0.104
signal_close_vs_vwap_pct >= 0.5; signal_close_vs_vwap_pct >= 0.8; entry_gap_pct >= -1.5,17,8,9,0,47.06,26.16,-0.229
signal_close_vs_vwap_pct >= 0.5; signal_close_vs_vwap_pct >= 0.8; entry_gap_pct >= -1,17,8,9,0,47.06,26.16,-0.229
signal_close_vs_vwap_pct >= 0.8; entry_gap_pct >= -1.5; entry_gap_pct >= -1,17,8,9,0,47.06,26.16,-0.229
cum_value_bil <= 5; cum_value_bil <= 8; distance_from_60d_high_pct <= -8,17,8,4,5,47.06,26.16,0.071
cum_value_bil <= 5; cum_value_bil <= 10; distance_from_60d_high_pct <= -8,17,8,4,5,47.06,26.16,0.071
cum_value_bil <= 5; cum_value_bil <= 15; distance_from_60d_high_pct <= -8,17,8,4,5,47.06,26.16,0.071
cum_value_bil <= 8; entry_gap_pct >= -1; distance_from_60d_high_pct <= -8,17,8,4,5,47.06,26.16,0.071
cum_value_bil <= 15; distance_from_60d_high_pct <= -8; distance_from_60d_high_pct <= -10,17,8,4,5,47.06,26.16,0.071
signal_hhmm <= 935; signal_close_vs_vwap_pct >= 0.8,15,7,8,0,46.67,24.81,-0.24
entry_vs_opening_high_pct >= -0.5; cum_value_bil <= 5,15,7,4,4,46.67,24.81,-0.037
signal_close_vs_vwap_pct >= 0.5; cum_value_bil <= 5,15,7,6,2,46.67,24.81,-0.076
signal_close_vs_vwap_pct >= 0.8; market_median_change_pct >= -0.5,15,7,8,0,46.67,24.81,-0.24
signal_close_vs_vwap_pct >= 0.8; market_median_change_pct >= 0,15,7,8,0,46.67,24.81,-0.24
signal_hhmm <= 930; cum_value_bil <= 10; distance_from_60d_high_pct <= -8,15,7,6,2,46.67,24.81,-0.119
signal_hhmm <= 935; signal_hhmm <= 940; signal_close_vs_vwap_pct >= 0.8,15,7,8,0,46.67,24.81,-0.24
signal_hhmm <= 935; signal_close_vs_vwap_pct >= 0.3; signal_close_vs_vwap_pct >= 0.8,15,7,8,0,46.67,24.81,-0.24
signal_hhmm <= 935; signal_close_vs_vwap_pct >= 0.5; signal_close_vs_vwap_pct >= 0.8,15,7,8,0,46.67,24.81,-0.24
signal_hhmm <= 935; signal_close_vs_vwap_pct >= 0.5; cum_value_bil <= 8,15,7,7,1,46.67,24.81,-0.184
signal_hhmm <= 935; signal_close_vs_vwap_pct >= 0.8; entry_gap_pct >= -1.5,15,7,8,0,46.67,24.81,-0.24
signal_hhmm <= 935; signal_close_vs_vwap_pct >= 0.8; entry_gap_pct >= -1,15,7,8,0,46.67,24.81,-0.24
signal_hhmm <= 935; entry_gap_pct >= -1.5; distance_from_60d_high_pct <= -10,15,7,6,2,46.67,24.81,-0.119
signal_hhmm <= 935; entry_gap_pct >= -1; distance_from_60d_high_pct <= -10,15,7,6,2,46.67,24.81,-0.119
signal_hhmm <= 940; opening_width_pct <= 3.0; signal_close_vs_vwap_pct >= 0.8,15,7,8,0,46.67,24.81,-0.24
signal_hhmm <= 940; entry_vs_opening_high_pct >= -0.5; signal_close_vs_vwap_pct >= 0.8,15,7,8,0,46.67,24.81,-0.24
signal_hhmm <= 940; entry_vs_opening_high_pct >= -0.5; cum_value_bil <= 8,15,7,4,4,46.67,24.81,-0.037
signal_hhmm <= 940; signal_close_vs_vwap_pct >= 0.8; market_median_change_pct >= -0.5,15,7,8,0,46.67,24.81,-0.24
signal_hhmm <= 940; signal_close_vs_vwap_pct >= 0.8; market_median_change_pct >= 0,15,7,8,0,46.67,24.81,-0.24
signal_hhmm <= 940; cum_value_bil <= 5; distance_from_60d_high_pct <= -8,15,7,3,5,46.67,24.81,0.1
entry_vs_opening_high_pct >= -0.8; entry_vs_opening_high_pct >= -0.5; cum_value_bil <= 5,15,7,4,4,46.67,24.81,-0.037
entry_vs_opening_high_pct >= -0.5; signal_close_vs_vwap_pct >= 0.8; entry_gap_pct >= -1.5,15,7,8,0,46.67,24.81,-0.24
entry_vs_opening_high_pct >= -0.5; signal_close_vs_vwap_pct >= 0.8; entry_gap_pct >= -1,15,7,8,0,46.67,24.81,-0.24
entry_vs_opening_high_pct >= -0.5; cum_value_bil <= 5; cum_value_bil <= 8,15,7,4,4,46.67,24.81,-0.037
entry_vs_opening_high_pct >= -0.5; cum_value_bil <= 5; cum_value_bil <= 10,15,7,4,4,46.67,24.81,-0.037
entry_vs_opening_high_pct >= -0.5; cum_value_bil <= 5; cum_value_bil <= 15,15,7,4,4,46.67,24.81,-0.037
entry_vs_opening_high_pct >= -0.5; cum_value_bil <= 8; entry_gap_pct >= -1,15,7,4,4,46.67,24.81,-0.037
entry_vs_opening_high_pct >= -0.5; market_median_change_pct >= -0.5; distance_from_60d_high_pct <= -10,15,7,5,3,46.67,24.81,-0.093
signal_close_vs_vwap_pct >= 0.3; signal_close_vs_vwap_pct >= 0.5; cum_value_bil <= 5,15,7,6,2,46.67,24.81,-0.076
signal_close_vs_vwap_pct >= 0.3; signal_close_vs_vwap_pct >= 0.8; market_median_change_pct >= -0.5,15,7,8,0,46.67,24.81,-0.24
signal_close_vs_vwap_pct >= 0.3; signal_close_vs_vwap_pct >= 0.8; market_median_change_pct >= 0,15,7,8,0,46.67,24.81,-0.24
signal_close_vs_vwap_pct >= 0.3; market_median_change_pct >= -0.5; distance_from_60d_high_pct <= -10,15,7,6,2,46.67,24.81,-0.098
signal_close_vs_vwap_pct >= 0.5; signal_close_vs_vwap_pct >= 0.8; market_median_change_pct >= -0.5,15,7,8,0,46.67,24.81,-0.24
signal_close_vs_vwap_pct >= 0.5; signal_close_vs_vwap_pct >= 0.8; market_median_change_pct >= 0,15,7,8,0,46.67,24.81,-0.24
signal_close_vs_vwap_pct >= 0.5; cum_value_bil <= 5; cum_value_bil <= 8,15,7,6,2,46.67,24.81,-0.076
signal_close_vs_vwap_pct >= 0.5; cum_value_bil <= 5; cum_value_bil <= 10,15,7,6,2,46.67,24.81,-0.076
signal_close_vs_vwap_pct >= 0.5; cum_value_bil <= 5; cum_value_bil <= 15,15,7,6,2,46.67,24.81,-0.076
signal_close_vs_vwap_pct >= 0.8; market_median_change_pct >= -0.5; market_median_change_pct >= 0,15,7,8,0,46.67,24.81,-0.24
cum_value_bil <= 8; market_median_change_pct >= -0.5; distance_from_60d_high_pct <= -8,15,7,3,5,46.67,24.81,0.1
cum_value_bil <= 10; market_median_change_pct >= -0.5; distance_from_60d_high_pct <= -10,15,7,3,5,46.67,24.81,0.1
cum_value_bil <= 10; entry_gap_pct >= -1.5; distance_from_60d_high_pct <= -10,15,7,3,5,46.67,24.81,0.1
cum_value_bil <= 15; entry_gap_pct >= -1; distance_from_60d_high_pct <= -10,15,7,3,5,46.67,24.81,0.1
signal_close_vs_vwap_pct >= 0.3; cum_value_bil <= 10,26,12,11,3,46.15,28.76,-0.14
signal_close_vs_vwap_pct >= 0.3; cum_value_bil <= 10; cum_value_bil <= 15,26,12,11,3,46.15,28.76,-0.14
opening_width_pct <= 2.5; day_change_pct >= 5,13,6,5,2,46.15,23.21,-0.09
cum_value_bil <= 5; distance_from_60d_high_pct <= -10,13,6,2,5,46.15,23.21,0.139
signal_hhmm <= 925; market_median_change_pct >= -0.5; distance_from_60d_high_pct <= -8,13,6,5,2,46.15,23.21,-0.114
signal_hhmm <= 930; opening_width_pct <= 3.0; distance_from_60d_high_pct <= -10,13,6,5,2,46.15,23.21,-0.114
signal_hhmm <= 930; market_median_change_pct >= -0.5; distance_from_60d_high_pct <= -10,13,6,5,2,46.15,23.21,-0.114
signal_hhmm <= 935; opening_width_pct <= 2.5; cum_value_bil <= 5,13,6,3,4,46.15,23.21,0.02
signal_hhmm <= 935; opening_width_pct <= 2.5; distance_from_60d_high_pct <= -10,13,6,5,2,46.15,23.21,-0.114
signal_hhmm <= 935; opening_width_pct <= 3.0; signal_close_vs_vwap_pct >= 0.8,13,6,7,0,46.15,23.21,-0.254
signal_hhmm <= 935; entry_vs_opening_high_pct >= -0.5; signal_close_vs_vwap_pct >= 0.8,13,6,7,0,46.15,23.21,-0.254
signal_hhmm <= 935; signal_close_vs_vwap_pct >= 0.5; cum_value_bil <= 5,13,6,6,1,46.15,23.21,-0.189
signal_hhmm <= 935; market_median_change_pct >= 0; distance_from_60d_high_pct <= -10,13,6,5,2,46.15,23.21,-0.114
signal_hhmm <= 940; entry_vs_opening_high_pct >= -0.5; cum_value_bil <= 5,13,6,3,4,46.15,23.21,-0.02
opening_width_pct <= 2.5; opening_width_pct <= 3.0; day_change_pct >= 5,13,6,5,2,46.15,23.21,-0.09
opening_width_pct <= 2.5; entry_vs_opening_high_pct >= -0.8; day_change_pct >= 5,13,6,5,2,46.15,23.21,-0.09
opening_width_pct <= 2.5; cum_value_bil <= 8; distance_from_60d_high_pct <= -8,13,6,2,5,46.15,23.21,0.139
opening_width_pct <= 3.0; entry_vs_opening_high_pct >= -0.5; signal_close_vs_vwap_pct >= 0.8,13,6,7,0,46.15,23.21,-0.254
opening_width_pct <= 3.0; cum_value_bil <= 8; distance_from_60d_high_pct <= -10,13,6,2,5,46.15,23.21,0.139
entry_vs_opening_high_pct >= -0.8; signal_close_vs_vwap_pct >= 0.8; market_median_change_pct >= -0.5,13,6,7,0,46.15,23.21,-0.254
entry_vs_opening_high_pct >= -0.8; signal_close_vs_vwap_pct >= 0.8; market_median_change_pct >= 0,13,6,7,0,46.15,23.21,-0.254
entry_vs_opening_high_pct >= -0.8; cum_value_bil <= 5; distance_from_60d_high_pct <= -10,13,6,2,5,46.15,23.21,0.139
entry_vs_opening_high_pct >= -0.5; signal_close_vs_vwap_pct >= 0.8; market_median_change_pct >= -0.5,13,6,7,0,46.15,23.21,-0.254
entry_vs_opening_high_pct >= -0.5; signal_close_vs_vwap_pct >= 0.8; market_median_change_pct >= 0,13,6,7,0,46.15,23.21,-0.254
entry_vs_opening_high_pct >= -0.5; cum_value_bil <= 5; entry_gap_pct >= -1,13,6,3,4,46.15,23.21,-0.02
signal_close_vs_vwap_pct >= 0.3; volume_ratio >= 2.0; entry_gap_pct >= -0.5,13,6,5,2,46.15,23.21,-0.194
volume_ratio >= 2.0; cum_value_bil <= 10; market_median_change_pct >= 0,13,6,2,5,46.15,23.21,0.104
volume_ratio >= 2.0; market_median_change_pct >= -0.5; entry_gap_pct >= -0.5,13,6,4,3,46.15,23.21,-0.105
cum_value_bil <= 5; cum_value_bil <= 8; distance_from_60d_high_pct <= -10,13,6,2,5,46.15,23.21,0.139
cum_value_bil <= 5; cum_value_bil <= 10; distance_from_60d_high_pct <= -10,13,6,2,5,46.15,23.21,0.139
cum_value_bil <= 5; cum_value_bil <= 15; distance_from_60d_high_pct <= -10,13,6,2,5,46.15,23.21,0.139
cum_value_bil <= 5; distance_from_60d_high_pct <= -8; distance_from_60d_high_pct <= -10,13,6,2,5,46.15,23.21,0.139
cum_value_bil <= 8; market_median_change_pct >= -0.5; distance_from_60d_high_pct <= -10,13,6,2,5,46.15,23.21,0.139
cum_value_bil <= 8; entry_gap_pct >= -1.5; distance_from_60d_high_pct <= -10,13,6,2,5,46.15,23.21,0.139
cum_value_bil <= 10; entry_gap_pct >= -0.5; distance_from_60d_high_pct <= -8,13,6,4,3,46.15,23.21,-0.025
volume_ratio >= 2.0; entry_gap_pct >= -1.5,24,11,7,6,45.83,27.89,-0.058
volume_ratio >= 2.0; entry_gap_pct >= -1,24,11,7,6,45.83,27.89,-0.058
cum_value_bil <= 15; distance_from_60d_high_pct <= -8,24,11,8,5,45.83,27.89,-0.05
volume_ratio >= 2.0; entry_gap_pct >= -1.5; entry_gap_pct >= -1,24,11,7,6,45.83,27.89,-0.058
signal_close_vs_vwap_pct >= 0.3; cum_value_bil <= 8,22,10,9,3,45.45,26.92,-0.138
signal_close_vs_vwap_pct >= 0.5; cum_value_bil <= 15,22,10,10,2,45.45,26.92,-0.161
signal_hhmm <= 935; opening_width_pct <= 3.0; distance_from_60d_high_pct <= -8,22,10,10,2,45.45,26.92,-0.19
signal_hhmm <= 940; cum_value_bil <= 15; distance_from_60d_high_pct <= -8,22,10,7,5,45.45,26.92,-0.041
entry_vs_opening_high_pct >= -0.8; cum_value_bil <= 10; distance_from_60d_high_pct <= -8,22,10,7,5,45.45,26.92,-0.041
signal_close_vs_vwap_pct >= 0.3; signal_close_vs_vwap_pct >= 0.5; cum_value_bil <= 15,22,10,10,2,45.45,26.92,-0.161
signal_close_vs_vwap_pct >= 0.3; cum_value_bil <= 8; cum_value_bil <= 10,22,10,9,3,45.45,26.92,-0.138
signal_close_vs_vwap_pct >= 0.3; cum_value_bil <= 8; cum_value_bil <= 15,22,10,9,3,45.45,26.92,-0.138
cum_value_bil <= 3,11,5,3,3,45.45,21.27,-0.039
signal_hhmm <= 925; cum_value_bil <= 8,11,5,3,3,45.45,21.27,-0.031
opening_width_pct <= 2.5; signal_close_vs_vwap_pct >= 0.8,11,5,6,0,45.45,21.27,-0.273
opening_width_pct <= 3.0; cum_value_bil <= 3,11,5,3,3,45.45,21.27,-0.039
entry_vs_opening_high_pct >= -0.2; cum_value_bil <= 15,11,5,4,2,45.45,21.27,-0.12
signal_close_vs_vwap_pct >= 0.5; market_median_change_pct >= 0.3,11,5,5,1,45.45,21.27,-0.196
cum_value_bil <= 3; cum_value_bil <= 5,11,5,3,3,45.45,21.27,-0.039
cum_value_bil <= 3; cum_value_bil <= 8,11,5,3,3,45.45,21.27,-0.039
cum_value_bil <= 3; cum_value_bil <= 10,11,5,3,3,45.45,21.27,-0.039
cum_value_bil <= 3; cum_value_bil <= 15,11,5,3,3,45.45,21.27,-0.039
cum_value_bil <= 10; market_median_change_pct >= 0.3,11,5,3,3,45.45,21.27,-0.031
signal_hhmm <= 925; signal_hhmm <= 930; cum_value_bil <= 8,11,5,3,3,45.45,21.27,-0.031
signal_hhmm <= 925; signal_hhmm <= 935; cum_value_bil <= 8,11,5,3,3,45.45,21.27,-0.031
signal_hhmm <= 925; signal_hhmm <= 940; cum_value_bil <= 8,11,5,3,3,45.45,21.27,-0.031
signal_hhmm <= 925; opening_width_pct <= 3.0; distance_from_60d_high_pct <= -10,11,5,4,2,45.45,21.27,-0.107
signal_hhmm <= 925; entry_vs_opening_high_pct >= -0.5; distance_from_60d_high_pct <= -8,11,5,5,1,45.45,21.27,-0.225
signal_hhmm <= 925; cum_value_bil <= 8; cum_value_bil <= 10,11,5,3,3,45.45,21.27,-0.031
signal_hhmm <= 925; cum_value_bil <= 8; cum_value_bil <= 15,11,5,3,3,45.45,21.27,-0.031
signal_hhmm <= 925; cum_value_bil <= 8; entry_gap_pct >= -1.5,11,5,3,3,45.45,21.27,-0.031
signal_hhmm <= 925; cum_value_bil <= 8; entry_gap_pct >= -1,11,5,3,3,45.45,21.27,-0.031
signal_hhmm <= 925; cum_value_bil <= 10; market_median_change_pct >= -0.5,11,5,3,3,45.45,21.27,-0.031
signal_hhmm <= 925; cum_value_bil <= 10; distance_from_60d_high_pct <= -8,11,5,4,2,45.45,21.27,-0.107
signal_hhmm <= 925; market_median_change_pct >= -0.5; distance_from_60d_high_pct <= -10,11,5,4,2,45.45,21.27,-0.107
signal_hhmm <= 930; opening_width_pct <= 2.5; cum_value_bil <= 8,11,5,2,4,45.45,21.27,0.051
signal_hhmm <= 930; entry_vs_opening_high_pct >= -0.5; distance_from_60d_high_pct <= -10,11,5,5,1,45.45,21.27,-0.225
signal_hhmm <= 930; signal_close_vs_vwap_pct >= 0.3; distance_from_60d_high_pct <= -10,11,5,6,0,45.45,21.27,-0.273
signal_hhmm <= 935; opening_width_pct <= 2.5; signal_close_vs_vwap_pct >= 0.8,11,5,6,0,45.45,21.27,-0.273
signal_hhmm <= 935; volume_ratio >= 2.0; market_median_change_pct >= 0,11,5,4,2,45.45,21.27,-0.148
signal_hhmm <= 940; opening_width_pct <= 2.5; signal_close_vs_vwap_pct >= 0.8,11,5,6,0,45.45,21.27,-0.273
signal_hhmm <= 940; entry_vs_opening_high_pct >= -0.2; signal_close_vs_vwap_pct >= 0.5,11,5,6,0,45.45,21.27,-0.273
signal_hhmm <= 940; entry_vs_opening_high_pct >= -0.2; signal_close_vs_vwap_pct >= 0.8,11,5,6,0,45.45,21.27,-0.273
signal_hhmm <= 940; signal_close_vs_vwap_pct >= 0.5; market_median_change_pct >= 0.3,11,5,5,1,45.45,21.27,-0.196
signal_hhmm <= 940; cum_value_bil <= 10; market_median_change_pct >= 0.3,11,5,3,3,45.45,21.27,-0.031
opening_width_pct <= 2.5; opening_width_pct <= 3.0; signal_close_vs_vwap_pct >= 0.8,11,5,6,0,45.45,21.27,-0.273
opening_width_pct <= 2.5; entry_vs_opening_high_pct >= -0.8; signal_close_vs_vwap_pct >= 0.8,11,5,6,0,45.45,21.27,-0.273
opening_width_pct <= 2.5; entry_vs_opening_high_pct >= -0.5; signal_close_vs_vwap_pct >= 0.8,11,5,6,0,45.45,21.27,-0.273
opening_width_pct <= 2.5; entry_vs_opening_high_pct >= -0.5; day_change_pct >= 5,11,5,5,1,45.45,21.27,-0.226
opening_width_pct <= 2.5; signal_close_vs_vwap_pct >= 0.3; signal_close_vs_vwap_pct >= 0.8,11,5,6,0,45.45,21.27,-0.273
opening_width_pct <= 2.5; signal_close_vs_vwap_pct >= 0.3; day_change_pct >= 5,11,5,4,2,45.45,21.27,-0.079
opening_width_pct <= 2.5; signal_close_vs_vwap_pct >= 0.5; signal_close_vs_vwap_pct >= 0.8,11,5,6,0,45.45,21.27,-0.273
opening_width_pct <= 2.5; signal_close_vs_vwap_pct >= 0.8; entry_gap_pct >= -1.5,11,5,6,0,45.45,21.27,-0.273
opening_width_pct <= 2.5; signal_close_vs_vwap_pct >= 0.8; entry_gap_pct >= -1,11,5,6,0,45.45,21.27,-0.273
opening_width_pct <= 2.5; day_change_pct >= 5; entry_gap_pct >= -1,11,5,4,2,45.45,21.27,-0.079
opening_width_pct <= 3.0; entry_vs_opening_high_pct >= -0.8; volume_ratio >= 3.0,11,5,3,3,45.45,21.27,-0.125
opening_width_pct <= 3.0; signal_close_vs_vwap_pct >= 0.5; distance_from_60d_high_pct <= -10,11,5,5,1,45.45,21.27,-0.126
opening_width_pct <= 3.0; volume_ratio >= 2.0; distance_from_60d_high_pct <= -10,11,5,2,4,45.45,21.27,0.073
opening_width_pct <= 3.0; volume_ratio >= 3.0; entry_gap_pct >= -1.5,11,5,3,3,45.45,21.27,-0.125
opening_width_pct <= 3.0; volume_ratio >= 3.0; entry_gap_pct >= -1,11,5,3,3,45.45,21.27,-0.125
opening_width_pct <= 3.0; cum_value_bil <= 3; cum_value_bil <= 5,11,5,3,3,45.45,21.27,-0.039
opening_width_pct <= 3.0; cum_value_bil <= 3; cum_value_bil <= 8,11,5,3,3,45.45,21.27,-0.039
opening_width_pct <= 3.0; cum_value_bil <= 3; cum_value_bil <= 10,11,5,3,3,45.45,21.27,-0.039
opening_width_pct <= 3.0; cum_value_bil <= 3; cum_value_bil <= 15,11,5,3,3,45.45,21.27,-0.039
entry_vs_opening_high_pct >= -0.8; entry_vs_opening_high_pct >= -0.2; cum_value_bil <= 15,11,5,4,2,45.45,21.27,-0.12
entry_vs_opening_high_pct >= -0.8; volume_ratio >= 2.5; market_median_change_pct >= 0,11,5,3,3,45.45,21.27,-0.125
entry_vs_opening_high_pct >= -0.8; volume_ratio >= 3.0; entry_gap_pct >= -1.5,11,5,3,3,45.45,21.27,-0.125
entry_vs_opening_high_pct >= -0.8; volume_ratio >= 3.0; entry_gap_pct >= -1,11,5,3,3,45.45,21.27,-0.125
entry_vs_opening_high_pct >= -0.5; entry_vs_opening_high_pct >= -0.2; cum_value_bil <= 15,11,5,4,2,45.45,21.27,-0.12
entry_vs_opening_high_pct >= -0.5; cum_value_bil <= 10; entry_gap_pct >= -0.5,11,5,4,2,45.45,21.27,-0.12
entry_vs_opening_high_pct >= -0.5; entry_gap_pct >= -0.5; distance_from_60d_high_pct <= -10,11,5,4,2,45.45,21.27,-0.12
entry_vs_opening_high_pct >= -0.2; signal_close_vs_vwap_pct >= 0.3; volume_ratio >= 2.0,11,5,4,2,45.45,21.27,-0.202
entry_vs_opening_high_pct >= -0.2; signal_close_vs_vwap_pct >= 0.5; entry_gap_pct >= -1.5,11,5,6,0,45.45,21.27,-0.273
entry_vs_opening_high_pct >= -0.2; signal_close_vs_vwap_pct >= 0.5; entry_gap_pct >= -1,11,5,6,0,45.45,21.27,-0.273
entry_vs_opening_high_pct >= -0.2; signal_close_vs_vwap_pct >= 0.8; entry_gap_pct >= -1.5,11,5,6,0,45.45,21.27,-0.273
entry_vs_opening_high_pct >= -0.2; signal_close_vs_vwap_pct >= 0.8; entry_gap_pct >= -1,11,5,6,0,45.45,21.27,-0.273
signal_close_vs_vwap_pct >= 0.3; signal_close_vs_vwap_pct >= 0.5; market_median_change_pct >= 0.3,11,5,5,1,45.45,21.27,-0.196
signal_close_vs_vwap_pct >= 0.3; entry_gap_pct >= -0.5; distance_from_60d_high_pct <= -10,11,5,5,1,45.45,21.27,-0.226
signal_close_vs_vwap_pct >= 0.5; market_median_change_pct >= -0.5; market_median_change_pct >= 0.3,11,5,5,1,45.45,21.27,-0.196
signal_close_vs_vwap_pct >= 0.5; market_median_change_pct >= 0; market_median_change_pct >= 0.3,11,5,5,1,45.45,21.27,-0.196
volume_ratio >= 2.0; cum_value_bil <= 5; market_median_change_pct >= -0.5,11,5,1,5,45.45,21.27,0.15
volume_ratio >= 2.0; market_median_change_pct >= 0; distance_from_60d_high_pct <= -10,11,5,2,4,45.45,21.27,0.073
cum_value_bil <= 3; cum_value_bil <= 5; cum_value_bil <= 8,11,5,3,3,45.45,21.27,-0.039
cum_value_bil <= 3; cum_value_bil <= 5; cum_value_bil <= 10,11,5,3,3,45.45,21.27,-0.039
cum_value_bil <= 3; cum_value_bil <= 5; cum_value_bil <= 15,11,5,3,3,45.45,21.27,-0.039
cum_value_bil <= 3; cum_value_bil <= 8; cum_value_bil <= 10,11,5,3,3,45.45,21.27,-0.039
cum_value_bil <= 3; cum_value_bil <= 8; cum_value_bil <= 15,11,5,3,3,45.45,21.27,-0.039
cum_value_bil <= 3; cum_value_bil <= 10; cum_value_bil <= 15,11,5,3,3,45.45,21.27,-0.039
cum_value_bil <= 5; market_median_change_pct >= -0.5; day_change_pct >= 5,11,5,4,2,45.45,21.27,-0.079
cum_value_bil <= 5; market_median_change_pct >= 0; day_change_pct >= 5,11,5,4,2,45.45,21.27,-0.079
cum_value_bil <= 5; entry_gap_pct >= -1; distance_from_60d_high_pct <= -10,11,5,1,5,45.45,21.27,0.191
cum_value_bil <= 8; entry_gap_pct >= -0.5; distance_from_60d_high_pct <= -8,11,5,3,3,45.45,21.27,-0.003
cum_value_bil <= 10; cum_value_bil <= 15; market_median_change_pct >= 0.3,11,5,3,3,45.45,21.27,-0.031
cum_value_bil <= 10; market_median_change_pct >= -0.5; market_median_change_pct >= 0.3,11,5,3,3,45.45,21.27,-0.031
cum_value_bil <= 10; market_median_change_pct >= 0; market_median_change_pct >= 0.3,11,5,3,3,45.45,21.27,-0.031
cum_value_bil <= 15; entry_gap_pct >= -0.5; distance_from_60d_high_pct <= -10,11,5,3,3,45.45,21.27,-0.003
signal_hhmm <= 940; distance_from_60d_high_pct <= -10,20,9,6,5,45.0,25.82,-0.03
entry_vs_opening_high_pct >= -0.5; cum_value_bil <= 15,20,9,7,4,45.0,25.82,-0.133
volume_ratio >= 2.0; market_median_change_pct >= -0.5,20,9,5,6,45.0,25.82,-0.039
signal_hhmm <= 935; entry_vs_opening_high_pct >= -0.8; cum_value_bil <= 10,20,9,8,3,45.0,25.82,-0.152
signal_hhmm <= 935; entry_vs_opening_high_pct >= -0.5; signal_close_vs_vwap_pct >= 0.3,20,9,10,1,45.0,25.82,-0.243
signal_hhmm <= 935; signal_close_vs_vwap_pct >= 0.3; distance_from_60d_high_pct <= -8,20,9,11,0,45.0,25.82,-0.285
signal_hhmm <= 935; cum_value_bil <= 8; entry_gap_pct >= -1.5,20,9,7,4,45.0,25.82,-0.107
signal_hhmm <= 935; cum_value_bil <= 8; entry_gap_pct >= -1,20,9,7,4,45.0,25.82,-0.107
signal_hhmm <= 935; market_median_change_pct >= -0.5; distance_from_60d_high_pct <= -8,20,9,9,2,45.0,25.82,-0.194
signal_hhmm <= 940; entry_vs_opening_high_pct >= -0.8; distance_from_60d_high_pct <= -10,20,9,6,5,45.0,25.82,-0.03
signal_hhmm <= 940; entry_vs_opening_high_pct >= -0.5; distance_from_60d_high_pct <= -8,20,9,8,3,45.0,25.82,-0.175
signal_hhmm <= 940; signal_close_vs_vwap_pct >= 0.5; cum_value_bil <= 10,20,9,9,2,45.0,25.82,-0.162
signal_hhmm <= 940; signal_close_vs_vwap_pct >= 0.5; distance_from_60d_high_pct <= -8,20,9,10,1,45.0,25.82,-0.205
signal_hhmm <= 940; distance_from_60d_high_pct <= -8; distance_from_60d_high_pct <= -10,20,9,6,5,45.0,25.82,-0.03
opening_width_pct <= 3.0; cum_value_bil <= 10; distance_from_60d_high_pct <= -8,20,9,6,5,45.0,25.82,-0.03
opening_width_pct <= 3.0; cum_value_bil <= 15; distance_from_60d_high_pct <= -8,20,9,6,5,45.0,25.82,-0.03
entry_vs_opening_high_pct >= -0.8; entry_vs_opening_high_pct >= -0.5; cum_value_bil <= 15,20,9,7,4,45.0,25.82,-0.133
entry_vs_opening_high_pct >= -0.8; signal_close_vs_vwap_pct >= 0.3; cum_value_bil <= 8,20,9,8,3,45.0,25.82,-0.136
entry_vs_opening_high_pct >= -0.8; signal_close_vs_vwap_pct >= 0.5; cum_value_bil <= 15,20,9,9,2,45.0,25.82,-0.162
entry_vs_opening_high_pct >= -0.8; volume_ratio >= 2.0; distance_from_60d_high_pct <= -8,20,9,6,5,45.0,25.82,-0.082
signal_close_vs_vwap_pct >= 0.3; cum_value_bil <= 8; entry_gap_pct >= -1,20,9,8,3,45.0,25.82,-0.136
volume_ratio >= 2.0; market_median_change_pct >= -0.5; entry_gap_pct >= -1.5,20,9,5,6,45.0,25.82,-0.039
volume_ratio >= 2.0; market_median_change_pct >= -0.5; entry_gap_pct >= -1,20,9,5,6,45.0,25.82,-0.039
volume_ratio >= 2.0; entry_gap_pct >= -1.5; distance_from_60d_high_pct <= -8,20,9,6,5,45.0,25.82,-0.082
volume_ratio >= 2.0; entry_gap_pct >= -1; distance_from_60d_high_pct <= -8,20,9,6,5,45.0,25.82,-0.082
cum_value_bil <= 10; entry_gap_pct >= -1; distance_from_60d_high_pct <= -8,20,9,6,5,45.0,25.82,-0.03
signal_close_vs_vwap_pct >= 0.5,29,13,14,2,44.83,28.41,-0.205
signal_close_vs_vwap_pct >= 0.3; signal_close_vs_vwap_pct >= 0.5,29,13,14,2,44.83,28.41,-0.205
signal_close_vs_vwap_pct >= 0.3; cum_value_bil <= 15,27,12,12,3,44.44,27.59,-0.19
signal_close_vs_vwap_pct >= 0.3; distance_from_60d_high_pct <= -8,27,12,12,3,44.44,27.59,-0.212
signal_hhmm <= 935; cum_value_bil <= 5,18,8,6,4,44.44,24.56,-0.102
signal_close_vs_vwap_pct >= 0.3; cum_value_bil <= 5,18,8,7,3,44.44,24.56,-0.135
signal_close_vs_vwap_pct >= 0.5; cum_value_bil <= 8,18,8,8,2,44.44,24.56,-0.164
signal_hhmm <= 935; signal_hhmm <= 940; cum_value_bil <= 5,18,8,6,4,44.44,24.56,-0.102
signal_hhmm <= 935; signal_close_vs_vwap_pct >= 0.3; cum_value_bil <= 10,18,8,9,1,44.44,24.56,-0.253
signal_hhmm <= 935; signal_close_vs_vwap_pct >= 0.5; distance_from_60d_high_pct <= -8,18,8,10,0,44.44,24.56,-0.3
signal_hhmm <= 935; cum_value_bil <= 5; cum_value_bil <= 8,18,8,6,4,44.44,24.56,-0.102
signal_hhmm <= 935; cum_value_bil <= 5; cum_value_bil <= 10,18,8,6,4,44.44,24.56,-0.102
signal_hhmm <= 935; cum_value_bil <= 5; cum_value_bil <= 15,18,8,6,4,44.44,24.56,-0.102
signal_hhmm <= 940; entry_vs_opening_high_pct >= -0.5; cum_value_bil <= 15,18,8,6,4,44.44,24.56,-0.131
signal_hhmm <= 940; volume_ratio >= 2.0; distance_from_60d_high_pct <= -8,18,8,6,4,44.44,24.56,-0.088
signal_hhmm <= 940; market_median_change_pct >= -0.5; distance_from_60d_high_pct <= -10,18,8,5,5,44.44,24.56,-0.017
opening_width_pct <= 3.0; signal_close_vs_vwap_pct >= 0.5; cum_value_bil <= 10,18,8,8,2,44.44,24.56,-0.164
opening_width_pct <= 3.0; signal_close_vs_vwap_pct >= 0.5; cum_value_bil <= 15,18,8,8,2,44.44,24.56,-0.164
opening_width_pct <= 3.0; volume_ratio >= 2.0; distance_from_60d_high_pct <= -8,18,8,5,5,44.44,24.56,-0.074
entry_vs_opening_high_pct >= -0.5; volume_ratio >= 2.0; entry_gap_pct >= -1.5,18,8,5,5,44.44,24.56,-0.116
entry_vs_opening_high_pct >= -0.5; volume_ratio >= 2.0; entry_gap_pct >= -1,18,8,5,5,44.44,24.56,-0.116
entry_vs_opening_high_pct >= -0.5; cum_value_bil <= 10; entry_gap_pct >= -1.5,18,8,6,4,44.44,24.56,-0.131
entry_vs_opening_high_pct >= -0.5; cum_value_bil <= 15; entry_gap_pct >= -1,18,8,6,4,44.44,24.56,-0.131
signal_close_vs_vwap_pct >= 0.3; signal_close_vs_vwap_pct >= 0.5; cum_value_bil <= 8,18,8,8,2,44.44,24.56,-0.164
signal_close_vs_vwap_pct >= 0.3; cum_value_bil <= 5; cum_value_bil <= 8,18,8,7,3,44.44,24.56,-0.135
signal_close_vs_vwap_pct >= 0.3; cum_value_bil <= 5; cum_value_bil <= 10,18,8,7,3,44.44,24.56,-0.135
signal_close_vs_vwap_pct >= 0.3; cum_value_bil <= 5; cum_value_bil <= 15,18,8,7,3,44.44,24.56,-0.135
signal_close_vs_vwap_pct >= 0.5; cum_value_bil <= 8; cum_value_bil <= 10,18,8,8,2,44.44,24.56,-0.164
signal_close_vs_vwap_pct >= 0.5; cum_value_bil <= 8; cum_value_bil <= 15,18,8,8,2,44.44,24.56,-0.164
cum_value_bil <= 8; entry_gap_pct >= -1.5; distance_from_60d_high_pct <= -8,18,8,5,5,44.44,24.56,-0.017
cum_value_bil <= 10; market_median_change_pct >= -0.5; distance_from_60d_high_pct <= -8,18,8,5,5,44.44,24.56,-0.017
market_median_change_pct >= 0.5,9,4,4,1,44.44,18.88,-0.156
day_change_pct >= 7,9,4,5,0,44.44,18.88,-0.3
signal_hhmm <= 940; market_median_change_pct >= 0.5,9,4,4,1,44.44,18.88,-0.156
opening_width_pct <= 2.5; cum_value_bil <= 3,9,4,2,3,44.44,18.88,-0.014
entry_vs_opening_high_pct >= -0.8; day_change_pct >= 7,9,4,5,0,44.44,18.88,-0.3
entry_vs_opening_high_pct >= 0; signal_close_vs_vwap_pct >= 0.5,9,4,5,0,44.44,18.88,-0.3
entry_vs_opening_high_pct >= 0; signal_close_vs_vwap_pct >= 0.8,9,4,5,0,44.44,18.88,-0.3
volume_ratio >= 3.0; market_median_change_pct >= 0,9,4,2,3,44.44,18.88,-0.12
market_median_change_pct >= -0.5; market_median_change_pct >= 0.5,9,4,4,1,44.44,18.88,-0.156
market_median_change_pct >= 0; market_median_change_pct >= 0.5,9,4,4,1,44.44,18.88,-0.156
market_median_change_pct >= 0.3; market_median_change_pct >= 0.5,9,4,4,1,44.44,18.88,-0.156
market_median_change_pct >= 0.3; distance_from_60d_high_pct <= -10,9,4,3,2,44.44,18.88,-0.098
day_change_pct >= 5; day_change_pct >= 7,9,4,5,0,44.44,18.88,-0.3
signal_hhmm <= 925; opening_width_pct <= 3.0; volume_ratio >= 2.0,9,4,3,2,44.44,18.88,-0.148
signal_hhmm <= 925; entry_vs_opening_high_pct >= -0.5; volume_ratio >= 2.0,9,4,3,2,44.44,18.88,-0.148
signal_hhmm <= 925; entry_vs_opening_high_pct >= -0.5; cum_value_bil <= 15,9,4,3,2,44.44,18.88,-0.148
signal_hhmm <= 925; signal_close_vs_vwap_pct >= 0.3; volume_ratio >= 2.0,9,4,4,1,44.44,18.88,-0.206
signal_hhmm <= 925; signal_close_vs_vwap_pct >= 0.5; distance_from_60d_high_pct <= -10,9,4,5,0,44.44,18.88,-0.3
signal_hhmm <= 925; volume_ratio >= 2.0; distance_from_60d_high_pct <= -8,9,4,4,1,44.44,18.88,-0.242
signal_hhmm <= 925; cum_value_bil <= 10; entry_gap_pct >= -0.5,9,4,4,1,44.44,18.88,-0.156
signal_hhmm <= 930; entry_vs_opening_high_pct >= -0.5; cum_value_bil <= 10,9,4,3,2,44.44,18.88,-0.148
signal_hhmm <= 930; signal_close_vs_vwap_pct >= 0.8; distance_from_60d_high_pct <= -8,9,4,5,0,44.44,18.88,-0.3
signal_hhmm <= 940; opening_width_pct <= 2.5; cum_value_bil <= 3,9,4,2,3,44.44,18.88,-0.014
signal_hhmm <= 940; opening_width_pct <= 3.0; volume_ratio >= 3.0,9,4,3,2,44.44,18.88,-0.149
signal_hhmm <= 940; entry_vs_opening_high_pct >= -0.2; cum_value_bil <= 15,9,4,3,2,44.44,18.88,-0.114
signal_hhmm <= 940; volume_ratio >= 3.0; cum_value_bil <= 8,9,4,3,2,44.44,18.88,-0.149
signal_hhmm <= 940; market_median_change_pct >= -0.5; market_median_change_pct >= 0.5,9,4,4,1,44.44,18.88,-0.156
signal_hhmm <= 940; market_median_change_pct >= 0; market_median_change_pct >= 0.5,9,4,4,1,44.44,18.88,-0.156
signal_hhmm <= 940; market_median_change_pct >= 0.3; market_median_change_pct >= 0.5,9,4,4,1,44.44,18.88,-0.156
signal_hhmm <= 940; market_median_change_pct >= 0.3; distance_from_60d_high_pct <= -10,9,4,3,2,44.44,18.88,-0.098
opening_width_pct <= 2.5; opening_width_pct <= 3.0; cum_value_bil <= 3,9,4,2,3,44.44,18.88,-0.014
opening_width_pct <= 2.5; entry_vs_opening_high_pct >= -0.2; signal_close_vs_vwap_pct >= 0.5,9,4,5,0,44.44,18.88,-0.3
opening_width_pct <= 2.5; entry_vs_opening_high_pct >= -0.2; signal_close_vs_vwap_pct >= 0.8,9,4,5,0,44.44,18.88,-0.3
opening_width_pct <= 2.5; signal_close_vs_vwap_pct >= 0.5; volume_ratio >= 2.0,9,4,3,2,44.44,18.88,-0.027
opening_width_pct <= 2.5; signal_close_vs_vwap_pct >= 0.5; cum_value_bil <= 5,9,4,3,2,44.44,18.88,-0.027
opening_width_pct <= 2.5; signal_close_vs_vwap_pct >= 0.5; cum_value_bil <= 8,9,4,3,2,44.44,18.88,-0.027
opening_width_pct <= 2.5; signal_close_vs_vwap_pct >= 0.8; market_median_change_pct >= -0.5,9,4,5,0,44.44,18.88,-0.3
opening_width_pct <= 2.5; signal_close_vs_vwap_pct >= 0.8; market_median_change_pct >= 0,9,4,5,0,44.44,18.88,-0.3
opening_width_pct <= 2.5; cum_value_bil <= 3; cum_value_bil <= 5,9,4,2,3,44.44,18.88,-0.014
opening_width_pct <= 2.5; cum_value_bil <= 3; cum_value_bil <= 8,9,4,2,3,44.44,18.88,-0.014
opening_width_pct <= 2.5; cum_value_bil <= 3; cum_value_bil <= 10,9,4,2,3,44.44,18.88,-0.014
opening_width_pct <= 2.5; cum_value_bil <= 3; cum_value_bil <= 15,9,4,2,3,44.44,18.88,-0.014
opening_width_pct <= 3.0; entry_vs_opening_high_pct >= -0.2; cum_value_bil <= 10,9,4,3,2,44.44,18.88,-0.114
opening_width_pct <= 3.0; entry_vs_opening_high_pct >= -0.2; cum_value_bil <= 15,9,4,3,2,44.44,18.88,-0.114
opening_width_pct <= 3.0; entry_vs_opening_high_pct >= 0; volume_ratio >= 2.0,9,4,3,2,44.44,18.88,-0.213
opening_width_pct <= 3.0; volume_ratio >= 2.5; market_median_change_pct >= 0,9,4,2,3,44.44,18.88,-0.12
entry_vs_opening_high_pct >= -0.8; entry_vs_opening_high_pct >= 0; signal_close_vs_vwap_pct >= 0.5,9,4,5,0,44.44,18.88,-0.3
entry_vs_opening_high_pct >= -0.8; entry_vs_opening_high_pct >= 0; signal_close_vs_vwap_pct >= 0.8,9,4,5,0,44.44,18.88,-0.3
entry_vs_opening_high_pct >= -0.8; signal_close_vs_vwap_pct >= 0.5; market_median_change_pct >= 0.3,9,4,4,1,44.44,18.88,-0.206
entry_vs_opening_high_pct >= -0.8; cum_value_bil <= 10; market_median_change_pct >= 0.3,9,4,2,3,44.44,18.88,-0.004
entry_vs_opening_high_pct >= -0.8; market_median_change_pct >= 0.3; distance_from_60d_high_pct <= -10,9,4,3,2,44.44,18.88,-0.098
entry_vs_opening_high_pct >= -0.8; day_change_pct >= 5; day_change_pct >= 7,9,4,5,0,44.44,18.88,-0.3
entry_vs_opening_high_pct >= -0.5; entry_vs_opening_high_pct >= 0; signal_close_vs_vwap_pct >= 0.5,9,4,5,0,44.44,18.88,-0.3
entry_vs_opening_high_pct >= -0.5; entry_vs_opening_high_pct >= 0; signal_close_vs_vwap_pct >= 0.8,9,4,5,0,44.44,18.88,-0.3
entry_vs_opening_high_pct >= -0.5; market_median_change_pct >= 0.3; distance_from_60d_high_pct <= -8,9,4,4,1,44.44,18.88,-0.242
entry_vs_opening_high_pct >= -0.2; entry_vs_opening_high_pct >= 0; signal_close_vs_vwap_pct >= 0.5,9,4,5,0,44.44,18.88,-0.3
entry_vs_opening_high_pct >= -0.2; entry_vs_opening_high_pct >= 0; signal_close_vs_vwap_pct >= 0.8,9,4,5,0,44.44,18.88,-0.3
entry_vs_opening_high_pct >= -0.2; cum_value_bil <= 10; market_median_change_pct >= -0.5,9,4,3,2,44.44,18.88,-0.114
entry_vs_opening_high_pct >= -0.2; cum_value_bil <= 10; market_median_change_pct >= 0,9,4,3,2,44.44,18.88,-0.114
entry_vs_opening_high_pct >= -0.2; cum_value_bil <= 10; entry_gap_pct >= -1.5,9,4,3,2,44.44,18.88,-0.114
entry_vs_opening_high_pct >= -0.2; cum_value_bil <= 15; entry_gap_pct >= -1,9,4,3,2,44.44,18.88,-0.114
entry_vs_opening_high_pct >= -0.2; cum_value_bil <= 15; distance_from_60d_high_pct <= -8,9,4,3,2,44.44,18.88,-0.114
entry_vs_opening_high_pct >= 0; signal_close_vs_vwap_pct >= 0.3; signal_close_vs_vwap_pct >= 0.5,9,4,5,0,44.44,18.88,-0.3
entry_vs_opening_high_pct >= 0; signal_close_vs_vwap_pct >= 0.3; signal_close_vs_vwap_pct >= 0.8,9,4,5,0,44.44,18.88,-0.3
entry_vs_opening_high_pct >= 0; signal_close_vs_vwap_pct >= 0.5; signal_close_vs_vwap_pct >= 0.8,9,4,5,0,44.44,18.88,-0.3
signal_close_vs_vwap_pct >= 0.3; volume_ratio >= 3.0; market_median_change_pct >= 0,9,4,2,3,44.44,18.88,-0.12
signal_close_vs_vwap_pct >= 0.3; market_median_change_pct >= 0.3; distance_from_60d_high_pct <= -8,9,4,5,0,44.44,18.88,-0.3
signal_close_vs_vwap_pct >= 0.5; volume_ratio >= 2.0; entry_gap_pct >= -0.5,9,4,5,0,44.44,18.88,-0.3
signal_close_vs_vwap_pct >= 0.5; entry_gap_pct >= -0.5; distance_from_60d_high_pct <= -10,9,4,5,0,44.44,18.88,-0.3
volume_ratio >= 2.0; volume_ratio >= 3.0; market_median_change_pct >= 0,9,4,2,3,44.44,18.88,-0.12
volume_ratio >= 2.5; volume_ratio >= 3.0; market_median_change_pct >= 0,9,4,2,3,44.44,18.88,-0.12
volume_ratio >= 3.0; market_median_change_pct >= -0.5; market_median_change_pct >= 0,9,4,2,3,44.44,18.88,-0.12
volume_ratio >= 3.0; market_median_change_pct >= 0; entry_gap_pct >= -1.5,9,4,2,3,44.44,18.88,-0.12
volume_ratio >= 3.0; market_median_change_pct >= 0; entry_gap_pct >= -1,9,4,2,3,44.44,18.88,-0.12
cum_value_bil <= 15; market_median_change_pct >= 0.3; distance_from_60d_high_pct <= -8,9,4,3,2,44.44,18.88,-0.098
market_median_change_pct >= -0.5; market_median_change_pct >= 0; market_median_change_pct >= 0.5,9,4,4,1,44.44,18.88,-0.156
market_median_change_pct >= -0.5; market_median_change_pct >= 0.3; market_median_change_pct >= 0.5,9,4,4,1,44.44,18.88,-0.156
market_median_change_pct >= -0.5; market_median_change_pct >= 0.3; distance_from_60d_high_pct <= -10,9,4,3,2,44.44,18.88,-0.098
market_median_change_pct >= 0; market_median_change_pct >= 0.3; market_median_change_pct >= 0.5,9,4,4,1,44.44,18.88,-0.156
market_median_change_pct >= 0; market_median_change_pct >= 0.3; distance_from_60d_high_pct <= -10,9,4,3,2,44.44,18.88,-0.098
market_median_change_pct >= 0.3; entry_gap_pct >= -1.5; distance_from_60d_high_pct <= -10,9,4,3,2,44.44,18.88,-0.098
market_median_change_pct >= 0.3; entry_gap_pct >= -1; distance_from_60d_high_pct <= -10,9,4,3,2,44.44,18.88,-0.098
market_median_change_pct >= 0.3; distance_from_60d_high_pct <= -8; distance_from_60d_high_pct <= -10,9,4,3,2,44.44,18.88,-0.098
signal_hhmm <= 935; distance_from_60d_high_pct <= -8,25,11,12,2,44.0,26.67,-0.239
opening_width_pct <= 3.0; signal_close_vs_vwap_pct >= 0.5,25,11,12,2,44.0,26.67,-0.214
signal_hhmm <= 935; signal_hhmm <= 940; distance_from_60d_high_pct <= -8,25,11,12,2,44.0,26.67,-0.239
opening_width_pct <= 3.0; signal_close_vs_vwap_pct >= 0.3; signal_close_vs_vwap_pct >= 0.5,25,11,12,2,44.0,26.67,-0.214
signal_close_vs_vwap_pct >= 0.3; entry_gap_pct >= -1; distance_from_60d_high_pct <= -8,25,11,11,3,44.0,26.67,-0.216
cum_value_bil <= 10,32,14,11,7,43.75,28.17,-0.105
cum_value_bil <= 10; cum_value_bil <= 15,32,14,11,7,43.75,28.17,-0.105
signal_hhmm <= 930; opening_width_pct <= 3.0; cum_value_bil <= 8,16,7,5,4,43.75,23.1,-0.096
signal_hhmm <= 930; cum_value_bil <= 15; distance_from_60d_high_pct <= -8,16,7,7,2,43.75,23.1,-0.205
signal_hhmm <= 935; opening_width_pct <= 2.5; cum_value_bil <= 10,16,7,5,4,43.75,23.1,-0.096
signal_hhmm <= 935; opening_width_pct <= 2.5; cum_value_bil <= 15,16,7,5,4,43.75,23.1,-0.096
signal_hhmm <= 935; signal_close_vs_vwap_pct >= 0.5; cum_value_bil <= 10,16,7,8,1,43.75,23.1,-0.266
signal_hhmm <= 940; signal_close_vs_vwap_pct >= 0.3; cum_value_bil <= 5,16,7,6,3,43.75,23.1,-0.133
opening_width_pct <= 3.0; entry_vs_opening_high_pct >= -0.5; volume_ratio >= 2.0,16,7,4,5,43.75,23.1,-0.112
opening_width_pct <= 3.0; entry_vs_opening_high_pct >= -0.5; cum_value_bil <= 8,16,7,5,4,43.75,23.1,-0.129
opening_width_pct <= 3.0; signal_close_vs_vwap_pct >= 0.5; cum_value_bil <= 8,16,7,7,2,43.75,23.1,-0.165
opening_width_pct <= 3.0; cum_value_bil <= 5; distance_from_60d_high_pct <= -8,16,7,4,5,43.75,23.1,0.0
entry_vs_opening_high_pct >= -0.5; volume_ratio >= 2.0; market_median_change_pct >= -0.5,16,7,4,5,43.75,23.1,-0.112
entry_vs_opening_high_pct >= -0.5; cum_value_bil <= 8; entry_gap_pct >= -1.5,16,7,5,4,43.75,23.1,-0.129
signal_close_vs_vwap_pct >= 0.3; volume_ratio >= 2.0; market_median_change_pct >= 0,16,7,5,4,43.75,23.1,-0.117
signal_close_vs_vwap_pct >= 0.3; cum_value_bil <= 5; entry_gap_pct >= -1,16,7,6,3,43.75,23.1,-0.133
signal_close_vs_vwap_pct >= 0.5; cum_value_bil <= 10; market_median_change_pct >= -0.5,16,7,7,2,43.75,23.1,-0.165
signal_close_vs_vwap_pct >= 0.5; cum_value_bil <= 10; market_median_change_pct >= 0,16,7,7,2,43.75,23.1,-0.165
volume_ratio >= 2.0; market_median_change_pct >= -0.5; distance_from_60d_high_pct <= -8,16,7,4,5,43.75,23.1,-0.064
cum_value_bil <= 10; market_median_change_pct >= -0.5; entry_gap_pct >= -0.5,16,7,6,3,43.75,23.1,-0.133
cum_value_bil <= 15; market_median_change_pct >= -0.5; distance_from_60d_high_pct <= -10,16,7,4,5,43.75,23.1,0.0
cum_value_bil <= 15; entry_gap_pct >= -1.5; distance_from_60d_high_pct <= -10,16,7,4,5,43.75,23.1,0.0
signal_hhmm <= 935; cum_value_bil <= 10,23,10,9,4,43.48,25.63,-0.171
entry_vs_opening_high_pct >= -0.8; volume_ratio >= 2.0,23,10,7,6,43.48,25.63,-0.112
entry_vs_opening_high_pct >= -0.5; distance_from_60d_high_pct <= -8,23,10,9,4,43.48,25.63,-0.219
signal_close_vs_vwap_pct >= 0.5; market_median_change_pct >= -0.5,23,10,11,2,43.48,25.63,-0.219
signal_close_vs_vwap_pct >= 0.5; market_median_change_pct >= 0,23,10,11,2,43.48,25.63,-0.219
signal_hhmm <= 935; signal_hhmm <= 940; cum_value_bil <= 10,23,10,9,4,43.48,25.63,-0.171
signal_hhmm <= 935; cum_value_bil <= 10; cum_value_bil <= 15,23,10,9,4,43.48,25.63,-0.171
signal_hhmm <= 940; entry_vs_opening_high_pct >= -0.5; signal_close_vs_vwap_pct >= 0.3,23,10,11,2,43.48,25.63,-0.267
signal_hhmm <= 940; signal_close_vs_vwap_pct >= 0.3; cum_value_bil <= 10,23,10,10,3,43.48,25.63,-0.197
signal_hhmm <= 940; signal_close_vs_vwap_pct >= 0.3; distance_from_60d_high_pct <= -8,23,10,11,2,43.48,25.63,-0.234
opening_width_pct <= 3.0; signal_close_vs_vwap_pct >= 0.3; distance_from_60d_high_pct <= -8,23,10,10,3,43.48,25.63,-0.222
entry_vs_opening_high_pct >= -0.8; entry_vs_opening_high_pct >= -0.5; distance_from_60d_high_pct <= -8,23,10,9,4,43.48,25.63,-0.219
entry_vs_opening_high_pct >= -0.8; signal_close_vs_vwap_pct >= 0.3; cum_value_bil <= 10,23,10,10,3,43.48,25.63,-0.197
entry_vs_opening_high_pct >= -0.8; cum_value_bil <= 15; distance_from_60d_high_pct <= -8,23,10,8,5,43.48,25.63,-0.104
signal_close_vs_vwap_pct >= 0.3; signal_close_vs_vwap_pct >= 0.5; market_median_change_pct >= -0.5,23,10,11,2,43.48,25.63,-0.219
signal_close_vs_vwap_pct >= 0.3; signal_close_vs_vwap_pct >= 0.5; market_median_change_pct >= 0,23,10,11,2,43.48,25.63,-0.219
signal_close_vs_vwap_pct >= 0.3; cum_value_bil <= 10; entry_gap_pct >= -1,23,10,10,3,43.48,25.63,-0.197
signal_close_vs_vwap_pct >= 0.5; market_median_change_pct >= -0.5; market_median_change_pct >= 0,23,10,11,2,43.48,25.63,-0.219
cum_value_bil <= 8,28,12,9,7,42.86,26.51,-0.098
cum_value_bil <= 8; cum_value_bil <= 10,28,12,9,7,42.86,26.51,-0.098
cum_value_bil <= 8; cum_value_bil <= 15,28,12,9,7,42.86,26.51,-0.098
cum_value_bil <= 8; cum_value_bil <= 10; cum_value_bil <= 15,28,12,9,7,42.86,26.51,-0.098
distance_from_60d_high_pct <= -10,21,9,7,5,42.86,24.47,-0.1
signal_hhmm <= 940; volume_ratio >= 2.0,21,9,7,5,42.86,24.47,-0.121
opening_width_pct <= 3.0; volume_ratio >= 2.0,21,9,6,6,42.86,24.47,-0.109
entry_vs_opening_high_pct >= -0.8; cum_value_bil <= 5,21,9,6,6,42.86,24.47,-0.06
entry_vs_opening_high_pct >= -0.8; distance_from_60d_high_pct <= -10,21,9,7,5,42.86,24.47,-0.1
distance_from_60d_high_pct <= -8; distance_from_60d_high_pct <= -10,21,9,7,5,42.86,24.47,-0.1
signal_hhmm <= 935; opening_width_pct <= 3.0; cum_value_bil <= 10,21,9,8,4,42.86,24.47,-0.173
signal_hhmm <= 935; opening_width_pct <= 3.0; cum_value_bil <= 15,21,9,8,4,42.86,24.47,-0.173
signal_hhmm <= 935; entry_vs_opening_high_pct >= -0.8; cum_value_bil <= 15,21,9,9,3,42.86,24.47,-0.216
signal_hhmm <= 940; entry_vs_opening_high_pct >= -0.8; volume_ratio >= 2.0,21,9,7,5,42.86,24.47,-0.121
signal_hhmm <= 940; signal_close_vs_vwap_pct >= 0.5; cum_value_bil <= 15,21,9,10,2,42.86,24.47,-0.226
signal_hhmm <= 940; volume_ratio >= 2.0; entry_gap_pct >= -1.5,21,9,7,5,42.86,24.47,-0.121
signal_hhmm <= 940; volume_ratio >= 2.0; entry_gap_pct >= -1,21,9,7,5,42.86,24.47,-0.121
entry_vs_opening_high_pct >= -0.8; cum_value_bil <= 5; cum_value_bil <= 8,21,9,6,6,42.86,24.47,-0.06
entry_vs_opening_high_pct >= -0.8; cum_value_bil <= 5; cum_value_bil <= 10,21,9,6,6,42.86,24.47,-0.06
entry_vs_opening_high_pct >= -0.8; cum_value_bil <= 5; cum_value_bil <= 15,21,9,6,6,42.86,24.47,-0.06
entry_vs_opening_high_pct >= -0.8; distance_from_60d_high_pct <= -8; distance_from_60d_high_pct <= -10,21,9,7,5,42.86,24.47,-0.1
entry_vs_opening_high_pct >= -0.5; entry_gap_pct >= -1; distance_from_60d_high_pct <= -8,21,9,8,4,42.86,24.47,-0.226
signal_close_vs_vwap_pct >= 0.3; cum_value_bil <= 8; entry_gap_pct >= -1.5,21,9,9,3,42.86,24.47,-0.201
signal_close_vs_vwap_pct >= 0.3; cum_value_bil <= 10; market_median_change_pct >= -0.5,21,9,9,3,42.86,24.47,-0.201
signal_close_vs_vwap_pct >= 0.3; market_median_change_pct >= -0.5; distance_from_60d_high_pct <= -8,21,9,9,3,42.86,24.47,-0.229
cum_value_bil <= 10; entry_gap_pct >= -1.5; distance_from_60d_high_pct <= -8,21,9,7,5,42.86,24.47,-0.1
cum_value_bil <= 15; entry_gap_pct >= -1; distance_from_60d_high_pct <= -8,21,9,7,5,42.86,24.47,-0.1
signal_hhmm <= 930; distance_from_60d_high_pct <= -10,14,6,6,2,42.86,21.38,-0.213
volume_ratio >= 2.0; entry_gap_pct >= -0.5,14,6,5,3,42.86,21.38,-0.205
signal_hhmm <= 925; opening_width_pct <= 3.0; distance_from_60d_high_pct <= -8,14,6,6,2,42.86,21.38,-0.213
signal_hhmm <= 930; signal_hhmm <= 935; distance_from_60d_high_pct <= -10,14,6,6,2,42.86,21.38,-0.213
signal_hhmm <= 930; signal_hhmm <= 940; distance_from_60d_high_pct <= -10,14,6,6,2,42.86,21.38,-0.213
signal_hhmm <= 930; entry_vs_opening_high_pct >= -0.8; cum_value_bil <= 8,14,6,5,3,42.86,21.38,-0.153
signal_hhmm <= 930; entry_vs_opening_high_pct >= -0.8; distance_from_60d_high_pct <= -10,14,6,6,2,42.86,21.38,-0.213
signal_hhmm <= 930; cum_value_bil <= 8; market_median_change_pct >= -0.5,14,6,4,4,42.86,21.38,-0.088
signal_hhmm <= 930; distance_from_60d_high_pct <= -8; distance_from_60d_high_pct <= -10,14,6,6,2,42.86,21.38,-0.213
signal_hhmm <= 940; signal_close_vs_vwap_pct >= 0.5; cum_value_bil <= 5,14,6,6,2,42.86,21.38,-0.167
opening_width_pct <= 3.0; entry_vs_opening_high_pct >= -0.5; cum_value_bil <= 5,14,6,4,4,42.86,21.38,-0.126
opening_width_pct <= 3.0; entry_vs_opening_high_pct >= -0.5; distance_from_60d_high_pct <= -10,14,6,5,3,42.86,21.38,-0.186
opening_width_pct <= 3.0; signal_close_vs_vwap_pct >= 0.3; distance_from_60d_high_pct <= -10,14,6,6,2,42.86,21.38,-0.191
opening_width_pct <= 3.0; signal_close_vs_vwap_pct >= 0.5; cum_value_bil <= 5,14,6,6,2,42.86,21.38,-0.167
opening_width_pct <= 3.0; signal_close_vs_vwap_pct >= 0.8; entry_gap_pct >= -1.5,14,6,8,0,42.86,21.38,-0.343
opening_width_pct <= 3.0; signal_close_vs_vwap_pct >= 0.8; entry_gap_pct >= -1,14,6,8,0,42.86,21.38,-0.343
opening_width_pct <= 3.0; cum_value_bil <= 10; distance_from_60d_high_pct <= -10,14,6,3,5,42.86,21.38,0.022
opening_width_pct <= 3.0; cum_value_bil <= 15; distance_from_60d_high_pct <= -10,14,6,3,5,42.86,21.38,0.022
entry_vs_opening_high_pct >= -0.5; cum_value_bil <= 5; entry_gap_pct >= -1.5,14,6,4,4,42.86,21.38,-0.126
entry_vs_opening_high_pct >= -0.5; market_median_change_pct >= 0; distance_from_60d_high_pct <= -10,14,6,5,3,42.86,21.38,-0.186
signal_close_vs_vwap_pct >= 0.3; market_median_change_pct >= 0; distance_from_60d_high_pct <= -10,14,6,6,2,42.86,21.38,-0.191
signal_close_vs_vwap_pct >= 0.5; cum_value_bil <= 5; entry_gap_pct >= -1.5,14,6,6,2,42.86,21.38,-0.167
signal_close_vs_vwap_pct >= 0.5; cum_value_bil <= 5; entry_gap_pct >= -1,14,6,6,2,42.86,21.38,-0.167
signal_close_vs_vwap_pct >= 0.8; market_median_change_pct >= -0.5; entry_gap_pct >= -1.5,14,6,8,0,42.86,21.38,-0.343
signal_close_vs_vwap_pct >= 0.8; market_median_change_pct >= -0.5; entry_gap_pct >= -1,14,6,8,0,42.86,21.38,-0.343
signal_close_vs_vwap_pct >= 0.8; market_median_change_pct >= 0; entry_gap_pct >= -1.5,14,6,8,0,42.86,21.38,-0.343
signal_close_vs_vwap_pct >= 0.8; market_median_change_pct >= 0; entry_gap_pct >= -1,14,6,8,0,42.86,21.38,-0.343
volume_ratio >= 2.0; cum_value_bil <= 15; market_median_change_pct >= 0,14,6,3,5,42.86,21.38,-0.01
volume_ratio >= 2.0; entry_gap_pct >= -1.5; entry_gap_pct >= -0.5,14,6,5,3,42.86,21.38,-0.205
volume_ratio >= 2.0; entry_gap_pct >= -1; entry_gap_pct >= -0.5,14,6,5,3,42.86,21.38,-0.205
cum_value_bil <= 5; entry_gap_pct >= -1; distance_from_60d_high_pct <= -8,14,6,3,5,42.86,21.38,0.022
cum_value_bil <= 8; market_median_change_pct >= -0.5; entry_gap_pct >= -0.5,14,6,5,3,42.86,21.38,-0.131
cum_value_bil <= 10; market_median_change_pct >= 0; distance_from_60d_high_pct <= -10,14,6,3,5,42.86,21.38,0.022
cum_value_bil <= 15; entry_gap_pct >= -0.5; distance_from_60d_high_pct <= -8,14,6,5,3,42.86,21.38,-0.131
cum_value_bil <= 15,33,14,12,7,42.42,27.24,-0.147
distance_from_60d_high_pct <= -8,33,14,13,6,42.42,27.24,-0.192
entry_vs_opening_high_pct >= -0.8; signal_close_vs_vwap_pct >= 0.5,26,11,13,2,42.31,25.54,-0.263
entry_vs_opening_high_pct >= -0.5; signal_close_vs_vwap_pct >= 0.3,26,11,12,3,42.31,25.54,-0.295
entry_vs_opening_high_pct >= -0.8; entry_vs_opening_high_pct >= -0.5; signal_close_vs_vwap_pct >= 0.3,26,11,12,3,42.31,25.54,-0.295
entry_vs_opening_high_pct >= -0.8; signal_close_vs_vwap_pct >= 0.3; signal_close_vs_vwap_pct >= 0.5,26,11,13,2,42.31,25.54,-0.263
entry_vs_opening_high_pct >= -0.8; signal_close_vs_vwap_pct >= 0.3; distance_from_60d_high_pct <= -8,26,11,12,3,42.31,25.54,-0.266
signal_close_vs_vwap_pct >= 0.3; entry_gap_pct >= -1.5; distance_from_60d_high_pct <= -8,26,11,12,3,42.31,25.54,-0.266
market_median_change_pct >= -0.5; distance_from_60d_high_pct <= -10,19,8,6,5,42.11,23.14,-0.095
entry_gap_pct >= -1; distance_from_60d_high_pct <= -10,19,8,6,5,42.11,23.14,-0.095
signal_hhmm <= 930; opening_width_pct <= 3.0; distance_from_60d_high_pct <= -8,19,8,9,2,42.11,23.14,-0.267
signal_hhmm <= 935; signal_close_vs_vwap_pct >= 0.3; cum_value_bil <= 15,19,8,10,1,42.11,23.14,-0.319
signal_hhmm <= 935; cum_value_bil <= 10; market_median_change_pct >= -0.5,19,8,7,4,42.11,23.14,-0.176
signal_hhmm <= 940; entry_vs_opening_high_pct >= -0.8; cum_value_bil <= 5,19,8,5,6,42.11,23.14,-0.05
signal_hhmm <= 940; signal_close_vs_vwap_pct >= 0.3; cum_value_bil <= 8,19,8,8,3,42.11,23.14,-0.207
signal_hhmm <= 940; entry_gap_pct >= -1.5; distance_from_60d_high_pct <= -10,19,8,6,5,42.11,23.14,-0.095
signal_hhmm <= 940; entry_gap_pct >= -1; distance_from_60d_high_pct <= -10,19,8,6,5,42.11,23.14,-0.095
opening_width_pct <= 3.0; signal_close_vs_vwap_pct >= 0.3; cum_value_bil <= 8,19,8,8,3,42.11,23.14,-0.207
entry_vs_opening_high_pct >= -0.8; market_median_change_pct >= -0.5; distance_from_60d_high_pct <= -10,19,8,6,5,42.11,23.14,-0.095
entry_vs_opening_high_pct >= -0.8; entry_gap_pct >= -1; distance_from_60d_high_pct <= -10,19,8,6,5,42.11,23.14,-0.095
entry_vs_opening_high_pct >= -0.5; cum_value_bil <= 15; entry_gap_pct >= -1.5,19,8,7,4,42.11,23.14,-0.203
signal_close_vs_vwap_pct >= 0.5; cum_value_bil <= 10; entry_gap_pct >= -1.5,19,8,9,2,42.11,23.14,-0.234
signal_close_vs_vwap_pct >= 0.5; cum_value_bil <= 10; entry_gap_pct >= -1,19,8,9,2,42.11,23.14,-0.234
cum_value_bil <= 15; market_median_change_pct >= -0.5; distance_from_60d_high_pct <= -8,19,8,6,5,42.11,23.14,-0.095
market_median_change_pct >= -0.5; distance_from_60d_high_pct <= -8; distance_from_60d_high_pct <= -10,19,8,6,5,42.11,23.14,-0.095
entry_gap_pct >= -1.5; entry_gap_pct >= -1; distance_from_60d_high_pct <= -10,19,8,6,5,42.11,23.14,-0.095
entry_gap_pct >= -1; distance_from_60d_high_pct <= -8; distance_from_60d_high_pct <= -10,19,8,6,5,42.11,23.14,-0.095
signal_close_vs_vwap_pct >= 0.3,36,15,17,4,41.67,27.14,-0.285
signal_hhmm <= 935; cum_value_bil <= 15,24,10,10,4,41.67,24.47,-0.227
entry_vs_opening_high_pct >= -0.8; cum_value_bil <= 8,24,10,8,6,41.67,24.47,-0.127
signal_hhmm <= 935; signal_hhmm <= 940; cum_value_bil <= 15,24,10,10,4,41.67,24.47,-0.227
signal_hhmm <= 935; entry_vs_opening_high_pct >= -0.8; distance_from_60d_high_pct <= -8,24,10,12,2,41.67,24.47,-0.299
signal_hhmm <= 935; entry_gap_pct >= -1.5; distance_from_60d_high_pct <= -8,24,10,12,2,41.67,24.47,-0.299
signal_hhmm <= 935; entry_gap_pct >= -1; distance_from_60d_high_pct <= -8,24,10,12,2,41.67,24.47,-0.299
signal_hhmm <= 940; signal_close_vs_vwap_pct >= 0.3; cum_value_bil <= 15,24,10,11,3,41.67,24.47,-0.251
signal_hhmm <= 940; market_median_change_pct >= -0.5; distance_from_60d_high_pct <= -8,24,10,9,5,41.67,24.47,-0.162
entry_vs_opening_high_pct >= -0.8; signal_close_vs_vwap_pct >= 0.3; cum_value_bil <= 15,24,10,11,3,41.67,24.47,-0.251
entry_vs_opening_high_pct >= -0.8; cum_value_bil <= 8; cum_value_bil <= 10,24,10,8,6,41.67,24.47,-0.127
entry_vs_opening_high_pct >= -0.8; cum_value_bil <= 8; cum_value_bil <= 15,24,10,8,6,41.67,24.47,-0.127
entry_vs_opening_high_pct >= -0.5; signal_close_vs_vwap_pct >= 0.3; entry_gap_pct >= -1,24,10,11,3,41.67,24.47,-0.307
signal_close_vs_vwap_pct >= 0.3; cum_value_bil <= 10; entry_gap_pct >= -1.5,24,10,11,3,41.67,24.47,-0.251
signal_close_vs_vwap_pct >= 0.3; cum_value_bil <= 15; entry_gap_pct >= -1,24,10,11,3,41.67,24.47,-0.251
signal_hhmm <= 925; distance_from_60d_high_pct <= -10,12,5,5,2,41.67,19.33,-0.224
entry_vs_opening_high_pct >= -0.2; volume_ratio >= 2.0,12,5,4,3,41.67,19.33,-0.214
cum_value_bil <= 15; market_median_change_pct >= 0.3,12,5,4,3,41.67,19.33,-0.153
signal_hhmm <= 925; signal_hhmm <= 930; distance_from_60d_high_pct <= -10,12,5,5,2,41.67,19.33,-0.224
signal_hhmm <= 925; signal_hhmm <= 935; distance_from_60d_high_pct <= -10,12,5,5,2,41.67,19.33,-0.224
signal_hhmm <= 925; signal_hhmm <= 940; distance_from_60d_high_pct <= -10,12,5,5,2,41.67,19.33,-0.224
signal_hhmm <= 925; opening_width_pct <= 2.5; distance_from_60d_high_pct <= -8,12,5,5,2,41.67,19.33,-0.224
signal_hhmm <= 925; opening_width_pct <= 3.0; cum_value_bil <= 10,12,5,4,3,41.67,19.33,-0.153
signal_hhmm <= 925; opening_width_pct <= 3.0; cum_value_bil <= 15,12,5,4,3,41.67,19.33,-0.153
signal_hhmm <= 925; entry_vs_opening_high_pct >= -0.8; distance_from_60d_high_pct <= -10,12,5,5,2,41.67,19.33,-0.224
signal_hhmm <= 925; cum_value_bil <= 15; market_median_change_pct >= -0.5,12,5,4,3,41.67,19.33,-0.153
signal_hhmm <= 925; cum_value_bil <= 15; distance_from_60d_high_pct <= -8,12,5,5,2,41.67,19.33,-0.224
signal_hhmm <= 925; entry_gap_pct >= -1.5; distance_from_60d_high_pct <= -10,12,5,5,2,41.67,19.33,-0.224
signal_hhmm <= 925; entry_gap_pct >= -1; distance_from_60d_high_pct <= -10,12,5,5,2,41.67,19.33,-0.224
signal_hhmm <= 925; distance_from_60d_high_pct <= -8; distance_from_60d_high_pct <= -10,12,5,5,2,41.67,19.33,-0.224
signal_hhmm <= 930; opening_width_pct <= 2.5; distance_from_60d_high_pct <= -10,12,5,5,2,41.67,19.33,-0.224
signal_hhmm <= 930; opening_width_pct <= 3.0; volume_ratio >= 2.0,12,5,5,2,41.67,19.33,-0.261
signal_hhmm <= 930; entry_vs_opening_high_pct >= -0.8; cum_value_bil <= 5,12,5,4,3,41.67,19.33,-0.153
signal_hhmm <= 930; signal_close_vs_vwap_pct >= 0.3; volume_ratio >= 2.0,12,5,6,1,41.67,19.33,-0.305
signal_hhmm <= 930; signal_close_vs_vwap_pct >= 0.3; cum_value_bil <= 8,12,5,6,1,41.67,19.33,-0.305
signal_hhmm <= 930; volume_ratio >= 2.0; distance_from_60d_high_pct <= -8,12,5,6,1,41.67,19.33,-0.331
signal_hhmm <= 930; market_median_change_pct >= 0; distance_from_60d_high_pct <= -10,12,5,5,2,41.67,19.33,-0.224
signal_hhmm <= 935; signal_close_vs_vwap_pct >= 0.8; market_median_change_pct >= -0.5,12,5,7,0,41.67,19.33,-0.375
signal_hhmm <= 935; signal_close_vs_vwap_pct >= 0.8; market_median_change_pct >= 0,12,5,7,0,41.67,19.33,-0.375
signal_hhmm <= 935; cum_value_bil <= 8; entry_gap_pct >= -0.5,12,5,6,1,41.67,19.33,-0.267
signal_hhmm <= 940; volume_ratio >= 2.0; entry_gap_pct >= -0.5,12,5,5,2,41.67,19.33,-0.235
signal_hhmm <= 940; cum_value_bil <= 15; market_median_change_pct >= 0.3,12,5,4,3,41.67,19.33,-0.153
opening_width_pct <= 2.5; signal_close_vs_vwap_pct >= 0.3; volume_ratio >= 2.0,12,5,3,4,41.67,19.33,-0.106
opening_width_pct <= 2.5; signal_close_vs_vwap_pct >= 0.3; cum_value_bil <= 5,12,5,4,3,41.67,19.33,-0.127
opening_width_pct <= 2.5; signal_close_vs_vwap_pct >= 0.3; cum_value_bil <= 8,12,5,4,3,41.67,19.33,-0.127
opening_width_pct <= 2.5; cum_value_bil <= 5; distance_from_60d_high_pct <= -8,12,5,2,5,41.67,19.33,0.05
opening_width_pct <= 2.5; cum_value_bil <= 5; distance_from_60d_high_pct <= -10,12,5,2,5,41.67,19.33,0.05
opening_width_pct <= 2.5; cum_value_bil <= 8; distance_from_60d_high_pct <= -10,12,5,2,5,41.67,19.33,0.05
opening_width_pct <= 2.5; market_median_change_pct >= -0.5; day_change_pct >= 5,12,5,5,2,41.67,19.33,-0.198
opening_width_pct <= 2.5; market_median_change_pct >= 0; day_change_pct >= 5,12,5,5,2,41.67,19.33,-0.198
opening_width_pct <= 2.5; day_change_pct >= 5; entry_gap_pct >= -1.5,12,5,5,2,41.67,19.33,-0.198
opening_width_pct <= 3.0; signal_close_vs_vwap_pct >= 0.8; market_median_change_pct >= -0.5,12,5,7,0,41.67,19.33,-0.375
opening_width_pct <= 3.0; signal_close_vs_vwap_pct >= 0.8; market_median_change_pct >= 0,12,5,7,0,41.67,19.33,-0.375
opening_width_pct <= 3.0; cum_value_bil <= 5; distance_from_60d_high_pct <= -10,12,5,2,5,41.67,19.33,0.05
entry_vs_opening_high_pct >= -0.8; entry_vs_opening_high_pct >= -0.2; volume_ratio >= 2.0,12,5,4,3,41.67,19.33,-0.214
entry_vs_opening_high_pct >= -0.5; entry_vs_opening_high_pct >= -0.2; volume_ratio >= 2.0,12,5,4,3,41.67,19.33,-0.214
entry_vs_opening_high_pct >= -0.5; volume_ratio >= 2.0; entry_gap_pct >= -0.5,12,5,4,3,41.67,19.33,-0.214
entry_vs_opening_high_pct >= -0.5; cum_value_bil <= 15; entry_gap_pct >= -0.5,12,5,5,2,41.67,19.33,-0.235
volume_ratio >= 2.0; cum_value_bil <= 8; market_median_change_pct >= 0,12,5,2,5,41.67,19.33,0.013
volume_ratio >= 2.0; entry_gap_pct >= -0.5; distance_from_60d_high_pct <= -8,12,5,4,3,41.67,19.33,-0.214
cum_value_bil <= 5; market_median_change_pct >= -0.5; distance_from_60d_high_pct <= -10,12,5,2,5,41.67,19.33,0.05
cum_value_bil <= 5; entry_gap_pct >= -1.5; distance_from_60d_high_pct <= -10,12,5,2,5,41.67,19.33,0.05
cum_value_bil <= 8; market_median_change_pct >= 0; distance_from_60d_high_pct <= -10,12,5,2,5,41.67,19.33,0.05
cum_value_bil <= 15; market_median_change_pct >= -0.5; market_median_change_pct >= 0.3,12,5,4,3,41.67,19.33,-0.153
cum_value_bil <= 15; market_median_change_pct >= 0; market_median_change_pct >= 0.3,12,5,4,3,41.67,19.33,-0.153
signal_hhmm <= 940; cum_value_bil <= 10,29,12,10,7,41.38,25.51,-0.147
signal_hhmm <= 940; distance_from_60d_high_pct <= -8,29,12,12,5,41.38,25.51,-0.207
opening_width_pct <= 3.0; distance_from_60d_high_pct <= -8,29,12,11,6,41.38,25.51,-0.198
signal_hhmm <= 940; cum_value_bil <= 10; cum_value_bil <= 15,29,12,10,7,41.38,25.51,-0.147
signal_hhmm <= 930; cum_value_bil <= 8,17,7,6,4,41.18,21.61,-0.179
signal_hhmm <= 930; signal_hhmm <= 935; cum_value_bil <= 8,17,7,6,4,41.18,21.61,-0.179
signal_hhmm <= 930; signal_hhmm <= 940; cum_value_bil <= 8,17,7,6,4,41.18,21.61,-0.179
signal_hhmm <= 930; cum_value_bil <= 8; cum_value_bil <= 10,17,7,6,4,41.18,21.61,-0.179
signal_hhmm <= 930; cum_value_bil <= 8; cum_value_bil <= 15,17,7,6,4,41.18,21.61,-0.179
signal_hhmm <= 930; market_median_change_pct >= -0.5; distance_from_60d_high_pct <= -8,17,7,8,2,41.18,21.61,-0.281
signal_hhmm <= 935; opening_width_pct <= 2.5; distance_from_60d_high_pct <= -8,17,7,8,2,41.18,21.61,-0.281
signal_hhmm <= 935; opening_width_pct <= 3.0; cum_value_bil <= 5,17,7,6,4,41.18,21.61,-0.179
signal_hhmm <= 935; signal_close_vs_vwap_pct >= 0.5; cum_value_bil <= 15,17,7,9,1,41.18,21.61,-0.339
signal_hhmm <= 935; cum_value_bil <= 5; entry_gap_pct >= -1.5,17,7,6,4,41.18,21.61,-0.179
signal_hhmm <= 935; cum_value_bil <= 5; entry_gap_pct >= -1,17,7,6,4,41.18,21.61,-0.179
signal_hhmm <= 940; opening_width_pct <= 2.5; cum_value_bil <= 8,17,7,3,7,41.18,21.61,0.015
signal_hhmm <= 940; opening_width_pct <= 3.0; distance_from_60d_high_pct <= -10,17,7,5,5,41.18,21.61,-0.088
signal_hhmm <= 940; signal_close_vs_vwap_pct >= 0.5; cum_value_bil <= 8,17,7,8,2,41.18,21.61,-0.244
signal_hhmm <= 940; volume_ratio >= 2.0; market_median_change_pct >= -0.5,17,7,5,5,41.18,21.61,-0.115
signal_hhmm <= 940; market_median_change_pct >= 0; distance_from_60d_high_pct <= -10,17,7,5,5,41.18,21.61,-0.088
opening_width_pct <= 3.0; entry_vs_opening_high_pct >= -0.5; cum_value_bil <= 10,17,7,6,4,41.18,21.61,-0.209
opening_width_pct <= 3.0; entry_vs_opening_high_pct >= -0.5; cum_value_bil <= 15,17,7,6,4,41.18,21.61,-0.209
opening_width_pct <= 3.0; signal_close_vs_vwap_pct >= 0.3; cum_value_bil <= 5,17,7,7,3,41.18,21.61,-0.213
entry_vs_opening_high_pct >= -0.5; cum_value_bil <= 10; market_median_change_pct >= -0.5,17,7,6,4,41.18,21.61,-0.209
signal_close_vs_vwap_pct >= 0.3; cum_value_bil <= 5; entry_gap_pct >= -1.5,17,7,7,3,41.18,21.61,-0.213
signal_close_vs_vwap_pct >= 0.3; cum_value_bil <= 8; market_median_change_pct >= -0.5,17,7,7,3,41.18,21.61,-0.213
signal_close_vs_vwap_pct >= 0.5; cum_value_bil <= 8; entry_gap_pct >= -1.5,17,7,8,2,41.18,21.61,-0.244
signal_close_vs_vwap_pct >= 0.5; cum_value_bil <= 8; entry_gap_pct >= -1,17,7,8,2,41.18,21.61,-0.244
signal_close_vs_vwap_pct >= 0.5; cum_value_bil <= 15; market_median_change_pct >= -0.5,17,7,8,2,41.18,21.61,-0.244
signal_close_vs_vwap_pct >= 0.5; cum_value_bil <= 15; market_median_change_pct >= 0,17,7,8,2,41.18,21.61,-0.244
cum_value_bil <= 15; market_median_change_pct >= -0.5; entry_gap_pct >= -0.5,17,7,7,3,41.18,21.61,-0.214
market_median_change_pct >= -0.5; entry_gap_pct >= -1; distance_from_60d_high_pct <= -10,17,7,5,5,41.18,21.61,-0.088
signal_hhmm <= 935; entry_vs_opening_high_pct >= -0.5,22,9,11,2,40.91,23.26,-0.333
signal_hhmm <= 935; signal_hhmm <= 940; entry_vs_opening_high_pct >= -0.5,22,9,11,2,40.91,23.26,-0.333
signal_hhmm <= 935; entry_vs_opening_high_pct >= -0.8; entry_vs_opening_high_pct >= -0.5,22,9,11,2,40.91,23.26,-0.333
signal_hhmm <= 935; entry_vs_opening_high_pct >= -0.8; signal_close_vs_vwap_pct >= 0.5,22,9,12,1,40.91,23.26,-0.357
signal_hhmm <= 935; entry_vs_opening_high_pct >= -0.5; entry_gap_pct >= -1.5,22,9,11,2,40.91,23.26,-0.333
signal_hhmm <= 935; entry_vs_opening_high_pct >= -0.5; entry_gap_pct >= -1,22,9,11,2,40.91,23.26,-0.333
signal_hhmm <= 935; cum_value_bil <= 10; entry_gap_pct >= -1.5,22,9,9,4,40.91,23.26,-0.234
signal_hhmm <= 935; cum_value_bil <= 10; entry_gap_pct >= -1,22,9,9,4,40.91,23.26,-0.234
signal_hhmm <= 940; entry_vs_opening_high_pct >= -0.8; cum_value_bil <= 8,22,9,7,6,40.91,23.26,-0.125
signal_hhmm <= 940; signal_close_vs_vwap_pct >= 0.5; market_median_change_pct >= -0.5,22,9,11,2,40.91,23.26,-0.284
signal_hhmm <= 940; signal_close_vs_vwap_pct >= 0.5; market_median_change_pct >= 0,22,9,11,2,40.91,23.26,-0.284
opening_width_pct <= 3.0; entry_vs_opening_high_pct >= -0.8; signal_close_vs_vwap_pct >= 0.5,22,9,11,2,40.91,23.26,-0.284
opening_width_pct <= 3.0; entry_vs_opening_high_pct >= -0.8; cum_value_bil <= 8,22,9,7,6,40.91,23.26,-0.125
opening_width_pct <= 3.0; signal_close_vs_vwap_pct >= 0.3; cum_value_bil <= 10,22,9,10,3,40.91,23.26,-0.26
opening_width_pct <= 3.0; signal_close_vs_vwap_pct >= 0.3; cum_value_bil <= 15,22,9,10,3,40.91,23.26,-0.26
entry_vs_opening_high_pct >= -0.8; volume_ratio >= 2.0; entry_gap_pct >= -1.5,22,9,7,6,40.91,23.26,-0.172
entry_vs_opening_high_pct >= -0.8; volume_ratio >= 2.0; entry_gap_pct >= -1,22,9,7,6,40.91,23.26,-0.172
entry_vs_opening_high_pct >= -0.5; entry_gap_pct >= -1.5; distance_from_60d_high_pct <= -8,22,9,9,4,40.91,23.26,-0.284
signal_close_vs_vwap_pct >= 0.3; cum_value_bil <= 15; market_median_change_pct >= -0.5,22,9,10,3,40.91,23.26,-0.26
signal_close_vs_vwap_pct >= 0.5; market_median_change_pct >= -0.5; entry_gap_pct >= -1.5,22,9,11,2,40.91,23.26,-0.284
signal_close_vs_vwap_pct >= 0.5; market_median_change_pct >= -0.5; entry_gap_pct >= -1,22,9,11,2,40.91,23.26,-0.284
signal_close_vs_vwap_pct >= 0.5; market_median_change_pct >= 0; entry_gap_pct >= -1.5,22,9,11,2,40.91,23.26,-0.284
signal_close_vs_vwap_pct >= 0.5; market_median_change_pct >= 0; entry_gap_pct >= -1,22,9,11,2,40.91,23.26,-0.284
cum_value_bil <= 15; entry_gap_pct >= -1.5; distance_from_60d_high_pct <= -8,22,9,8,5,40.91,23.26,-0.164
signal_hhmm <= 940; signal_close_vs_vwap_pct >= 0.5,27,11,14,2,40.74,24.51,-0.309
entry_vs_opening_high_pct >= -0.8; cum_value_bil <= 10,27,11,10,6,40.74,24.51,-0.18
signal_close_vs_vwap_pct >= 0.5; entry_gap_pct >= -1.5,27,11,14,2,40.74,24.51,-0.309
signal_close_vs_vwap_pct >= 0.5; entry_gap_pct >= -1,27,11,14,2,40.74,24.51,-0.309
cum_value_bil <= 10; market_median_change_pct >= -0.5,27,11,9,7,40.74,24.51,-0.146
market_median_change_pct >= -0.5; distance_from_60d_high_pct <= -8,27,11,10,6,40.74,24.51,-0.201
signal_hhmm <= 940; signal_close_vs_vwap_pct >= 0.3; signal_close_vs_vwap_pct >= 0.5,27,11,14,2,40.74,24.51,-0.309
entry_vs_opening_high_pct >= -0.8; cum_value_bil <= 10; cum_value_bil <= 15,27,11,10,6,40.74,24.51,-0.18
signal_close_vs_vwap_pct >= 0.3; signal_close_vs_vwap_pct >= 0.5; entry_gap_pct >= -1.5,27,11,14,2,40.74,24.51,-0.309
signal_close_vs_vwap_pct >= 0.3; signal_close_vs_vwap_pct >= 0.5; entry_gap_pct >= -1,27,11,14,2,40.74,24.51,-0.309
signal_close_vs_vwap_pct >= 0.5; entry_gap_pct >= -1.5; entry_gap_pct >= -1,27,11,14,2,40.74,24.51,-0.309
cum_value_bil <= 10; cum_value_bil <= 15; market_median_change_pct >= -0.5,27,11,9,7,40.74,24.51,-0.146
signal_hhmm <= 940; cum_value_bil <= 15,30,12,11,7,40.0,24.59,-0.192
signal_close_vs_vwap_pct >= 0.3; market_median_change_pct >= -0.5,30,12,14,4,40.0,24.59,-0.312
entry_gap_pct >= -1; distance_from_60d_high_pct <= -8,30,12,12,6,40.0,24.59,-0.241
entry_gap_pct >= -1.5; entry_gap_pct >= -1; distance_from_60d_high_pct <= -8,30,12,12,6,40.0,24.59,-0.241
signal_hhmm <= 940; cum_value_bil <= 8,25,10,8,7,40.0,23.4,-0.146
opening_width_pct <= 3.0; cum_value_bil <= 8,25,10,8,7,40.0,23.4,-0.146
cum_value_bil <= 8; entry_gap_pct >= -1,25,10,8,7,40.0,23.4,-0.146
signal_hhmm <= 935; entry_vs_opening_high_pct >= -0.8; signal_close_vs_vwap_pct >= 0.3,25,10,14,1,40.0,23.4,-0.386
signal_hhmm <= 940; opening_width_pct <= 3.0; distance_from_60d_high_pct <= -8,25,10,10,5,40.0,23.4,-0.216
signal_hhmm <= 940; entry_vs_opening_high_pct >= -0.8; signal_close_vs_vwap_pct >= 0.5,25,10,13,2,40.0,23.4,-0.322
signal_hhmm <= 940; entry_vs_opening_high_pct >= -0.8; cum_value_bil <= 10,25,10,9,6,40.0,23.4,-0.182
signal_hhmm <= 940; cum_value_bil <= 8; cum_value_bil <= 10,25,10,8,7,40.0,23.4,-0.146
signal_hhmm <= 940; cum_value_bil <= 8; cum_value_bil <= 15,25,10,8,7,40.0,23.4,-0.146
signal_hhmm <= 940; cum_value_bil <= 10; market_median_change_pct >= -0.5,25,10,8,7,40.0,23.4,-0.146
opening_width_pct <= 3.0; cum_value_bil <= 8; cum_value_bil <= 10,25,10,8,7,40.0,23.4,-0.146
opening_width_pct <= 3.0; cum_value_bil <= 8; cum_value_bil <= 15,25,10,8,7,40.0,23.4,-0.146
entry_vs_opening_high_pct >= -0.8; signal_close_vs_vwap_pct >= 0.5; entry_gap_pct >= -1.5,25,10,13,2,40.0,23.4,-0.322
entry_vs_opening_high_pct >= -0.8; signal_close_vs_vwap_pct >= 0.5; entry_gap_pct >= -1,25,10,13,2,40.0,23.4,-0.322
entry_vs_opening_high_pct >= -0.5; signal_close_vs_vwap_pct >= 0.3; entry_gap_pct >= -1.5,25,10,12,3,40.0,23.4,-0.355
signal_close_vs_vwap_pct >= 0.3; cum_value_bil <= 15; entry_gap_pct >= -1.5,25,10,12,3,40.0,23.4,-0.301
cum_value_bil <= 8; cum_value_bil <= 10; entry_gap_pct >= -1,25,10,8,7,40.0,23.4,-0.146
cum_value_bil <= 8; cum_value_bil <= 15; entry_gap_pct >= -1,25,10,8,7,40.0,23.4,-0.146
cum_value_bil <= 8; entry_gap_pct >= -1.5; entry_gap_pct >= -1,25,10,8,7,40.0,23.4,-0.146
market_median_change_pct >= -0.5; entry_gap_pct >= -1; distance_from_60d_high_pct <= -8,25,10,9,6,40.0,23.4,-0.205
entry_gap_pct >= -1.5; distance_from_60d_high_pct <= -10,20,8,7,5,40.0,21.88,-0.165
signal_hhmm <= 935; opening_width_pct <= 3.0; entry_vs_opening_high_pct >= -0.5,20,8,10,2,40.0,21.88,-0.352
signal_hhmm <= 935; opening_width_pct <= 3.0; signal_close_vs_vwap_pct >= 0.5,20,8,11,1,40.0,21.88,-0.378
signal_hhmm <= 935; entry_vs_opening_high_pct >= -0.5; market_median_change_pct >= -0.5,20,8,10,2,40.0,21.88,-0.352
signal_hhmm <= 935; cum_value_bil <= 15; market_median_change_pct >= -0.5,20,8,8,4,40.0,21.88,-0.242
opening_width_pct <= 3.0; entry_vs_opening_high_pct >= -0.8; volume_ratio >= 2.0,20,8,6,6,40.0,21.88,-0.174
opening_width_pct <= 3.0; entry_vs_opening_high_pct >= -0.8; cum_value_bil <= 5,20,8,6,6,40.0,21.88,-0.123
opening_width_pct <= 3.0; entry_vs_opening_high_pct >= -0.5; distance_from_60d_high_pct <= -8,20,8,8,4,40.0,21.88,-0.297
opening_width_pct <= 3.0; signal_close_vs_vwap_pct >= 0.5; market_median_change_pct >= -0.5,20,8,10,2,40.0,21.88,-0.297
opening_width_pct <= 3.0; signal_close_vs_vwap_pct >= 0.5; market_median_change_pct >= 0,20,8,10,2,40.0,21.88,-0.297
opening_width_pct <= 3.0; volume_ratio >= 2.0; entry_gap_pct >= -1.5,20,8,6,6,40.0,21.88,-0.174
opening_width_pct <= 3.0; volume_ratio >= 2.0; entry_gap_pct >= -1,20,8,6,6,40.0,21.88,-0.174
entry_vs_opening_high_pct >= -0.8; signal_close_vs_vwap_pct >= 0.5; market_median_change_pct >= -0.5,20,8,10,2,40.0,21.88,-0.297
entry_vs_opening_high_pct >= -0.8; signal_close_vs_vwap_pct >= 0.5; market_median_change_pct >= 0,20,8,10,2,40.0,21.88,-0.297
entry_vs_opening_high_pct >= -0.8; entry_gap_pct >= -1.5; distance_from_60d_high_pct <= -10,20,8,7,5,40.0,21.88,-0.165
entry_vs_opening_high_pct >= -0.5; market_median_change_pct >= -0.5; distance_from_60d_high_pct <= -8,20,8,8,4,40.0,21.88,-0.297
signal_close_vs_vwap_pct >= 0.3; market_median_change_pct >= 0; distance_from_60d_high_pct <= -8,20,8,9,3,40.0,21.88,-0.301
signal_close_vs_vwap_pct >= 0.5; cum_value_bil <= 15; entry_gap_pct >= -1.5,20,8,10,2,40.0,21.88,-0.297
signal_close_vs_vwap_pct >= 0.5; cum_value_bil <= 15; entry_gap_pct >= -1,20,8,10,2,40.0,21.88,-0.297
entry_gap_pct >= -1.5; distance_from_60d_high_pct <= -8; distance_from_60d_high_pct <= -10,20,8,7,5,40.0,21.88,-0.165
signal_hhmm <= 925; opening_width_pct <= 3.0; market_median_change_pct >= -0.5,15,6,6,3,40.0,19.82,-0.242
signal_hhmm <= 930; opening_width_pct <= 2.5; distance_from_60d_high_pct <= -8,15,6,7,2,40.0,19.82,-0.299
signal_hhmm <= 935; cum_value_bil <= 5; market_median_change_pct >= -0.5,15,6,5,4,40.0,19.82,-0.182
signal_hhmm <= 935; cum_value_bil <= 8; market_median_change_pct >= 0,15,6,5,4,40.0,19.82,-0.182
opening_width_pct <= 2.5; cum_value_bil <= 10; distance_from_60d_high_pct <= -8,15,6,4,5,40.0,19.82,-0.08
opening_width_pct <= 2.5; cum_value_bil <= 15; distance_from_60d_high_pct <= -8,15,6,4,5,40.0,19.82,-0.08
entry_vs_opening_high_pct >= -0.5; volume_ratio >= 2.0; market_median_change_pct >= 0,15,6,4,5,40.0,19.82,-0.2
entry_vs_opening_high_pct >= -0.5; cum_value_bil <= 8; market_median_change_pct >= -0.5,15,6,5,4,40.0,19.82,-0.217
entry_vs_opening_high_pct >= -0.5; entry_gap_pct >= -0.5; distance_from_60d_high_pct <= -8,15,6,6,3,40.0,19.82,-0.291
signal_close_vs_vwap_pct >= 0.3; cum_value_bil <= 10; entry_gap_pct >= -0.5,15,6,8,1,40.0,19.82,-0.386
volume_ratio >= 2.0; market_median_change_pct >= 0; distance_from_60d_high_pct <= -8,15,6,4,5,40.0,19.82,-0.149
cum_value_bil <= 5; entry_gap_pct >= -1.5; distance_from_60d_high_pct <= -8,15,6,4,5,40.0,19.82,-0.08
cum_value_bil <= 15; market_median_change_pct >= 0; distance_from_60d_high_pct <= -10,15,6,4,5,40.0,19.82,-0.08
signal_hhmm <= 925; volume_ratio >= 2.0,10,4,4,2,40.0,16.82,-0.283
signal_hhmm <= 940; cum_value_bil <= 3,10,4,3,3,40.0,16.82,-0.162
entry_vs_opening_high_pct >= 0; volume_ratio >= 2.0,10,4,4,2,40.0,16.82,-0.342
signal_hhmm <= 925; signal_hhmm <= 930; volume_ratio >= 2.0,10,4,4,2,40.0,16.82,-0.283
signal_hhmm <= 925; signal_hhmm <= 935; volume_ratio >= 2.0,10,4,4,2,40.0,16.82,-0.283
signal_hhmm <= 925; signal_hhmm <= 940; volume_ratio >= 2.0,10,4,4,2,40.0,16.82,-0.283
signal_hhmm <= 925; opening_width_pct <= 2.5; cum_value_bil <= 10,10,4,3,3,40.0,16.82,-0.154
signal_hhmm <= 925; opening_width_pct <= 2.5; cum_value_bil <= 15,10,4,3,3,40.0,16.82,-0.154
signal_hhmm <= 925; opening_width_pct <= 2.5; distance_from_60d_high_pct <= -10,10,4,4,2,40.0,16.82,-0.238
signal_hhmm <= 925; entry_vs_opening_high_pct >= -0.8; volume_ratio >= 2.0,10,4,4,2,40.0,16.82,-0.283
signal_hhmm <= 925; entry_vs_opening_high_pct >= -0.8; cum_value_bil <= 8,10,4,3,3,40.0,16.82,-0.154
signal_hhmm <= 925; entry_vs_opening_high_pct >= -0.5; signal_close_vs_vwap_pct >= 0.5,10,4,5,1,40.0,16.82,-0.336
signal_hhmm <= 925; signal_close_vs_vwap_pct >= 0.3; cum_value_bil <= 10,10,4,5,1,40.0,16.82,-0.336
signal_hhmm <= 925; signal_close_vs_vwap_pct >= 0.5; market_median_change_pct >= -0.5,10,4,5,1,40.0,16.82,-0.336
signal_hhmm <= 925; signal_close_vs_vwap_pct >= 0.5; market_median_change_pct >= 0,10,4,5,1,40.0,16.82,-0.336
signal_hhmm <= 925; volume_ratio >= 2.0; entry_gap_pct >= -1.5,10,4,4,2,40.0,16.82,-0.283
signal_hhmm <= 925; volume_ratio >= 2.0; entry_gap_pct >= -1,10,4,4,2,40.0,16.82,-0.283
signal_hhmm <= 925; cum_value_bil <= 15; entry_gap_pct >= -0.5,10,4,5,1,40.0,16.82,-0.291
signal_hhmm <= 925; market_median_change_pct >= 0; distance_from_60d_high_pct <= -10,10,4,4,2,40.0,16.82,-0.238
signal_hhmm <= 930; opening_width_pct <= 2.5; cum_value_bil <= 5,10,4,2,4,40.0,16.82,-0.064
signal_hhmm <= 930; opening_width_pct <= 3.0; signal_close_vs_vwap_pct >= 0.8,10,4,6,0,40.0,16.82,-0.42
signal_hhmm <= 930; entry_vs_opening_high_pct >= -0.8; signal_close_vs_vwap_pct >= 0.8,10,4,6,0,40.0,16.82,-0.42
signal_hhmm <= 930; entry_vs_opening_high_pct >= -0.5; volume_ratio >= 2.0,10,4,4,2,40.0,16.82,-0.283
signal_hhmm <= 930; entry_vs_opening_high_pct >= -0.5; cum_value_bil <= 15,10,4,4,2,40.0,16.82,-0.283
signal_hhmm <= 930; signal_close_vs_vwap_pct >= 0.3; cum_value_bil <= 5,10,4,5,1,40.0,16.82,-0.335
signal_hhmm <= 930; signal_close_vs_vwap_pct >= 0.5; distance_from_60d_high_pct <= -10,10,4,6,0,40.0,16.82,-0.42
signal_hhmm <= 930; volume_ratio >= 2.0; market_median_change_pct >= -0.5,10,4,4,2,40.0,16.82,-0.283
signal_hhmm <= 930; cum_value_bil <= 8; entry_gap_pct >= -0.5,10,4,5,1,40.0,16.82,-0.291
signal_hhmm <= 935; opening_width_pct <= 2.5; entry_vs_opening_high_pct >= -0.2,10,4,6,0,40.0,16.82,-0.42
signal_hhmm <= 935; opening_width_pct <= 3.0; entry_vs_opening_high_pct >= -0.2,10,4,6,0,40.0,16.82,-0.42
signal_hhmm <= 935; entry_vs_opening_high_pct >= -0.2; signal_close_vs_vwap_pct >= 0.5,10,4,6,0,40.0,16.82,-0.42
signal_hhmm <= 935; entry_vs_opening_high_pct >= -0.2; signal_close_vs_vwap_pct >= 0.8,10,4,6,0,40.0,16.82,-0.42
signal_hhmm <= 935; entry_vs_opening_high_pct >= -0.2; market_median_change_pct >= -0.5,10,4,6,0,40.0,16.82,-0.42
signal_hhmm <= 935; entry_vs_opening_high_pct >= -0.2; market_median_change_pct >= 0,10,4,6,0,40.0,16.82,-0.42
signal_hhmm <= 935; entry_gap_pct >= -0.5; distance_from_60d_high_pct <= -10,10,4,5,1,40.0,16.82,-0.291
signal_hhmm <= 940; opening_width_pct <= 3.0; cum_value_bil <= 3,10,4,3,3,40.0,16.82,-0.162
signal_hhmm <= 940; entry_vs_opening_high_pct >= -0.2; volume_ratio >= 2.0,10,4,4,2,40.0,16.82,-0.253
signal_hhmm <= 940; entry_vs_opening_high_pct >= -0.2; distance_from_60d_high_pct <= -10,10,4,4,2,40.0,16.82,-0.253
signal_hhmm <= 940; cum_value_bil <= 3; cum_value_bil <= 5,10,4,3,3,40.0,16.82,-0.162
signal_hhmm <= 940; cum_value_bil <= 3; cum_value_bil <= 8,10,4,3,3,40.0,16.82,-0.162
signal_hhmm <= 940; cum_value_bil <= 3; cum_value_bil <= 10,10,4,3,3,40.0,16.82,-0.162
signal_hhmm <= 940; cum_value_bil <= 3; cum_value_bil <= 15,10,4,3,3,40.0,16.82,-0.162
opening_width_pct <= 2.5; signal_close_vs_vwap_pct >= 0.5; cum_value_bil <= 10,10,4,4,2,40.0,16.82,-0.175
opening_width_pct <= 2.5; signal_close_vs_vwap_pct >= 0.5; cum_value_bil <= 15,10,4,4,2,40.0,16.82,-0.175
opening_width_pct <= 2.5; signal_close_vs_vwap_pct >= 0.5; distance_from_60d_high_pct <= -10,10,4,5,1,40.0,16.82,-0.259
opening_width_pct <= 2.5; volume_ratio >= 2.0; distance_from_60d_high_pct <= -10,10,4,2,4,40.0,16.82,-0.039
opening_width_pct <= 3.0; entry_vs_opening_high_pct >= -0.2; volume_ratio >= 2.0,10,4,3,3,40.0,16.82,-0.226
entry_vs_opening_high_pct >= -0.8; entry_vs_opening_high_pct >= 0; volume_ratio >= 2.0,10,4,4,2,40.0,16.82,-0.342
entry_vs_opening_high_pct >= -0.8; cum_value_bil <= 15; market_median_change_pct >= 0.3,10,4,3,3,40.0,16.82,-0.154
entry_vs_opening_high_pct >= -0.5; entry_vs_opening_high_pct >= 0; volume_ratio >= 2.0,10,4,4,2,40.0,16.82,-0.342
entry_vs_opening_high_pct >= -0.5; signal_close_vs_vwap_pct >= 0.3; market_median_change_pct >= 0.3,10,4,5,1,40.0,16.82,-0.335
entry_vs_opening_high_pct >= -0.5; cum_value_bil <= 8; entry_gap_pct >= -0.5,10,4,4,2,40.0,16.82,-0.253
entry_vs_opening_high_pct >= -0.2; entry_vs_opening_high_pct >= 0; volume_ratio >= 2.0,10,4,4,2,40.0,16.82,-0.342
entry_vs_opening_high_pct >= -0.2; signal_close_vs_vwap_pct >= 0.3; distance_from_60d_high_pct <= -10,10,4,5,1,40.0,16.82,-0.368
entry_vs_opening_high_pct >= -0.2; volume_ratio >= 2.0; market_median_change_pct >= -0.5,10,4,3,3,40.0,16.82,-0.226
entry_vs_opening_high_pct >= -0.2; volume_ratio >= 2.0; market_median_change_pct >= 0,10,4,3,3,40.0,16.82,-0.226
entry_vs_opening_high_pct >= -0.2; cum_value_bil <= 15; market_median_change_pct >= -0.5,10,4,4,2,40.0,16.82,-0.253
entry_vs_opening_high_pct >= -0.2; cum_value_bil <= 15; market_median_change_pct >= 0,10,4,4,2,40.0,16.82,-0.253
entry_vs_opening_high_pct >= -0.2; cum_value_bil <= 15; entry_gap_pct >= -1.5,10,4,4,2,40.0,16.82,-0.253
entry_vs_opening_high_pct >= -0.2; market_median_change_pct >= -0.5; distance_from_60d_high_pct <= -10,10,4,4,2,40.0,16.82,-0.253
entry_vs_opening_high_pct >= -0.2; market_median_change_pct >= 0; distance_from_60d_high_pct <= -10,10,4,4,2,40.0,16.82,-0.253
entry_vs_opening_high_pct >= -0.2; entry_gap_pct >= -1; distance_from_60d_high_pct <= -10,10,4,4,2,40.0,16.82,-0.253
entry_vs_opening_high_pct >= 0; signal_close_vs_vwap_pct >= 0.3; volume_ratio >= 2.0,10,4,4,2,40.0,16.82,-0.342
signal_close_vs_vwap_pct >= 0.5; market_median_change_pct >= 0.3; entry_gap_pct >= -1.5,10,4,5,1,40.0,16.82,-0.335
signal_close_vs_vwap_pct >= 0.5; market_median_change_pct >= 0.3; entry_gap_pct >= -1,10,4,5,1,40.0,16.82,-0.335
volume_ratio >= 2.0; cum_value_bil <= 5; market_median_change_pct >= 0,10,4,1,5,40.0,16.82,0.045
cum_value_bil <= 10; market_median_change_pct >= 0.3; entry_gap_pct >= -1.5,10,4,3,3,40.0,16.82,-0.154
cum_value_bil <= 10; market_median_change_pct >= 0.3; entry_gap_pct >= -1,10,4,3,3,40.0,16.82,-0.154
signal_close_vs_vwap_pct >= 0.3; entry_gap_pct >= -1,33,13,16,4,39.39,24.68,-0.338
signal_close_vs_vwap_pct >= 0.3; entry_gap_pct >= -1.5; entry_gap_pct >= -1,33,13,16,4,39.39,24.68,-0.338
opening_width_pct <= 3.0; cum_value_bil <= 10,28,11,10,7,39.29,23.57,-0.195
opening_width_pct <= 3.0; cum_value_bil <= 15,28,11,10,7,39.29,23.57,-0.195
entry_vs_opening_high_pct >= -0.8; cum_value_bil <= 15,28,11,11,6,39.29,23.57,-0.227
cum_value_bil <= 10; entry_gap_pct >= -1,28,11,10,7,39.29,23.57,-0.195
cum_value_bil <= 15; market_median_change_pct >= -0.5,28,11,10,7,39.29,23.57,-0.195
signal_hhmm <= 940; entry_vs_opening_high_pct >= -0.8; distance_from_60d_high_pct <= -8,28,11,12,5,39.29,23.57,-0.257
signal_hhmm <= 940; entry_gap_pct >= -1.5; distance_from_60d_high_pct <= -8,28,11,12,5,39.29,23.57,-0.257
signal_hhmm <= 940; entry_gap_pct >= -1; distance_from_60d_high_pct <= -8,28,11,12,5,39.29,23.57,-0.257
opening_width_pct <= 3.0; cum_value_bil <= 10; cum_value_bil <= 15,28,11,10,7,39.29,23.57,-0.195
signal_close_vs_vwap_pct >= 0.3; market_median_change_pct >= -0.5; entry_gap_pct >= -1,28,11,13,4,39.29,23.57,-0.324
cum_value_bil <= 10; cum_value_bil <= 15; entry_gap_pct >= -1,28,11,10,7,39.29,23.57,-0.195
cum_value_bil <= 10; entry_gap_pct >= -1.5; entry_gap_pct >= -1,28,11,10,7,39.29,23.57,-0.195
cum_value_bil <= 5,23,9,7,7,39.13,22.16,-0.146
signal_hhmm <= 935; signal_close_vs_vwap_pct >= 0.5,23,9,13,1,39.13,22.16,-0.407
cum_value_bil <= 5; cum_value_bil <= 8,23,9,7,7,39.13,22.16,-0.146
cum_value_bil <= 5; cum_value_bil <= 10,23,9,7,7,39.13,22.16,-0.146
cum_value_bil <= 5; cum_value_bil <= 15,23,9,7,7,39.13,22.16,-0.146
cum_value_bil <= 8; market_median_change_pct >= -0.5,23,9,7,7,39.13,22.16,-0.146
signal_hhmm <= 935; signal_hhmm <= 940; signal_close_vs_vwap_pct >= 0.5,23,9,13,1,39.13,22.16,-0.407
signal_hhmm <= 935; opening_width_pct <= 3.0; signal_close_vs_vwap_pct >= 0.3,23,9,13,1,39.13,22.16,-0.407
signal_hhmm <= 935; signal_close_vs_vwap_pct >= 0.3; signal_close_vs_vwap_pct >= 0.5,23,9,13,1,39.13,22.16,-0.407
signal_hhmm <= 935; signal_close_vs_vwap_pct >= 0.5; entry_gap_pct >= -1.5,23,9,13,1,39.13,22.16,-0.407
signal_hhmm <= 935; signal_close_vs_vwap_pct >= 0.5; entry_gap_pct >= -1,23,9,13,1,39.13,22.16,-0.407
signal_hhmm <= 935; cum_value_bil <= 15; entry_gap_pct >= -1.5,23,9,10,4,39.13,22.16,-0.289
signal_hhmm <= 935; cum_value_bil <= 15; entry_gap_pct >= -1,23,9,10,4,39.13,22.16,-0.289
signal_hhmm <= 940; opening_width_pct <= 3.0; signal_close_vs_vwap_pct >= 0.5,23,9,12,2,39.13,22.16,-0.337
signal_hhmm <= 940; opening_width_pct <= 3.0; cum_value_bil <= 8,23,9,7,7,39.13,22.16,-0.146
opening_width_pct <= 3.0; entry_vs_opening_high_pct >= -0.5; signal_close_vs_vwap_pct >= 0.3,23,9,11,3,39.13,22.16,-0.373
opening_width_pct <= 3.0; signal_close_vs_vwap_pct >= 0.5; entry_gap_pct >= -1.5,23,9,12,2,39.13,22.16,-0.337
opening_width_pct <= 3.0; signal_close_vs_vwap_pct >= 0.5; entry_gap_pct >= -1,23,9,12,2,39.13,22.16,-0.337
entry_vs_opening_high_pct >= -0.5; signal_close_vs_vwap_pct >= 0.3; market_median_change_pct >= -0.5,23,9,11,3,39.13,22.16,-0.373
cum_value_bil <= 5; cum_value_bil <= 8; cum_value_bil <= 10,23,9,7,7,39.13,22.16,-0.146
cum_value_bil <= 5; cum_value_bil <= 8; cum_value_bil <= 15,23,9,7,7,39.13,22.16,-0.146
cum_value_bil <= 5; cum_value_bil <= 10; cum_value_bil <= 15,23,9,7,7,39.13,22.16,-0.146
cum_value_bil <= 8; cum_value_bil <= 10; market_median_change_pct >= -0.5,23,9,7,7,39.13,22.16,-0.146
cum_value_bil <= 8; cum_value_bil <= 15; market_median_change_pct >= -0.5,23,9,7,7,39.13,22.16,-0.146
opening_width_pct <= 2.5; cum_value_bil <= 8,18,7,4,7,38.89,20.3,-0.07
opening_width_pct <= 3.0; distance_from_60d_high_pct <= -10,18,7,6,5,38.89,20.3,-0.167
volume_ratio >= 2.0; market_median_change_pct >= 0,18,7,5,6,38.89,20.3,-0.177
cum_value_bil <= 10; entry_gap_pct >= -0.5,18,7,8,3,38.89,20.3,-0.285
market_median_change_pct >= 0; distance_from_60d_high_pct <= -10,18,7,6,5,38.89,20.3,-0.167
signal_hhmm <= 930; opening_width_pct <= 3.0; cum_value_bil <= 10,18,7,7,4,38.89,20.3,-0.252
signal_hhmm <= 930; opening_width_pct <= 3.0; cum_value_bil <= 15,18,7,7,4,38.89,20.3,-0.252
signal_hhmm <= 935; signal_close_vs_vwap_pct >= 0.5; market_median_change_pct >= -0.5,18,7,10,1,38.89,20.3,-0.403
signal_hhmm <= 935; signal_close_vs_vwap_pct >= 0.5; market_median_change_pct >= 0,18,7,10,1,38.89,20.3,-0.403
signal_hhmm <= 935; market_median_change_pct >= 0; distance_from_60d_high_pct <= -8,18,7,9,2,38.89,20.3,-0.349
signal_hhmm <= 940; opening_width_pct <= 3.0; volume_ratio >= 2.0,18,7,6,5,38.89,20.3,-0.192
opening_width_pct <= 2.5; opening_width_pct <= 3.0; cum_value_bil <= 8,18,7,4,7,38.89,20.3,-0.07
opening_width_pct <= 2.5; cum_value_bil <= 8; cum_value_bil <= 10,18,7,4,7,38.89,20.3,-0.07
opening_width_pct <= 2.5; cum_value_bil <= 8; cum_value_bil <= 15,18,7,4,7,38.89,20.3,-0.07
opening_width_pct <= 3.0; entry_vs_opening_high_pct >= -0.8; distance_from_60d_high_pct <= -10,18,7,6,5,38.89,20.3,-0.167
opening_width_pct <= 3.0; distance_from_60d_high_pct <= -8; distance_from_60d_high_pct <= -10,18,7,6,5,38.89,20.3,-0.167
entry_vs_opening_high_pct >= -0.8; volume_ratio >= 2.0; market_median_change_pct >= -0.5,18,7,5,6,38.89,20.3,-0.177
entry_vs_opening_high_pct >= -0.8; cum_value_bil <= 5; entry_gap_pct >= -1,18,7,5,6,38.89,20.3,-0.12
entry_vs_opening_high_pct >= -0.8; market_median_change_pct >= 0; distance_from_60d_high_pct <= -10,18,7,6,5,38.89,20.3,-0.167
entry_vs_opening_high_pct >= -0.5; cum_value_bil <= 15; market_median_change_pct >= -0.5,18,7,7,4,38.89,20.3,-0.281
volume_ratio >= 2.0; market_median_change_pct >= -0.5; market_median_change_pct >= 0,18,7,5,6,38.89,20.3,-0.177
volume_ratio >= 2.0; market_median_change_pct >= 0; entry_gap_pct >= -1.5,18,7,5,6,38.89,20.3,-0.177
volume_ratio >= 2.0; market_median_change_pct >= 0; entry_gap_pct >= -1,18,7,5,6,38.89,20.3,-0.177
cum_value_bil <= 10; cum_value_bil <= 15; entry_gap_pct >= -0.5,18,7,8,3,38.89,20.3,-0.285
cum_value_bil <= 10; entry_gap_pct >= -1.5; entry_gap_pct >= -0.5,18,7,8,3,38.89,20.3,-0.285
cum_value_bil <= 10; entry_gap_pct >= -1; entry_gap_pct >= -0.5,18,7,8,3,38.89,20.3,-0.285
market_median_change_pct >= -0.5; market_median_change_pct >= 0; distance_from_60d_high_pct <= -10,18,7,6,5,38.89,20.3,-0.167
market_median_change_pct >= -0.5; entry_gap_pct >= -1.5; distance_from_60d_high_pct <= -10,18,7,6,5,38.89,20.3,-0.167
market_median_change_pct >= -0.5; entry_gap_pct >= -0.5; distance_from_60d_high_pct <= -8,18,7,7,4,38.89,20.3,-0.27
market_median_change_pct >= 0; distance_from_60d_high_pct <= -8; distance_from_60d_high_pct <= -10,18,7,6,5,38.89,20.3,-0.167
signal_hhmm <= 940; signal_close_vs_vwap_pct >= 0.3,31,12,16,3,38.71,23.73,-0.359
opening_width_pct <= 3.0; signal_close_vs_vwap_pct >= 0.3,31,12,15,4,38.71,23.73,-0.351
entry_vs_opening_high_pct >= -0.8; distance_from_60d_high_pct <= -8,31,12,13,6,38.71,23.73,-0.282
entry_gap_pct >= -1.5; distance_from_60d_high_pct <= -8,31,12,13,6,38.71,23.73,-0.282
signal_hhmm <= 935; signal_close_vs_vwap_pct >= 0.3,26,10,15,1,38.46,22.43,-0.429
signal_hhmm <= 940; entry_vs_opening_high_pct >= -0.5,26,10,12,4,38.46,22.43,-0.344
cum_value_bil <= 8; entry_gap_pct >= -1.5,26,10,9,7,38.46,22.43,-0.198
signal_hhmm <= 935; signal_hhmm <= 940; signal_close_vs_vwap_pct >= 0.3,26,10,15,1,38.46,22.43,-0.429
signal_hhmm <= 935; opening_width_pct <= 3.0; entry_vs_opening_high_pct >= -0.8,26,10,13,3,38.46,22.43,-0.359
signal_hhmm <= 935; signal_close_vs_vwap_pct >= 0.3; entry_gap_pct >= -1.5,26,10,15,1,38.46,22.43,-0.429
signal_hhmm <= 935; signal_close_vs_vwap_pct >= 0.3; entry_gap_pct >= -1,26,10,15,1,38.46,22.43,-0.429
signal_hhmm <= 940; opening_width_pct <= 3.0; cum_value_bil <= 10,26,10,9,7,38.46,22.43,-0.198
signal_hhmm <= 940; opening_width_pct <= 3.0; cum_value_bil <= 15,26,10,9,7,38.46,22.43,-0.198
signal_hhmm <= 940; entry_vs_opening_high_pct >= -0.8; entry_vs_opening_high_pct >= -0.5,26,10,12,4,38.46,22.43,-0.344
signal_hhmm <= 940; entry_vs_opening_high_pct >= -0.8; cum_value_bil <= 15,26,10,10,6,38.46,22.43,-0.233
signal_hhmm <= 940; entry_vs_opening_high_pct >= -0.5; entry_gap_pct >= -1.5,26,10,12,4,38.46,22.43,-0.344
signal_hhmm <= 940; entry_vs_opening_high_pct >= -0.5; entry_gap_pct >= -1,26,10,12,4,38.46,22.43,-0.344
signal_hhmm <= 940; signal_close_vs_vwap_pct >= 0.3; market_median_change_pct >= -0.5,26,10,13,3,38.46,22.43,-0.347
signal_hhmm <= 940; signal_close_vs_vwap_pct >= 0.5; entry_gap_pct >= -1.5,26,10,14,2,38.46,22.43,-0.367
signal_hhmm <= 940; signal_close_vs_vwap_pct >= 0.5; entry_gap_pct >= -1,26,10,14,2,38.46,22.43,-0.367
signal_hhmm <= 940; cum_value_bil <= 15; market_median_change_pct >= -0.5,26,10,9,7,38.46,22.43,-0.198
opening_width_pct <= 3.0; entry_gap_pct >= -1; distance_from_60d_high_pct <= -8,26,10,10,6,38.46,22.43,-0.255
cum_value_bil <= 8; cum_value_bil <= 10; entry_gap_pct >= -1.5,26,10,9,7,38.46,22.43,-0.198
cum_value_bil <= 8; cum_value_bil <= 15; entry_gap_pct >= -1.5,26,10,9,7,38.46,22.43,-0.198
market_median_change_pct >= -0.5; entry_gap_pct >= -1.5; distance_from_60d_high_pct <= -8,26,10,10,6,38.46,22.43,-0.255
signal_hhmm <= 925; cum_value_bil <= 10,13,5,5,3,38.46,17.71,-0.257
signal_hhmm <= 930; volume_ratio >= 2.0,13,5,6,2,38.46,17.71,-0.356
signal_close_vs_vwap_pct >= 0.3; market_median_change_pct >= 0.3,13,5,7,1,38.46,17.71,-0.397
entry_gap_pct >= -0.5; distance_from_60d_high_pct <= -10,13,5,5,3,38.46,17.71,-0.233
signal_hhmm <= 925; signal_hhmm <= 930; cum_value_bil <= 10,13,5,5,3,38.46,17.71,-0.257
signal_hhmm <= 925; signal_hhmm <= 935; cum_value_bil <= 10,13,5,5,3,38.46,17.71,-0.257
signal_hhmm <= 925; signal_hhmm <= 940; cum_value_bil <= 10,13,5,5,3,38.46,17.71,-0.257
signal_hhmm <= 925; opening_width_pct <= 3.0; entry_vs_opening_high_pct >= -0.5,13,5,6,2,38.46,17.71,-0.356
signal_hhmm <= 925; entry_vs_opening_high_pct >= -0.5; signal_close_vs_vwap_pct >= 0.3,13,5,7,1,38.46,17.71,-0.397
signal_hhmm <= 925; entry_vs_opening_high_pct >= -0.5; market_median_change_pct >= -0.5,13,5,6,2,38.46,17.71,-0.356
signal_hhmm <= 925; signal_close_vs_vwap_pct >= 0.3; market_median_change_pct >= -0.5,13,5,7,1,38.46,17.71,-0.397
signal_hhmm <= 925; signal_close_vs_vwap_pct >= 0.3; distance_from_60d_high_pct <= -8,13,5,8,0,38.46,17.71,-0.462
signal_hhmm <= 925; cum_value_bil <= 10; cum_value_bil <= 15,13,5,5,3,38.46,17.71,-0.257
signal_hhmm <= 925; cum_value_bil <= 10; entry_gap_pct >= -1.5,13,5,5,3,38.46,17.71,-0.257
signal_hhmm <= 925; cum_value_bil <= 10; entry_gap_pct >= -1,13,5,5,3,38.46,17.71,-0.257
signal_hhmm <= 930; signal_hhmm <= 935; volume_ratio >= 2.0,13,5,6,2,38.46,17.71,-0.356
signal_hhmm <= 930; signal_hhmm <= 940; volume_ratio >= 2.0,13,5,6,2,38.46,17.71,-0.356
signal_hhmm <= 930; opening_width_pct <= 2.5; cum_value_bil <= 10,13,5,4,4,38.46,17.71,-0.187
signal_hhmm <= 930; opening_width_pct <= 2.5; cum_value_bil <= 15,13,5,4,4,38.46,17.71,-0.187
signal_hhmm <= 930; entry_vs_opening_high_pct >= -0.8; volume_ratio >= 2.0,13,5,6,2,38.46,17.71,-0.356
signal_hhmm <= 930; entry_vs_opening_high_pct >= -0.5; distance_from_60d_high_pct <= -8,13,5,7,1,38.46,17.71,-0.421
signal_hhmm <= 930; volume_ratio >= 2.0; entry_gap_pct >= -1.5,13,5,6,2,38.46,17.71,-0.356
signal_hhmm <= 930; volume_ratio >= 2.0; entry_gap_pct >= -1,13,5,6,2,38.46,17.71,-0.356
signal_hhmm <= 930; entry_gap_pct >= -1.5; distance_from_60d_high_pct <= -10,13,5,6,2,38.46,17.71,-0.322
signal_hhmm <= 930; entry_gap_pct >= -1; distance_from_60d_high_pct <= -10,13,5,6,2,38.46,17.71,-0.322
signal_hhmm <= 935; cum_value_bil <= 10; entry_gap_pct >= -0.5,13,5,7,1,38.46,17.71,-0.362
signal_hhmm <= 940; opening_width_pct <= 2.5; volume_ratio >= 2.0,13,5,3,5,38.46,17.71,-0.104
signal_hhmm <= 940; entry_vs_opening_high_pct >= -0.2; signal_close_vs_vwap_pct >= 0.3,13,5,7,1,38.46,17.71,-0.422
signal_hhmm <= 940; entry_vs_opening_high_pct >= -0.2; market_median_change_pct >= -0.5,13,5,6,2,38.46,17.71,-0.333
signal_hhmm <= 940; entry_vs_opening_high_pct >= -0.2; market_median_change_pct >= 0,13,5,6,2,38.46,17.71,-0.333
signal_hhmm <= 940; signal_close_vs_vwap_pct >= 0.3; market_median_change_pct >= 0.3,13,5,7,1,38.46,17.71,-0.397
signal_hhmm <= 940; entry_gap_pct >= -0.5; distance_from_60d_high_pct <= -10,13,5,5,3,38.46,17.71,-0.233
opening_width_pct <= 2.5; entry_vs_opening_high_pct >= -0.5; signal_close_vs_vwap_pct >= 0.5,13,5,7,1,38.46,17.71,-0.397
opening_width_pct <= 2.5; entry_vs_opening_high_pct >= -0.5; volume_ratio >= 2.0,13,5,3,5,38.46,17.71,-0.207
opening_width_pct <= 2.5; entry_vs_opening_high_pct >= -0.5; cum_value_bil <= 5,13,5,4,4,38.46,17.71,-0.227
opening_width_pct <= 2.5; entry_vs_opening_high_pct >= -0.5; cum_value_bil <= 8,13,5,4,4,38.46,17.71,-0.227
opening_width_pct <= 2.5; entry_vs_opening_high_pct >= -0.5; distance_from_60d_high_pct <= -10,13,5,5,3,38.46,17.71,-0.292
opening_width_pct <= 2.5; signal_close_vs_vwap_pct >= 0.3; distance_from_60d_high_pct <= -10,13,5,6,2,38.46,17.71,-0.298
opening_width_pct <= 2.5; cum_value_bil <= 10; distance_from_60d_high_pct <= -10,13,5,3,5,38.46,17.71,-0.069
opening_width_pct <= 2.5; cum_value_bil <= 15; distance_from_60d_high_pct <= -10,13,5,3,5,38.46,17.71,-0.069
entry_vs_opening_high_pct >= -0.8; volume_ratio >= 2.0; entry_gap_pct >= -0.5,13,5,5,3,38.46,17.71,-0.313
entry_vs_opening_high_pct >= -0.8; entry_gap_pct >= -0.5; distance_from_60d_high_pct <= -10,13,5,5,3,38.46,17.71,-0.233
entry_vs_opening_high_pct >= -0.5; signal_close_vs_vwap_pct >= 0.5; entry_gap_pct >= -0.5,13,5,8,0,38.46,17.71,-0.462
entry_vs_opening_high_pct >= -0.5; cum_value_bil <= 5; market_median_change_pct >= -0.5,13,5,4,4,38.46,17.71,-0.227
signal_close_vs_vwap_pct >= 0.3; cum_value_bil <= 8; entry_gap_pct >= -0.5,13,5,7,1,38.46,17.71,-0.422
signal_close_vs_vwap_pct >= 0.3; market_median_change_pct >= -0.5; market_median_change_pct >= 0.3,13,5,7,1,38.46,17.71,-0.397
signal_close_vs_vwap_pct >= 0.3; market_median_change_pct >= 0; market_median_change_pct >= 0.3,13,5,7,1,38.46,17.71,-0.397
signal_close_vs_vwap_pct >= 0.5; cum_value_bil <= 8; market_median_change_pct >= -0.5,13,5,6,2,38.46,17.71,-0.273
signal_close_vs_vwap_pct >= 0.5; cum_value_bil <= 8; market_median_change_pct >= 0,13,5,6,2,38.46,17.71,-0.273
signal_close_vs_vwap_pct >= 0.5; entry_gap_pct >= -0.5; distance_from_60d_high_pct <= -8,13,5,8,0,38.46,17.71,-0.462
cum_value_bil <= 5; market_median_change_pct >= -0.5; distance_from_60d_high_pct <= -8,13,5,3,5,38.46,17.71,-0.069
cum_value_bil <= 8; market_median_change_pct >= 0; distance_from_60d_high_pct <= -8,13,5,3,5,38.46,17.71,-0.069
market_median_change_pct >= -0.5; entry_gap_pct >= -0.5; distance_from_60d_high_pct <= -10,13,5,5,3,38.46,17.71,-0.233
entry_gap_pct >= -1.5; entry_gap_pct >= -0.5; distance_from_60d_high_pct <= -10,13,5,5,3,38.46,17.71,-0.233
entry_gap_pct >= -1; entry_gap_pct >= -0.5; distance_from_60d_high_pct <= -10,13,5,5,3,38.46,17.71,-0.233
entry_gap_pct >= -0.5; distance_from_60d_high_pct <= -8; distance_from_60d_high_pct <= -10,13,5,5,3,38.46,17.71,-0.233
signal_close_vs_vwap_pct >= 0.3; entry_gap_pct >= -1.5,34,13,17,4,38.24,23.9,-0.373
signal_hhmm <= 930; distance_from_60d_high_pct <= -8,21,8,11,2,38.1,20.75,-0.385
signal_hhmm <= 940; cum_value_bil <= 5,21,8,6,7,38.1,20.75,-0.145
signal_hhmm <= 930; signal_hhmm <= 935; distance_from_60d_high_pct <= -8,21,8,11,2,38.1,20.75,-0.385
signal_hhmm <= 930; signal_hhmm <= 940; distance_from_60d_high_pct <= -8,21,8,11,2,38.1,20.75,-0.385
signal_hhmm <= 935; signal_close_vs_vwap_pct >= 0.3; market_median_change_pct >= -0.5,21,8,12,1,38.1,20.75,-0.431
signal_hhmm <= 940; cum_value_bil <= 5; cum_value_bil <= 8,21,8,6,7,38.1,20.75,-0.145
signal_hhmm <= 940; cum_value_bil <= 5; cum_value_bil <= 10,21,8,6,7,38.1,20.75,-0.145
signal_hhmm <= 940; cum_value_bil <= 5; cum_value_bil <= 15,21,8,6,7,38.1,20.75,-0.145
signal_hhmm <= 940; cum_value_bil <= 8; market_median_change_pct >= -0.5,21,8,6,7,38.1,20.75,-0.145
entry_vs_opening_high_pct >= -0.8; cum_value_bil <= 8; entry_gap_pct >= -1,21,8,7,6,38.1,20.75,-0.188
cum_value_bil <= 8; market_median_change_pct >= -0.5; entry_gap_pct >= -1,21,8,6,7,38.1,20.75,-0.145
entry_vs_opening_high_pct >= -0.5,29,11,13,5,37.93,22.69,-0.362
signal_hhmm <= 935; opening_width_pct <= 3.0,29,11,14,4,37.93,22.69,-0.353
signal_hhmm <= 935; entry_vs_opening_high_pct >= -0.8,29,11,15,3,37.93,22.69,-0.384
entry_vs_opening_high_pct >= -0.8; entry_vs_opening_high_pct >= -0.5,29,11,13,5,37.93,22.69,-0.362
cum_value_bil <= 10; entry_gap_pct >= -1.5,29,11,11,7,37.93,22.69,-0.24
cum_value_bil <= 15; entry_gap_pct >= -1,29,11,11,7,37.93,22.69,-0.24
signal_hhmm <= 935; signal_hhmm <= 940; opening_width_pct <= 3.0,29,11,14,4,37.93,22.69,-0.353
signal_hhmm <= 935; signal_hhmm <= 940; entry_vs_opening_high_pct >= -0.8,29,11,15,3,37.93,22.69,-0.384
signal_hhmm <= 940; entry_vs_opening_high_pct >= -0.8; signal_close_vs_vwap_pct >= 0.3,29,11,15,3,37.93,22.69,-0.373
signal_close_vs_vwap_pct >= 0.3; market_median_change_pct >= -0.5; entry_gap_pct >= -1.5,29,11,14,4,37.93,22.69,-0.364
cum_value_bil <= 10; cum_value_bil <= 15; entry_gap_pct >= -1.5,29,11,11,7,37.93,22.69,-0.24
cum_value_bil <= 15; entry_gap_pct >= -1.5; entry_gap_pct >= -1,29,11,11,7,37.93,22.69,-0.24
market_median_change_pct >= -0.5,37,14,15,8,37.84,24.06,-0.286
signal_hhmm <= 935,32,12,16,4,37.5,22.93,-0.376
signal_hhmm <= 935; signal_hhmm <= 940,32,12,16,4,37.5,22.93,-0.376
entry_vs_opening_high_pct >= -0.8; signal_close_vs_vwap_pct >= 0.3,32,12,16,4,37.5,22.93,-0.386
signal_hhmm <= 935; entry_vs_opening_high_pct >= -0.8; market_median_change_pct >= -0.5,24,9,12,3,37.5,21.16,-0.377
signal_hhmm <= 940; entry_vs_opening_high_pct >= -0.5; market_median_change_pct >= -0.5,24,9,11,4,37.5,21.16,-0.361
signal_hhmm <= 940; cum_value_bil <= 8; entry_gap_pct >= -1.5,24,9,8,7,37.5,21.16,-0.202
signal_hhmm <= 940; cum_value_bil <= 8; entry_gap_pct >= -1,24,9,8,7,37.5,21.16,-0.202
opening_width_pct <= 3.0; entry_vs_opening_high_pct >= -0.8; cum_value_bil <= 10,24,9,9,6,37.5,21.16,-0.24
opening_width_pct <= 3.0; entry_vs_opening_high_pct >= -0.8; cum_value_bil <= 15,24,9,9,6,37.5,21.16,-0.24
opening_width_pct <= 3.0; market_median_change_pct >= -0.5; distance_from_60d_high_pct <= -8,24,9,9,6,37.5,21.16,-0.264
entry_vs_opening_high_pct >= -0.8; cum_value_bil <= 10; entry_gap_pct >= -1,24,9,9,6,37.5,21.16,-0.24
cum_value_bil <= 10; market_median_change_pct >= -0.5; entry_gap_pct >= -1,24,9,8,7,37.5,21.16,-0.202
signal_hhmm <= 925; market_median_change_pct >= -0.5,16,6,7,3,37.5,18.48,-0.321
signal_hhmm <= 925; distance_from_60d_high_pct <= -8,16,6,8,2,37.5,18.48,-0.374
entry_vs_opening_high_pct >= -0.2; signal_close_vs_vwap_pct >= 0.3,16,6,8,2,37.5,18.48,-0.439
cum_value_bil <= 8; entry_gap_pct >= -0.5,16,6,7,3,37.5,18.48,-0.302
signal_hhmm <= 925; signal_hhmm <= 930; market_median_change_pct >= -0.5,16,6,7,3,37.5,18.48,-0.321
signal_hhmm <= 925; signal_hhmm <= 930; distance_from_60d_high_pct <= -8,16,6,8,2,37.5,18.48,-0.374
signal_hhmm <= 925; signal_hhmm <= 935; market_median_change_pct >= -0.5,16,6,7,3,37.5,18.48,-0.321
signal_hhmm <= 925; signal_hhmm <= 935; distance_from_60d_high_pct <= -8,16,6,8,2,37.5,18.48,-0.374
signal_hhmm <= 925; signal_hhmm <= 940; market_median_change_pct >= -0.5,16,6,7,3,37.5,18.48,-0.321
signal_hhmm <= 925; signal_hhmm <= 940; distance_from_60d_high_pct <= -8,16,6,8,2,37.5,18.48,-0.374
signal_hhmm <= 925; market_median_change_pct >= -0.5; entry_gap_pct >= -1.5,16,6,7,3,37.5,18.48,-0.321
signal_hhmm <= 925; market_median_change_pct >= -0.5; entry_gap_pct >= -1,16,6,7,3,37.5,18.48,-0.321
signal_hhmm <= 925; entry_gap_pct >= -1.5; distance_from_60d_high_pct <= -8,16,6,8,2,37.5,18.48,-0.374
signal_hhmm <= 925; entry_gap_pct >= -1; distance_from_60d_high_pct <= -8,16,6,8,2,37.5,18.48,-0.374
signal_hhmm <= 930; entry_vs_opening_high_pct >= -0.8; cum_value_bil <= 10,16,6,7,3,37.5,18.48,-0.321
signal_hhmm <= 930; cum_value_bil <= 8; entry_gap_pct >= -1.5,16,6,6,4,37.5,18.48,-0.265
signal_hhmm <= 930; cum_value_bil <= 8; entry_gap_pct >= -1,16,6,6,4,37.5,18.48,-0.265
signal_hhmm <= 930; cum_value_bil <= 10; market_median_change_pct >= -0.5,16,6,6,4,37.5,18.48,-0.265
signal_hhmm <= 935; entry_gap_pct >= -0.5; distance_from_60d_high_pct <= -8,16,6,9,1,37.5,18.48,-0.407
signal_hhmm <= 940; opening_width_pct <= 2.5; cum_value_bil <= 5,16,6,3,7,37.5,18.48,-0.06
signal_hhmm <= 940; opening_width_pct <= 2.5; distance_from_60d_high_pct <= -10,16,6,5,5,37.5,18.48,-0.169
signal_hhmm <= 940; volume_ratio >= 2.0; market_median_change_pct >= 0,16,6,5,5,37.5,18.48,-0.197
opening_width_pct <= 2.5; entry_vs_opening_high_pct >= -0.8; cum_value_bil <= 5,16,6,4,6,37.5,18.48,-0.116
opening_width_pct <= 2.5; entry_vs_opening_high_pct >= -0.8; cum_value_bil <= 8,16,6,4,6,37.5,18.48,-0.116
opening_width_pct <= 2.5; cum_value_bil <= 8; entry_gap_pct >= -1,16,6,3,7,37.5,18.48,-0.06
opening_width_pct <= 3.0; volume_ratio >= 2.0; market_median_change_pct >= -0.5,16,6,4,6,37.5,18.48,-0.18
opening_width_pct <= 3.0; market_median_change_pct >= -0.5; distance_from_60d_high_pct <= -10,16,6,5,5,37.5,18.48,-0.169
opening_width_pct <= 3.0; entry_gap_pct >= -1; distance_from_60d_high_pct <= -10,16,6,5,5,37.5,18.48,-0.169
entry_vs_opening_high_pct >= -0.8; entry_vs_opening_high_pct >= -0.2; signal_close_vs_vwap_pct >= 0.3,16,6,8,2,37.5,18.48,-0.439
entry_vs_opening_high_pct >= -0.5; entry_vs_opening_high_pct >= -0.2; signal_close_vs_vwap_pct >= 0.3,16,6,8,2,37.5,18.48,-0.439
entry_vs_opening_high_pct >= -0.5; cum_value_bil <= 10; market_median_change_pct >= 0,16,6,6,4,37.5,18.48,-0.297
signal_close_vs_vwap_pct >= 0.3; cum_value_bil <= 15; entry_gap_pct >= -0.5,16,6,9,1,37.5,18.48,-0.455
signal_close_vs_vwap_pct >= 0.3; entry_gap_pct >= -0.5; distance_from_60d_high_pct <= -8,16,6,8,2,37.5,18.48,-0.439
cum_value_bil <= 8; cum_value_bil <= 10; entry_gap_pct >= -0.5,16,6,7,3,37.5,18.48,-0.302
cum_value_bil <= 8; cum_value_bil <= 15; entry_gap_pct >= -0.5,16,6,7,3,37.5,18.48,-0.302
cum_value_bil <= 8; entry_gap_pct >= -1.5; entry_gap_pct >= -0.5,16,6,7,3,37.5,18.48,-0.302
cum_value_bil <= 8; entry_gap_pct >= -1; entry_gap_pct >= -0.5,16,6,7,3,37.5,18.48,-0.302
cum_value_bil <= 10; market_median_change_pct >= 0; distance_from_60d_high_pct <= -8,16,6,5,5,37.5,18.48,-0.169
market_median_change_pct >= 0; entry_gap_pct >= -1; distance_from_60d_high_pct <= -10,16,6,5,5,37.5,18.48,-0.169
signal_hhmm <= 925; entry_vs_opening_high_pct >= -0.2,8,3,5,0,37.5,13.68,-0.488
signal_hhmm <= 925; signal_close_vs_vwap_pct >= 0.8,8,3,5,0,37.5,13.68,-0.488
signal_hhmm <= 925; cum_value_bil <= 5,8,3,2,3,37.5,13.68,-0.155
signal_hhmm <= 935; entry_vs_opening_high_pct >= 0,8,3,5,0,37.5,13.68,-0.488
opening_width_pct <= 3.0; day_change_pct >= 7,8,3,5,0,37.5,13.68,-0.488
entry_vs_opening_high_pct >= -0.5; day_change_pct >= 7,8,3,5,0,37.5,13.68,-0.488
market_median_change_pct >= 0.5; entry_gap_pct >= -1.5,8,3,4,1,37.5,13.68,-0.326
market_median_change_pct >= 0.5; entry_gap_pct >= -1,8,3,4,1,37.5,13.68,-0.326
day_change_pct >= 7; entry_gap_pct >= -1.5,8,3,5,0,37.5,13.68,-0.488
signal_hhmm <= 925; signal_hhmm <= 930; entry_vs_opening_high_pct >= -0.2,8,3,5,0,37.5,13.68,-0.488
signal_hhmm <= 925; signal_hhmm <= 930; signal_close_vs_vwap_pct >= 0.8,8,3,5,0,37.5,13.68,-0.488
signal_hhmm <= 925; signal_hhmm <= 930; cum_value_bil <= 5,8,3,2,3,37.5,13.68,-0.155
signal_hhmm <= 925; signal_hhmm <= 935; entry_vs_opening_high_pct >= -0.2,8,3,5,0,37.5,13.68,-0.488
signal_hhmm <= 925; signal_hhmm <= 935; signal_close_vs_vwap_pct >= 0.8,8,3,5,0,37.5,13.68,-0.488
signal_hhmm <= 925; signal_hhmm <= 935; cum_value_bil <= 5,8,3,2,3,37.5,13.68,-0.155
signal_hhmm <= 925; signal_hhmm <= 940; entry_vs_opening_high_pct >= -0.2,8,3,5,0,37.5,13.68,-0.488
signal_hhmm <= 925; signal_hhmm <= 940; signal_close_vs_vwap_pct >= 0.8,8,3,5,0,37.5,13.68,-0.488
signal_hhmm <= 925; signal_hhmm <= 940; cum_value_bil <= 5,8,3,2,3,37.5,13.68,-0.155
signal_hhmm <= 925; opening_width_pct <= 3.0; cum_value_bil <= 5,8,3,2,3,37.5,13.68,-0.155
signal_hhmm <= 925; entry_vs_opening_high_pct >= -0.8; entry_vs_opening_high_pct >= -0.2,8,3,5,0,37.5,13.68,-0.488
signal_hhmm <= 925; entry_vs_opening_high_pct >= -0.8; signal_close_vs_vwap_pct >= 0.8,8,3,5,0,37.5,13.68,-0.488
signal_hhmm <= 925; entry_vs_opening_high_pct >= -0.8; cum_value_bil <= 5,8,3,2,3,37.5,13.68,-0.155
signal_hhmm <= 925; entry_vs_opening_high_pct >= -0.5; entry_vs_opening_high_pct >= -0.2,8,3,5,0,37.5,13.68,-0.488
signal_hhmm <= 925; entry_vs_opening_high_pct >= -0.5; signal_close_vs_vwap_pct >= 0.8,8,3,5,0,37.5,13.68,-0.488
signal_hhmm <= 925; entry_vs_opening_high_pct >= -0.5; entry_gap_pct >= -0.5,8,3,5,0,37.5,13.68,-0.488
signal_hhmm <= 925; entry_vs_opening_high_pct >= -0.2; signal_close_vs_vwap_pct >= 0.3,8,3,5,0,37.5,13.68,-0.488
signal_hhmm <= 925; entry_vs_opening_high_pct >= -0.2; entry_gap_pct >= -1.5,8,3,5,0,37.5,13.68,-0.488
signal_hhmm <= 925; entry_vs_opening_high_pct >= -0.2; entry_gap_pct >= -1,8,3,5,0,37.5,13.68,-0.488
signal_hhmm <= 925; entry_vs_opening_high_pct >= -0.2; distance_from_60d_high_pct <= -8,8,3,5,0,37.5,13.68,-0.488
signal_hhmm <= 925; signal_close_vs_vwap_pct >= 0.3; signal_close_vs_vwap_pct >= 0.8,8,3,5,0,37.5,13.68,-0.488
signal_hhmm <= 925; signal_close_vs_vwap_pct >= 0.5; signal_close_vs_vwap_pct >= 0.8,8,3,5,0,37.5,13.68,-0.488
signal_hhmm <= 925; signal_close_vs_vwap_pct >= 0.5; volume_ratio >= 2.0,8,3,4,1,37.5,13.68,-0.382
signal_hhmm <= 925; signal_close_vs_vwap_pct >= 0.5; cum_value_bil <= 10,8,3,4,1,37.5,13.68,-0.382
signal_hhmm <= 925; signal_close_vs_vwap_pct >= 0.8; entry_gap_pct >= -1.5,8,3,5,0,37.5,13.68,-0.488
signal_hhmm <= 925; signal_close_vs_vwap_pct >= 0.8; entry_gap_pct >= -1,8,3,5,0,37.5,13.68,-0.488
signal_hhmm <= 925; cum_value_bil <= 5; cum_value_bil <= 8,8,3,2,3,37.5,13.68,-0.155
signal_hhmm <= 925; cum_value_bil <= 5; cum_value_bil <= 10,8,3,2,3,37.5,13.68,-0.155
signal_hhmm <= 925; cum_value_bil <= 5; cum_value_bil <= 15,8,3,2,3,37.5,13.68,-0.155
signal_hhmm <= 925; cum_value_bil <= 5; entry_gap_pct >= -1.5,8,3,2,3,37.5,13.68,-0.155
signal_hhmm <= 925; cum_value_bil <= 5; entry_gap_pct >= -1,8,3,2,3,37.5,13.68,-0.155
signal_hhmm <= 925; entry_gap_pct >= -0.5; distance_from_60d_high_pct <= -10,8,3,4,1,37.5,13.68,-0.326
signal_hhmm <= 930; opening_width_pct <= 2.0; distance_from_60d_high_pct <= -8,8,3,3,2,37.5,13.68,-0.26
signal_hhmm <= 930; opening_width_pct <= 2.5; entry_vs_opening_high_pct >= -0.2,8,3,5,0,37.5,13.68,-0.488
signal_hhmm <= 930; opening_width_pct <= 2.5; signal_close_vs_vwap_pct >= 0.8,8,3,5,0,37.5,13.68,-0.488
signal_hhmm <= 930; opening_width_pct <= 2.5; volume_ratio >= 2.0,8,3,3,2,37.5,13.68,-0.316
signal_hhmm <= 930; opening_width_pct <= 3.0; entry_vs_opening_high_pct >= -0.2,8,3,5,0,37.5,13.68,-0.488
signal_hhmm <= 930; entry_vs_opening_high_pct >= -0.2; signal_close_vs_vwap_pct >= 0.5,8,3,5,0,37.5,13.68,-0.488
signal_hhmm <= 930; entry_vs_opening_high_pct >= -0.2; signal_close_vs_vwap_pct >= 0.8,8,3,5,0,37.5,13.68,-0.488
signal_hhmm <= 930; entry_vs_opening_high_pct >= -0.2; market_median_change_pct >= -0.5,8,3,5,0,37.5,13.68,-0.488
signal_hhmm <= 930; entry_vs_opening_high_pct >= -0.2; market_median_change_pct >= 0,8,3,5,0,37.5,13.68,-0.488
signal_hhmm <= 935; signal_hhmm <= 940; entry_vs_opening_high_pct >= 0,8,3,5,0,37.5,13.68,-0.488
signal_hhmm <= 935; opening_width_pct <= 2.0; signal_close_vs_vwap_pct >= 0.3,8,3,4,1,37.5,13.68,-0.382
signal_hhmm <= 935; opening_width_pct <= 2.0; cum_value_bil <= 5,8,3,1,4,37.5,13.68,-0.042
signal_hhmm <= 935; opening_width_pct <= 2.0; cum_value_bil <= 8,8,3,1,4,37.5,13.68,-0.042
signal_hhmm <= 935; entry_vs_opening_high_pct >= -0.8; entry_vs_opening_high_pct >= 0,8,3,5,0,37.5,13.68,-0.488
signal_hhmm <= 935; entry_vs_opening_high_pct >= -0.5; entry_vs_opening_high_pct >= 0,8,3,5,0,37.5,13.68,-0.488
signal_hhmm <= 935; entry_vs_opening_high_pct >= -0.2; entry_vs_opening_high_pct >= 0,8,3,5,0,37.5,13.68,-0.488
signal_hhmm <= 935; entry_vs_opening_high_pct >= 0; signal_close_vs_vwap_pct >= 0.3,8,3,5,0,37.5,13.68,-0.488
signal_hhmm <= 935; entry_vs_opening_high_pct >= 0; signal_close_vs_vwap_pct >= 0.5,8,3,5,0,37.5,13.68,-0.488
signal_hhmm <= 935; entry_vs_opening_high_pct >= 0; signal_close_vs_vwap_pct >= 0.8,8,3,5,0,37.5,13.68,-0.488
signal_hhmm <= 935; entry_vs_opening_high_pct >= 0; entry_gap_pct >= -1.5,8,3,5,0,37.5,13.68,-0.488
signal_hhmm <= 935; entry_vs_opening_high_pct >= 0; entry_gap_pct >= -1,8,3,5,0,37.5,13.68,-0.488
signal_hhmm <= 935; market_median_change_pct >= 0.3; distance_from_60d_high_pct <= -10,8,3,3,2,37.5,13.68,-0.26
signal_hhmm <= 940; opening_width_pct <= 2.5; entry_vs_opening_high_pct >= 0,8,3,4,1,37.5,13.68,-0.423
signal_hhmm <= 940; opening_width_pct <= 3.0; entry_vs_opening_high_pct >= 0,8,3,4,1,37.5,13.68,-0.423
signal_hhmm <= 940; entry_vs_opening_high_pct >= 0; signal_close_vs_vwap_pct >= 0.5,8,3,5,0,37.5,13.68,-0.488
signal_hhmm <= 940; entry_vs_opening_high_pct >= 0; signal_close_vs_vwap_pct >= 0.8,8,3,5,0,37.5,13.68,-0.488
signal_hhmm <= 940; entry_vs_opening_high_pct >= 0; volume_ratio >= 2.0,8,3,4,1,37.5,13.68,-0.423
signal_hhmm <= 940; entry_vs_opening_high_pct >= 0; market_median_change_pct >= -0.5,8,3,4,1,37.5,13.68,-0.423
signal_hhmm <= 940; entry_vs_opening_high_pct >= 0; market_median_change_pct >= 0,8,3,4,1,37.5,13.68,-0.423
signal_hhmm <= 940; volume_ratio >= 2.0; entry_gap_pct >= 0,8,3,4,1,37.5,13.68,-0.343
signal_hhmm <= 940; market_median_change_pct >= 0.5; entry_gap_pct >= -1.5,8,3,4,1,37.5,13.68,-0.326
signal_hhmm <= 940; market_median_change_pct >= 0.5; entry_gap_pct >= -1,8,3,4,1,37.5,13.68,-0.326
opening_width_pct <= 2.5; entry_vs_opening_high_pct >= -0.2; cum_value_bil <= 10,8,3,3,2,37.5,13.68,-0.278
opening_width_pct <= 2.5; entry_vs_opening_high_pct >= -0.2; cum_value_bil <= 15,8,3,3,2,37.5,13.68,-0.278
opening_width_pct <= 2.5; entry_vs_opening_high_pct >= 0; volume_ratio >= 2.0,8,3,3,2,37.5,13.68,-0.39
opening_width_pct <= 2.5; cum_value_bil <= 3; market_median_change_pct >= -0.5,8,3,2,3,37.5,13.68,-0.166
opening_width_pct <= 2.5; cum_value_bil <= 3; market_median_change_pct >= 0,8,3,2,3,37.5,13.68,-0.166
opening_width_pct <= 2.5; cum_value_bil <= 3; entry_gap_pct >= -1.5,8,3,2,3,37.5,13.68,-0.166
opening_width_pct <= 2.5; cum_value_bil <= 3; entry_gap_pct >= -1,8,3,2,3,37.5,13.68,-0.166
opening_width_pct <= 3.0; entry_vs_opening_high_pct >= -0.8; day_change_pct >= 7,8,3,5,0,37.5,13.68,-0.488
opening_width_pct <= 3.0; signal_close_vs_vwap_pct >= 0.5; market_median_change_pct >= 0.3,8,3,4,1,37.5,13.68,-0.382
opening_width_pct <= 3.0; volume_ratio >= 3.0; market_median_change_pct >= -0.5,8,3,2,3,37.5,13.68,-0.284
opening_width_pct <= 3.0; volume_ratio >= 3.0; market_median_change_pct >= 0,8,3,2,3,37.5,13.68,-0.284
opening_width_pct <= 3.0; day_change_pct >= 5; day_change_pct >= 7,8,3,5,0,37.5,13.68,-0.488
opening_width_pct <= 3.0; day_change_pct >= 5; entry_gap_pct >= -0.5,8,3,4,1,37.5,13.68,-0.423
entry_vs_opening_high_pct >= -0.8; entry_vs_opening_high_pct >= -0.5; day_change_pct >= 7,8,3,5,0,37.5,13.68,-0.488
entry_vs_opening_high_pct >= -0.8; volume_ratio >= 3.0; market_median_change_pct >= -0.5,8,3,2,3,37.5,13.68,-0.285
entry_vs_opening_high_pct >= -0.8; volume_ratio >= 3.0; market_median_change_pct >= 0,8,3,2,3,37.5,13.68,-0.285
entry_vs_opening_high_pct >= -0.8; market_median_change_pct >= 0.3; entry_gap_pct >= 0,8,3,4,1,37.5,13.68,-0.326
entry_vs_opening_high_pct >= -0.8; day_change_pct >= 7; entry_gap_pct >= -1.5,8,3,5,0,37.5,13.68,-0.488
entry_vs_opening_high_pct >= -0.5; volume_ratio >= 2.0; entry_gap_pct >= 0,8,3,3,2,37.5,13.68,-0.31
entry_vs_opening_high_pct >= -0.5; cum_value_bil <= 5; entry_gap_pct >= -0.5,8,3,3,2,37.5,13.68,-0.278
entry_vs_opening_high_pct >= -0.5; cum_value_bil <= 15; entry_gap_pct >= 0,8,3,4,1,37.5,13.68,-0.343
entry_vs_opening_high_pct >= -0.5; day_change_pct >= 5; day_change_pct >= 7,8,3,5,0,37.5,13.68,-0.488
entry_vs_opening_high_pct >= -0.2; volume_ratio >= 2.0; distance_from_60d_high_pct <= -10,8,3,3,2,37.5,13.68,-0.278
entry_vs_opening_high_pct >= 0; signal_close_vs_vwap_pct >= 0.5; entry_gap_pct >= -1.5,8,3,5,0,37.5,13.68,-0.488
entry_vs_opening_high_pct >= 0; signal_close_vs_vwap_pct >= 0.5; entry_gap_pct >= -1,8,3,5,0,37.5,13.68,-0.488
entry_vs_opening_high_pct >= 0; signal_close_vs_vwap_pct >= 0.5; distance_from_60d_high_pct <= -8,8,3,5,0,37.5,13.68,-0.488
entry_vs_opening_high_pct >= 0; signal_close_vs_vwap_pct >= 0.8; entry_gap_pct >= -1.5,8,3,5,0,37.5,13.68,-0.488
entry_vs_opening_high_pct >= 0; signal_close_vs_vwap_pct >= 0.8; entry_gap_pct >= -1,8,3,5,0,37.5,13.68,-0.488
entry_vs_opening_high_pct >= 0; signal_close_vs_vwap_pct >= 0.8; distance_from_60d_high_pct <= -8,8,3,5,0,37.5,13.68,-0.488
entry_vs_opening_high_pct >= 0; volume_ratio >= 2.0; market_median_change_pct >= -0.5,8,3,3,2,37.5,13.68,-0.39
entry_vs_opening_high_pct >= 0; volume_ratio >= 2.0; market_median_change_pct >= 0,8,3,3,2,37.5,13.68,-0.39
signal_close_vs_vwap_pct >= 0.3; volume_ratio >= 2.0; entry_gap_pct >= 0,8,3,4,1,37.5,13.68,-0.455
signal_close_vs_vwap_pct >= 0.3; market_median_change_pct >= 0.3; entry_gap_pct >= 0,8,3,5,0,37.5,13.68,-0.488
signal_close_vs_vwap_pct >= 0.5; market_median_change_pct >= 0.3; entry_gap_pct >= -0.5,8,3,5,0,37.5,13.68,-0.488
signal_close_vs_vwap_pct >= 0.8; cum_value_bil <= 15; entry_gap_pct >= -0.5,8,3,5,0,37.5,13.68,-0.488
volume_ratio >= 2.0; market_median_change_pct >= -0.5; entry_gap_pct >= 0,8,3,3,2,37.5,13.68,-0.31
volume_ratio >= 2.0; market_median_change_pct >= 0; entry_gap_pct >= 0,8,3,3,2,37.5,13.68,-0.31
volume_ratio >= 2.0; entry_gap_pct >= 0; distance_from_60d_high_pct <= -8,8,3,3,2,37.5,13.68,-0.31
cum_value_bil <= 5; entry_gap_pct >= -0.5; distance_from_60d_high_pct <= -8,8,3,2,3,37.5,13.68,-0.116
cum_value_bil <= 10; entry_gap_pct >= 0; distance_from_60d_high_pct <= -8,8,3,3,2,37.5,13.68,-0.181
market_median_change_pct >= -0.5; market_median_change_pct >= 0.5; entry_gap_pct >= -1.5,8,3,4,1,37.5,13.68,-0.326
market_median_change_pct >= -0.5; market_median_change_pct >= 0.5; entry_gap_pct >= -1,8,3,4,1,37.5,13.68,-0.326
market_median_change_pct >= 0; market_median_change_pct >= 0.5; entry_gap_pct >= -1.5,8,3,4,1,37.5,13.68,-0.326
market_median_change_pct >= 0; market_median_change_pct >= 0.5; entry_gap_pct >= -1,8,3,4,1,37.5,13.68,-0.326
market_median_change_pct >= 0.3; market_median_change_pct >= 0.5; entry_gap_pct >= -1.5,8,3,4,1,37.5,13.68,-0.326
market_median_change_pct >= 0.3; market_median_change_pct >= 0.5; entry_gap_pct >= -1,8,3,4,1,37.5,13.68,-0.326
market_median_change_pct >= 0.3; entry_gap_pct >= -0.5; distance_from_60d_high_pct <= -8,8,3,4,1,37.5,13.68,-0.326
market_median_change_pct >= 0.5; entry_gap_pct >= -1.5; entry_gap_pct >= -1,8,3,4,1,37.5,13.68,-0.326
day_change_pct >= 5; day_change_pct >= 7; entry_gap_pct >= -1.5,8,3,5,0,37.5,13.68,-0.488
signal_hhmm <= 935; market_median_change_pct >= -0.5,27,10,13,4,37.04,21.53,-0.368
entry_vs_opening_high_pct >= -0.5; entry_gap_pct >= -1,27,10,12,5,37.04,21.53,-0.378
signal_hhmm <= 935; signal_hhmm <= 940; market_median_change_pct >= -0.5,27,10,13,4,37.04,21.53,-0.368
signal_hhmm <= 940; opening_width_pct <= 3.0; signal_close_vs_vwap_pct >= 0.3,27,10,14,3,37.04,21.53,-0.39
signal_hhmm <= 940; cum_value_bil <= 10; entry_gap_pct >= -1.5,27,10,10,7,37.04,21.53,-0.246
signal_hhmm <= 940; cum_value_bil <= 10; entry_gap_pct >= -1,27,10,10,7,37.04,21.53,-0.246
opening_width_pct <= 3.0; entry_vs_opening_high_pct >= -0.8; distance_from_60d_high_pct <= -8,27,10,11,6,37.04,21.53,-0.301
opening_width_pct <= 3.0; entry_gap_pct >= -1.5; distance_from_60d_high_pct <= -8,27,10,11,6,37.04,21.53,-0.301
entry_vs_opening_high_pct >= -0.8; entry_vs_opening_high_pct >= -0.5; entry_gap_pct >= -1,27,10,12,5,37.04,21.53,-0.378
entry_vs_opening_high_pct >= -0.5; entry_gap_pct >= -1.5; entry_gap_pct >= -1,27,10,12,5,37.04,21.53,-0.378
signal_hhmm <= 940,38,14,17,7,36.84,23.38,-0.325
opening_width_pct <= 3.0,38,14,16,8,36.84,23.38,-0.318
signal_hhmm <= 930; cum_value_bil <= 10,19,7,8,4,36.84,19.15,-0.318
cum_value_bil <= 15; entry_gap_pct >= -0.5,19,7,9,3,36.84,19.15,-0.349
signal_hhmm <= 930; signal_hhmm <= 935; cum_value_bil <= 10,19,7,8,4,36.84,19.15,-0.318
signal_hhmm <= 930; signal_hhmm <= 940; cum_value_bil <= 10,19,7,8,4,36.84,19.15,-0.318
signal_hhmm <= 930; cum_value_bil <= 10; cum_value_bil <= 15,19,7,8,4,36.84,19.15,-0.318
signal_hhmm <= 935; entry_vs_opening_high_pct >= -0.5; market_median_change_pct >= 0,19,7,10,2,36.84,19.15,-0.433
signal_hhmm <= 940; opening_width_pct <= 2.5; cum_value_bil <= 10,19,7,5,7,36.84,19.15,-0.145
signal_hhmm <= 940; opening_width_pct <= 2.5; cum_value_bil <= 15,19,7,5,7,36.84,19.15,-0.145
signal_hhmm <= 940; entry_gap_pct >= -0.5; distance_from_60d_high_pct <= -8,19,7,9,3,36.84,19.15,-0.349
entry_vs_opening_high_pct >= -0.8; cum_value_bil <= 5; entry_gap_pct >= -1.5,19,7,6,6,36.84,19.15,-0.192
entry_vs_opening_high_pct >= -0.8; cum_value_bil <= 8; market_median_change_pct >= -0.5,19,7,6,6,36.84,19.15,-0.192
entry_vs_opening_high_pct >= -0.5; market_median_change_pct >= 0; distance_from_60d_high_pct <= -8,19,7,8,4,36.84,19.15,-0.376
signal_close_vs_vwap_pct >= 0.3; cum_value_bil <= 10; market_median_change_pct >= 0,19,7,9,3,36.84,19.15,-0.349
cum_value_bil <= 15; entry_gap_pct >= -1.5; entry_gap_pct >= -0.5,19,7,9,3,36.84,19.15,-0.349
cum_value_bil <= 15; entry_gap_pct >= -1; entry_gap_pct >= -0.5,19,7,9,3,36.84,19.15,-0.349
cum_value_bil <= 15; entry_gap_pct >= -1.5,30,11,12,7,36.67,21.87,-0.282
signal_hhmm <= 940; signal_close_vs_vwap_pct >= 0.3; entry_gap_pct >= -1.5,30,11,16,3,36.67,21.87,-0.411
signal_hhmm <= 940; signal_close_vs_vwap_pct >= 0.3; entry_gap_pct >= -1,30,11,16,3,36.67,21.87,-0.411
entry_vs_opening_high_pct >= -0.8; signal_close_vs_vwap_pct >= 0.3; entry_gap_pct >= -1,30,11,15,4,36.67,21.87,-0.402
signal_hhmm <= 940; market_median_change_pct >= -0.5,33,12,14,7,36.36,22.19,-0.311
opening_width_pct <= 3.0; cum_value_bil <= 5,22,8,7,7,36.36,19.73,-0.207
signal_hhmm <= 940; market_median_change_pct >= 0; distance_from_60d_high_pct <= -8,22,8,9,5,36.36,19.73,-0.286
opening_width_pct <= 3.0; cum_value_bil <= 5; cum_value_bil <= 8,22,8,7,7,36.36,19.73,-0.207
opening_width_pct <= 3.0; cum_value_bil <= 5; cum_value_bil <= 10,22,8,7,7,36.36,19.73,-0.207
opening_width_pct <= 3.0; cum_value_bil <= 5; cum_value_bil <= 15,22,8,7,7,36.36,19.73,-0.207
opening_width_pct <= 3.0; cum_value_bil <= 8; entry_gap_pct >= -1,22,8,7,7,36.36,19.73,-0.207
entry_vs_opening_high_pct >= -0.8; cum_value_bil <= 8; entry_gap_pct >= -1.5,22,8,8,6,36.36,19.73,-0.248
entry_vs_opening_high_pct >= -0.8; cum_value_bil <= 10; market_median_change_pct >= -0.5,22,8,8,6,36.36,19.73,-0.248
entry_vs_opening_high_pct >= -0.5; signal_close_vs_vwap_pct >= 0.3; market_median_change_pct >= 0,22,8,11,3,36.36,19.73,-0.444
cum_value_bil <= 8; market_median_change_pct >= -0.5; entry_gap_pct >= -1.5,22,8,7,7,36.36,19.73,-0.207
signal_hhmm <= 930; signal_close_vs_vwap_pct >= 0.8,11,4,7,0,36.36,15.17,-0.518
signal_hhmm <= 935; entry_vs_opening_high_pct >= -0.2,11,4,7,0,36.36,15.17,-0.518
opening_width_pct <= 3.0; entry_vs_opening_high_pct >= 0,11,4,5,2,36.36,15.17,-0.447
entry_vs_opening_high_pct >= -0.5; market_median_change_pct >= 0.3,11,4,5,2,36.36,15.17,-0.394
entry_vs_opening_high_pct >= -0.2; distance_from_60d_high_pct <= -10,11,4,5,2,36.36,15.17,-0.366
market_median_change_pct >= 0.3; distance_from_60d_high_pct <= -8,11,4,5,2,36.36,15.17,-0.353
signal_hhmm <= 925; opening_width_pct <= 3.0; signal_close_vs_vwap_pct >= 0.5,11,4,6,1,36.36,15.17,-0.441
signal_hhmm <= 925; opening_width_pct <= 3.0; entry_gap_pct >= -0.5,11,4,6,1,36.36,15.17,-0.4
signal_hhmm <= 925; signal_close_vs_vwap_pct >= 0.3; cum_value_bil <= 15,11,4,6,1,36.36,15.17,-0.441
signal_hhmm <= 925; signal_close_vs_vwap_pct >= 0.5; distance_from_60d_high_pct <= -8,11,4,7,0,36.36,15.17,-0.518
signal_hhmm <= 925; market_median_change_pct >= -0.5; entry_gap_pct >= -0.5,11,4,6,1,36.36,15.17,-0.4
signal_hhmm <= 925; market_median_change_pct >= 0; distance_from_60d_high_pct <= -8,11,4,5,2,36.36,15.17,-0.353
signal_hhmm <= 925; entry_gap_pct >= -0.5; distance_from_60d_high_pct <= -8,11,4,6,1,36.36,15.17,-0.4
signal_hhmm <= 930; signal_hhmm <= 935; signal_close_vs_vwap_pct >= 0.8,11,4,7,0,36.36,15.17,-0.518
signal_hhmm <= 930; signal_hhmm <= 940; signal_close_vs_vwap_pct >= 0.8,11,4,7,0,36.36,15.17,-0.518
signal_hhmm <= 930; signal_close_vs_vwap_pct >= 0.3; signal_close_vs_vwap_pct >= 0.8,11,4,7,0,36.36,15.17,-0.518
signal_hhmm <= 930; signal_close_vs_vwap_pct >= 0.5; signal_close_vs_vwap_pct >= 0.8,11,4,7,0,36.36,15.17,-0.518
signal_hhmm <= 930; signal_close_vs_vwap_pct >= 0.5; volume_ratio >= 2.0,11,4,6,1,36.36,15.17,-0.441
signal_hhmm <= 930; signal_close_vs_vwap_pct >= 0.5; cum_value_bil <= 8,11,4,6,1,36.36,15.17,-0.441
signal_hhmm <= 930; signal_close_vs_vwap_pct >= 0.8; entry_gap_pct >= -1.5,11,4,7,0,36.36,15.17,-0.518
signal_hhmm <= 930; signal_close_vs_vwap_pct >= 0.8; entry_gap_pct >= -1,11,4,7,0,36.36,15.17,-0.518
signal_hhmm <= 930; cum_value_bil <= 10; entry_gap_pct >= -0.5,11,4,6,1,36.36,15.17,-0.4
signal_hhmm <= 935; signal_hhmm <= 940; entry_vs_opening_high_pct >= -0.2,11,4,7,0,36.36,15.17,-0.518
signal_hhmm <= 935; entry_vs_opening_high_pct >= -0.8; entry_vs_opening_high_pct >= -0.2,11,4,7,0,36.36,15.17,-0.518
signal_hhmm <= 935; entry_vs_opening_high_pct >= -0.5; entry_vs_opening_high_pct >= -0.2,11,4,7,0,36.36,15.17,-0.518
signal_hhmm <= 935; entry_vs_opening_high_pct >= -0.2; signal_close_vs_vwap_pct >= 0.3,11,4,7,0,36.36,15.17,-0.518
signal_hhmm <= 935; entry_vs_opening_high_pct >= -0.2; entry_gap_pct >= -1.5,11,4,7,0,36.36,15.17,-0.518
signal_hhmm <= 935; entry_vs_opening_high_pct >= -0.2; entry_gap_pct >= -1,11,4,7,0,36.36,15.17,-0.518
signal_hhmm <= 940; entry_vs_opening_high_pct >= -0.5; market_median_change_pct >= 0.3,11,4,5,2,36.36,15.17,-0.394
signal_hhmm <= 940; market_median_change_pct >= 0.3; distance_from_60d_high_pct <= -8,11,4,5,2,36.36,15.17,-0.353
opening_width_pct <= 2.5; signal_close_vs_vwap_pct >= 0.5; distance_from_60d_high_pct <= -8,11,4,6,1,36.36,15.17,-0.372
opening_width_pct <= 3.0; entry_vs_opening_high_pct >= -0.8; entry_vs_opening_high_pct >= 0,11,4,5,2,36.36,15.17,-0.447
opening_width_pct <= 3.0; entry_vs_opening_high_pct >= -0.5; entry_vs_opening_high_pct >= 0,11,4,5,2,36.36,15.17,-0.447
opening_width_pct <= 3.0; entry_vs_opening_high_pct >= -0.2; entry_vs_opening_high_pct >= 0,11,4,5,2,36.36,15.17,-0.447
opening_width_pct <= 3.0; entry_vs_opening_high_pct >= 0; signal_close_vs_vwap_pct >= 0.3,11,4,5,2,36.36,15.17,-0.447
entry_vs_opening_high_pct >= -0.8; entry_vs_opening_high_pct >= -0.5; market_median_change_pct >= 0.3,11,4,5,2,36.36,15.17,-0.394
entry_vs_opening_high_pct >= -0.8; entry_vs_opening_high_pct >= -0.2; distance_from_60d_high_pct <= -10,11,4,5,2,36.36,15.17,-0.366
entry_vs_opening_high_pct >= -0.8; signal_close_vs_vwap_pct >= 0.3; market_median_change_pct >= 0.3,11,4,6,1,36.36,15.17,-0.441
entry_vs_opening_high_pct >= -0.8; market_median_change_pct >= 0.3; distance_from_60d_high_pct <= -8,11,4,5,2,36.36,15.17,-0.353
entry_vs_opening_high_pct >= -0.5; entry_vs_opening_high_pct >= -0.2; distance_from_60d_high_pct <= -10,11,4,5,2,36.36,15.17,-0.366
entry_vs_opening_high_pct >= -0.5; market_median_change_pct >= -0.5; market_median_change_pct >= 0.3,11,4,5,2,36.36,15.17,-0.394
entry_vs_opening_high_pct >= -0.5; market_median_change_pct >= 0; market_median_change_pct >= 0.3,11,4,5,2,36.36,15.17,-0.394
entry_vs_opening_high_pct >= -0.5; market_median_change_pct >= 0.3; entry_gap_pct >= -1.5,11,4,5,2,36.36,15.17,-0.394
entry_vs_opening_high_pct >= -0.5; market_median_change_pct >= 0.3; entry_gap_pct >= -1,11,4,5,2,36.36,15.17,-0.394
entry_vs_opening_high_pct >= -0.2; volume_ratio >= 2.0; entry_gap_pct >= -1.5,11,4,4,3,36.36,15.17,-0.342
entry_vs_opening_high_pct >= -0.2; volume_ratio >= 2.0; entry_gap_pct >= -1,11,4,4,3,36.36,15.17,-0.342
entry_vs_opening_high_pct >= -0.2; volume_ratio >= 2.0; distance_from_60d_high_pct <= -8,11,4,4,3,36.36,15.17,-0.342
entry_vs_opening_high_pct >= -0.2; entry_gap_pct >= -1.5; distance_from_60d_high_pct <= -10,11,4,5,2,36.36,15.17,-0.366
entry_vs_opening_high_pct >= -0.2; distance_from_60d_high_pct <= -8; distance_from_60d_high_pct <= -10,11,4,5,2,36.36,15.17,-0.366
signal_close_vs_vwap_pct >= 0.5; cum_value_bil <= 5; market_median_change_pct >= -0.5,11,4,5,2,36.36,15.17,-0.295
signal_close_vs_vwap_pct >= 0.5; cum_value_bil <= 5; market_median_change_pct >= 0,11,4,5,2,36.36,15.17,-0.295
volume_ratio >= 2.0; market_median_change_pct >= 0; entry_gap_pct >= -0.5,11,4,4,3,36.36,15.17,-0.342
cum_value_bil <= 5; market_median_change_pct >= 0; distance_from_60d_high_pct <= -10,11,4,2,5,36.36,15.17,-0.054
cum_value_bil <= 15; market_median_change_pct >= 0.3; entry_gap_pct >= -1.5,11,4,4,3,36.36,15.17,-0.276
cum_value_bil <= 15; market_median_change_pct >= 0.3; entry_gap_pct >= -1,11,4,4,3,36.36,15.17,-0.276
market_median_change_pct >= -0.5; market_median_change_pct >= 0.3; distance_from_60d_high_pct <= -8,11,4,5,2,36.36,15.17,-0.353
market_median_change_pct >= 0; market_median_change_pct >= 0.3; distance_from_60d_high_pct <= -8,11,4,5,2,36.36,15.17,-0.353
market_median_change_pct >= 0.3; entry_gap_pct >= -1.5; distance_from_60d_high_pct <= -8,11,4,5,2,36.36,15.17,-0.353
market_median_change_pct >= 0.3; entry_gap_pct >= -1; distance_from_60d_high_pct <= -8,11,4,5,2,36.36,15.17,-0.353
market_median_change_pct >= 0; distance_from_60d_high_pct <= -8,25,9,10,6,36.0,20.25,-0.313
signal_hhmm <= 935; opening_width_pct <= 3.0; market_median_change_pct >= -0.5,25,9,12,4,36.0,20.25,-0.385
signal_hhmm <= 940; signal_close_vs_vwap_pct >= 0.3; market_median_change_pct >= 0,25,9,13,3,36.0,20.25,-0.409
entry_vs_opening_high_pct >= -0.8; cum_value_bil <= 10; entry_gap_pct >= -1.5,25,9,10,6,36.0,20.25,-0.29
entry_vs_opening_high_pct >= -0.8; cum_value_bil <= 15; entry_gap_pct >= -1,25,9,10,6,36.0,20.25,-0.29
entry_vs_opening_high_pct >= -0.8; market_median_change_pct >= -0.5; distance_from_60d_high_pct <= -8,25,9,10,6,36.0,20.25,-0.313
entry_vs_opening_high_pct >= -0.5; market_median_change_pct >= -0.5; entry_gap_pct >= -1,25,9,11,5,36.0,20.25,-0.396
cum_value_bil <= 10; market_median_change_pct >= -0.5; entry_gap_pct >= -1.5,25,9,9,7,36.0,20.25,-0.254
cum_value_bil <= 15; market_median_change_pct >= -0.5; entry_gap_pct >= -1,25,9,9,7,36.0,20.25,-0.254
market_median_change_pct >= -0.5; market_median_change_pct >= 0; distance_from_60d_high_pct <= -8,25,9,10,6,36.0,20.25,-0.313
entry_gap_pct >= -1,39,14,17,8,35.9,22.74,-0.348
entry_gap_pct >= -1.5; entry_gap_pct >= -1,39,14,17,8,35.9,22.74,-0.348
entry_vs_opening_high_pct >= -0.5; entry_gap_pct >= -1.5,28,10,13,5,35.71,20.71,-0.418
signal_close_vs_vwap_pct >= 0.3; market_median_change_pct >= 0,28,10,14,4,35.71,20.71,-0.42
signal_hhmm <= 935; opening_width_pct <= 3.0; entry_gap_pct >= -1.5,28,10,14,4,35.71,20.71,-0.408
signal_hhmm <= 935; opening_width_pct <= 3.0; entry_gap_pct >= -1,28,10,14,4,35.71,20.71,-0.408
signal_hhmm <= 935; entry_vs_opening_high_pct >= -0.8; entry_gap_pct >= -1.5,28,10,15,3,35.71,20.71,-0.441
signal_hhmm <= 935; entry_vs_opening_high_pct >= -0.8; entry_gap_pct >= -1,28,10,15,3,35.71,20.71,-0.441
signal_hhmm <= 940; cum_value_bil <= 15; entry_gap_pct >= -1.5,28,10,11,7,35.71,20.71,-0.291
signal_hhmm <= 940; cum_value_bil <= 15; entry_gap_pct >= -1,28,10,11,7,35.71,20.71,-0.291
opening_width_pct <= 3.0; entry_vs_opening_high_pct >= -0.8; signal_close_vs_vwap_pct >= 0.3,28,10,14,4,35.71,20.71,-0.42
opening_width_pct <= 3.0; signal_close_vs_vwap_pct >= 0.3; entry_gap_pct >= -1,28,10,14,4,35.71,20.71,-0.42
entry_vs_opening_high_pct >= -0.8; entry_vs_opening_high_pct >= -0.5; entry_gap_pct >= -1.5,28,10,13,5,35.71,20.71,-0.418
entry_vs_opening_high_pct >= -0.8; entry_gap_pct >= -1; distance_from_60d_high_pct <= -8,28,10,12,6,35.71,20.71,-0.344
signal_close_vs_vwap_pct >= 0.3; market_median_change_pct >= -0.5; market_median_change_pct >= 0,28,10,14,4,35.71,20.71,-0.42
signal_hhmm <= 925; entry_vs_opening_high_pct >= -0.5,14,5,7,2,35.71,16.34,-0.438
signal_hhmm <= 925; cum_value_bil <= 15,14,5,6,3,35.71,16.34,-0.346
signal_hhmm <= 930; cum_value_bil <= 5,14,5,5,4,35.71,16.34,-0.281
signal_hhmm <= 940; entry_vs_opening_high_pct >= -0.2,14,5,7,2,35.71,16.34,-0.416
opening_width_pct <= 2.5; volume_ratio >= 2.0,14,5,3,6,35.71,16.34,-0.185
signal_hhmm <= 925; signal_hhmm <= 930; entry_vs_opening_high_pct >= -0.5,14,5,7,2,35.71,16.34,-0.438
signal_hhmm <= 925; signal_hhmm <= 930; cum_value_bil <= 15,14,5,6,3,35.71,16.34,-0.346
signal_hhmm <= 925; signal_hhmm <= 935; entry_vs_opening_high_pct >= -0.5,14,5,7,2,35.71,16.34,-0.438
signal_hhmm <= 925; signal_hhmm <= 935; cum_value_bil <= 15,14,5,6,3,35.71,16.34,-0.346
signal_hhmm <= 925; signal_hhmm <= 940; entry_vs_opening_high_pct >= -0.5,14,5,7,2,35.71,16.34,-0.438
signal_hhmm <= 925; signal_hhmm <= 940; cum_value_bil <= 15,14,5,6,3,35.71,16.34,-0.346
signal_hhmm <= 925; opening_width_pct <= 2.5; market_median_change_pct >= -0.5,14,5,6,3,35.71,16.34,-0.346
signal_hhmm <= 925; opening_width_pct <= 3.0; signal_close_vs_vwap_pct >= 0.3,14,5,8,1,35.71,16.34,-0.475
signal_hhmm <= 925; entry_vs_opening_high_pct >= -0.8; entry_vs_opening_high_pct >= -0.5,14,5,7,2,35.71,16.34,-0.438
signal_hhmm <= 925; entry_vs_opening_high_pct >= -0.5; entry_gap_pct >= -1.5,14,5,7,2,35.71,16.34,-0.438
signal_hhmm <= 925; entry_vs_opening_high_pct >= -0.5; entry_gap_pct >= -1,14,5,7,2,35.71,16.34,-0.438
signal_hhmm <= 925; cum_value_bil <= 15; entry_gap_pct >= -1.5,14,5,6,3,35.71,16.34,-0.346
signal_hhmm <= 925; cum_value_bil <= 15; entry_gap_pct >= -1,14,5,6,3,35.71,16.34,-0.346
signal_hhmm <= 930; signal_hhmm <= 935; cum_value_bil <= 5,14,5,5,4,35.71,16.34,-0.281
signal_hhmm <= 930; signal_hhmm <= 940; cum_value_bil <= 5,14,5,5,4,35.71,16.34,-0.281
signal_hhmm <= 930; opening_width_pct <= 3.0; cum_value_bil <= 5,14,5,5,4,35.71,16.34,-0.281
signal_hhmm <= 930; signal_close_vs_vwap_pct >= 0.3; cum_value_bil <= 10,14,5,8,1,35.71,16.34,-0.475
signal_hhmm <= 930; cum_value_bil <= 5; cum_value_bil <= 8,14,5,5,4,35.71,16.34,-0.281
signal_hhmm <= 930; cum_value_bil <= 5; cum_value_bil <= 10,14,5,5,4,35.71,16.34,-0.281
signal_hhmm <= 930; cum_value_bil <= 5; cum_value_bil <= 15,14,5,5,4,35.71,16.34,-0.281
signal_hhmm <= 935; opening_width_pct <= 2.5; signal_close_vs_vwap_pct >= 0.5,14,5,8,1,35.71,16.34,-0.475
signal_hhmm <= 935; entry_vs_opening_high_pct >= -0.5; entry_gap_pct >= -0.5,14,5,9,0,35.71,16.34,-0.536
signal_hhmm <= 935; cum_value_bil <= 5; market_median_change_pct >= 0,14,5,5,4,35.71,16.34,-0.281
signal_hhmm <= 935; cum_value_bil <= 15; entry_gap_pct >= -0.5,14,5,8,1,35.71,16.34,-0.443
signal_hhmm <= 940; entry_vs_opening_high_pct >= -0.8; entry_vs_opening_high_pct >= -0.2,14,5,7,2,35.71,16.34,-0.416
signal_hhmm <= 940; entry_vs_opening_high_pct >= -0.5; entry_vs_opening_high_pct >= -0.2,14,5,7,2,35.71,16.34,-0.416
signal_hhmm <= 940; entry_vs_opening_high_pct >= -0.2; entry_gap_pct >= -1.5,14,5,7,2,35.71,16.34,-0.416
signal_hhmm <= 940; entry_vs_opening_high_pct >= -0.2; entry_gap_pct >= -1,14,5,7,2,35.71,16.34,-0.416
opening_width_pct <= 2.5; opening_width_pct <= 3.0; volume_ratio >= 2.0,14,5,3,6,35.71,16.34,-0.185
opening_width_pct <= 2.5; entry_vs_opening_high_pct >= -0.8; volume_ratio >= 2.0,14,5,3,6,35.71,16.34,-0.185
opening_width_pct <= 2.5; entry_vs_opening_high_pct >= -0.5; cum_value_bil <= 10,14,5,5,4,35.71,16.34,-0.318
opening_width_pct <= 2.5; entry_vs_opening_high_pct >= -0.5; cum_value_bil <= 15,14,5,5,4,35.71,16.34,-0.318
opening_width_pct <= 2.5; signal_close_vs_vwap_pct >= 0.3; cum_value_bil <= 10,14,5,6,3,35.71,16.34,-0.323
opening_width_pct <= 2.5; signal_close_vs_vwap_pct >= 0.3; cum_value_bil <= 15,14,5,6,3,35.71,16.34,-0.323
opening_width_pct <= 2.5; volume_ratio >= 2.0; entry_gap_pct >= -1.5,14,5,3,6,35.71,16.34,-0.185
opening_width_pct <= 2.5; volume_ratio >= 2.0; entry_gap_pct >= -1,14,5,3,6,35.71,16.34,-0.185
opening_width_pct <= 3.0; entry_vs_opening_high_pct >= -0.2; signal_close_vs_vwap_pct >= 0.3,14,5,7,2,35.71,16.34,-0.48
entry_vs_opening_high_pct >= -0.5; cum_value_bil <= 8; market_median_change_pct >= 0,14,5,5,4,35.71,16.34,-0.318
entry_vs_opening_high_pct >= -0.2; signal_close_vs_vwap_pct >= 0.3; market_median_change_pct >= -0.5,14,5,7,2,35.71,16.34,-0.48
entry_vs_opening_high_pct >= -0.2; signal_close_vs_vwap_pct >= 0.3; market_median_change_pct >= 0,14,5,7,2,35.71,16.34,-0.48
entry_vs_opening_high_pct >= -0.2; signal_close_vs_vwap_pct >= 0.3; entry_gap_pct >= -1,14,5,7,2,35.71,16.34,-0.48
entry_vs_opening_high_pct >= -0.2; signal_close_vs_vwap_pct >= 0.3; distance_from_60d_high_pct <= -8,14,5,7,2,35.71,16.34,-0.48
entry_vs_opening_high_pct >= -0.2; market_median_change_pct >= -0.5; entry_gap_pct >= -1,14,5,6,3,35.71,16.34,-0.397
entry_vs_opening_high_pct >= -0.2; market_median_change_pct >= 0; entry_gap_pct >= -1,14,5,6,3,35.71,16.34,-0.397
signal_close_vs_vwap_pct >= 0.3; cum_value_bil <= 5; market_median_change_pct >= -0.5,14,5,6,3,35.71,16.34,-0.323
signal_hhmm <= 935; entry_gap_pct >= -1.5,31,11,16,4,35.48,21.12,-0.427
signal_hhmm <= 935; entry_gap_pct >= -1,31,11,16,4,35.48,21.12,-0.427
signal_hhmm <= 935; signal_hhmm <= 940; entry_gap_pct >= -1.5,31,11,16,4,35.48,21.12,-0.427
signal_hhmm <= 935; signal_hhmm <= 940; entry_gap_pct >= -1,31,11,16,4,35.48,21.12,-0.427
signal_hhmm <= 935; entry_gap_pct >= -1.5; entry_gap_pct >= -1,31,11,16,4,35.48,21.12,-0.427
entry_vs_opening_high_pct >= -0.8; signal_close_vs_vwap_pct >= 0.3; entry_gap_pct >= -1.5,31,11,16,4,35.48,21.12,-0.438
signal_hhmm <= 940; opening_width_pct <= 3.0,34,12,15,7,35.29,21.49,-0.346
signal_hhmm <= 940; entry_vs_opening_high_pct >= -0.8,34,12,16,6,35.29,21.49,-0.372
market_median_change_pct >= -0.5; entry_gap_pct >= -1,34,12,14,8,35.29,21.49,-0.338
market_median_change_pct >= -0.5; entry_gap_pct >= -1.5; entry_gap_pct >= -1,34,12,14,8,35.29,21.49,-0.338
entry_vs_opening_high_pct >= -0.2,17,6,8,3,35.29,17.31,-0.433
signal_hhmm <= 925; opening_width_pct <= 3.0,17,6,8,3,35.29,17.31,-0.39
opening_width_pct <= 2.5; cum_value_bil <= 5,17,6,4,7,35.29,17.31,-0.144
opening_width_pct <= 2.5; distance_from_60d_high_pct <= -10,17,6,6,5,35.29,17.31,-0.247
entry_vs_opening_high_pct >= -0.8; entry_vs_opening_high_pct >= -0.2,17,6,8,3,35.29,17.31,-0.433
entry_vs_opening_high_pct >= -0.5; entry_vs_opening_high_pct >= -0.2,17,6,8,3,35.29,17.31,-0.433
signal_hhmm <= 925; signal_hhmm <= 930; opening_width_pct <= 3.0,17,6,8,3,35.29,17.31,-0.39
signal_hhmm <= 925; signal_hhmm <= 935; opening_width_pct <= 3.0,17,6,8,3,35.29,17.31,-0.39
signal_hhmm <= 925; signal_hhmm <= 940; opening_width_pct <= 3.0,17,6,8,3,35.29,17.31,-0.39
signal_hhmm <= 925; opening_width_pct <= 3.0; entry_gap_pct >= -1.5,17,6,8,3,35.29,17.31,-0.39
signal_hhmm <= 925; opening_width_pct <= 3.0; entry_gap_pct >= -1,17,6,8,3,35.29,17.31,-0.39
signal_hhmm <= 930; entry_vs_opening_high_pct >= -0.8; cum_value_bil <= 15,17,6,8,3,35.29,17.31,-0.39
signal_hhmm <= 930; signal_close_vs_vwap_pct >= 0.3; distance_from_60d_high_pct <= -8,17,6,11,0,35.29,17.31,-0.547
signal_hhmm <= 930; cum_value_bil <= 15; market_median_change_pct >= -0.5,17,6,7,4,35.29,17.31,-0.337
signal_hhmm <= 935; opening_width_pct <= 2.5; signal_close_vs_vwap_pct >= 0.3,17,6,10,1,35.29,17.31,-0.497
signal_hhmm <= 935; cum_value_bil <= 10; market_median_change_pct >= 0,17,6,7,4,35.29,17.31,-0.337
signal_hhmm <= 940; cum_value_bil <= 10; entry_gap_pct >= -0.5,17,6,8,3,35.29,17.31,-0.372
opening_width_pct <= 2.5; opening_width_pct <= 3.0; cum_value_bil <= 5,17,6,4,7,35.29,17.31,-0.144
opening_width_pct <= 2.5; opening_width_pct <= 3.0; distance_from_60d_high_pct <= -10,17,6,6,5,35.29,17.31,-0.247
opening_width_pct <= 2.5; entry_vs_opening_high_pct >= -0.8; distance_from_60d_high_pct <= -10,17,6,6,5,35.29,17.31,-0.247
opening_width_pct <= 2.5; cum_value_bil <= 5; cum_value_bil <= 8,17,6,4,7,35.29,17.31,-0.144
opening_width_pct <= 2.5; cum_value_bil <= 5; cum_value_bil <= 10,17,6,4,7,35.29,17.31,-0.144
opening_width_pct <= 2.5; cum_value_bil <= 5; cum_value_bil <= 15,17,6,4,7,35.29,17.31,-0.144
opening_width_pct <= 2.5; cum_value_bil <= 8; market_median_change_pct >= -0.5,17,6,4,7,35.29,17.31,-0.144
opening_width_pct <= 2.5; cum_value_bil <= 8; entry_gap_pct >= -1.5,17,6,4,7,35.29,17.31,-0.144
opening_width_pct <= 2.5; distance_from_60d_high_pct <= -8; distance_from_60d_high_pct <= -10,17,6,6,5,35.29,17.31,-0.247
opening_width_pct <= 3.0; entry_gap_pct >= -1.5; distance_from_60d_high_pct <= -10,17,6,6,5,35.29,17.31,-0.247
entry_vs_opening_high_pct >= -0.8; entry_vs_opening_high_pct >= -0.5; entry_vs_opening_high_pct >= -0.2,17,6,8,3,35.29,17.31,-0.433
entry_vs_opening_high_pct >= -0.8; volume_ratio >= 2.0; market_median_change_pct >= 0,17,6,5,6,35.29,17.31,-0.258
entry_vs_opening_high_pct >= -0.8; cum_value_bil <= 5; market_median_change_pct >= -0.5,17,6,5,6,35.29,17.31,-0.197
entry_vs_opening_high_pct >= -0.5; signal_close_vs_vwap_pct >= 0.3; entry_gap_pct >= -0.5,17,6,9,2,35.29,17.31,-0.501
entry_vs_opening_high_pct >= -0.5; cum_value_bil <= 15; market_median_change_pct >= 0,17,6,7,4,35.29,17.31,-0.368
cum_value_bil <= 15; market_median_change_pct >= 0; distance_from_60d_high_pct <= -8,17,6,6,5,35.29,17.31,-0.247
market_median_change_pct >= 0; entry_gap_pct >= -1.5; distance_from_60d_high_pct <= -10,17,6,6,5,35.29,17.31,-0.247
entry_vs_opening_high_pct >= -0.8,37,13,17,7,35.14,21.83,-0.384
entry_gap_pct >= -1.5,40,14,18,8,35.0,22.13,-0.377
signal_hhmm <= 930; cum_value_bil <= 15,20,7,9,4,35.0,18.12,-0.377
opening_width_pct <= 2.5; cum_value_bil <= 10,20,7,6,7,35.0,18.12,-0.213
opening_width_pct <= 2.5; cum_value_bil <= 15,20,7,6,7,35.0,18.12,-0.213
cum_value_bil <= 5; entry_gap_pct >= -1,20,7,6,7,35.0,18.12,-0.213
entry_gap_pct >= -0.5; distance_from_60d_high_pct <= -8,20,7,9,4,35.0,18.12,-0.393
signal_hhmm <= 930; signal_hhmm <= 935; cum_value_bil <= 15,20,7,9,4,35.0,18.12,-0.377
signal_hhmm <= 930; signal_hhmm <= 940; cum_value_bil <= 15,20,7,9,4,35.0,18.12,-0.377
signal_hhmm <= 930; entry_vs_opening_high_pct >= -0.8; distance_from_60d_high_pct <= -8,20,7,11,2,35.0,18.12,-0.464
signal_hhmm <= 930; entry_gap_pct >= -1.5; distance_from_60d_high_pct <= -8,20,7,11,2,35.0,18.12,-0.464
signal_hhmm <= 930; entry_gap_pct >= -1; distance_from_60d_high_pct <= -8,20,7,11,2,35.0,18.12,-0.464
signal_hhmm <= 935; signal_close_vs_vwap_pct >= 0.3; market_median_change_pct >= 0,20,7,12,1,35.0,18.12,-0.513
signal_hhmm <= 940; opening_width_pct <= 2.5; distance_from_60d_high_pct <= -8,20,7,8,5,35.0,18.12,-0.3
signal_hhmm <= 940; opening_width_pct <= 3.0; cum_value_bil <= 5,20,7,6,7,35.0,18.12,-0.213
signal_hhmm <= 940; cum_value_bil <= 5; entry_gap_pct >= -1.5,20,7,6,7,35.0,18.12,-0.213
signal_hhmm <= 940; cum_value_bil <= 5; entry_gap_pct >= -1,20,7,6,7,35.0,18.12,-0.213
opening_width_pct <= 2.5; opening_width_pct <= 3.0; cum_value_bil <= 10,20,7,6,7,35.0,18.12,-0.213
opening_width_pct <= 2.5; opening_width_pct <= 3.0; cum_value_bil <= 15,20,7,6,7,35.0,18.12,-0.213
opening_width_pct <= 2.5; cum_value_bil <= 10; cum_value_bil <= 15,20,7,6,7,35.0,18.12,-0.213
signal_close_vs_vwap_pct >= 0.3; cum_value_bil <= 15; market_median_change_pct >= 0,20,7,10,3,35.0,18.12,-0.406
signal_close_vs_vwap_pct >= 0.3; market_median_change_pct >= -0.5; entry_gap_pct >= -0.5,20,7,11,2,35.0,18.12,-0.516
cum_value_bil <= 5; cum_value_bil <= 8; entry_gap_pct >= -1,20,7,6,7,35.0,18.12,-0.213
cum_value_bil <= 5; cum_value_bil <= 10; entry_gap_pct >= -1,20,7,6,7,35.0,18.12,-0.213
cum_value_bil <= 5; cum_value_bil <= 15; entry_gap_pct >= -1,20,7,6,7,35.0,18.12,-0.213
cum_value_bil <= 5; entry_gap_pct >= -1.5; entry_gap_pct >= -1,20,7,6,7,35.0,18.12,-0.213
entry_gap_pct >= -1.5; entry_gap_pct >= -0.5; distance_from_60d_high_pct <= -8,20,7,9,4,35.0,18.12,-0.393
entry_gap_pct >= -1; entry_gap_pct >= -0.5; distance_from_60d_high_pct <= -8,20,7,9,4,35.0,18.12,-0.393
signal_hhmm <= 935; opening_width_pct <= 2.5,23,8,11,4,34.78,18.81,-0.406
signal_hhmm <= 935; signal_hhmm <= 940; opening_width_pct <= 2.5,23,8,11,4,34.78,18.81,-0.406
signal_hhmm <= 935; opening_width_pct <= 2.5; opening_width_pct <= 3.0,23,8,11,4,34.78,18.81,-0.406
signal_hhmm <= 935; entry_vs_opening_high_pct >= -0.8; market_median_change_pct >= 0,23,8,12,3,34.78,18.81,-0.445
signal_hhmm <= 940; opening_width_pct <= 3.0; entry_vs_opening_high_pct >= -0.5,23,8,11,4,34.78,18.81,-0.429
signal_hhmm <= 940; entry_vs_opening_high_pct >= -0.5; market_median_change_pct >= 0,23,8,11,4,34.78,18.81,-0.429
signal_hhmm <= 940; cum_value_bil <= 10; market_median_change_pct >= 0,23,8,8,7,34.78,18.81,-0.263
opening_width_pct <= 3.0; cum_value_bil <= 8; entry_gap_pct >= -1.5,23,8,8,7,34.78,18.81,-0.263
entry_vs_opening_high_pct >= -0.8; cum_value_bil <= 15; market_median_change_pct >= -0.5,23,8,9,6,34.78,18.81,-0.302
market_median_change_pct >= 0; entry_gap_pct >= -1; distance_from_60d_high_pct <= -8,23,8,9,6,34.78,18.81,-0.328
opening_width_pct <= 3.0; entry_vs_opening_high_pct >= -0.5,26,9,12,5,34.62,19.41,-0.438
entry_vs_opening_high_pct >= -0.5; market_median_change_pct >= -0.5,26,9,12,5,34.62,19.41,-0.438
signal_hhmm <= 935; market_median_change_pct >= -0.5; entry_gap_pct >= -1.5,26,9,13,4,34.62,19.41,-0.428
signal_hhmm <= 935; market_median_change_pct >= -0.5; entry_gap_pct >= -1,26,9,13,4,34.62,19.41,-0.428
opening_width_pct <= 3.0; entry_vs_opening_high_pct >= -0.8; entry_vs_opening_high_pct >= -0.5,26,9,12,5,34.62,19.41,-0.438
opening_width_pct <= 3.0; signal_close_vs_vwap_pct >= 0.3; market_median_change_pct >= -0.5,26,9,13,4,34.62,19.41,-0.441
entry_vs_opening_high_pct >= -0.8; entry_vs_opening_high_pct >= -0.5; market_median_change_pct >= -0.5,26,9,12,5,34.62,19.41,-0.438
entry_vs_opening_high_pct >= -0.8; signal_close_vs_vwap_pct >= 0.3; market_median_change_pct >= -0.5,26,9,13,4,34.62,19.41,-0.441
entry_vs_opening_high_pct >= -0.8; cum_value_bil <= 15; entry_gap_pct >= -1.5,26,9,11,6,34.62,19.41,-0.337
entry_vs_opening_high_pct >= -0.5; market_median_change_pct >= -0.5; entry_gap_pct >= -1.5,26,9,12,5,34.62,19.41,-0.438
signal_close_vs_vwap_pct >= 0.3; market_median_change_pct >= 0; entry_gap_pct >= -1,26,9,13,4,34.62,19.41,-0.441
cum_value_bil <= 15; market_median_change_pct >= -0.5; entry_gap_pct >= -1.5,26,9,10,7,34.62,19.41,-0.302
signal_hhmm <= 940; entry_vs_opening_high_pct >= -0.8; market_median_change_pct >= -0.5,29,10,13,6,34.48,19.94,-0.364
opening_width_pct <= 3.0; signal_close_vs_vwap_pct >= 0.3; entry_gap_pct >= -1.5,29,10,15,4,34.48,19.94,-0.457
entry_vs_opening_high_pct >= -0.8; entry_gap_pct >= -1.5; distance_from_60d_high_pct <= -8,29,10,13,6,34.48,19.94,-0.384
market_median_change_pct >= -0.5; entry_gap_pct >= -1.5,35,12,15,8,34.29,20.83,-0.371
signal_hhmm <= 940; entry_gap_pct >= -1.5,36,12,17,7,33.33,20.21,-0.41
signal_hhmm <= 940; entry_gap_pct >= -1,36,12,17,7,33.33,20.21,-0.41
signal_hhmm <= 940; entry_gap_pct >= -1.5; entry_gap_pct >= -1,36,12,17,7,33.33,20.21,-0.41
opening_width_pct <= 3.0; entry_vs_opening_high_pct >= -0.8,33,11,15,7,33.33,19.75,-0.412
opening_width_pct <= 3.0; market_median_change_pct >= -0.5,33,11,14,8,33.33,19.75,-0.385
signal_hhmm <= 940; entry_vs_opening_high_pct >= -0.8; entry_gap_pct >= -1.5,33,11,16,6,33.33,19.75,-0.42
signal_hhmm <= 940; entry_vs_opening_high_pct >= -0.8; entry_gap_pct >= -1,33,11,16,6,33.33,19.75,-0.42
signal_hhmm <= 940; opening_width_pct <= 3.0; entry_vs_opening_high_pct >= -0.8,30,10,14,6,33.33,19.23,-0.402
signal_hhmm <= 940; opening_width_pct <= 3.0; market_median_change_pct >= -0.5,30,10,13,7,33.33,19.23,-0.372
signal_close_vs_vwap_pct >= 0.3; market_median_change_pct >= 0; entry_gap_pct >= -1.5,27,9,14,4,33.33,18.64,-0.48
signal_hhmm <= 930; opening_width_pct <= 3.0,24,8,12,4,33.33,17.97,-0.452
cum_value_bil <= 10; market_median_change_pct >= 0,24,8,9,7,33.33,17.97,-0.315
market_median_change_pct >= -0.5; entry_gap_pct >= -0.5,24,8,12,4,33.33,17.97,-0.465
signal_hhmm <= 930; signal_hhmm <= 935; opening_width_pct <= 3.0,24,8,12,4,33.33,17.97,-0.452
signal_hhmm <= 930; signal_hhmm <= 940; opening_width_pct <= 3.0,24,8,12,4,33.33,17.97,-0.452
signal_hhmm <= 940; cum_value_bil <= 15; market_median_change_pct >= 0,24,8,9,7,33.33,17.97,-0.315
opening_width_pct <= 3.0; entry_vs_opening_high_pct >= -0.5; entry_gap_pct >= -1,24,8,11,5,33.33,17.97,-0.462
opening_width_pct <= 3.0; cum_value_bil <= 10; market_median_change_pct >= -0.5,24,8,9,7,33.33,17.97,-0.315
opening_width_pct <= 3.0; cum_value_bil <= 10; entry_gap_pct >= -1,24,8,9,7,33.33,17.97,-0.315
opening_width_pct <= 3.0; cum_value_bil <= 15; market_median_change_pct >= -0.5,24,8,9,7,33.33,17.97,-0.315
opening_width_pct <= 3.0; cum_value_bil <= 15; entry_gap_pct >= -1,24,8,9,7,33.33,17.97,-0.315
entry_vs_opening_high_pct >= -0.8; market_median_change_pct >= 0; distance_from_60d_high_pct <= -8,24,8,10,6,33.33,17.97,-0.376
entry_vs_opening_high_pct >= -0.5; market_median_change_pct >= 0; entry_gap_pct >= -1,24,8,11,5,33.33,17.97,-0.462
cum_value_bil <= 10; cum_value_bil <= 15; market_median_change_pct >= 0,24,8,9,7,33.33,17.97,-0.315
cum_value_bil <= 10; market_median_change_pct >= -0.5; market_median_change_pct >= 0,24,8,9,7,33.33,17.97,-0.315
market_median_change_pct >= -0.5; entry_gap_pct >= -1.5; entry_gap_pct >= -0.5,24,8,12,4,33.33,17.97,-0.465
market_median_change_pct >= -0.5; entry_gap_pct >= -1; entry_gap_pct >= -0.5,24,8,12,4,33.33,17.97,-0.465
market_median_change_pct >= 0; entry_gap_pct >= -1.5; distance_from_60d_high_pct <= -8,24,8,10,6,33.33,17.97,-0.376
cum_value_bil <= 5; entry_gap_pct >= -1.5,21,7,7,7,33.33,17.19,-0.274
signal_hhmm <= 930; opening_width_pct <= 3.0; entry_vs_opening_high_pct >= -0.8,21,7,11,3,33.33,17.19,-0.473
signal_hhmm <= 930; opening_width_pct <= 3.0; market_median_change_pct >= -0.5,21,7,10,4,33.33,17.19,-0.43
signal_hhmm <= 935; opening_width_pct <= 2.5; entry_vs_opening_high_pct >= -0.8,21,7,11,3,33.33,17.19,-0.473
signal_hhmm <= 935; opening_width_pct <= 2.5; market_median_change_pct >= -0.5,21,7,10,4,33.33,17.19,-0.43
opening_width_pct <= 3.0; cum_value_bil <= 8; market_median_change_pct >= -0.5,21,7,7,7,33.33,17.19,-0.274
entry_vs_opening_high_pct >= -0.8; cum_value_bil <= 10; market_median_change_pct >= 0,21,7,8,6,33.33,17.19,-0.317
cum_value_bil <= 5; cum_value_bil <= 8; entry_gap_pct >= -1.5,21,7,7,7,33.33,17.19,-0.274
cum_value_bil <= 5; cum_value_bil <= 10; entry_gap_pct >= -1.5,21,7,7,7,33.33,17.19,-0.274
cum_value_bil <= 5; cum_value_bil <= 15; entry_gap_pct >= -1.5,21,7,7,7,33.33,17.19,-0.274
signal_hhmm <= 930; opening_width_pct <= 2.5; market_median_change_pct >= -0.5,18,6,8,4,33.33,16.28,-0.402
signal_hhmm <= 930; cum_value_bil <= 10; entry_gap_pct >= -1.5,18,6,8,4,33.33,16.28,-0.402
signal_hhmm <= 930; cum_value_bil <= 10; entry_gap_pct >= -1,18,6,8,4,33.33,16.28,-0.402
signal_hhmm <= 935; opening_width_pct <= 2.5; entry_vs_opening_high_pct >= -0.5,18,6,10,2,33.33,16.28,-0.524
signal_hhmm <= 935; cum_value_bil <= 15; market_median_change_pct >= 0,18,6,8,4,33.33,16.28,-0.402
signal_hhmm <= 935; market_median_change_pct >= -0.5; entry_gap_pct >= -0.5,18,6,11,1,33.33,16.28,-0.528
signal_hhmm <= 940; entry_vs_opening_high_pct >= -0.5; entry_gap_pct >= -0.5,18,6,10,2,33.33,16.28,-0.507
signal_hhmm <= 940; cum_value_bil <= 5; market_median_change_pct >= -0.5,18,6,5,7,33.33,16.28,-0.22
signal_hhmm <= 940; cum_value_bil <= 15; entry_gap_pct >= -0.5,18,6,9,3,33.33,16.28,-0.435
opening_width_pct <= 2.5; entry_vs_opening_high_pct >= -0.8; cum_value_bil <= 10,18,6,6,6,33.33,16.28,-0.27
opening_width_pct <= 2.5; entry_vs_opening_high_pct >= -0.8; cum_value_bil <= 15,18,6,6,6,33.33,16.28,-0.27
opening_width_pct <= 2.5; cum_value_bil <= 10; entry_gap_pct >= -1,18,6,5,7,33.33,16.28,-0.22
opening_width_pct <= 2.5; cum_value_bil <= 15; entry_gap_pct >= -1,18,6,5,7,33.33,16.28,-0.22
entry_vs_opening_high_pct >= -0.8; cum_value_bil <= 8; market_median_change_pct >= 0,18,6,6,6,33.33,16.28,-0.27
market_median_change_pct >= 0.3,15,5,7,3,33.33,15.18,-0.422
signal_hhmm <= 925; opening_width_pct <= 2.5,15,5,7,3,33.33,15.18,-0.422
signal_hhmm <= 940; market_median_change_pct >= 0.3,15,5,7,3,33.33,15.18,-0.422
opening_width_pct <= 2.5; signal_close_vs_vwap_pct >= 0.5,15,5,8,2,33.33,15.18,-0.436
opening_width_pct <= 3.0; entry_vs_opening_high_pct >= -0.2,15,5,7,3,33.33,15.18,-0.471
entry_vs_opening_high_pct >= -0.2; market_median_change_pct >= -0.5,15,5,7,3,33.33,15.18,-0.471
entry_vs_opening_high_pct >= -0.2; market_median_change_pct >= 0,15,5,7,3,33.33,15.18,-0.471
entry_vs_opening_high_pct >= -0.2; entry_gap_pct >= -1,15,5,7,3,33.33,15.18,-0.471
entry_vs_opening_high_pct >= -0.2; distance_from_60d_high_pct <= -8,15,5,7,3,33.33,15.18,-0.471
market_median_change_pct >= -0.5; market_median_change_pct >= 0.3,15,5,7,3,33.33,15.18,-0.422
market_median_change_pct >= 0; market_median_change_pct >= 0.3,15,5,7,3,33.33,15.18,-0.422
signal_hhmm <= 925; signal_hhmm <= 930; opening_width_pct <= 2.5,15,5,7,3,33.33,15.18,-0.422
signal_hhmm <= 925; signal_hhmm <= 935; opening_width_pct <= 2.5,15,5,7,3,33.33,15.18,-0.422
signal_hhmm <= 925; signal_hhmm <= 940; opening_width_pct <= 2.5,15,5,7,3,33.33,15.18,-0.422
signal_hhmm <= 925; opening_width_pct <= 2.5; opening_width_pct <= 3.0,15,5,7,3,33.33,15.18,-0.422
signal_hhmm <= 925; opening_width_pct <= 2.5; entry_gap_pct >= -1.5,15,5,7,3,33.33,15.18,-0.422
signal_hhmm <= 925; opening_width_pct <= 2.5; entry_gap_pct >= -1,15,5,7,3,33.33,15.18,-0.422
signal_hhmm <= 925; entry_vs_opening_high_pct >= -0.8; market_median_change_pct >= -0.5,15,5,7,3,33.33,15.18,-0.422
signal_hhmm <= 925; entry_vs_opening_high_pct >= -0.8; distance_from_60d_high_pct <= -8,15,5,8,2,33.33,15.18,-0.479
signal_hhmm <= 930; opening_width_pct <= 3.0; entry_vs_opening_high_pct >= -0.5,15,5,8,2,33.33,15.18,-0.509
signal_hhmm <= 930; entry_vs_opening_high_pct >= -0.5; signal_close_vs_vwap_pct >= 0.3,15,5,9,1,33.33,15.18,-0.544
signal_hhmm <= 930; entry_vs_opening_high_pct >= -0.5; market_median_change_pct >= -0.5,15,5,8,2,33.33,15.18,-0.509
signal_hhmm <= 930; signal_close_vs_vwap_pct >= 0.3; cum_value_bil <= 15,15,5,9,1,33.33,15.18,-0.544
signal_hhmm <= 930; signal_close_vs_vwap_pct >= 0.5; distance_from_60d_high_pct <= -8,15,5,10,0,33.33,15.18,-0.6
signal_hhmm <= 930; market_median_change_pct >= 0; distance_from_60d_high_pct <= -8,15,5,8,2,33.33,15.18,-0.479
signal_hhmm <= 940; opening_width_pct <= 2.5; signal_close_vs_vwap_pct >= 0.5,15,5,8,2,33.33,15.18,-0.436
signal_hhmm <= 940; cum_value_bil <= 8; entry_gap_pct >= -0.5,15,5,7,3,33.33,15.18,-0.402
signal_hhmm <= 940; market_median_change_pct >= -0.5; market_median_change_pct >= 0.3,15,5,7,3,33.33,15.18,-0.422
signal_hhmm <= 940; market_median_change_pct >= 0; market_median_change_pct >= 0.3,15,5,7,3,33.33,15.18,-0.422
opening_width_pct <= 2.5; opening_width_pct <= 3.0; signal_close_vs_vwap_pct >= 0.5,15,5,8,2,33.33,15.18,-0.436
opening_width_pct <= 2.5; entry_vs_opening_high_pct >= -0.8; signal_close_vs_vwap_pct >= 0.5,15,5,8,2,33.33,15.18,-0.436
opening_width_pct <= 2.5; signal_close_vs_vwap_pct >= 0.3; signal_close_vs_vwap_pct >= 0.5,15,5,8,2,33.33,15.18,-0.436
opening_width_pct <= 2.5; signal_close_vs_vwap_pct >= 0.5; entry_gap_pct >= -1.5,15,5,8,2,33.33,15.18,-0.436
opening_width_pct <= 2.5; signal_close_vs_vwap_pct >= 0.5; entry_gap_pct >= -1,15,5,8,2,33.33,15.18,-0.436
opening_width_pct <= 2.5; cum_value_bil <= 5; entry_gap_pct >= -1,15,5,3,7,33.33,15.18,-0.143
opening_width_pct <= 2.5; market_median_change_pct >= -0.5; distance_from_60d_high_pct <= -10,15,5,5,5,33.33,15.18,-0.26
opening_width_pct <= 2.5; entry_gap_pct >= -1; distance_from_60d_high_pct <= -10,15,5,5,5,33.33,15.18,-0.26
opening_width_pct <= 3.0; entry_vs_opening_high_pct >= -0.8; entry_vs_opening_high_pct >= -0.2,15,5,7,3,33.33,15.18,-0.471
opening_width_pct <= 3.0; entry_vs_opening_high_pct >= -0.5; entry_vs_opening_high_pct >= -0.2,15,5,7,3,33.33,15.18,-0.471
opening_width_pct <= 3.0; volume_ratio >= 2.0; market_median_change_pct >= 0,15,5,4,6,33.33,15.18,-0.272
opening_width_pct <= 3.0; market_median_change_pct >= 0; distance_from_60d_high_pct <= -10,15,5,5,5,33.33,15.18,-0.26
entry_vs_opening_high_pct >= -0.8; entry_vs_opening_high_pct >= -0.2; market_median_change_pct >= -0.5,15,5,7,3,33.33,15.18,-0.471
entry_vs_opening_high_pct >= -0.8; entry_vs_opening_high_pct >= -0.2; market_median_change_pct >= 0,15,5,7,3,33.33,15.18,-0.471
entry_vs_opening_high_pct >= -0.8; entry_vs_opening_high_pct >= -0.2; entry_gap_pct >= -1,15,5,7,3,33.33,15.18,-0.471
entry_vs_opening_high_pct >= -0.8; entry_vs_opening_high_pct >= -0.2; distance_from_60d_high_pct <= -8,15,5,7,3,33.33,15.18,-0.471
entry_vs_opening_high_pct >= -0.8; cum_value_bil <= 10; entry_gap_pct >= -0.5,15,5,7,3,33.33,15.18,-0.402
entry_vs_opening_high_pct >= -0.5; entry_vs_opening_high_pct >= -0.2; market_median_change_pct >= -0.5,15,5,7,3,33.33,15.18,-0.471
entry_vs_opening_high_pct >= -0.5; entry_vs_opening_high_pct >= -0.2; market_median_change_pct >= 0,15,5,7,3,33.33,15.18,-0.471
entry_vs_opening_high_pct >= -0.5; entry_vs_opening_high_pct >= -0.2; entry_gap_pct >= -1,15,5,7,3,33.33,15.18,-0.471
entry_vs_opening_high_pct >= -0.5; entry_vs_opening_high_pct >= -0.2; distance_from_60d_high_pct <= -8,15,5,7,3,33.33,15.18,-0.471
entry_vs_opening_high_pct >= -0.2; signal_close_vs_vwap_pct >= 0.3; entry_gap_pct >= -1.5,15,5,8,2,33.33,15.18,-0.548
entry_vs_opening_high_pct >= -0.2; market_median_change_pct >= -0.5; market_median_change_pct >= 0,15,5,7,3,33.33,15.18,-0.471
entry_vs_opening_high_pct >= -0.2; market_median_change_pct >= -0.5; entry_gap_pct >= -1.5,15,5,7,3,33.33,15.18,-0.471
entry_vs_opening_high_pct >= -0.2; market_median_change_pct >= 0; entry_gap_pct >= -1.5,15,5,7,3,33.33,15.18,-0.471
entry_vs_opening_high_pct >= -0.2; entry_gap_pct >= -1.5; entry_gap_pct >= -1,15,5,7,3,33.33,15.18,-0.471
signal_close_vs_vwap_pct >= 0.3; cum_value_bil <= 8; market_median_change_pct >= 0,15,5,7,3,33.33,15.18,-0.402
signal_close_vs_vwap_pct >= 0.5; market_median_change_pct >= -0.5; entry_gap_pct >= -0.5,15,5,10,0,33.33,15.18,-0.6
signal_close_vs_vwap_pct >= 0.5; market_median_change_pct >= 0; entry_gap_pct >= -0.5,15,5,10,0,33.33,15.18,-0.6
market_median_change_pct >= -0.5; market_median_change_pct >= 0; market_median_change_pct >= 0.3,15,5,7,3,33.33,15.18,-0.422
entry_vs_opening_high_pct >= 0,12,4,6,2,33.33,13.81,-0.535
entry_vs_opening_high_pct >= -0.8; entry_vs_opening_high_pct >= 0,12,4,6,2,33.33,13.81,-0.535
entry_vs_opening_high_pct >= -0.5; entry_vs_opening_high_pct >= 0,12,4,6,2,33.33,13.81,-0.535
entry_vs_opening_high_pct >= -0.2; entry_vs_opening_high_pct >= 0,12,4,6,2,33.33,13.81,-0.535
entry_vs_opening_high_pct >= 0; signal_close_vs_vwap_pct >= 0.3,12,4,6,2,33.33,13.81,-0.535
signal_hhmm <= 925; opening_width_pct <= 2.5; entry_vs_opening_high_pct >= -0.5,12,4,6,2,33.33,13.81,-0.486
signal_hhmm <= 925; opening_width_pct <= 2.5; signal_close_vs_vwap_pct >= 0.3,12,4,7,1,33.33,13.81,-0.53
signal_hhmm <= 925; entry_vs_opening_high_pct >= -0.8; cum_value_bil <= 10,12,4,5,3,33.33,13.81,-0.378
signal_hhmm <= 925; entry_vs_opening_high_pct >= -0.5; market_median_change_pct >= 0,12,4,6,2,33.33,13.81,-0.486
signal_hhmm <= 925; signal_close_vs_vwap_pct >= 0.3; market_median_change_pct >= 0,12,4,7,1,33.33,13.81,-0.53
signal_hhmm <= 930; entry_vs_opening_high_pct >= -0.5; signal_close_vs_vwap_pct >= 0.5,12,4,7,1,33.33,13.81,-0.53
signal_hhmm <= 930; signal_close_vs_vwap_pct >= 0.5; cum_value_bil <= 10,12,4,7,1,33.33,13.81,-0.53
signal_hhmm <= 930; cum_value_bil <= 5; market_median_change_pct >= -0.5,12,4,4,4,33.33,13.81,-0.303
signal_hhmm <= 930; cum_value_bil <= 8; market_median_change_pct >= 0,12,4,4,4,33.33,13.81,-0.303
signal_hhmm <= 930; cum_value_bil <= 15; entry_gap_pct >= -0.5,12,4,7,1,33.33,13.81,-0.492
signal_hhmm <= 935; opening_width_pct <= 2.0; entry_vs_opening_high_pct >= -0.8,12,4,5,3,33.33,13.81,-0.378
signal_hhmm <= 935; opening_width_pct <= 2.0; market_median_change_pct >= -0.5,12,4,4,4,33.33,13.81,-0.303
signal_hhmm <= 940; opening_width_pct <= 2.5; entry_vs_opening_high_pct >= -0.2,12,4,6,2,33.33,13.81,-0.46
signal_hhmm <= 940; opening_width_pct <= 3.0; entry_vs_opening_high_pct >= -0.2,12,4,6,2,33.33,13.81,-0.46
signal_hhmm <= 940; entry_vs_opening_high_pct >= -0.2; distance_from_60d_high_pct <= -8,12,4,6,2,33.33,13.81,-0.46
opening_width_pct <= 2.5; volume_ratio >= 2.0; market_median_change_pct >= -0.5,12,4,2,6,33.33,13.81,-0.19
opening_width_pct <= 2.5; volume_ratio >= 2.0; distance_from_60d_high_pct <= -8,12,4,3,5,33.33,13.81,-0.261
entry_vs_opening_high_pct >= -0.8; entry_vs_opening_high_pct >= -0.5; entry_vs_opening_high_pct >= 0,12,4,6,2,33.33,13.81,-0.535
entry_vs_opening_high_pct >= -0.8; entry_vs_opening_high_pct >= -0.2; entry_vs_opening_high_pct >= 0,12,4,6,2,33.33,13.81,-0.535
entry_vs_opening_high_pct >= -0.8; entry_vs_opening_high_pct >= 0; signal_close_vs_vwap_pct >= 0.3,12,4,6,2,33.33,13.81,-0.535
entry_vs_opening_high_pct >= -0.5; entry_vs_opening_high_pct >= -0.2; entry_vs_opening_high_pct >= 0,12,4,6,2,33.33,13.81,-0.535
entry_vs_opening_high_pct >= -0.5; entry_vs_opening_high_pct >= 0; signal_close_vs_vwap_pct >= 0.3,12,4,6,2,33.33,13.81,-0.535
entry_vs_opening_high_pct >= -0.5; cum_value_bil <= 5; market_median_change_pct >= 0,12,4,4,4,33.33,13.81,-0.346
entry_vs_opening_high_pct >= -0.2; entry_vs_opening_high_pct >= 0; signal_close_vs_vwap_pct >= 0.3,12,4,6,2,33.33,13.81,-0.535
signal_close_vs_vwap_pct >= 0.3; market_median_change_pct >= 0.3; entry_gap_pct >= -1.5,12,4,7,1,33.33,13.81,-0.53
signal_close_vs_vwap_pct >= 0.3; market_median_change_pct >= 0.3; entry_gap_pct >= -1,12,4,7,1,33.33,13.81,-0.53
signal_close_vs_vwap_pct >= 0.5; cum_value_bil <= 10; entry_gap_pct >= -0.5,12,4,8,0,33.33,13.81,-0.6
cum_value_bil <= 5; market_median_change_pct >= 0; distance_from_60d_high_pct <= -8,12,4,3,5,33.33,13.81,-0.175
market_median_change_pct >= 0; entry_gap_pct >= -0.5; distance_from_60d_high_pct <= -10,12,4,5,3,33.33,13.81,-0.352
signal_hhmm <= 930; entry_vs_opening_high_pct >= -0.2,9,3,6,0,33.33,12.06,-0.6
signal_hhmm <= 940; entry_vs_opening_high_pct >= 0,9,3,5,1,33.33,12.06,-0.543
volume_ratio >= 2.0; entry_gap_pct >= 0,9,3,4,2,33.33,12.06,-0.442
cum_value_bil <= 3; market_median_change_pct >= -0.5,9,3,3,3,33.33,12.06,-0.314
cum_value_bil <= 3; market_median_change_pct >= 0,9,3,3,3,33.33,12.06,-0.314
cum_value_bil <= 3; entry_gap_pct >= -1.5,9,3,3,3,33.33,12.06,-0.314
cum_value_bil <= 3; entry_gap_pct >= -1,9,3,3,3,33.33,12.06,-0.314
market_median_change_pct >= 0.3; entry_gap_pct >= 0,9,3,5,1,33.33,12.06,-0.456
entry_gap_pct >= 0; distance_from_60d_high_pct <= -10,9,3,4,2,33.33,12.06,-0.327
signal_hhmm <= 925; opening_width_pct <= 2.5; signal_close_vs_vwap_pct >= 0.5,9,3,5,1,33.33,12.06,-0.506
signal_hhmm <= 925; opening_width_pct <= 2.5; entry_gap_pct >= -0.5,9,3,5,1,33.33,12.06,-0.456
signal_hhmm <= 925; signal_close_vs_vwap_pct >= 0.5; cum_value_bil <= 15,9,3,5,1,33.33,12.06,-0.506
signal_hhmm <= 925; cum_value_bil <= 10; market_median_change_pct >= 0,9,3,3,3,33.33,12.06,-0.304
signal_hhmm <= 930; signal_hhmm <= 935; entry_vs_opening_high_pct >= -0.2,9,3,6,0,33.33,12.06,-0.6
signal_hhmm <= 930; signal_hhmm <= 940; entry_vs_opening_high_pct >= -0.2,9,3,6,0,33.33,12.06,-0.6
signal_hhmm <= 930; entry_vs_opening_high_pct >= -0.8; entry_vs_opening_high_pct >= -0.2,9,3,6,0,33.33,12.06,-0.6
signal_hhmm <= 930; entry_vs_opening_high_pct >= -0.5; entry_vs_opening_high_pct >= -0.2,9,3,6,0,33.33,12.06,-0.6
signal_hhmm <= 930; entry_vs_opening_high_pct >= -0.5; signal_close_vs_vwap_pct >= 0.8,9,3,6,0,33.33,12.06,-0.6
signal_hhmm <= 930; entry_vs_opening_high_pct >= -0.2; signal_close_vs_vwap_pct >= 0.3,9,3,6,0,33.33,12.06,-0.6
signal_hhmm <= 930; entry_vs_opening_high_pct >= -0.2; entry_gap_pct >= -1.5,9,3,6,0,33.33,12.06,-0.6
signal_hhmm <= 930; entry_vs_opening_high_pct >= -0.2; entry_gap_pct >= -1,9,3,6,0,33.33,12.06,-0.6
signal_hhmm <= 930; entry_vs_opening_high_pct >= -0.2; distance_from_60d_high_pct <= -8,9,3,6,0,33.33,12.06,-0.6
signal_hhmm <= 930; signal_close_vs_vwap_pct >= 0.5; cum_value_bil <= 5,9,3,5,1,33.33,12.06,-0.506
signal_hhmm <= 930; signal_close_vs_vwap_pct >= 0.8; market_median_change_pct >= -0.5,9,3,6,0,33.33,12.06,-0.6
signal_hhmm <= 930; signal_close_vs_vwap_pct >= 0.8; market_median_change_pct >= 0,9,3,6,0,33.33,12.06,-0.6
signal_hhmm <= 930; volume_ratio >= 2.0; market_median_change_pct >= 0,9,3,4,2,33.33,12.06,-0.448
signal_hhmm <= 930; entry_gap_pct >= -0.5; distance_from_60d_high_pct <= -10,9,3,5,1,33.33,12.06,-0.456
signal_hhmm <= 935; opening_width_pct <= 2.0; cum_value_bil <= 10,9,3,2,4,33.33,12.06,-0.204
signal_hhmm <= 935; opening_width_pct <= 2.0; cum_value_bil <= 15,9,3,2,4,33.33,12.06,-0.204
signal_hhmm <= 935; opening_width_pct <= 2.0; distance_from_60d_high_pct <= -8,9,3,4,2,33.33,12.06,-0.398
signal_hhmm <= 935; entry_vs_opening_high_pct >= -0.2; distance_from_60d_high_pct <= -8,9,3,6,0,33.33,12.06,-0.6
signal_hhmm <= 935; signal_close_vs_vwap_pct >= 0.5; market_median_change_pct >= 0.3,9,3,5,1,33.33,12.06,-0.506
signal_hhmm <= 935; cum_value_bil <= 5; entry_gap_pct >= -0.5,9,3,5,1,33.33,12.06,-0.456
signal_hhmm <= 935; cum_value_bil <= 10; market_median_change_pct >= 0.3,9,3,3,3,33.33,12.06,-0.304
signal_hhmm <= 940; entry_vs_opening_high_pct >= -0.8; entry_vs_opening_high_pct >= 0,9,3,5,1,33.33,12.06,-0.543
signal_hhmm <= 940; entry_vs_opening_high_pct >= -0.5; entry_vs_opening_high_pct >= 0,9,3,5,1,33.33,12.06,-0.543
signal_hhmm <= 940; entry_vs_opening_high_pct >= -0.2; entry_vs_opening_high_pct >= 0,9,3,5,1,33.33,12.06,-0.543
signal_hhmm <= 940; entry_vs_opening_high_pct >= 0; signal_close_vs_vwap_pct >= 0.3,9,3,5,1,33.33,12.06,-0.543
signal_hhmm <= 940; entry_vs_opening_high_pct >= 0; entry_gap_pct >= -1.5,9,3,5,1,33.33,12.06,-0.543
signal_hhmm <= 940; entry_vs_opening_high_pct >= 0; entry_gap_pct >= -1,9,3,5,1,33.33,12.06,-0.543
signal_hhmm <= 940; cum_value_bil <= 3; market_median_change_pct >= -0.5,9,3,3,3,33.33,12.06,-0.314
signal_hhmm <= 940; cum_value_bil <= 3; market_median_change_pct >= 0,9,3,3,3,33.33,12.06,-0.314
signal_hhmm <= 940; cum_value_bil <= 3; entry_gap_pct >= -1.5,9,3,3,3,33.33,12.06,-0.314
signal_hhmm <= 940; cum_value_bil <= 3; entry_gap_pct >= -1,9,3,3,3,33.33,12.06,-0.314
signal_hhmm <= 940; market_median_change_pct >= 0.3; entry_gap_pct >= 0,9,3,5,1,33.33,12.06,-0.456
signal_hhmm <= 940; entry_gap_pct >= 0; distance_from_60d_high_pct <= -10,9,3,4,2,33.33,12.06,-0.327
opening_width_pct <= 2.5; entry_vs_opening_high_pct >= -0.2; volume_ratio >= 2.0,9,3,3,3,33.33,12.06,-0.385
opening_width_pct <= 2.5; entry_vs_opening_high_pct >= -0.2; distance_from_60d_high_pct <= -10,9,3,4,2,33.33,12.06,-0.414
opening_width_pct <= 2.5; entry_vs_opening_high_pct >= 0; market_median_change_pct >= -0.5,9,3,4,2,33.33,12.06,-0.513
opening_width_pct <= 2.5; entry_vs_opening_high_pct >= 0; market_median_change_pct >= 0,9,3,4,2,33.33,12.06,-0.513
opening_width_pct <= 2.5; entry_vs_opening_high_pct >= 0; entry_gap_pct >= -1,9,3,4,2,33.33,12.06,-0.513
opening_width_pct <= 2.5; cum_value_bil <= 8; entry_gap_pct >= -0.5,9,3,3,3,33.33,12.06,-0.27
opening_width_pct <= 3.0; entry_vs_opening_high_pct >= -0.2; distance_from_60d_high_pct <= -10,9,3,4,2,33.33,12.06,-0.414
opening_width_pct <= 3.0; entry_vs_opening_high_pct >= 0; market_median_change_pct >= -0.5,9,3,4,2,33.33,12.06,-0.513
opening_width_pct <= 3.0; entry_vs_opening_high_pct >= 0; market_median_change_pct >= 0,9,3,4,2,33.33,12.06,-0.513
opening_width_pct <= 3.0; entry_vs_opening_high_pct >= 0; entry_gap_pct >= -1,9,3,4,2,33.33,12.06,-0.513
opening_width_pct <= 3.0; cum_value_bil <= 3; market_median_change_pct >= -0.5,9,3,3,3,33.33,12.06,-0.314
opening_width_pct <= 3.0; cum_value_bil <= 3; market_median_change_pct >= 0,9,3,3,3,33.33,12.06,-0.314
opening_width_pct <= 3.0; cum_value_bil <= 3; entry_gap_pct >= -1.5,9,3,3,3,33.33,12.06,-0.314
opening_width_pct <= 3.0; cum_value_bil <= 3; entry_gap_pct >= -1,9,3,3,3,33.33,12.06,-0.314
opening_width_pct <= 3.0; cum_value_bil <= 10; market_median_change_pct >= 0.3,9,3,3,3,33.33,12.06,-0.304
opening_width_pct <= 3.0; cum_value_bil <= 15; market_median_change_pct >= 0.3,9,3,3,3,33.33,12.06,-0.304
entry_vs_opening_high_pct >= -0.8; volume_ratio >= 2.0; entry_gap_pct >= 0,9,3,4,2,33.33,12.06,-0.442
entry_vs_opening_high_pct >= -0.8; market_median_change_pct >= 0.3; entry_gap_pct >= -0.5,9,3,5,1,33.33,12.06,-0.456
entry_vs_opening_high_pct >= -0.8; entry_gap_pct >= 0; distance_from_60d_high_pct <= -10,9,3,4,2,33.33,12.06,-0.327
entry_vs_opening_high_pct >= -0.5; signal_close_vs_vwap_pct >= 0.5; entry_gap_pct >= 0,9,3,6,0,33.33,12.06,-0.6
entry_vs_opening_high_pct >= -0.5; entry_gap_pct >= 0; distance_from_60d_high_pct <= -8,9,3,4,2,33.33,12.06,-0.442
entry_vs_opening_high_pct >= 0; volume_ratio >= 2.0; entry_gap_pct >= -1.5,9,3,4,2,33.33,12.06,-0.513
entry_vs_opening_high_pct >= 0; volume_ratio >= 2.0; entry_gap_pct >= -1,9,3,4,2,33.33,12.06,-0.513
entry_vs_opening_high_pct >= 0; volume_ratio >= 2.0; distance_from_60d_high_pct <= -8,9,3,4,2,33.33,12.06,-0.513
entry_vs_opening_high_pct >= 0; market_median_change_pct >= -0.5; entry_gap_pct >= -1,9,3,4,2,33.33,12.06,-0.513
entry_vs_opening_high_pct >= 0; market_median_change_pct >= 0; entry_gap_pct >= -1,9,3,4,2,33.33,12.06,-0.513
signal_close_vs_vwap_pct >= 0.3; cum_value_bil <= 5; entry_gap_pct >= -0.5,9,3,5,1,33.33,12.06,-0.543
signal_close_vs_vwap_pct >= 0.3; market_median_change_pct >= 0.3; entry_gap_pct >= -0.5,9,3,6,0,33.33,12.06,-0.6
signal_close_vs_vwap_pct >= 0.5; entry_gap_pct >= 0; distance_from_60d_high_pct <= -8,9,3,6,0,33.33,12.06,-0.6
volume_ratio >= 2.0; entry_gap_pct >= -1.5; entry_gap_pct >= 0,9,3,4,2,33.33,12.06,-0.442
volume_ratio >= 2.0; entry_gap_pct >= -1; entry_gap_pct >= 0,9,3,4,2,33.33,12.06,-0.442
volume_ratio >= 2.0; entry_gap_pct >= -0.5; entry_gap_pct >= 0,9,3,4,2,33.33,12.06,-0.442
cum_value_bil <= 3; cum_value_bil <= 5; market_median_change_pct >= -0.5,9,3,3,3,33.33,12.06,-0.314
cum_value_bil <= 3; cum_value_bil <= 5; market_median_change_pct >= 0,9,3,3,3,33.33,12.06,-0.314
cum_value_bil <= 3; cum_value_bil <= 5; entry_gap_pct >= -1.5,9,3,3,3,33.33,12.06,-0.314
cum_value_bil <= 3; cum_value_bil <= 5; entry_gap_pct >= -1,9,3,3,3,33.33,12.06,-0.314
cum_value_bil <= 3; cum_value_bil <= 8; market_median_change_pct >= -0.5,9,3,3,3,33.33,12.06,-0.314
cum_value_bil <= 3; cum_value_bil <= 8; market_median_change_pct >= 0,9,3,3,3,33.33,12.06,-0.314
cum_value_bil <= 3; cum_value_bil <= 8; entry_gap_pct >= -1.5,9,3,3,3,33.33,12.06,-0.314
cum_value_bil <= 3; cum_value_bil <= 8; entry_gap_pct >= -1,9,3,3,3,33.33,12.06,-0.314
cum_value_bil <= 3; cum_value_bil <= 10; market_median_change_pct >= -0.5,9,3,3,3,33.33,12.06,-0.314
cum_value_bil <= 3; cum_value_bil <= 10; market_median_change_pct >= 0,9,3,3,3,33.33,12.06,-0.314
cum_value_bil <= 3; cum_value_bil <= 10; entry_gap_pct >= -1.5,9,3,3,3,33.33,12.06,-0.314
cum_value_bil <= 3; cum_value_bil <= 10; entry_gap_pct >= -1,9,3,3,3,33.33,12.06,-0.314
cum_value_bil <= 3; cum_value_bil <= 15; market_median_change_pct >= -0.5,9,3,3,3,33.33,12.06,-0.314
cum_value_bil <= 3; cum_value_bil <= 15; market_median_change_pct >= 0,9,3,3,3,33.33,12.06,-0.314
cum_value_bil <= 3; cum_value_bil <= 15; entry_gap_pct >= -1.5,9,3,3,3,33.33,12.06,-0.314
cum_value_bil <= 3; cum_value_bil <= 15; entry_gap_pct >= -1,9,3,3,3,33.33,12.06,-0.314
cum_value_bil <= 3; market_median_change_pct >= -0.5; market_median_change_pct >= 0,9,3,3,3,33.33,12.06,-0.314
cum_value_bil <= 3; entry_gap_pct >= -1.5; entry_gap_pct >= -1,9,3,3,3,33.33,12.06,-0.314
cum_value_bil <= 15; entry_gap_pct >= 0; distance_from_60d_high_pct <= -8,9,3,4,2,33.33,12.06,-0.327
market_median_change_pct >= -0.5; market_median_change_pct >= 0.3; entry_gap_pct >= 0,9,3,5,1,33.33,12.06,-0.456
market_median_change_pct >= -0.5; entry_gap_pct >= 0; distance_from_60d_high_pct <= -10,9,3,4,2,33.33,12.06,-0.327
market_median_change_pct >= 0; market_median_change_pct >= 0.3; entry_gap_pct >= 0,9,3,5,1,33.33,12.06,-0.456
market_median_change_pct >= 0; entry_gap_pct >= 0; distance_from_60d_high_pct <= -10,9,3,4,2,33.33,12.06,-0.327
market_median_change_pct >= 0.3; entry_gap_pct >= -1.5; entry_gap_pct >= 0,9,3,5,1,33.33,12.06,-0.456
market_median_change_pct >= 0.3; entry_gap_pct >= -1; entry_gap_pct >= 0,9,3,5,1,33.33,12.06,-0.456
market_median_change_pct >= 0.3; entry_gap_pct >= -0.5; entry_gap_pct >= 0,9,3,5,1,33.33,12.06,-0.456
entry_gap_pct >= -1.5; entry_gap_pct >= 0; distance_from_60d_high_pct <= -10,9,3,4,2,33.33,12.06,-0.327
entry_gap_pct >= -1; entry_gap_pct >= 0; distance_from_60d_high_pct <= -10,9,3,4,2,33.33,12.06,-0.327
entry_gap_pct >= -0.5; entry_gap_pct >= 0; distance_from_60d_high_pct <= -10,9,3,4,2,33.33,12.06,-0.327
entry_gap_pct >= 0; distance_from_60d_high_pct <= -8; distance_from_60d_high_pct <= -10,9,3,4,2,33.33,12.06,-0.327
market_median_change_pct >= 0,34,11,15,8,32.35,19.13,-0.417
opening_width_pct <= 3.0; entry_gap_pct >= -1,34,11,15,8,32.35,19.13,-0.417
entry_vs_opening_high_pct >= -0.8; entry_gap_pct >= -1,34,11,16,7,32.35,19.13,-0.444
market_median_change_pct >= -0.5; market_median_change_pct >= 0,34,11,15,8,32.35,19.13,-0.417
opening_width_pct <= 3.0; entry_gap_pct >= -1.5; entry_gap_pct >= -1,34,11,15,8,32.35,19.13,-0.417
entry_vs_opening_high_pct >= -0.8; entry_gap_pct >= -1.5; entry_gap_pct >= -1,34,11,16,7,32.35,19.13,-0.444
signal_hhmm <= 940; market_median_change_pct >= 0,31,10,14,7,32.26,18.57,-0.408
entry_vs_opening_high_pct >= -0.8; market_median_change_pct >= -0.5,31,10,14,7,32.26,18.57,-0.429
signal_hhmm <= 940; market_median_change_pct >= -0.5; market_median_change_pct >= 0,31,10,14,7,32.26,18.57,-0.408
signal_hhmm <= 940; market_median_change_pct >= -0.5; entry_gap_pct >= -1.5,31,10,14,7,32.26,18.57,-0.408
signal_hhmm <= 940; market_median_change_pct >= -0.5; entry_gap_pct >= -1,31,10,14,7,32.26,18.57,-0.408
signal_hhmm <= 940; entry_vs_opening_high_pct >= -0.8; market_median_change_pct >= 0,28,9,13,6,32.14,17.93,-0.42
signal_hhmm <= 935; market_median_change_pct >= 0,25,8,13,4,32.0,17.2,-0.493
entry_vs_opening_high_pct >= -0.5; market_median_change_pct >= 0,25,8,12,5,32.0,17.2,-0.504
cum_value_bil <= 15; market_median_change_pct >= 0,25,8,10,7,32.0,17.2,-0.362
signal_hhmm <= 935; signal_hhmm <= 940; market_median_change_pct >= 0,25,8,13,4,32.0,17.2,-0.493
signal_hhmm <= 935; market_median_change_pct >= -0.5; market_median_change_pct >= 0,25,8,13,4,32.0,17.2,-0.493
opening_width_pct <= 3.0; entry_vs_opening_high_pct >= -0.5; entry_gap_pct >= -1.5,25,8,12,5,32.0,17.2,-0.504
opening_width_pct <= 3.0; signal_close_vs_vwap_pct >= 0.3; market_median_change_pct >= 0,25,8,13,4,32.0,17.2,-0.507
opening_width_pct <= 3.0; cum_value_bil <= 10; entry_gap_pct >= -1.5,25,8,10,7,32.0,17.2,-0.362
opening_width_pct <= 3.0; cum_value_bil <= 15; entry_gap_pct >= -1.5,25,8,10,7,32.0,17.2,-0.362
entry_vs_opening_high_pct >= -0.8; entry_vs_opening_high_pct >= -0.5; market_median_change_pct >= 0,25,8,12,5,32.0,17.2,-0.504
entry_vs_opening_high_pct >= -0.8; signal_close_vs_vwap_pct >= 0.3; market_median_change_pct >= 0,25,8,13,4,32.0,17.2,-0.507
entry_vs_opening_high_pct >= -0.5; market_median_change_pct >= -0.5; market_median_change_pct >= 0,25,8,12,5,32.0,17.2,-0.504
entry_vs_opening_high_pct >= -0.5; market_median_change_pct >= 0; entry_gap_pct >= -1.5,25,8,12,5,32.0,17.2,-0.504
cum_value_bil <= 15; market_median_change_pct >= -0.5; market_median_change_pct >= 0,25,8,10,7,32.0,17.2,-0.362
signal_hhmm <= 930; market_median_change_pct >= -0.5,22,7,11,4,31.82,16.36,-0.479
opening_width_pct <= 2.5; distance_from_60d_high_pct <= -8,22,7,9,6,31.82,16.36,-0.397
signal_close_vs_vwap_pct >= 0.3; entry_gap_pct >= -0.5,22,7,13,2,31.82,16.36,-0.606
signal_hhmm <= 930; signal_hhmm <= 935; market_median_change_pct >= -0.5,22,7,11,4,31.82,16.36,-0.479
signal_hhmm <= 930; signal_hhmm <= 940; market_median_change_pct >= -0.5,22,7,11,4,31.82,16.36,-0.479
signal_hhmm <= 935; opening_width_pct <= 2.5; entry_gap_pct >= -1.5,22,7,11,4,31.82,16.36,-0.479
signal_hhmm <= 935; opening_width_pct <= 2.5; entry_gap_pct >= -1,22,7,11,4,31.82,16.36,-0.479
signal_hhmm <= 940; market_median_change_pct >= -0.5; entry_gap_pct >= -0.5,22,7,12,3,31.82,16.36,-0.506
opening_width_pct <= 2.5; opening_width_pct <= 3.0; distance_from_60d_high_pct <= -8,22,7,9,6,31.82,16.36,-0.397
opening_width_pct <= 3.0; market_median_change_pct >= 0; distance_from_60d_high_pct <= -8,22,7,9,6,31.82,16.36,-0.397
entry_vs_opening_high_pct >= -0.8; cum_value_bil <= 15; market_median_change_pct >= 0,22,7,9,6,31.82,16.36,-0.371
signal_close_vs_vwap_pct >= 0.3; entry_gap_pct >= -1.5; entry_gap_pct >= -0.5,22,7,13,2,31.82,16.36,-0.606
signal_close_vs_vwap_pct >= 0.3; entry_gap_pct >= -1; entry_gap_pct >= -0.5,22,7,13,2,31.82,16.36,-0.606
signal_hhmm <= 925,19,6,10,3,31.58,15.36,-0.507
signal_hhmm <= 925; signal_hhmm <= 930,19,6,10,3,31.58,15.36,-0.507
signal_hhmm <= 925; signal_hhmm <= 935,19,6,10,3,31.58,15.36,-0.507
signal_hhmm <= 925; signal_hhmm <= 940,19,6,10,3,31.58,15.36,-0.507
signal_hhmm <= 925; entry_gap_pct >= -1.5,19,6,10,3,31.58,15.36,-0.507
signal_hhmm <= 925; entry_gap_pct >= -1,19,6,10,3,31.58,15.36,-0.507
signal_hhmm <= 930; opening_width_pct <= 2.5,19,6,9,4,31.58,15.36,-0.46
entry_vs_opening_high_pct >= -0.5; entry_gap_pct >= -0.5,19,6,10,3,31.58,15.36,-0.545
cum_value_bil <= 5; market_median_change_pct >= -0.5,19,6,6,7,31.58,15.36,-0.287
signal_hhmm <= 925; signal_hhmm <= 930; signal_hhmm <= 935,19,6,10,3,31.58,15.36,-0.507
signal_hhmm <= 925; signal_hhmm <= 930; signal_hhmm <= 940,19,6,10,3,31.58,15.36,-0.507
signal_hhmm <= 925; signal_hhmm <= 930; entry_gap_pct >= -1.5,19,6,10,3,31.58,15.36,-0.507
signal_hhmm <= 925; signal_hhmm <= 930; entry_gap_pct >= -1,19,6,10,3,31.58,15.36,-0.507
signal_hhmm <= 925; signal_hhmm <= 935; signal_hhmm <= 940,19,6,10,3,31.58,15.36,-0.507
signal_hhmm <= 925; signal_hhmm <= 935; entry_gap_pct >= -1.5,19,6,10,3,31.58,15.36,-0.507
signal_hhmm <= 925; signal_hhmm <= 935; entry_gap_pct >= -1,19,6,10,3,31.58,15.36,-0.507
signal_hhmm <= 925; signal_hhmm <= 940; entry_gap_pct >= -1.5,19,6,10,3,31.58,15.36,-0.507
signal_hhmm <= 925; signal_hhmm <= 940; entry_gap_pct >= -1,19,6,10,3,31.58,15.36,-0.507
signal_hhmm <= 925; entry_gap_pct >= -1.5; entry_gap_pct >= -1,19,6,10,3,31.58,15.36,-0.507
signal_hhmm <= 930; signal_hhmm <= 935; opening_width_pct <= 2.5,19,6,9,4,31.58,15.36,-0.46
signal_hhmm <= 930; signal_hhmm <= 940; opening_width_pct <= 2.5,19,6,9,4,31.58,15.36,-0.46
signal_hhmm <= 930; opening_width_pct <= 2.5; opening_width_pct <= 3.0,19,6,9,4,31.58,15.36,-0.46
signal_hhmm <= 930; opening_width_pct <= 3.0; signal_close_vs_vwap_pct >= 0.3,19,6,12,1,31.58,15.36,-0.603
signal_hhmm <= 930; entry_vs_opening_high_pct >= -0.8; market_median_change_pct >= -0.5,19,6,10,3,31.58,15.36,-0.507
signal_hhmm <= 930; cum_value_bil <= 15; entry_gap_pct >= -1.5,19,6,9,4,31.58,15.36,-0.46
signal_hhmm <= 930; cum_value_bil <= 15; entry_gap_pct >= -1,19,6,9,4,31.58,15.36,-0.46
signal_hhmm <= 940; opening_width_pct <= 2.5; signal_close_vs_vwap_pct >= 0.3,19,6,10,3,31.58,15.36,-0.491
signal_hhmm <= 940; cum_value_bil <= 8; market_median_change_pct >= 0,19,6,6,7,31.58,15.36,-0.287
opening_width_pct <= 2.5; entry_vs_opening_high_pct >= -0.5; signal_close_vs_vwap_pct >= 0.3,19,6,10,3,31.58,15.36,-0.562
opening_width_pct <= 2.5; cum_value_bil <= 10; market_median_change_pct >= -0.5,19,6,6,7,31.58,15.36,-0.287
opening_width_pct <= 2.5; cum_value_bil <= 10; entry_gap_pct >= -1.5,19,6,6,7,31.58,15.36,-0.287
opening_width_pct <= 2.5; cum_value_bil <= 15; market_median_change_pct >= -0.5,19,6,6,7,31.58,15.36,-0.287
opening_width_pct <= 2.5; cum_value_bil <= 15; entry_gap_pct >= -1.5,19,6,6,7,31.58,15.36,-0.287
opening_width_pct <= 3.0; cum_value_bil <= 5; entry_gap_pct >= -1,19,6,6,7,31.58,15.36,-0.287
entry_vs_opening_high_pct >= -0.8; entry_vs_opening_high_pct >= -0.5; entry_gap_pct >= -0.5,19,6,10,3,31.58,15.36,-0.545
entry_vs_opening_high_pct >= -0.8; entry_gap_pct >= -0.5; distance_from_60d_high_pct <= -8,19,6,9,4,31.58,15.36,-0.477
entry_vs_opening_high_pct >= -0.5; market_median_change_pct >= -0.5; entry_gap_pct >= -0.5,19,6,10,3,31.58,15.36,-0.545
entry_vs_opening_high_pct >= -0.5; entry_gap_pct >= -1.5; entry_gap_pct >= -0.5,19,6,10,3,31.58,15.36,-0.545
entry_vs_opening_high_pct >= -0.5; entry_gap_pct >= -1; entry_gap_pct >= -0.5,19,6,10,3,31.58,15.36,-0.545
cum_value_bil <= 5; cum_value_bil <= 8; market_median_change_pct >= -0.5,19,6,6,7,31.58,15.36,-0.287
cum_value_bil <= 5; cum_value_bil <= 10; market_median_change_pct >= -0.5,19,6,6,7,31.58,15.36,-0.287
cum_value_bil <= 5; cum_value_bil <= 15; market_median_change_pct >= -0.5,19,6,6,7,31.58,15.36,-0.287
opening_width_pct <= 3.0; entry_gap_pct >= -1.5,35,11,16,8,31.43,18.55,-0.448
entry_vs_opening_high_pct >= -0.8; entry_gap_pct >= -1.5,35,11,17,7,31.43,18.55,-0.474
signal_hhmm <= 940; opening_width_pct <= 3.0; entry_gap_pct >= -1.5,32,10,15,7,31.25,17.95,-0.442
signal_hhmm <= 940; opening_width_pct <= 3.0; entry_gap_pct >= -1,32,10,15,7,31.25,17.95,-0.442
signal_hhmm <= 925; signal_close_vs_vwap_pct >= 0.3,16,5,10,1,31.25,14.16,-0.603
signal_hhmm <= 930; entry_vs_opening_high_pct >= -0.5,16,5,9,2,31.25,14.16,-0.571
entry_vs_opening_high_pct >= -0.2; entry_gap_pct >= -1.5,16,5,8,3,31.25,14.16,-0.535
signal_hhmm <= 925; signal_hhmm <= 930; signal_close_vs_vwap_pct >= 0.3,16,5,10,1,31.25,14.16,-0.603
signal_hhmm <= 925; signal_hhmm <= 935; signal_close_vs_vwap_pct >= 0.3,16,5,10,1,31.25,14.16,-0.603
signal_hhmm <= 925; signal_hhmm <= 940; signal_close_vs_vwap_pct >= 0.3,16,5,10,1,31.25,14.16,-0.603
signal_hhmm <= 925; opening_width_pct <= 3.0; entry_vs_opening_high_pct >= -0.8,16,5,8,3,31.25,14.16,-0.49
signal_hhmm <= 925; entry_vs_opening_high_pct >= -0.8; signal_close_vs_vwap_pct >= 0.3,16,5,10,1,31.25,14.16,-0.603
signal_hhmm <= 925; signal_close_vs_vwap_pct >= 0.3; entry_gap_pct >= -1.5,16,5,10,1,31.25,14.16,-0.603
signal_hhmm <= 925; signal_close_vs_vwap_pct >= 0.3; entry_gap_pct >= -1,16,5,10,1,31.25,14.16,-0.603
signal_hhmm <= 930; signal_hhmm <= 935; entry_vs_opening_high_pct >= -0.5,16,5,9,2,31.25,14.16,-0.571
signal_hhmm <= 930; signal_hhmm <= 940; entry_vs_opening_high_pct >= -0.5,16,5,9,2,31.25,14.16,-0.571
signal_hhmm <= 930; opening_width_pct <= 3.0; signal_close_vs_vwap_pct >= 0.5,16,5,10,1,31.25,14.16,-0.603
signal_hhmm <= 930; entry_vs_opening_high_pct >= -0.8; entry_vs_opening_high_pct >= -0.5,16,5,9,2,31.25,14.16,-0.571
signal_hhmm <= 930; entry_vs_opening_high_pct >= -0.5; entry_gap_pct >= -1.5,16,5,9,2,31.25,14.16,-0.571
signal_hhmm <= 930; entry_vs_opening_high_pct >= -0.5; entry_gap_pct >= -1,16,5,9,2,31.25,14.16,-0.571
opening_width_pct <= 2.5; signal_close_vs_vwap_pct >= 0.3; distance_from_60d_high_pct <= -8,16,5,8,3,31.25,14.16,-0.507
opening_width_pct <= 2.5; cum_value_bil <= 5; market_median_change_pct >= -0.5,16,5,4,7,31.25,14.16,-0.228
opening_width_pct <= 2.5; cum_value_bil <= 5; entry_gap_pct >= -1.5,16,5,4,7,31.25,14.16,-0.228
opening_width_pct <= 2.5; entry_gap_pct >= -1.5; distance_from_60d_high_pct <= -10,16,5,6,5,31.25,14.16,-0.337
opening_width_pct <= 3.0; entry_gap_pct >= -0.5; distance_from_60d_high_pct <= -8,16,5,7,4,31.25,14.16,-0.454
entry_vs_opening_high_pct >= -0.8; entry_vs_opening_high_pct >= -0.2; entry_gap_pct >= -1.5,16,5,8,3,31.25,14.16,-0.535
entry_vs_opening_high_pct >= -0.8; signal_close_vs_vwap_pct >= 0.5; entry_gap_pct >= -0.5,16,5,11,0,31.25,14.16,-0.656
entry_vs_opening_high_pct >= -0.8; cum_value_bil <= 5; market_median_change_pct >= 0,16,5,5,6,31.25,14.16,-0.285
entry_vs_opening_high_pct >= -0.8; cum_value_bil <= 15; entry_gap_pct >= -0.5,16,5,8,3,31.25,14.16,-0.471
entry_vs_opening_high_pct >= -0.5; entry_vs_opening_high_pct >= -0.2; entry_gap_pct >= -1.5,16,5,8,3,31.25,14.16,-0.535
market_median_change_pct >= 0; entry_gap_pct >= -0.5; distance_from_60d_high_pct <= -8,16,5,7,4,31.25,14.16,-0.454
entry_vs_opening_high_pct >= -0.8; market_median_change_pct >= -0.5; entry_gap_pct >= -1,29,9,13,7,31.03,17.28,-0.448
signal_hhmm <= 930,26,8,14,4,30.77,16.5,-0.532
entry_gap_pct >= -0.5,26,8,14,4,30.77,16.5,-0.545
signal_hhmm <= 930; signal_hhmm <= 935,26,8,14,4,30.77,16.5,-0.532
signal_hhmm <= 930; signal_hhmm <= 940,26,8,14,4,30.77,16.5,-0.532
signal_hhmm <= 940; opening_width_pct <= 2.5,26,8,11,7,30.77,16.5,-0.406
entry_gap_pct >= -1.5; entry_gap_pct >= -0.5,26,8,14,4,30.77,16.5,-0.545
entry_gap_pct >= -1; entry_gap_pct >= -0.5,26,8,14,4,30.77,16.5,-0.545
signal_hhmm <= 930; signal_hhmm <= 935; signal_hhmm <= 940,26,8,14,4,30.77,16.5,-0.532
signal_hhmm <= 940; opening_width_pct <= 2.5; opening_width_pct <= 3.0,26,8,11,7,30.77,16.5,-0.406
entry_gap_pct >= -1.5; entry_gap_pct >= -1; entry_gap_pct >= -0.5,26,8,14,4,30.77,16.5,-0.545
signal_hhmm <= 925; signal_close_vs_vwap_pct >= 0.5,13,4,8,1,30.77,12.68,-0.604
signal_hhmm <= 925; entry_gap_pct >= -0.5,13,4,8,1,30.77,12.68,-0.57
signal_hhmm <= 935; opening_width_pct <= 2.0,13,4,5,4,30.77,12.68,-0.395
entry_vs_opening_high_pct >= -0.8; market_median_change_pct >= 0.3,13,4,6,3,30.77,12.68,-0.464
signal_hhmm <= 925; signal_hhmm <= 930; signal_close_vs_vwap_pct >= 0.5,13,4,8,1,30.77,12.68,-0.604
signal_hhmm <= 925; signal_hhmm <= 930; entry_gap_pct >= -0.5,13,4,8,1,30.77,12.68,-0.57
signal_hhmm <= 925; signal_hhmm <= 935; signal_close_vs_vwap_pct >= 0.5,13,4,8,1,30.77,12.68,-0.604
signal_hhmm <= 925; signal_hhmm <= 935; entry_gap_pct >= -0.5,13,4,8,1,30.77,12.68,-0.57
signal_hhmm <= 925; signal_hhmm <= 940; signal_close_vs_vwap_pct >= 0.5,13,4,8,1,30.77,12.68,-0.604
signal_hhmm <= 925; signal_hhmm <= 940; entry_gap_pct >= -0.5,13,4,8,1,30.77,12.68,-0.57
signal_hhmm <= 925; opening_width_pct <= 3.0; market_median_change_pct >= 0,13,4,6,3,30.77,12.68,-0.464
signal_hhmm <= 925; entry_vs_opening_high_pct >= -0.8; signal_close_vs_vwap_pct >= 0.5,13,4,8,1,30.77,12.68,-0.604
signal_hhmm <= 925; entry_vs_opening_high_pct >= -0.8; cum_value_bil <= 15,13,4,6,3,30.77,12.68,-0.464
signal_hhmm <= 925; signal_close_vs_vwap_pct >= 0.3; signal_close_vs_vwap_pct >= 0.5,13,4,8,1,30.77,12.68,-0.604
signal_hhmm <= 925; signal_close_vs_vwap_pct >= 0.5; entry_gap_pct >= -1.5,13,4,8,1,30.77,12.68,-0.604
signal_hhmm <= 925; signal_close_vs_vwap_pct >= 0.5; entry_gap_pct >= -1,13,4,8,1,30.77,12.68,-0.604
signal_hhmm <= 925; entry_gap_pct >= -1.5; entry_gap_pct >= -0.5,13,4,8,1,30.77,12.68,-0.57
signal_hhmm <= 925; entry_gap_pct >= -1; entry_gap_pct >= -0.5,13,4,8,1,30.77,12.68,-0.57
signal_hhmm <= 930; signal_close_vs_vwap_pct >= 0.5; cum_value_bil <= 15,13,4,8,1,30.77,12.68,-0.604
signal_hhmm <= 930; cum_value_bil <= 5; entry_gap_pct >= -1.5,13,4,5,4,30.77,12.68,-0.395
signal_hhmm <= 930; cum_value_bil <= 5; entry_gap_pct >= -1,13,4,5,4,30.77,12.68,-0.395
signal_hhmm <= 930; entry_gap_pct >= -0.5; distance_from_60d_high_pct <= -8,13,4,8,1,30.77,12.68,-0.57
signal_hhmm <= 935; signal_hhmm <= 940; opening_width_pct <= 2.0,13,4,5,4,30.77,12.68,-0.395
signal_hhmm <= 935; opening_width_pct <= 2.0; opening_width_pct <= 2.5,13,4,5,4,30.77,12.68,-0.395
signal_hhmm <= 935; opening_width_pct <= 2.0; opening_width_pct <= 3.0,13,4,5,4,30.77,12.68,-0.395
signal_hhmm <= 940; entry_vs_opening_high_pct >= -0.8; market_median_change_pct >= 0.3,13,4,6,3,30.77,12.68,-0.464
opening_width_pct <= 2.5; entry_vs_opening_high_pct >= -0.2; signal_close_vs_vwap_pct >= 0.3,13,4,7,2,30.77,12.68,-0.609
opening_width_pct <= 2.5; entry_vs_opening_high_pct >= -0.2; market_median_change_pct >= -0.5,13,4,6,3,30.77,12.68,-0.52
opening_width_pct <= 2.5; entry_vs_opening_high_pct >= -0.2; market_median_change_pct >= 0,13,4,6,3,30.77,12.68,-0.52
opening_width_pct <= 2.5; entry_vs_opening_high_pct >= -0.2; entry_gap_pct >= -1,13,4,6,3,30.77,12.68,-0.52
opening_width_pct <= 2.5; signal_close_vs_vwap_pct >= 0.5; market_median_change_pct >= -0.5,13,4,7,2,30.77,12.68,-0.48
opening_width_pct <= 2.5; signal_close_vs_vwap_pct >= 0.5; market_median_change_pct >= 0,13,4,7,2,30.77,12.68,-0.48
opening_width_pct <= 3.0; entry_vs_opening_high_pct >= -0.2; market_median_change_pct >= -0.5,13,4,6,3,30.77,12.68,-0.52
opening_width_pct <= 3.0; entry_vs_opening_high_pct >= -0.2; market_median_change_pct >= 0,13,4,6,3,30.77,12.68,-0.52
opening_width_pct <= 3.0; entry_vs_opening_high_pct >= -0.2; entry_gap_pct >= -1,13,4,6,3,30.77,12.68,-0.52
opening_width_pct <= 3.0; entry_vs_opening_high_pct >= -0.2; distance_from_60d_high_pct <= -8,13,4,6,3,30.77,12.68,-0.52
opening_width_pct <= 3.0; cum_value_bil <= 8; entry_gap_pct >= -0.5,13,4,6,3,30.77,12.68,-0.441
entry_vs_opening_high_pct >= -0.8; cum_value_bil <= 8; entry_gap_pct >= -0.5,13,4,6,3,30.77,12.68,-0.441
entry_vs_opening_high_pct >= -0.8; market_median_change_pct >= -0.5; market_median_change_pct >= 0.3,13,4,6,3,30.77,12.68,-0.464
entry_vs_opening_high_pct >= -0.8; market_median_change_pct >= 0; market_median_change_pct >= 0.3,13,4,6,3,30.77,12.68,-0.464
entry_vs_opening_high_pct >= -0.8; market_median_change_pct >= 0.3; entry_gap_pct >= -1.5,13,4,6,3,30.77,12.68,-0.464
entry_vs_opening_high_pct >= -0.8; market_median_change_pct >= 0.3; entry_gap_pct >= -1,13,4,6,3,30.77,12.68,-0.464
entry_vs_opening_high_pct >= -0.2; market_median_change_pct >= -0.5; distance_from_60d_high_pct <= -8,13,4,6,3,30.77,12.68,-0.52
entry_vs_opening_high_pct >= -0.2; market_median_change_pct >= 0; distance_from_60d_high_pct <= -8,13,4,6,3,30.77,12.68,-0.52
entry_vs_opening_high_pct >= -0.2; entry_gap_pct >= -1; distance_from_60d_high_pct <= -8,13,4,6,3,30.77,12.68,-0.52
signal_close_vs_vwap_pct >= 0.3; cum_value_bil <= 5; market_median_change_pct >= 0,13,4,6,3,30.77,12.68,-0.441
signal_close_vs_vwap_pct >= 0.5; cum_value_bil <= 15; entry_gap_pct >= -0.5,13,4,9,0,30.77,12.68,-0.669
cum_value_bil <= 10; market_median_change_pct >= 0; entry_gap_pct >= -0.5,13,4,6,3,30.77,12.68,-0.441
signal_hhmm <= 930; entry_vs_opening_high_pct >= -0.8,23,7,13,3,30.43,15.6,-0.562
signal_hhmm <= 930; signal_hhmm <= 935; entry_vs_opening_high_pct >= -0.8,23,7,13,3,30.43,15.6,-0.562
signal_hhmm <= 930; signal_hhmm <= 940; entry_vs_opening_high_pct >= -0.8,23,7,13,3,30.43,15.6,-0.562
signal_hhmm <= 930; opening_width_pct <= 3.0; entry_gap_pct >= -1.5,23,7,12,4,30.43,15.6,-0.523
signal_hhmm <= 930; opening_width_pct <= 3.0; entry_gap_pct >= -1,23,7,12,4,30.43,15.6,-0.523
signal_hhmm <= 935; opening_width_pct <= 3.0; market_median_change_pct >= 0,23,7,12,4,30.43,15.6,-0.523
opening_width_pct <= 3.0; entry_vs_opening_high_pct >= -0.5; market_median_change_pct >= -0.5,23,7,11,5,30.43,15.6,-0.535
entry_vs_opening_high_pct >= -0.8; market_median_change_pct >= 0,30,9,14,7,30.0,16.66,-0.483
opening_width_pct <= 3.0; entry_vs_opening_high_pct >= -0.8; entry_gap_pct >= -1,30,9,14,7,30.0,16.66,-0.483
opening_width_pct <= 3.0; market_median_change_pct >= -0.5; entry_gap_pct >= -1,30,9,13,8,30.0,16.66,-0.453
entry_vs_opening_high_pct >= -0.8; market_median_change_pct >= -0.5; market_median_change_pct >= 0,30,9,14,7,30.0,16.66,-0.483
entry_vs_opening_high_pct >= -0.8; market_median_change_pct >= -0.5; entry_gap_pct >= -1.5,30,9,14,7,30.0,16.66,-0.483
signal_hhmm <= 935; entry_gap_pct >= -0.5,20,6,13,1,30.0,14.55,-0.625
cum_value_bil <= 8; market_median_change_pct >= 0,20,6,7,7,30.0,14.55,-0.348
signal_hhmm <= 930; entry_vs_opening_high_pct >= -0.8; signal_close_vs_vwap_pct >= 0.3,20,6,13,1,30.0,14.55,-0.648
signal_hhmm <= 935; signal_hhmm <= 940; entry_gap_pct >= -0.5,20,6,13,1,30.0,14.55,-0.625
signal_hhmm <= 935; entry_gap_pct >= -1.5; entry_gap_pct >= -0.5,20,6,13,1,30.0,14.55,-0.625
signal_hhmm <= 935; entry_gap_pct >= -1; entry_gap_pct >= -0.5,20,6,13,1,30.0,14.55,-0.625
signal_hhmm <= 940; opening_width_pct <= 2.5; entry_vs_opening_high_pct >= -0.5,20,6,10,4,30.0,14.55,-0.538
signal_hhmm <= 940; signal_close_vs_vwap_pct >= 0.3; entry_gap_pct >= -0.5,20,6,13,1,30.0,14.55,-0.664
opening_width_pct <= 2.5; signal_close_vs_vwap_pct >= 0.3; entry_gap_pct >= -1,20,6,10,4,30.0,14.55,-0.528
opening_width_pct <= 2.5; market_median_change_pct >= -0.5; distance_from_60d_high_pct <= -8,20,6,8,6,30.0,14.55,-0.422
opening_width_pct <= 2.5; entry_gap_pct >= -1; distance_from_60d_high_pct <= -8,20,6,8,6,30.0,14.55,-0.422
opening_width_pct <= 3.0; cum_value_bil <= 5; entry_gap_pct >= -1.5,20,6,7,7,30.0,14.55,-0.348
entry_vs_opening_high_pct >= -0.8; signal_close_vs_vwap_pct >= 0.3; entry_gap_pct >= -0.5,20,6,12,2,30.0,14.55,-0.651
cum_value_bil <= 8; cum_value_bil <= 10; market_median_change_pct >= 0,20,6,7,7,30.0,14.55,-0.348
cum_value_bil <= 8; cum_value_bil <= 15; market_median_change_pct >= 0,20,6,7,7,30.0,14.55,-0.348
cum_value_bil <= 8; market_median_change_pct >= -0.5; market_median_change_pct >= 0,20,6,7,7,30.0,14.55,-0.348
opening_width_pct <= 2.5; entry_vs_opening_high_pct >= 0,10,3,5,2,30.0,10.78,-0.612
entry_vs_opening_high_pct >= 0; market_median_change_pct >= -0.5,10,3,5,2,30.0,10.78,-0.612
entry_vs_opening_high_pct >= 0; market_median_change_pct >= 0,10,3,5,2,30.0,10.78,-0.612
entry_vs_opening_high_pct >= 0; entry_gap_pct >= -1,10,3,5,2,30.0,10.78,-0.612
market_median_change_pct >= 0.3; entry_gap_pct >= -0.5,10,3,6,1,30.0,10.78,-0.56
signal_hhmm <= 925; cum_value_bil <= 15; market_median_change_pct >= 0,10,3,4,3,30.0,10.78,-0.424
signal_hhmm <= 930; opening_width_pct <= 2.0; entry_vs_opening_high_pct >= -0.8,10,3,4,3,30.0,10.78,-0.424
signal_hhmm <= 930; opening_width_pct <= 2.0; market_median_change_pct >= -0.5,10,3,3,4,30.0,10.78,-0.334
signal_hhmm <= 930; entry_vs_opening_high_pct >= -0.5; entry_gap_pct >= -0.5,10,3,7,0,30.0,10.78,-0.69
signal_hhmm <= 935; opening_width_pct <= 2.0; entry_vs_opening_high_pct >= -0.5,10,3,5,2,30.0,10.78,-0.553
signal_hhmm <= 935; entry_vs_opening_high_pct >= -0.5; market_median_change_pct >= 0.3,10,3,5,2,30.0,10.78,-0.553
signal_hhmm <= 935; cum_value_bil <= 15; market_median_change_pct >= 0.3,10,3,4,3,30.0,10.78,-0.424
signal_hhmm <= 935; market_median_change_pct >= 0.3; distance_from_60d_high_pct <= -8,10,3,5,2,30.0,10.78,-0.508
signal_hhmm <= 940; opening_width_pct <= 2.0; signal_close_vs_vwap_pct >= 0.3,10,3,4,3,30.0,10.78,-0.393
signal_hhmm <= 940; opening_width_pct <= 2.0; distance_from_60d_high_pct <= -10,10,3,2,5,30.0,10.78,-0.18
signal_hhmm <= 940; market_median_change_pct >= 0.3; entry_gap_pct >= -0.5,10,3,6,1,30.0,10.78,-0.56
opening_width_pct <= 2.0; market_median_change_pct >= -0.5; distance_from_60d_high_pct <= -10,10,3,2,5,30.0,10.78,-0.18
opening_width_pct <= 2.5; opening_width_pct <= 3.0; entry_vs_opening_high_pct >= 0,10,3,5,2,30.0,10.78,-0.612
opening_width_pct <= 2.5; entry_vs_opening_high_pct >= -0.8; entry_vs_opening_high_pct >= 0,10,3,5,2,30.0,10.78,-0.612
opening_width_pct <= 2.5; entry_vs_opening_high_pct >= -0.5; entry_vs_opening_high_pct >= 0,10,3,5,2,30.0,10.78,-0.612
opening_width_pct <= 2.5; entry_vs_opening_high_pct >= -0.2; entry_vs_opening_high_pct >= 0,10,3,5,2,30.0,10.78,-0.612
opening_width_pct <= 2.5; entry_vs_opening_high_pct >= 0; signal_close_vs_vwap_pct >= 0.3,10,3,5,2,30.0,10.78,-0.612
opening_width_pct <= 2.5; entry_vs_opening_high_pct >= 0; entry_gap_pct >= -1.5,10,3,5,2,30.0,10.78,-0.612
opening_width_pct <= 2.5; cum_value_bil <= 10; entry_gap_pct >= -0.5,10,3,4,3,30.0,10.78,-0.393
opening_width_pct <= 2.5; cum_value_bil <= 15; entry_gap_pct >= -0.5,10,3,4,3,30.0,10.78,-0.393
opening_width_pct <= 3.0; entry_vs_opening_high_pct >= 0; entry_gap_pct >= -1.5,10,3,5,2,30.0,10.78,-0.612
opening_width_pct <= 3.0; entry_vs_opening_high_pct >= 0; distance_from_60d_high_pct <= -8,10,3,5,2,30.0,10.78,-0.612
opening_width_pct <= 3.0; signal_close_vs_vwap_pct >= 0.3; market_median_change_pct >= 0.3,10,3,6,1,30.0,10.78,-0.605
opening_width_pct <= 3.0; volume_ratio >= 2.0; entry_gap_pct >= -0.5,10,3,4,3,30.0,10.78,-0.496
opening_width_pct <= 3.0; entry_gap_pct >= -0.5; distance_from_60d_high_pct <= -10,10,3,4,3,30.0,10.78,-0.393
entry_vs_opening_high_pct >= -0.8; entry_vs_opening_high_pct >= 0; market_median_change_pct >= -0.5,10,3,5,2,30.0,10.78,-0.612
entry_vs_opening_high_pct >= -0.8; entry_vs_opening_high_pct >= 0; market_median_change_pct >= 0,10,3,5,2,30.0,10.78,-0.612
entry_vs_opening_high_pct >= -0.8; entry_vs_opening_high_pct >= 0; entry_gap_pct >= -1,10,3,5,2,30.0,10.78,-0.612
entry_vs_opening_high_pct >= -0.8; signal_close_vs_vwap_pct >= 0.8; entry_gap_pct >= -0.5,10,3,7,0,30.0,10.78,-0.69
entry_vs_opening_high_pct >= -0.8; cum_value_bil <= 5; entry_gap_pct >= -0.5,10,3,4,3,30.0,10.78,-0.393
entry_vs_opening_high_pct >= -0.5; entry_vs_opening_high_pct >= 0; market_median_change_pct >= -0.5,10,3,5,2,30.0,10.78,-0.612
entry_vs_opening_high_pct >= -0.5; entry_vs_opening_high_pct >= 0; market_median_change_pct >= 0,10,3,5,2,30.0,10.78,-0.612
entry_vs_opening_high_pct >= -0.5; entry_vs_opening_high_pct >= 0; entry_gap_pct >= -1,10,3,5,2,30.0,10.78,-0.612
entry_vs_opening_high_pct >= -0.5; signal_close_vs_vwap_pct >= 0.8; entry_gap_pct >= -0.5,10,3,7,0,30.0,10.78,-0.69
entry_vs_opening_high_pct >= -0.2; entry_vs_opening_high_pct >= 0; market_median_change_pct >= -0.5,10,3,5,2,30.0,10.78,-0.612
entry_vs_opening_high_pct >= -0.2; entry_vs_opening_high_pct >= 0; market_median_change_pct >= 0,10,3,5,2,30.0,10.78,-0.612
entry_vs_opening_high_pct >= -0.2; entry_vs_opening_high_pct >= 0; entry_gap_pct >= -1,10,3,5,2,30.0,10.78,-0.612
entry_vs_opening_high_pct >= 0; signal_close_vs_vwap_pct >= 0.3; market_median_change_pct >= -0.5,10,3,5,2,30.0,10.78,-0.612
entry_vs_opening_high_pct >= 0; signal_close_vs_vwap_pct >= 0.3; market_median_change_pct >= 0,10,3,5,2,30.0,10.78,-0.612
entry_vs_opening_high_pct >= 0; signal_close_vs_vwap_pct >= 0.3; entry_gap_pct >= -1,10,3,5,2,30.0,10.78,-0.612
entry_vs_opening_high_pct >= 0; market_median_change_pct >= -0.5; market_median_change_pct >= 0,10,3,5,2,30.0,10.78,-0.612
entry_vs_opening_high_pct >= 0; market_median_change_pct >= -0.5; entry_gap_pct >= -1.5,10,3,5,2,30.0,10.78,-0.612
entry_vs_opening_high_pct >= 0; market_median_change_pct >= 0; entry_gap_pct >= -1.5,10,3,5,2,30.0,10.78,-0.612
entry_vs_opening_high_pct >= 0; entry_gap_pct >= -1.5; entry_gap_pct >= -1,10,3,5,2,30.0,10.78,-0.612
signal_close_vs_vwap_pct >= 0.3; cum_value_bil <= 10; entry_gap_pct >= 0,10,3,7,0,30.0,10.78,-0.69
signal_close_vs_vwap_pct >= 0.3; entry_gap_pct >= 0; distance_from_60d_high_pct <= -8,10,3,6,1,30.0,10.78,-0.664
signal_close_vs_vwap_pct >= 0.5; cum_value_bil <= 8; entry_gap_pct >= -0.5,10,3,7,0,30.0,10.78,-0.69
signal_close_vs_vwap_pct >= 0.5; cum_value_bil <= 10; entry_gap_pct >= 0,10,3,7,0,30.0,10.78,-0.69
cum_value_bil <= 5; market_median_change_pct >= -0.5; entry_gap_pct >= -0.5,10,3,4,3,30.0,10.78,-0.393
cum_value_bil <= 10; market_median_change_pct >= -0.5; entry_gap_pct >= 0,10,3,5,2,30.0,10.78,-0.445
cum_value_bil <= 10; market_median_change_pct >= 0; entry_gap_pct >= 0,10,3,5,2,30.0,10.78,-0.445
market_median_change_pct >= -0.5; market_median_change_pct >= 0.3; entry_gap_pct >= -0.5,10,3,6,1,30.0,10.78,-0.56
market_median_change_pct >= 0; market_median_change_pct >= 0.3; entry_gap_pct >= -0.5,10,3,6,1,30.0,10.78,-0.56
market_median_change_pct >= 0.3; entry_gap_pct >= -1.5; entry_gap_pct >= -0.5,10,3,6,1,30.0,10.78,-0.56
market_median_change_pct >= 0.3; entry_gap_pct >= -1; entry_gap_pct >= -0.5,10,3,6,1,30.0,10.78,-0.56
signal_close_vs_vwap_pct >= 0.5; entry_gap_pct >= -0.5,17,5,12,0,29.41,13.28,-0.706
signal_hhmm <= 930; opening_width_pct <= 2.5; entry_vs_opening_high_pct >= -0.8,17,5,9,3,29.41,13.28,-0.549
signal_hhmm <= 930; entry_vs_opening_high_pct >= -0.8; signal_close_vs_vwap_pct >= 0.5,17,5,11,1,29.41,13.28,-0.656
signal_hhmm <= 930; signal_close_vs_vwap_pct >= 0.3; market_median_change_pct >= -0.5,17,5,11,1,29.41,13.28,-0.656
signal_hhmm <= 935; opening_width_pct <= 3.0; entry_gap_pct >= -0.5,17,5,11,1,29.41,13.28,-0.63
signal_hhmm <= 935; signal_close_vs_vwap_pct >= 0.3; entry_gap_pct >= -0.5,17,5,12,0,29.41,13.28,-0.706
signal_hhmm <= 940; signal_close_vs_vwap_pct >= 0.5; entry_gap_pct >= -0.5,17,5,12,0,29.41,13.28,-0.706
signal_hhmm <= 940; cum_value_bil <= 5; market_median_change_pct >= 0,17,5,5,7,29.41,13.28,-0.303
opening_width_pct <= 2.5; entry_vs_opening_high_pct >= -0.5; distance_from_60d_high_pct <= -8,17,5,8,4,29.41,13.28,-0.561
signal_close_vs_vwap_pct >= 0.3; signal_close_vs_vwap_pct >= 0.5; entry_gap_pct >= -0.5,17,5,12,0,29.41,13.28,-0.706
signal_close_vs_vwap_pct >= 0.5; entry_gap_pct >= -1.5; entry_gap_pct >= -0.5,17,5,12,0,29.41,13.28,-0.706
signal_close_vs_vwap_pct >= 0.5; entry_gap_pct >= -1; entry_gap_pct >= -0.5,17,5,12,0,29.41,13.28,-0.706
cum_value_bil <= 5; market_median_change_pct >= -0.5; entry_gap_pct >= -1,17,5,5,7,29.41,13.28,-0.303
signal_hhmm <= 940; entry_gap_pct >= -0.5,24,7,14,3,29.17,14.91,-0.589
signal_hhmm <= 935; market_median_change_pct >= 0; entry_gap_pct >= -1.5,24,7,13,4,29.17,14.91,-0.564
signal_hhmm <= 935; market_median_change_pct >= 0; entry_gap_pct >= -1,24,7,13,4,29.17,14.91,-0.564
signal_hhmm <= 940; opening_width_pct <= 2.5; entry_vs_opening_high_pct >= -0.8,24,7,11,6,29.17,14.91,-0.465
signal_hhmm <= 940; opening_width_pct <= 2.5; market_median_change_pct >= -0.5,24,7,10,7,29.17,14.91,-0.427
signal_hhmm <= 940; entry_gap_pct >= -1.5; entry_gap_pct >= -0.5,24,7,14,3,29.17,14.91,-0.589
signal_hhmm <= 940; entry_gap_pct >= -1; entry_gap_pct >= -0.5,24,7,14,3,29.17,14.91,-0.589
opening_width_pct <= 3.0; market_median_change_pct >= 0,31,9,14,8,29.03,16.1,-0.487
market_median_change_pct >= 0; entry_gap_pct >= -1,31,9,14,8,29.03,16.1,-0.487
opening_width_pct <= 3.0; entry_vs_opening_high_pct >= -0.8; entry_gap_pct >= -1.5,31,9,15,7,29.03,16.1,-0.516
opening_width_pct <= 3.0; market_median_change_pct >= -0.5; market_median_change_pct >= 0,31,9,14,8,29.03,16.1,-0.487
opening_width_pct <= 3.0; market_median_change_pct >= -0.5; entry_gap_pct >= -1.5,31,9,14,8,29.03,16.1,-0.487
market_median_change_pct >= -0.5; market_median_change_pct >= 0; entry_gap_pct >= -1,31,9,14,8,29.03,16.1,-0.487
market_median_change_pct >= 0; entry_gap_pct >= -1.5; entry_gap_pct >= -1,31,9,14,8,29.03,16.1,-0.487
opening_width_pct <= 2.5,28,8,12,8,28.57,15.25,-0.475
opening_width_pct <= 2.5; opening_width_pct <= 3.0,28,8,12,8,28.57,15.25,-0.475
signal_hhmm <= 940; opening_width_pct <= 3.0; market_median_change_pct >= 0,28,8,13,7,28.57,15.25,-0.484
opening_width_pct <= 3.0; entry_vs_opening_high_pct >= -0.8; market_median_change_pct >= -0.5,28,8,13,7,28.57,15.25,-0.507
entry_vs_opening_high_pct >= -0.8; market_median_change_pct >= 0; entry_gap_pct >= -1,28,8,13,7,28.57,15.25,-0.507
signal_hhmm <= 930; signal_close_vs_vwap_pct >= 0.3,21,6,14,1,28.57,13.81,-0.688
opening_width_pct <= 2.5; signal_close_vs_vwap_pct >= 0.3,21,6,11,4,28.57,13.81,-0.575
signal_hhmm <= 930; signal_hhmm <= 935; signal_close_vs_vwap_pct >= 0.3,21,6,14,1,28.57,13.81,-0.688
signal_hhmm <= 930; signal_hhmm <= 940; signal_close_vs_vwap_pct >= 0.3,21,6,14,1,28.57,13.81,-0.688
signal_hhmm <= 930; signal_close_vs_vwap_pct >= 0.3; entry_gap_pct >= -1.5,21,6,14,1,28.57,13.81,-0.688
signal_hhmm <= 930; signal_close_vs_vwap_pct >= 0.3; entry_gap_pct >= -1,21,6,14,1,28.57,13.81,-0.688
signal_hhmm <= 930; market_median_change_pct >= -0.5; entry_gap_pct >= -1.5,21,6,11,4,28.57,13.81,-0.559
signal_hhmm <= 930; market_median_change_pct >= -0.5; entry_gap_pct >= -1,21,6,11,4,28.57,13.81,-0.559
opening_width_pct <= 2.5; opening_width_pct <= 3.0; signal_close_vs_vwap_pct >= 0.3,21,6,11,4,28.57,13.81,-0.575
opening_width_pct <= 2.5; entry_vs_opening_high_pct >= -0.8; signal_close_vs_vwap_pct >= 0.3,21,6,11,4,28.57,13.81,-0.575
opening_width_pct <= 2.5; entry_vs_opening_high_pct >= -0.8; distance_from_60d_high_pct <= -8,21,6,9,6,28.57,13.81,-0.473
opening_width_pct <= 2.5; entry_vs_opening_high_pct >= -0.5; entry_gap_pct >= -1,21,6,10,5,28.57,13.81,-0.571
opening_width_pct <= 2.5; signal_close_vs_vwap_pct >= 0.3; entry_gap_pct >= -1.5,21,6,11,4,28.57,13.81,-0.575
opening_width_pct <= 2.5; entry_gap_pct >= -1.5; distance_from_60d_high_pct <= -8,21,6,9,6,28.57,13.81,-0.473
entry_vs_opening_high_pct >= -0.8; market_median_change_pct >= -0.5; entry_gap_pct >= -0.5,21,6,11,4,28.57,13.81,-0.575
cum_value_bil <= 10; market_median_change_pct >= 0; entry_gap_pct >= -1,21,6,8,7,28.57,13.81,-0.402
signal_hhmm <= 925; market_median_change_pct >= 0,14,4,7,3,28.57,11.72,-0.538
opening_width_pct <= 2.5; entry_vs_opening_high_pct >= -0.2,14,4,7,3,28.57,11.72,-0.59
market_median_change_pct >= 0.3; entry_gap_pct >= -1.5,14,4,7,3,28.57,11.72,-0.538
market_median_change_pct >= 0.3; entry_gap_pct >= -1,14,4,7,3,28.57,11.72,-0.538
signal_hhmm <= 925; signal_hhmm <= 930; market_median_change_pct >= 0,14,4,7,3,28.57,11.72,-0.538
signal_hhmm <= 925; signal_hhmm <= 935; market_median_change_pct >= 0,14,4,7,3,28.57,11.72,-0.538
signal_hhmm <= 925; signal_hhmm <= 940; market_median_change_pct >= 0,14,4,7,3,28.57,11.72,-0.538
signal_hhmm <= 925; opening_width_pct <= 2.5; entry_vs_opening_high_pct >= -0.8,14,4,7,3,28.57,11.72,-0.538
signal_hhmm <= 925; entry_vs_opening_high_pct >= -0.8; market_median_change_pct >= 0,14,4,7,3,28.57,11.72,-0.538
signal_hhmm <= 925; market_median_change_pct >= -0.5; market_median_change_pct >= 0,14,4,7,3,28.57,11.72,-0.538
signal_hhmm <= 925; market_median_change_pct >= 0; entry_gap_pct >= -1.5,14,4,7,3,28.57,11.72,-0.538
signal_hhmm <= 925; market_median_change_pct >= 0; entry_gap_pct >= -1,14,4,7,3,28.57,11.72,-0.538
signal_hhmm <= 930; opening_width_pct <= 2.5; entry_vs_opening_high_pct >= -0.5,14,4,8,2,28.57,11.72,-0.631
signal_hhmm <= 930; opening_width_pct <= 2.5; signal_close_vs_vwap_pct >= 0.3,14,4,9,1,28.57,11.72,-0.668
signal_hhmm <= 930; opening_width_pct <= 3.0; entry_gap_pct >= -0.5,14,4,9,1,28.57,11.72,-0.636
signal_hhmm <= 930; entry_vs_opening_high_pct >= -0.5; market_median_change_pct >= 0,14,4,8,2,28.57,11.72,-0.631
signal_hhmm <= 930; signal_close_vs_vwap_pct >= 0.5; market_median_change_pct >= -0.5,14,4,9,1,28.57,11.72,-0.668
signal_hhmm <= 930; signal_close_vs_vwap_pct >= 0.5; market_median_change_pct >= 0,14,4,9,1,28.57,11.72,-0.668
signal_hhmm <= 930; cum_value_bil <= 10; market_median_change_pct >= 0,14,4,6,4,28.57,11.72,-0.474
signal_hhmm <= 930; market_median_change_pct >= -0.5; entry_gap_pct >= -0.5,14,4,9,1,28.57,11.72,-0.636
signal_hhmm <= 940; market_median_change_pct >= 0.3; entry_gap_pct >= -1.5,14,4,7,3,28.57,11.72,-0.538
signal_hhmm <= 940; market_median_change_pct >= 0.3; entry_gap_pct >= -1,14,4,7,3,28.57,11.72,-0.538
opening_width_pct <= 2.5; opening_width_pct <= 3.0; entry_vs_opening_high_pct >= -0.2,14,4,7,3,28.57,11.72,-0.59
opening_width_pct <= 2.5; entry_vs_opening_high_pct >= -0.8; entry_vs_opening_high_pct >= -0.2,14,4,7,3,28.57,11.72,-0.59
opening_width_pct <= 2.5; entry_vs_opening_high_pct >= -0.5; entry_vs_opening_high_pct >= -0.2,14,4,7,3,28.57,11.72,-0.59
opening_width_pct <= 2.5; entry_vs_opening_high_pct >= -0.2; entry_gap_pct >= -1.5,14,4,7,3,28.57,11.72,-0.59
opening_width_pct <= 2.5; market_median_change_pct >= 0; distance_from_60d_high_pct <= -10,14,4,5,5,28.57,11.72,-0.364
opening_width_pct <= 3.0; entry_vs_opening_high_pct >= -0.2; entry_gap_pct >= -1.5,14,4,7,3,28.57,11.72,-0.59
opening_width_pct <= 3.0; cum_value_bil <= 10; entry_gap_pct >= -0.5,14,4,7,3,28.57,11.72,-0.516
opening_width_pct <= 3.0; cum_value_bil <= 15; entry_gap_pct >= -0.5,14,4,7,3,28.57,11.72,-0.516
entry_vs_opening_high_pct >= -0.2; entry_gap_pct >= -1.5; distance_from_60d_high_pct <= -8,14,4,7,3,28.57,11.72,-0.59
cum_value_bil <= 15; market_median_change_pct >= 0; entry_gap_pct >= -0.5,14,4,7,3,28.57,11.72,-0.516
market_median_change_pct >= -0.5; market_median_change_pct >= 0.3; entry_gap_pct >= -1.5,14,4,7,3,28.57,11.72,-0.538
market_median_change_pct >= -0.5; market_median_change_pct >= 0.3; entry_gap_pct >= -1,14,4,7,3,28.57,11.72,-0.538
market_median_change_pct >= 0; market_median_change_pct >= 0.3; entry_gap_pct >= -1.5,14,4,7,3,28.57,11.72,-0.538
market_median_change_pct >= 0; market_median_change_pct >= 0.3; entry_gap_pct >= -1,14,4,7,3,28.57,11.72,-0.538
market_median_change_pct >= 0.3; entry_gap_pct >= -1.5; entry_gap_pct >= -1,14,4,7,3,28.57,11.72,-0.538
market_median_change_pct >= 0; entry_gap_pct >= -1.5,32,9,15,8,28.12,15.56,-0.518
market_median_change_pct >= -0.5; market_median_change_pct >= 0; entry_gap_pct >= -1.5,32,9,15,8,28.12,15.56,-0.518
signal_hhmm <= 930; entry_gap_pct >= -1.5,25,7,14,4,28.0,14.28,-0.601
signal_hhmm <= 930; entry_gap_pct >= -1,25,7,14,4,28.0,14.28,-0.601
signal_hhmm <= 930; signal_hhmm <= 935; entry_gap_pct >= -1.5,25,7,14,4,28.0,14.28,-0.601
signal_hhmm <= 930; signal_hhmm <= 935; entry_gap_pct >= -1,25,7,14,4,28.0,14.28,-0.601
signal_hhmm <= 930; signal_hhmm <= 940; entry_gap_pct >= -1.5,25,7,14,4,28.0,14.28,-0.601
signal_hhmm <= 930; signal_hhmm <= 940; entry_gap_pct >= -1,25,7,14,4,28.0,14.28,-0.601
signal_hhmm <= 930; entry_gap_pct >= -1.5; entry_gap_pct >= -1,25,7,14,4,28.0,14.28,-0.601
signal_hhmm <= 940; opening_width_pct <= 2.5; entry_gap_pct >= -1.5,25,7,11,7,28.0,14.28,-0.47
signal_hhmm <= 940; opening_width_pct <= 2.5; entry_gap_pct >= -1,25,7,11,7,28.0,14.28,-0.47
signal_hhmm <= 925; entry_vs_opening_high_pct >= -0.8,18,5,10,3,27.78,12.5,-0.602
signal_hhmm <= 930; signal_close_vs_vwap_pct >= 0.5,18,5,12,1,27.78,12.5,-0.703
cum_value_bil <= 5; market_median_change_pct >= 0,18,5,6,7,27.78,12.5,-0.37
signal_hhmm <= 925; signal_hhmm <= 930; entry_vs_opening_high_pct >= -0.8,18,5,10,3,27.78,12.5,-0.602
signal_hhmm <= 925; signal_hhmm <= 935; entry_vs_opening_high_pct >= -0.8,18,5,10,3,27.78,12.5,-0.602
signal_hhmm <= 925; signal_hhmm <= 940; entry_vs_opening_high_pct >= -0.8,18,5,10,3,27.78,12.5,-0.602
signal_hhmm <= 925; entry_vs_opening_high_pct >= -0.8; entry_gap_pct >= -1.5,18,5,10,3,27.78,12.5,-0.602
signal_hhmm <= 925; entry_vs_opening_high_pct >= -0.8; entry_gap_pct >= -1,18,5,10,3,27.78,12.5,-0.602
signal_hhmm <= 930; signal_hhmm <= 935; signal_close_vs_vwap_pct >= 0.5,18,5,12,1,27.78,12.5,-0.703
signal_hhmm <= 930; signal_hhmm <= 940; signal_close_vs_vwap_pct >= 0.5,18,5,12,1,27.78,12.5,-0.703
signal_hhmm <= 930; opening_width_pct <= 2.5; entry_gap_pct >= -1.5,18,5,9,4,27.78,12.5,-0.552
signal_hhmm <= 930; opening_width_pct <= 2.5; entry_gap_pct >= -1,18,5,9,4,27.78,12.5,-0.552
signal_hhmm <= 930; entry_vs_opening_high_pct >= -0.8; market_median_change_pct >= 0,18,5,10,3,27.78,12.5,-0.602
signal_hhmm <= 930; signal_close_vs_vwap_pct >= 0.3; signal_close_vs_vwap_pct >= 0.5,18,5,12,1,27.78,12.5,-0.703
signal_hhmm <= 930; signal_close_vs_vwap_pct >= 0.5; entry_gap_pct >= -1.5,18,5,12,1,27.78,12.5,-0.703
signal_hhmm <= 930; signal_close_vs_vwap_pct >= 0.5; entry_gap_pct >= -1,18,5,12,1,27.78,12.5,-0.703
signal_hhmm <= 935; entry_vs_opening_high_pct >= -0.8; entry_gap_pct >= -0.5,18,5,12,1,27.78,12.5,-0.678
opening_width_pct <= 3.0; cum_value_bil <= 5; market_median_change_pct >= -0.5,18,5,6,7,27.78,12.5,-0.37
entry_vs_opening_high_pct >= -0.5; market_median_change_pct >= 0; entry_gap_pct >= -0.5,18,5,10,3,27.78,12.5,-0.642
signal_close_vs_vwap_pct >= 0.3; market_median_change_pct >= 0; entry_gap_pct >= -0.5,18,5,11,2,27.78,12.5,-0.707
cum_value_bil <= 5; cum_value_bil <= 8; market_median_change_pct >= 0,18,5,6,7,27.78,12.5,-0.37
cum_value_bil <= 5; cum_value_bil <= 10; market_median_change_pct >= 0,18,5,6,7,27.78,12.5,-0.37
cum_value_bil <= 5; cum_value_bil <= 15; market_median_change_pct >= 0,18,5,6,7,27.78,12.5,-0.37
cum_value_bil <= 5; market_median_change_pct >= -0.5; market_median_change_pct >= 0,18,5,6,7,27.78,12.5,-0.37
cum_value_bil <= 5; market_median_change_pct >= -0.5; entry_gap_pct >= -1.5,18,5,6,7,27.78,12.5,-0.37
cum_value_bil <= 8; market_median_change_pct >= 0; entry_gap_pct >= -1,18,5,6,7,27.78,12.5,-0.37
signal_hhmm <= 940; market_median_change_pct >= 0; entry_gap_pct >= -1.5,29,8,14,7,27.59,14.7,-0.519
signal_hhmm <= 940; market_median_change_pct >= 0; entry_gap_pct >= -1,29,8,14,7,27.59,14.7,-0.519
entry_vs_opening_high_pct >= -0.8; market_median_change_pct >= 0; entry_gap_pct >= -1.5,29,8,14,7,27.59,14.7,-0.541
opening_width_pct <= 2.5; entry_vs_opening_high_pct >= -0.5,22,6,11,5,27.27,13.15,-0.613
signal_hhmm <= 930; entry_vs_opening_high_pct >= -0.8; entry_gap_pct >= -1.5,22,6,13,3,27.27,13.15,-0.643
signal_hhmm <= 930; entry_vs_opening_high_pct >= -0.8; entry_gap_pct >= -1,22,6,13,3,27.27,13.15,-0.643
signal_hhmm <= 940; entry_vs_opening_high_pct >= -0.8; entry_gap_pct >= -0.5,22,6,13,3,27.27,13.15,-0.629
opening_width_pct <= 2.5; opening_width_pct <= 3.0; entry_vs_opening_high_pct >= -0.5,22,6,11,5,27.27,13.15,-0.613
opening_width_pct <= 2.5; entry_vs_opening_high_pct >= -0.8; entry_vs_opening_high_pct >= -0.5,22,6,11,5,27.27,13.15,-0.613
opening_width_pct <= 2.5; entry_vs_opening_high_pct >= -0.5; entry_gap_pct >= -1.5,22,6,11,5,27.27,13.15,-0.613
opening_width_pct <= 3.0; entry_vs_opening_high_pct >= -0.5; market_median_change_pct >= 0,22,6,11,5,27.27,13.15,-0.613
opening_width_pct <= 3.0; cum_value_bil <= 10; market_median_change_pct >= 0,22,6,9,7,27.27,13.15,-0.452
opening_width_pct <= 3.0; cum_value_bil <= 15; market_median_change_pct >= 0,22,6,9,7,27.27,13.15,-0.452
cum_value_bil <= 10; market_median_change_pct >= 0; entry_gap_pct >= -1.5,22,6,9,7,27.27,13.15,-0.452
cum_value_bil <= 15; market_median_change_pct >= 0; entry_gap_pct >= -1,22,6,9,7,27.27,13.15,-0.452
signal_hhmm <= 930; opening_width_pct <= 2.0,11,3,4,4,27.27,9.75,-0.44
opening_width_pct <= 2.0; distance_from_60d_high_pct <= -10,11,3,3,5,27.27,9.75,-0.3
entry_vs_opening_high_pct >= 0; entry_gap_pct >= -1.5,11,3,6,2,27.27,9.75,-0.693
entry_vs_opening_high_pct >= 0; distance_from_60d_high_pct <= -8,11,3,6,2,27.27,9.75,-0.693
signal_close_vs_vwap_pct >= 0.8; entry_gap_pct >= -0.5,11,3,8,0,27.27,9.75,-0.764
cum_value_bil <= 5; entry_gap_pct >= -0.5,11,3,5,3,27.27,9.75,-0.494
signal_hhmm <= 925; signal_close_vs_vwap_pct >= 0.3; entry_gap_pct >= -0.5,11,3,8,0,27.27,9.75,-0.764
signal_hhmm <= 930; signal_hhmm <= 935; opening_width_pct <= 2.0,11,3,4,4,27.27,9.75,-0.44
signal_hhmm <= 930; signal_hhmm <= 940; opening_width_pct <= 2.0,11,3,4,4,27.27,9.75,-0.44
signal_hhmm <= 930; opening_width_pct <= 2.0; opening_width_pct <= 2.5,11,3,4,4,27.27,9.75,-0.44
signal_hhmm <= 930; opening_width_pct <= 2.0; opening_width_pct <= 3.0,11,3,4,4,27.27,9.75,-0.44
signal_hhmm <= 930; opening_width_pct <= 2.5; signal_close_vs_vwap_pct >= 0.5,11,3,7,1,27.27,9.75,-0.687
signal_hhmm <= 930; opening_width_pct <= 2.5; entry_gap_pct >= -0.5,11,3,7,1,27.27,9.75,-0.646
signal_hhmm <= 930; cum_value_bil <= 5; market_median_change_pct >= 0,11,3,4,4,27.27,9.75,-0.44
signal_hhmm <= 935; opening_width_pct <= 2.0; market_median_change_pct >= 0,11,3,4,4,27.27,9.75,-0.44
signal_hhmm <= 935; signal_close_vs_vwap_pct >= 0.3; market_median_change_pct >= 0.3,11,3,7,1,27.27,9.75,-0.687
signal_hhmm <= 940; opening_width_pct <= 2.0; cum_value_bil <= 5,11,3,1,7,27.27,9.75,-0.141
signal_hhmm <= 940; opening_width_pct <= 2.0; cum_value_bil <= 8,11,3,1,7,27.27,9.75,-0.141
signal_hhmm <= 940; signal_close_vs_vwap_pct >= 0.8; entry_gap_pct >= -0.5,11,3,8,0,27.27,9.75,-0.764
signal_hhmm <= 940; cum_value_bil <= 5; entry_gap_pct >= -0.5,11,3,5,3,27.27,9.75,-0.494
opening_width_pct <= 2.0; opening_width_pct <= 2.5; distance_from_60d_high_pct <= -10,11,3,3,5,27.27,9.75,-0.3
opening_width_pct <= 2.0; opening_width_pct <= 3.0; distance_from_60d_high_pct <= -10,11,3,3,5,27.27,9.75,-0.3
opening_width_pct <= 2.0; entry_vs_opening_high_pct >= -0.8; cum_value_bil <= 5,11,3,2,6,27.27,9.75,-0.223
opening_width_pct <= 2.0; entry_vs_opening_high_pct >= -0.8; cum_value_bil <= 8,11,3,2,6,27.27,9.75,-0.223
opening_width_pct <= 2.0; entry_vs_opening_high_pct >= -0.8; distance_from_60d_high_pct <= -10,11,3,3,5,27.27,9.75,-0.3
opening_width_pct <= 2.0; entry_vs_opening_high_pct >= -0.5; signal_close_vs_vwap_pct >= 0.3,11,3,5,3,27.27,9.75,-0.616
opening_width_pct <= 2.0; signal_close_vs_vwap_pct >= 0.3; market_median_change_pct >= -0.5,11,3,4,4,27.27,9.75,-0.47
opening_width_pct <= 2.0; signal_close_vs_vwap_pct >= 0.3; entry_gap_pct >= -1,11,3,4,4,27.27,9.75,-0.47
opening_width_pct <= 2.0; distance_from_60d_high_pct <= -8; distance_from_60d_high_pct <= -10,11,3,3,5,27.27,9.75,-0.3
opening_width_pct <= 2.5; volume_ratio >= 2.0; market_median_change_pct >= 0,11,3,2,6,27.27,9.75,-0.317
entry_vs_opening_high_pct >= -0.8; entry_vs_opening_high_pct >= 0; entry_gap_pct >= -1.5,11,3,6,2,27.27,9.75,-0.693
entry_vs_opening_high_pct >= -0.8; entry_vs_opening_high_pct >= 0; distance_from_60d_high_pct <= -8,11,3,6,2,27.27,9.75,-0.693
entry_vs_opening_high_pct >= -0.8; cum_value_bil <= 10; entry_gap_pct >= 0,11,3,6,2,27.27,9.75,-0.541
entry_vs_opening_high_pct >= -0.5; entry_vs_opening_high_pct >= 0; entry_gap_pct >= -1.5,11,3,6,2,27.27,9.75,-0.693
entry_vs_opening_high_pct >= -0.5; entry_vs_opening_high_pct >= 0; distance_from_60d_high_pct <= -8,11,3,6,2,27.27,9.75,-0.693
entry_vs_opening_high_pct >= -0.5; signal_close_vs_vwap_pct >= 0.3; entry_gap_pct >= 0,11,3,7,1,27.27,9.75,-0.74
entry_vs_opening_high_pct >= -0.2; entry_vs_opening_high_pct >= 0; entry_gap_pct >= -1.5,11,3,6,2,27.27,9.75,-0.693
entry_vs_opening_high_pct >= -0.2; entry_vs_opening_high_pct >= 0; distance_from_60d_high_pct <= -8,11,3,6,2,27.27,9.75,-0.693
entry_vs_opening_high_pct >= 0; signal_close_vs_vwap_pct >= 0.3; entry_gap_pct >= -1.5,11,3,6,2,27.27,9.75,-0.693
entry_vs_opening_high_pct >= 0; signal_close_vs_vwap_pct >= 0.3; distance_from_60d_high_pct <= -8,11,3,6,2,27.27,9.75,-0.693
signal_close_vs_vwap_pct >= 0.3; signal_close_vs_vwap_pct >= 0.8; entry_gap_pct >= -0.5,11,3,8,0,27.27,9.75,-0.764
signal_close_vs_vwap_pct >= 0.3; cum_value_bil <= 15; entry_gap_pct >= 0,11,3,8,0,27.27,9.75,-0.764
signal_close_vs_vwap_pct >= 0.5; signal_close_vs_vwap_pct >= 0.8; entry_gap_pct >= -0.5,11,3,8,0,27.27,9.75,-0.764
signal_close_vs_vwap_pct >= 0.5; cum_value_bil <= 15; entry_gap_pct >= 0,11,3,8,0,27.27,9.75,-0.764
signal_close_vs_vwap_pct >= 0.5; market_median_change_pct >= -0.5; entry_gap_pct >= 0,11,3,8,0,27.27,9.75,-0.764
signal_close_vs_vwap_pct >= 0.5; market_median_change_pct >= 0; entry_gap_pct >= 0,11,3,8,0,27.27,9.75,-0.764
signal_close_vs_vwap_pct >= 0.8; market_median_change_pct >= -0.5; entry_gap_pct >= -0.5,11,3,8,0,27.27,9.75,-0.764
signal_close_vs_vwap_pct >= 0.8; market_median_change_pct >= 0; entry_gap_pct >= -0.5,11,3,8,0,27.27,9.75,-0.764
signal_close_vs_vwap_pct >= 0.8; entry_gap_pct >= -1.5; entry_gap_pct >= -0.5,11,3,8,0,27.27,9.75,-0.764
signal_close_vs_vwap_pct >= 0.8; entry_gap_pct >= -1; entry_gap_pct >= -0.5,11,3,8,0,27.27,9.75,-0.764
cum_value_bil <= 5; cum_value_bil <= 8; entry_gap_pct >= -0.5,11,3,5,3,27.27,9.75,-0.494
cum_value_bil <= 5; cum_value_bil <= 10; entry_gap_pct >= -0.5,11,3,5,3,27.27,9.75,-0.494
cum_value_bil <= 5; cum_value_bil <= 15; entry_gap_pct >= -0.5,11,3,5,3,27.27,9.75,-0.494
cum_value_bil <= 5; entry_gap_pct >= -1.5; entry_gap_pct >= -0.5,11,3,5,3,27.27,9.75,-0.494
cum_value_bil <= 5; entry_gap_pct >= -1; entry_gap_pct >= -0.5,11,3,5,3,27.27,9.75,-0.494
cum_value_bil <= 8; market_median_change_pct >= 0; entry_gap_pct >= -0.5,11,3,5,3,27.27,9.75,-0.494
cum_value_bil <= 15; market_median_change_pct >= -0.5; entry_gap_pct >= 0,11,3,6,2,27.27,9.75,-0.541
cum_value_bil <= 15; market_median_change_pct >= 0; entry_gap_pct >= 0,11,3,6,2,27.27,9.75,-0.541
market_median_change_pct >= -0.5; entry_gap_pct >= 0; distance_from_60d_high_pct <= -8,11,3,5,3,27.27,9.75,-0.517
market_median_change_pct >= 0; entry_gap_pct >= 0; distance_from_60d_high_pct <= -8,11,3,5,3,27.27,9.75,-0.517
opening_width_pct <= 2.5; entry_vs_opening_high_pct >= -0.8,26,7,12,7,26.92,13.7,-0.534
opening_width_pct <= 2.5; market_median_change_pct >= -0.5,26,7,11,8,26.92,13.7,-0.5
opening_width_pct <= 2.5; entry_gap_pct >= -1,26,7,11,8,26.92,13.7,-0.5
opening_width_pct <= 2.5; opening_width_pct <= 3.0; entry_vs_opening_high_pct >= -0.8,26,7,12,7,26.92,13.7,-0.534
opening_width_pct <= 2.5; opening_width_pct <= 3.0; market_median_change_pct >= -0.5,26,7,11,8,26.92,13.7,-0.5
opening_width_pct <= 2.5; opening_width_pct <= 3.0; entry_gap_pct >= -1,26,7,11,8,26.92,13.7,-0.5
opening_width_pct <= 2.5; entry_gap_pct >= -1.5; entry_gap_pct >= -1,26,7,11,8,26.92,13.7,-0.5
signal_hhmm <= 930; cum_value_bil <= 15; market_median_change_pct >= 0,15,4,7,4,26.67,10.9,-0.542
signal_hhmm <= 935; signal_close_vs_vwap_pct >= 0.5; entry_gap_pct >= -0.5,15,4,11,0,26.67,10.9,-0.78
signal_hhmm <= 940; opening_width_pct <= 2.0; entry_vs_opening_high_pct >= -0.8,15,4,5,6,26.67,10.9,-0.383
signal_hhmm <= 940; opening_width_pct <= 2.0; market_median_change_pct >= -0.5,15,4,4,7,26.67,10.9,-0.323
opening_width_pct <= 2.5; cum_value_bil <= 5; market_median_change_pct >= 0,15,4,4,7,26.67,10.9,-0.323
opening_width_pct <= 2.5; cum_value_bil <= 8; market_median_change_pct >= 0,15,4,4,7,26.67,10.9,-0.323
signal_hhmm <= 930; opening_width_pct <= 3.0; market_median_change_pct >= 0,19,5,10,4,26.32,11.81,-0.602
signal_hhmm <= 935; opening_width_pct <= 2.5; market_median_change_pct >= 0,19,5,10,4,26.32,11.81,-0.602
opening_width_pct <= 2.5; signal_close_vs_vwap_pct >= 0.3; market_median_change_pct >= -0.5,19,5,10,4,26.32,11.81,-0.619
opening_width_pct <= 3.0; cum_value_bil <= 8; market_median_change_pct >= 0,19,5,7,7,26.32,11.81,-0.429
cum_value_bil <= 8; market_median_change_pct >= 0; entry_gap_pct >= -1.5,19,5,7,7,26.32,11.81,-0.429
entry_vs_opening_high_pct >= -0.8; entry_gap_pct >= -0.5,23,6,13,4,26.09,12.55,-0.655
entry_vs_opening_high_pct >= -0.8; entry_gap_pct >= -1.5; entry_gap_pct >= -0.5,23,6,13,4,26.09,12.55,-0.655
entry_vs_opening_high_pct >= -0.8; entry_gap_pct >= -1; entry_gap_pct >= -0.5,23,6,13,4,26.09,12.55,-0.655
cum_value_bil <= 15; market_median_change_pct >= 0; entry_gap_pct >= -1.5,23,6,10,7,26.09,12.55,-0.498
opening_width_pct <= 2.5; entry_gap_pct >= -1.5,27,7,12,8,25.93,13.17,-0.537
opening_width_pct <= 2.5; opening_width_pct <= 3.0; entry_gap_pct >= -1.5,27,7,12,8,25.93,13.17,-0.537
opening_width_pct <= 3.0; entry_vs_opening_high_pct >= -0.8; market_median_change_pct >= 0,27,7,13,7,25.93,13.17,-0.57
opening_width_pct <= 3.0; market_median_change_pct >= 0; entry_gap_pct >= -1,28,7,13,8,25.0,12.68,-0.571
opening_width_pct <= 2.5; entry_vs_opening_high_pct >= -0.8; market_median_change_pct >= -0.5,24,6,11,7,25.0,12.0,-0.566
opening_width_pct <= 2.5; entry_vs_opening_high_pct >= -0.8; entry_gap_pct >= -1,24,6,11,7,25.0,12.0,-0.566
opening_width_pct <= 2.5; market_median_change_pct >= -0.5; entry_gap_pct >= -1,24,6,10,8,25.0,12.0,-0.529
signal_hhmm <= 930; market_median_change_pct >= 0,20,5,11,4,25.0,11.19,-0.647
signal_hhmm <= 930; signal_hhmm <= 935; market_median_change_pct >= 0,20,5,11,4,25.0,11.19,-0.647
signal_hhmm <= 930; signal_hhmm <= 940; market_median_change_pct >= 0,20,5,11,4,25.0,11.19,-0.647
signal_hhmm <= 930; market_median_change_pct >= -0.5; market_median_change_pct >= 0,20,5,11,4,25.0,11.19,-0.647
signal_hhmm <= 940; opening_width_pct <= 3.0; entry_gap_pct >= -0.5,20,5,12,3,25.0,11.19,-0.677
signal_hhmm <= 940; market_median_change_pct >= 0; entry_gap_pct >= -0.5,20,5,12,3,25.0,11.19,-0.677
opening_width_pct <= 2.5; entry_vs_opening_high_pct >= -0.5; market_median_change_pct >= -0.5,20,5,10,5,25.0,11.19,-0.66
opening_width_pct <= 3.0; market_median_change_pct >= -0.5; entry_gap_pct >= -0.5,20,5,11,4,25.0,11.19,-0.663
entry_vs_opening_high_pct >= -0.8; market_median_change_pct >= 0; entry_gap_pct >= -0.5,20,5,11,4,25.0,11.19,-0.663
signal_hhmm <= 930; entry_gap_pct >= -0.5,16,4,11,1,25.0,10.18,-0.744
signal_hhmm <= 940; opening_width_pct <= 2.0,16,4,5,7,25.0,10.18,-0.397
signal_hhmm <= 930; signal_hhmm <= 935; entry_gap_pct >= -0.5,16,4,11,1,25.0,10.18,-0.744
signal_hhmm <= 930; signal_hhmm <= 940; entry_gap_pct >= -0.5,16,4,11,1,25.0,10.18,-0.744
signal_hhmm <= 930; opening_width_pct <= 2.5; market_median_change_pct >= 0,16,4,8,4,25.0,10.18,-0.602
signal_hhmm <= 930; signal_close_vs_vwap_pct >= 0.3; market_median_change_pct >= 0,16,4,11,1,25.0,10.18,-0.772
signal_hhmm <= 930; entry_gap_pct >= -1.5; entry_gap_pct >= -0.5,16,4,11,1,25.0,10.18,-0.744
signal_hhmm <= 930; entry_gap_pct >= -1; entry_gap_pct >= -0.5,16,4,11,1,25.0,10.18,-0.744
signal_hhmm <= 935; market_median_change_pct >= 0; entry_gap_pct >= -0.5,16,4,11,1,25.0,10.18,-0.744
signal_hhmm <= 940; opening_width_pct <= 2.0; opening_width_pct <= 2.5,16,4,5,7,25.0,10.18,-0.397
signal_hhmm <= 940; opening_width_pct <= 2.0; opening_width_pct <= 3.0,16,4,5,7,25.0,10.18,-0.397
opening_width_pct <= 2.0; entry_vs_opening_high_pct >= -0.8; market_median_change_pct >= -0.5,16,4,5,7,25.0,10.18,-0.437
opening_width_pct <= 3.0; entry_vs_opening_high_pct >= -0.5; entry_gap_pct >= -0.5,16,4,9,3,25.0,10.18,-0.704
cum_value_bil <= 5; market_median_change_pct >= 0; entry_gap_pct >= -1,16,4,5,7,25.0,10.18,-0.397
opening_width_pct <= 2.0; signal_close_vs_vwap_pct >= 0.3,12,3,5,4,25.0,8.89,-0.556
opening_width_pct <= 2.0; cum_value_bil <= 5,12,3,2,7,25.0,8.89,-0.254
opening_width_pct <= 2.0; cum_value_bil <= 8,12,3,2,7,25.0,8.89,-0.254
opening_width_pct <= 3.0; market_median_change_pct >= 0.3,12,3,6,3,25.0,8.89,-0.603
cum_value_bil <= 10; entry_gap_pct >= 0,12,3,7,2,25.0,8.89,-0.621
signal_hhmm <= 925; opening_width_pct <= 2.5; market_median_change_pct >= 0,12,3,6,3,25.0,8.89,-0.603
signal_hhmm <= 925; entry_vs_opening_high_pct >= -0.8; entry_gap_pct >= -0.5,12,3,8,1,25.0,8.89,-0.717
signal_hhmm <= 935; opening_width_pct <= 2.0; entry_gap_pct >= -1.5,12,3,5,4,25.0,8.89,-0.528
signal_hhmm <= 935; opening_width_pct <= 2.0; entry_gap_pct >= -1,12,3,5,4,25.0,8.89,-0.528
signal_hhmm <= 935; entry_vs_opening_high_pct >= -0.8; market_median_change_pct >= 0.3,12,3,6,3,25.0,8.89,-0.603
signal_hhmm <= 940; opening_width_pct <= 2.0; entry_vs_opening_high_pct >= -0.5,12,3,5,4,25.0,8.89,-0.571
signal_hhmm <= 940; opening_width_pct <= 2.0; cum_value_bil <= 10,12,3,2,7,25.0,8.89,-0.254
signal_hhmm <= 940; opening_width_pct <= 2.0; cum_value_bil <= 15,12,3,2,7,25.0,8.89,-0.254
signal_hhmm <= 940; opening_width_pct <= 2.0; distance_from_60d_high_pct <= -8,12,3,4,5,25.0,8.89,-0.4
signal_hhmm <= 940; opening_width_pct <= 3.0; market_median_change_pct >= 0.3,12,3,6,3,25.0,8.89,-0.603
signal_hhmm <= 940; entry_vs_opening_high_pct >= -0.5; entry_gap_pct >= 0,12,3,8,1,25.0,8.89,-0.728
signal_hhmm <= 940; cum_value_bil <= 10; entry_gap_pct >= 0,12,3,7,2,25.0,8.89,-0.621
signal_hhmm <= 940; entry_gap_pct >= 0; distance_from_60d_high_pct <= -8,12,3,7,2,25.0,8.89,-0.621
opening_width_pct <= 2.0; opening_width_pct <= 2.5; signal_close_vs_vwap_pct >= 0.3,12,3,5,4,25.0,8.89,-0.556
opening_width_pct <= 2.0; opening_width_pct <= 2.5; cum_value_bil <= 5,12,3,2,7,25.0,8.89,-0.254
opening_width_pct <= 2.0; opening_width_pct <= 2.5; cum_value_bil <= 8,12,3,2,7,25.0,8.89,-0.254
opening_width_pct <= 2.0; opening_width_pct <= 3.0; signal_close_vs_vwap_pct >= 0.3,12,3,5,4,25.0,8.89,-0.556
opening_width_pct <= 2.0; opening_width_pct <= 3.0; cum_value_bil <= 5,12,3,2,7,25.0,8.89,-0.254
opening_width_pct <= 2.0; opening_width_pct <= 3.0; cum_value_bil <= 8,12,3,2,7,25.0,8.89,-0.254
opening_width_pct <= 2.0; entry_vs_opening_high_pct >= -0.8; signal_close_vs_vwap_pct >= 0.3,12,3,5,4,25.0,8.89,-0.556
opening_width_pct <= 2.0; entry_vs_opening_high_pct >= -0.8; cum_value_bil <= 10,12,3,3,6,25.0,8.89,-0.329
opening_width_pct <= 2.0; entry_vs_opening_high_pct >= -0.8; cum_value_bil <= 15,12,3,3,6,25.0,8.89,-0.329
opening_width_pct <= 2.0; signal_close_vs_vwap_pct >= 0.3; entry_gap_pct >= -1.5,12,3,5,4,25.0,8.89,-0.556
opening_width_pct <= 2.0; cum_value_bil <= 5; cum_value_bil <= 8,12,3,2,7,25.0,8.89,-0.254
opening_width_pct <= 2.0; cum_value_bil <= 5; cum_value_bil <= 10,12,3,2,7,25.0,8.89,-0.254
opening_width_pct <= 2.0; cum_value_bil <= 5; cum_value_bil <= 15,12,3,2,7,25.0,8.89,-0.254
opening_width_pct <= 2.0; cum_value_bil <= 5; market_median_change_pct >= -0.5,12,3,2,7,25.0,8.89,-0.254
opening_width_pct <= 2.0; cum_value_bil <= 8; cum_value_bil <= 10,12,3,2,7,25.0,8.89,-0.254
opening_width_pct <= 2.0; cum_value_bil <= 8; cum_value_bil <= 15,12,3,2,7,25.0,8.89,-0.254
opening_width_pct <= 2.0; cum_value_bil <= 8; market_median_change_pct >= -0.5,12,3,2,7,25.0,8.89,-0.254
opening_width_pct <= 2.5; entry_vs_opening_high_pct >= -0.2; distance_from_60d_high_pct <= -8,12,3,6,3,25.0,8.89,-0.664
opening_width_pct <= 3.0; market_median_change_pct >= -0.5; market_median_change_pct >= 0.3,12,3,6,3,25.0,8.89,-0.603
opening_width_pct <= 3.0; market_median_change_pct >= 0; market_median_change_pct >= 0.3,12,3,6,3,25.0,8.89,-0.603
entry_vs_opening_high_pct >= -0.8; signal_close_vs_vwap_pct >= 0.5; entry_gap_pct >= 0,12,3,9,0,25.0,8.89,-0.825
entry_vs_opening_high_pct >= -0.8; cum_value_bil <= 15; entry_gap_pct >= 0,12,3,7,2,25.0,8.89,-0.621
cum_value_bil <= 10; cum_value_bil <= 15; entry_gap_pct >= 0,12,3,7,2,25.0,8.89,-0.621
cum_value_bil <= 10; entry_gap_pct >= -1.5; entry_gap_pct >= 0,12,3,7,2,25.0,8.89,-0.621
cum_value_bil <= 10; entry_gap_pct >= -1; entry_gap_pct >= 0,12,3,7,2,25.0,8.89,-0.621
cum_value_bil <= 10; entry_gap_pct >= -0.5; entry_gap_pct >= 0,12,3,7,2,25.0,8.89,-0.621
signal_hhmm <= 920; cum_value_bil <= 15,8,2,5,1,25.0,7.15,-0.663
signal_hhmm <= 925; opening_width_pct <= 2.0,8,2,3,3,25.0,7.15,-0.492
opening_width_pct <= 2.0; entry_vs_opening_high_pct >= -0.2,8,2,3,3,25.0,7.15,-0.583
entry_vs_opening_high_pct >= 0; distance_from_60d_high_pct <= -10,8,2,5,1,25.0,7.15,-0.76
signal_hhmm <= 920; signal_hhmm <= 925; cum_value_bil <= 15,8,2,5,1,25.0,7.15,-0.663
signal_hhmm <= 920; signal_hhmm <= 930; cum_value_bil <= 15,8,2,5,1,25.0,7.15,-0.663
signal_hhmm <= 920; signal_hhmm <= 935; cum_value_bil <= 15,8,2,5,1,25.0,7.15,-0.663
signal_hhmm <= 920; signal_hhmm <= 940; cum_value_bil <= 15,8,2,5,1,25.0,7.15,-0.663
signal_hhmm <= 920; opening_width_pct <= 3.0; entry_vs_opening_high_pct >= -0.5,8,2,6,0,25.0,7.15,-0.825
signal_hhmm <= 920; opening_width_pct <= 3.0; market_median_change_pct >= -0.5,8,2,5,1,25.0,7.15,-0.663
signal_hhmm <= 920; opening_width_pct <= 3.0; market_median_change_pct >= 0,8,2,5,1,25.0,7.15,-0.663
signal_hhmm <= 920; opening_width_pct <= 3.0; distance_from_60d_high_pct <= -8,8,2,5,1,25.0,7.15,-0.663
signal_hhmm <= 920; entry_vs_opening_high_pct >= -0.8; cum_value_bil <= 15,8,2,5,1,25.0,7.15,-0.663
signal_hhmm <= 920; entry_vs_opening_high_pct >= -0.5; market_median_change_pct >= -0.5,8,2,6,0,25.0,7.15,-0.825
signal_hhmm <= 920; entry_vs_opening_high_pct >= -0.5; market_median_change_pct >= 0,8,2,6,0,25.0,7.15,-0.825
signal_hhmm <= 920; signal_close_vs_vwap_pct >= 0.3; market_median_change_pct >= -0.5,8,2,6,0,25.0,7.15,-0.825
signal_hhmm <= 920; signal_close_vs_vwap_pct >= 0.3; market_median_change_pct >= 0,8,2,6,0,25.0,7.15,-0.825
signal_hhmm <= 920; signal_close_vs_vwap_pct >= 0.5; distance_from_60d_high_pct <= -8,8,2,6,0,25.0,7.15,-0.825
signal_hhmm <= 920; cum_value_bil <= 15; entry_gap_pct >= -1.5,8,2,5,1,25.0,7.15,-0.663
signal_hhmm <= 920; cum_value_bil <= 15; entry_gap_pct >= -1,8,2,5,1,25.0,7.15,-0.663
signal_hhmm <= 925; signal_hhmm <= 930; opening_width_pct <= 2.0,8,2,3,3,25.0,7.15,-0.492
signal_hhmm <= 925; signal_hhmm <= 935; opening_width_pct <= 2.0,8,2,3,3,25.0,7.15,-0.492
signal_hhmm <= 925; signal_hhmm <= 940; opening_width_pct <= 2.0,8,2,3,3,25.0,7.15,-0.492
signal_hhmm <= 925; opening_width_pct <= 2.0; opening_width_pct <= 2.5,8,2,3,3,25.0,7.15,-0.492
signal_hhmm <= 925; opening_width_pct <= 2.0; opening_width_pct <= 3.0,8,2,3,3,25.0,7.15,-0.492
signal_hhmm <= 925; opening_width_pct <= 2.0; entry_vs_opening_high_pct >= -0.8,8,2,3,3,25.0,7.15,-0.492
signal_hhmm <= 925; opening_width_pct <= 2.0; entry_gap_pct >= -1.5,8,2,3,3,25.0,7.15,-0.492
signal_hhmm <= 925; opening_width_pct <= 2.0; entry_gap_pct >= -1,8,2,3,3,25.0,7.15,-0.492
signal_hhmm <= 925; entry_vs_opening_high_pct >= -0.5; market_median_change_pct >= 0.3,8,2,4,2,25.0,7.15,-0.654
signal_hhmm <= 925; signal_close_vs_vwap_pct >= 0.3; market_median_change_pct >= 0.3,8,2,5,1,25.0,7.15,-0.719
signal_hhmm <= 925; cum_value_bil <= 15; market_median_change_pct >= 0.3,8,2,3,3,25.0,7.15,-0.492
signal_hhmm <= 925; market_median_change_pct >= 0.3; distance_from_60d_high_pct <= -8,8,2,4,2,25.0,7.15,-0.598
signal_hhmm <= 930; opening_width_pct <= 2.0; entry_vs_opening_high_pct >= -0.5,8,2,4,2,25.0,7.15,-0.654
signal_hhmm <= 930; opening_width_pct <= 2.0; cum_value_bil <= 10,8,2,2,4,25.0,7.15,-0.38
signal_hhmm <= 930; opening_width_pct <= 2.0; cum_value_bil <= 15,8,2,2,4,25.0,7.15,-0.38
signal_hhmm <= 930; signal_close_vs_vwap_pct >= 0.5; market_median_change_pct >= 0.3,8,2,5,1,25.0,7.15,-0.719
signal_hhmm <= 930; cum_value_bil <= 10; market_median_change_pct >= 0.3,8,2,3,3,25.0,7.15,-0.492
signal_hhmm <= 935; cum_value_bil <= 8; entry_gap_pct >= 0,8,2,5,1,25.0,7.15,-0.663
signal_hhmm <= 935; market_median_change_pct >= 0.3; entry_gap_pct >= 0,8,2,5,1,25.0,7.15,-0.663
signal_hhmm <= 940; opening_width_pct <= 2.0; volume_ratio >= 2.0,8,2,1,5,25.0,7.15,-0.243
signal_hhmm <= 940; entry_vs_opening_high_pct >= 0; distance_from_60d_high_pct <= -8,8,2,5,1,25.0,7.15,-0.76
opening_width_pct <= 2.0; opening_width_pct <= 2.5; entry_vs_opening_high_pct >= -0.2,8,2,3,3,25.0,7.15,-0.583
opening_width_pct <= 2.0; opening_width_pct <= 3.0; entry_vs_opening_high_pct >= -0.2,8,2,3,3,25.0,7.15,-0.583
opening_width_pct <= 2.0; entry_vs_opening_high_pct >= -0.8; entry_vs_opening_high_pct >= -0.2,8,2,3,3,25.0,7.15,-0.583
opening_width_pct <= 2.0; entry_vs_opening_high_pct >= -0.5; entry_vs_opening_high_pct >= -0.2,8,2,3,3,25.0,7.15,-0.583
opening_width_pct <= 2.0; entry_vs_opening_high_pct >= -0.5; volume_ratio >= 2.0,8,2,1,5,25.0,7.15,-0.412
opening_width_pct <= 2.0; entry_vs_opening_high_pct >= -0.5; cum_value_bil <= 5,8,2,2,4,25.0,7.15,-0.445
opening_width_pct <= 2.0; entry_vs_opening_high_pct >= -0.5; cum_value_bil <= 8,8,2,2,4,25.0,7.15,-0.445
opening_width_pct <= 2.0; entry_vs_opening_high_pct >= -0.5; distance_from_60d_high_pct <= -10,8,2,3,3,25.0,7.15,-0.55
opening_width_pct <= 2.0; entry_vs_opening_high_pct >= -0.2; entry_gap_pct >= -1.5,8,2,3,3,25.0,7.15,-0.583
opening_width_pct <= 2.0; signal_close_vs_vwap_pct >= 0.3; cum_value_bil <= 10,8,2,3,3,25.0,7.15,-0.454
opening_width_pct <= 2.0; signal_close_vs_vwap_pct >= 0.3; cum_value_bil <= 15,8,2,3,3,25.0,7.15,-0.454
opening_width_pct <= 2.0; volume_ratio >= 2.0; market_median_change_pct >= -0.5,8,2,0,6,25.0,7.15,-0.211
opening_width_pct <= 2.5; cum_value_bil <= 5; entry_gap_pct >= -0.5,8,2,3,3,25.0,7.15,-0.454
opening_width_pct <= 3.0; entry_vs_opening_high_pct >= -0.5; market_median_change_pct >= 0.3,8,2,4,2,25.0,7.15,-0.654
opening_width_pct <= 3.0; market_median_change_pct >= 0.3; distance_from_60d_high_pct <= -8,8,2,4,2,25.0,7.15,-0.598
entry_vs_opening_high_pct >= -0.8; entry_vs_opening_high_pct >= 0; distance_from_60d_high_pct <= -10,8,2,5,1,25.0,7.15,-0.76
entry_vs_opening_high_pct >= -0.8; signal_close_vs_vwap_pct >= 0.8; entry_gap_pct >= 0,8,2,6,0,25.0,7.15,-0.825
entry_vs_opening_high_pct >= -0.5; entry_vs_opening_high_pct >= 0; distance_from_60d_high_pct <= -10,8,2,5,1,25.0,7.15,-0.76
entry_vs_opening_high_pct >= -0.5; signal_close_vs_vwap_pct >= 0.8; entry_gap_pct >= 0,8,2,6,0,25.0,7.15,-0.825
entry_vs_opening_high_pct >= -0.2; entry_vs_opening_high_pct >= 0; distance_from_60d_high_pct <= -10,8,2,5,1,25.0,7.15,-0.76
entry_vs_opening_high_pct >= -0.2; volume_ratio >= 2.0; entry_gap_pct >= -0.5,8,2,3,3,25.0,7.15,-0.583
entry_vs_opening_high_pct >= 0; signal_close_vs_vwap_pct >= 0.3; distance_from_60d_high_pct <= -10,8,2,5,1,25.0,7.15,-0.76
entry_vs_opening_high_pct >= 0; entry_gap_pct >= -1.5; distance_from_60d_high_pct <= -10,8,2,5,1,25.0,7.15,-0.76
entry_vs_opening_high_pct >= 0; distance_from_60d_high_pct <= -8; distance_from_60d_high_pct <= -10,8,2,5,1,25.0,7.15,-0.76
signal_close_vs_vwap_pct >= 0.3; cum_value_bil <= 8; entry_gap_pct >= 0,8,2,6,0,25.0,7.15,-0.825
signal_close_vs_vwap_pct >= 0.5; cum_value_bil <= 8; entry_gap_pct >= 0,8,2,6,0,25.0,7.15,-0.825
cum_value_bil <= 3; market_median_change_pct >= -0.5; entry_gap_pct >= -1.5,8,2,3,3,25.0,7.15,-0.503
cum_value_bil <= 3; market_median_change_pct >= -0.5; entry_gap_pct >= -1,8,2,3,3,25.0,7.15,-0.503
cum_value_bil <= 3; market_median_change_pct >= 0; entry_gap_pct >= -1.5,8,2,3,3,25.0,7.15,-0.503
cum_value_bil <= 3; market_median_change_pct >= 0; entry_gap_pct >= -1,8,2,3,3,25.0,7.15,-0.503
cum_value_bil <= 8; market_median_change_pct >= -0.5; entry_gap_pct >= 0,8,2,4,2,25.0,7.15,-0.518
cum_value_bil <= 8; market_median_change_pct >= 0; entry_gap_pct >= 0,8,2,4,2,25.0,7.15,-0.518
opening_width_pct <= 3.0; market_median_change_pct >= 0; entry_gap_pct >= -1.5,29,7,14,8,24.14,12.22,-0.603
opening_width_pct <= 2.5; entry_vs_opening_high_pct >= -0.8; entry_gap_pct >= -1.5,25,6,12,7,24.0,11.5,-0.604
opening_width_pct <= 2.5; market_median_change_pct >= -0.5; entry_gap_pct >= -1.5,25,6,11,8,24.0,11.5,-0.568
opening_width_pct <= 3.0; entry_gap_pct >= -0.5,21,5,12,4,23.81,10.63,-0.703
market_median_change_pct >= 0; entry_gap_pct >= -0.5,21,5,12,4,23.81,10.63,-0.703
opening_width_pct <= 3.0; entry_gap_pct >= -1.5; entry_gap_pct >= -0.5,21,5,12,4,23.81,10.63,-0.703
opening_width_pct <= 3.0; entry_gap_pct >= -1; entry_gap_pct >= -0.5,21,5,12,4,23.81,10.63,-0.703
market_median_change_pct >= -0.5; market_median_change_pct >= 0; entry_gap_pct >= -0.5,21,5,12,4,23.81,10.63,-0.703
market_median_change_pct >= 0; entry_gap_pct >= -1.5; entry_gap_pct >= -0.5,21,5,12,4,23.81,10.63,-0.703
market_median_change_pct >= 0; entry_gap_pct >= -1; entry_gap_pct >= -0.5,21,5,12,4,23.81,10.63,-0.703
opening_width_pct <= 2.0; entry_vs_opening_high_pct >= -0.8,17,4,6,7,23.53,9.55,-0.499
opening_width_pct <= 2.0; market_median_change_pct >= -0.5,17,4,5,8,23.53,9.55,-0.446
opening_width_pct <= 2.0; opening_width_pct <= 2.5; entry_vs_opening_high_pct >= -0.8,17,4,6,7,23.53,9.55,-0.499
opening_width_pct <= 2.0; opening_width_pct <= 2.5; market_median_change_pct >= -0.5,17,4,5,8,23.53,9.55,-0.446
opening_width_pct <= 2.0; opening_width_pct <= 3.0; entry_vs_opening_high_pct >= -0.8,17,4,6,7,23.53,9.55,-0.499
opening_width_pct <= 2.0; opening_width_pct <= 3.0; market_median_change_pct >= -0.5,17,4,5,8,23.53,9.55,-0.446
opening_width_pct <= 2.5; cum_value_bil <= 10; market_median_change_pct >= 0,17,4,6,7,23.53,9.55,-0.462
opening_width_pct <= 2.5; cum_value_bil <= 15; market_median_change_pct >= 0,17,4,6,7,23.53,9.55,-0.462
opening_width_pct <= 3.0; signal_close_vs_vwap_pct >= 0.3; entry_gap_pct >= -0.5,17,4,11,2,23.53,9.55,-0.819
opening_width_pct <= 3.0; cum_value_bil <= 5; market_median_change_pct >= 0,17,4,6,7,23.53,9.55,-0.462
cum_value_bil <= 5; market_median_change_pct >= 0; entry_gap_pct >= -1.5,17,4,6,7,23.53,9.55,-0.462
signal_hhmm <= 935; market_median_change_pct >= 0.3,13,3,7,3,23.08,8.18,-0.672
opening_width_pct <= 2.0; cum_value_bil <= 10,13,3,3,7,23.08,8.18,-0.35
opening_width_pct <= 2.0; cum_value_bil <= 15,13,3,3,7,23.08,8.18,-0.35
entry_vs_opening_high_pct >= -0.5; entry_gap_pct >= 0,13,3,8,2,23.08,8.18,-0.768
signal_close_vs_vwap_pct >= 0.5; entry_gap_pct >= 0,13,3,10,0,23.08,8.18,-0.877
cum_value_bil <= 15; entry_gap_pct >= 0,13,3,8,2,23.08,8.18,-0.688
entry_gap_pct >= 0; distance_from_60d_high_pct <= -8,13,3,7,3,23.08,8.18,-0.668
signal_hhmm <= 935; signal_hhmm <= 940; market_median_change_pct >= 0.3,13,3,7,3,23.08,8.18,-0.672
signal_hhmm <= 935; opening_width_pct <= 2.5; entry_gap_pct >= -0.5,13,3,9,1,23.08,8.18,-0.777
signal_hhmm <= 935; market_median_change_pct >= -0.5; market_median_change_pct >= 0.3,13,3,7,3,23.08,8.18,-0.672
signal_hhmm <= 935; market_median_change_pct >= 0; market_median_change_pct >= 0.3,13,3,7,3,23.08,8.18,-0.672
signal_hhmm <= 935; market_median_change_pct >= 0.3; entry_gap_pct >= -1.5,13,3,7,3,23.08,8.18,-0.672
signal_hhmm <= 935; market_median_change_pct >= 0.3; entry_gap_pct >= -1,13,3,7,3,23.08,8.18,-0.672
signal_hhmm <= 940; signal_close_vs_vwap_pct >= 0.5; entry_gap_pct >= 0,13,3,10,0,23.08,8.18,-0.877
signal_hhmm <= 940; cum_value_bil <= 15; entry_gap_pct >= 0,13,3,8,2,23.08,8.18,-0.688
opening_width_pct <= 2.0; opening_width_pct <= 2.5; cum_value_bil <= 10,13,3,3,7,23.08,8.18,-0.35
opening_width_pct <= 2.0; opening_width_pct <= 2.5; cum_value_bil <= 15,13,3,3,7,23.08,8.18,-0.35
opening_width_pct <= 2.0; opening_width_pct <= 3.0; cum_value_bil <= 10,13,3,3,7,23.08,8.18,-0.35
opening_width_pct <= 2.0; opening_width_pct <= 3.0; cum_value_bil <= 15,13,3,3,7,23.08,8.18,-0.35
opening_width_pct <= 2.0; entry_vs_opening_high_pct >= -0.5; market_median_change_pct >= -0.5,13,3,5,5,23.08,8.18,-0.623
opening_width_pct <= 2.0; entry_vs_opening_high_pct >= -0.5; entry_gap_pct >= -1,13,3,5,5,23.08,8.18,-0.623
opening_width_pct <= 2.0; cum_value_bil <= 10; cum_value_bil <= 15,13,3,3,7,23.08,8.18,-0.35
opening_width_pct <= 2.0; cum_value_bil <= 10; market_median_change_pct >= -0.5,13,3,3,7,23.08,8.18,-0.35
opening_width_pct <= 2.0; cum_value_bil <= 15; market_median_change_pct >= -0.5,13,3,3,7,23.08,8.18,-0.35
opening_width_pct <= 2.0; market_median_change_pct >= -0.5; distance_from_60d_high_pct <= -8,13,3,4,6,23.08,8.18,-0.464
opening_width_pct <= 2.5; entry_gap_pct >= -0.5; distance_from_60d_high_pct <= -8,13,3,6,4,23.08,8.18,-0.628
opening_width_pct <= 3.0; signal_close_vs_vwap_pct >= 0.5; entry_gap_pct >= -0.5,13,3,10,0,23.08,8.18,-0.877
entry_vs_opening_high_pct >= -0.8; entry_vs_opening_high_pct >= -0.5; entry_gap_pct >= 0,13,3,8,2,23.08,8.18,-0.768
entry_vs_opening_high_pct >= -0.8; entry_gap_pct >= 0; distance_from_60d_high_pct <= -8,13,3,7,3,23.08,8.18,-0.668
entry_vs_opening_high_pct >= -0.5; market_median_change_pct >= -0.5; entry_gap_pct >= 0,13,3,8,2,23.08,8.18,-0.768
entry_vs_opening_high_pct >= -0.5; market_median_change_pct >= 0; entry_gap_pct >= 0,13,3,8,2,23.08,8.18,-0.768
entry_vs_opening_high_pct >= -0.5; entry_gap_pct >= -1.5; entry_gap_pct >= 0,13,3,8,2,23.08,8.18,-0.768
entry_vs_opening_high_pct >= -0.5; entry_gap_pct >= -1; entry_gap_pct >= 0,13,3,8,2,23.08,8.18,-0.768
entry_vs_opening_high_pct >= -0.5; entry_gap_pct >= -0.5; entry_gap_pct >= 0,13,3,8,2,23.08,8.18,-0.768
signal_close_vs_vwap_pct >= 0.3; signal_close_vs_vwap_pct >= 0.5; entry_gap_pct >= 0,13,3,10,0,23.08,8.18,-0.877
signal_close_vs_vwap_pct >= 0.3; market_median_change_pct >= -0.5; entry_gap_pct >= 0,13,3,9,1,23.08,8.18,-0.857
signal_close_vs_vwap_pct >= 0.3; market_median_change_pct >= 0; entry_gap_pct >= 0,13,3,9,1,23.08,8.18,-0.857
signal_close_vs_vwap_pct >= 0.5; entry_gap_pct >= -1.5; entry_gap_pct >= 0,13,3,10,0,23.08,8.18,-0.877
signal_close_vs_vwap_pct >= 0.5; entry_gap_pct >= -1; entry_gap_pct >= 0,13,3,10,0,23.08,8.18,-0.877
signal_close_vs_vwap_pct >= 0.5; entry_gap_pct >= -0.5; entry_gap_pct >= 0,13,3,10,0,23.08,8.18,-0.877
cum_value_bil <= 15; entry_gap_pct >= -1.5; entry_gap_pct >= 0,13,3,8,2,23.08,8.18,-0.688
cum_value_bil <= 15; entry_gap_pct >= -1; entry_gap_pct >= 0,13,3,8,2,23.08,8.18,-0.688
cum_value_bil <= 15; entry_gap_pct >= -0.5; entry_gap_pct >= 0,13,3,8,2,23.08,8.18,-0.688
entry_gap_pct >= -1.5; entry_gap_pct >= 0; distance_from_60d_high_pct <= -8,13,3,7,3,23.08,8.18,-0.668
entry_gap_pct >= -1; entry_gap_pct >= 0; distance_from_60d_high_pct <= -8,13,3,7,3,23.08,8.18,-0.668
entry_gap_pct >= -0.5; entry_gap_pct >= 0; distance_from_60d_high_pct <= -8,13,3,7,3,23.08,8.18,-0.668
signal_hhmm <= 940; opening_width_pct <= 2.5; market_median_change_pct >= 0,22,5,10,7,22.73,10.12,-0.575
opening_width_pct <= 2.0,18,4,6,8,22.22,9.0,-0.505
opening_width_pct <= 2.0; opening_width_pct <= 2.5,18,4,6,8,22.22,9.0,-0.505
opening_width_pct <= 2.0; opening_width_pct <= 3.0,18,4,6,8,22.22,9.0,-0.505
opening_width_pct <= 2.0; opening_width_pct <= 2.5; opening_width_pct <= 3.0,18,4,6,8,22.22,9.0,-0.505
opening_width_pct <= 2.5; signal_close_vs_vwap_pct >= 0.3; market_median_change_pct >= 0,18,4,10,4,22.22,9.0,-0.72
opening_width_pct <= 2.5; market_median_change_pct >= 0; distance_from_60d_high_pct <= -8,18,4,8,6,22.22,9.0,-0.602
signal_hhmm <= 920; entry_vs_opening_high_pct >= -0.5,9,2,7,0,22.22,6.32,-0.9
signal_hhmm <= 920; signal_close_vs_vwap_pct >= 0.5,9,2,7,0,22.22,6.32,-0.9
signal_hhmm <= 920; market_median_change_pct >= -0.5,9,2,6,1,22.22,6.32,-0.756
signal_hhmm <= 920; market_median_change_pct >= 0,9,2,6,1,22.22,6.32,-0.756
opening_width_pct <= 2.0; volume_ratio >= 2.0,9,2,1,6,22.22,6.32,-0.354
signal_close_vs_vwap_pct >= 0.8; entry_gap_pct >= 0,9,2,7,0,22.22,6.32,-0.9
signal_hhmm <= 920; signal_hhmm <= 925; entry_vs_opening_high_pct >= -0.5,9,2,7,0,22.22,6.32,-0.9
signal_hhmm <= 920; signal_hhmm <= 925; signal_close_vs_vwap_pct >= 0.5,9,2,7,0,22.22,6.32,-0.9
signal_hhmm <= 920; signal_hhmm <= 925; market_median_change_pct >= -0.5,9,2,6,1,22.22,6.32,-0.756
signal_hhmm <= 920; signal_hhmm <= 925; market_median_change_pct >= 0,9,2,6,1,22.22,6.32,-0.756
signal_hhmm <= 920; signal_hhmm <= 930; entry_vs_opening_high_pct >= -0.5,9,2,7,0,22.22,6.32,-0.9
signal_hhmm <= 920; signal_hhmm <= 930; signal_close_vs_vwap_pct >= 0.5,9,2,7,0,22.22,6.32,-0.9
signal_hhmm <= 920; signal_hhmm <= 930; market_median_change_pct >= -0.5,9,2,6,1,22.22,6.32,-0.756
signal_hhmm <= 920; signal_hhmm <= 930; market_median_change_pct >= 0,9,2,6,1,22.22,6.32,-0.756
signal_hhmm <= 920; signal_hhmm <= 935; entry_vs_opening_high_pct >= -0.5,9,2,7,0,22.22,6.32,-0.9
signal_hhmm <= 920; signal_hhmm <= 935; signal_close_vs_vwap_pct >= 0.5,9,2,7,0,22.22,6.32,-0.9
signal_hhmm <= 920; signal_hhmm <= 935; market_median_change_pct >= -0.5,9,2,6,1,22.22,6.32,-0.756
signal_hhmm <= 920; signal_hhmm <= 935; market_median_change_pct >= 0,9,2,6,1,22.22,6.32,-0.756
signal_hhmm <= 920; signal_hhmm <= 940; entry_vs_opening_high_pct >= -0.5,9,2,7,0,22.22,6.32,-0.9
signal_hhmm <= 920; signal_hhmm <= 940; signal_close_vs_vwap_pct >= 0.5,9,2,7,0,22.22,6.32,-0.9
signal_hhmm <= 920; signal_hhmm <= 940; market_median_change_pct >= -0.5,9,2,6,1,22.22,6.32,-0.756
signal_hhmm <= 920; signal_hhmm <= 940; market_median_change_pct >= 0,9,2,6,1,22.22,6.32,-0.756
signal_hhmm <= 920; opening_width_pct <= 3.0; signal_close_vs_vwap_pct >= 0.3,9,2,7,0,22.22,6.32,-0.9
signal_hhmm <= 920; entry_vs_opening_high_pct >= -0.8; entry_vs_opening_high_pct >= -0.5,9,2,7,0,22.22,6.32,-0.9
signal_hhmm <= 920; entry_vs_opening_high_pct >= -0.8; signal_close_vs_vwap_pct >= 0.5,9,2,7,0,22.22,6.32,-0.9
signal_hhmm <= 920; entry_vs_opening_high_pct >= -0.8; market_median_change_pct >= -0.5,9,2,6,1,22.22,6.32,-0.756
signal_hhmm <= 920; entry_vs_opening_high_pct >= -0.8; market_median_change_pct >= 0,9,2,6,1,22.22,6.32,-0.756
signal_hhmm <= 920; entry_vs_opening_high_pct >= -0.5; signal_close_vs_vwap_pct >= 0.3,9,2,7,0,22.22,6.32,-0.9
signal_hhmm <= 920; entry_vs_opening_high_pct >= -0.5; entry_gap_pct >= -1.5,9,2,7,0,22.22,6.32,-0.9
signal_hhmm <= 920; entry_vs_opening_high_pct >= -0.5; entry_gap_pct >= -1,9,2,7,0,22.22,6.32,-0.9
signal_hhmm <= 920; signal_close_vs_vwap_pct >= 0.3; signal_close_vs_vwap_pct >= 0.5,9,2,7,0,22.22,6.32,-0.9
signal_hhmm <= 920; signal_close_vs_vwap_pct >= 0.3; distance_from_60d_high_pct <= -8,9,2,7,0,22.22,6.32,-0.9
signal_hhmm <= 920; signal_close_vs_vwap_pct >= 0.5; entry_gap_pct >= -1.5,9,2,7,0,22.22,6.32,-0.9
signal_hhmm <= 920; signal_close_vs_vwap_pct >= 0.5; entry_gap_pct >= -1,9,2,7,0,22.22,6.32,-0.9
signal_hhmm <= 920; market_median_change_pct >= -0.5; market_median_change_pct >= 0,9,2,6,1,22.22,6.32,-0.756
signal_hhmm <= 920; market_median_change_pct >= -0.5; entry_gap_pct >= -1.5,9,2,6,1,22.22,6.32,-0.756
signal_hhmm <= 920; market_median_change_pct >= -0.5; entry_gap_pct >= -1,9,2,6,1,22.22,6.32,-0.756
signal_hhmm <= 920; market_median_change_pct >= 0; entry_gap_pct >= -1.5,9,2,6,1,22.22,6.32,-0.756
signal_hhmm <= 920; market_median_change_pct >= 0; entry_gap_pct >= -1,9,2,6,1,22.22,6.32,-0.756
signal_hhmm <= 925; opening_width_pct <= 3.0; market_median_change_pct >= 0.3,9,2,4,3,22.22,6.32,-0.604
signal_hhmm <= 925; signal_close_vs_vwap_pct >= 0.5; entry_gap_pct >= -0.5,9,2,7,0,22.22,6.32,-0.9
signal_hhmm <= 925; market_median_change_pct >= 0; entry_gap_pct >= -0.5,9,2,6,1,22.22,6.32,-0.756
signal_hhmm <= 930; opening_width_pct <= 2.0; market_median_change_pct >= 0,9,2,3,4,22.22,6.32,-0.504
signal_hhmm <= 930; entry_vs_opening_high_pct >= -0.5; market_median_change_pct >= 0.3,9,2,5,2,22.22,6.32,-0.748
signal_hhmm <= 930; cum_value_bil <= 15; market_median_change_pct >= 0.3,9,2,4,3,22.22,6.32,-0.604
signal_hhmm <= 930; market_median_change_pct >= 0.3; distance_from_60d_high_pct <= -8,9,2,5,2,22.22,6.32,-0.698
signal_hhmm <= 935; entry_vs_opening_high_pct >= -0.5; entry_gap_pct >= 0,9,2,7,0,22.22,6.32,-0.9
signal_hhmm <= 935; signal_close_vs_vwap_pct >= 0.8; entry_gap_pct >= -0.5,9,2,7,0,22.22,6.32,-0.9
signal_hhmm <= 935; cum_value_bil <= 10; entry_gap_pct >= 0,9,2,6,1,22.22,6.32,-0.756
signal_hhmm <= 935; market_median_change_pct >= 0.3; entry_gap_pct >= -0.5,9,2,6,1,22.22,6.32,-0.756
signal_hhmm <= 940; entry_vs_opening_high_pct >= -0.2; entry_gap_pct >= -0.5,9,2,5,2,22.22,6.32,-0.714
signal_hhmm <= 940; signal_close_vs_vwap_pct >= 0.8; entry_gap_pct >= 0,9,2,7,0,22.22,6.32,-0.9
opening_width_pct <= 2.0; opening_width_pct <= 2.5; volume_ratio >= 2.0,9,2,1,6,22.22,6.32,-0.354
opening_width_pct <= 2.0; opening_width_pct <= 3.0; volume_ratio >= 2.0,9,2,1,6,22.22,6.32,-0.354
opening_width_pct <= 2.0; entry_vs_opening_high_pct >= -0.8; volume_ratio >= 2.0,9,2,1,6,22.22,6.32,-0.354
opening_width_pct <= 2.0; entry_vs_opening_high_pct >= -0.5; cum_value_bil <= 10,9,2,3,4,22.22,6.32,-0.562
opening_width_pct <= 2.0; entry_vs_opening_high_pct >= -0.5; cum_value_bil <= 15,9,2,3,4,22.22,6.32,-0.562
opening_width_pct <= 2.0; signal_close_vs_vwap_pct >= 0.3; distance_from_60d_high_pct <= -8,9,2,4,3,22.22,6.32,-0.635
opening_width_pct <= 2.0; volume_ratio >= 2.0; entry_gap_pct >= -1.5,9,2,1,6,22.22,6.32,-0.354
opening_width_pct <= 2.0; volume_ratio >= 2.0; entry_gap_pct >= -1,9,2,1,6,22.22,6.32,-0.354
opening_width_pct <= 2.0; cum_value_bil <= 5; distance_from_60d_high_pct <= -8,9,2,2,5,22.22,6.32,-0.333
opening_width_pct <= 2.0; cum_value_bil <= 5; distance_from_60d_high_pct <= -10,9,2,2,5,22.22,6.32,-0.333
opening_width_pct <= 2.0; cum_value_bil <= 8; distance_from_60d_high_pct <= -8,9,2,2,5,22.22,6.32,-0.333
opening_width_pct <= 2.0; cum_value_bil <= 8; distance_from_60d_high_pct <= -10,9,2,2,5,22.22,6.32,-0.333
opening_width_pct <= 2.0; cum_value_bil <= 10; distance_from_60d_high_pct <= -10,9,2,2,5,22.22,6.32,-0.333
opening_width_pct <= 2.0; cum_value_bil <= 15; distance_from_60d_high_pct <= -10,9,2,2,5,22.22,6.32,-0.333
opening_width_pct <= 2.0; market_median_change_pct >= 0; distance_from_60d_high_pct <= -10,9,2,2,5,22.22,6.32,-0.333
opening_width_pct <= 2.0; entry_gap_pct >= -1; distance_from_60d_high_pct <= -10,9,2,2,5,22.22,6.32,-0.333
opening_width_pct <= 2.5; entry_vs_opening_high_pct >= 0; distance_from_60d_high_pct <= -8,9,2,5,2,22.22,6.32,-0.813
opening_width_pct <= 2.5; entry_gap_pct >= -0.5; distance_from_60d_high_pct <= -10,9,2,4,3,22.22,6.32,-0.57
entry_vs_opening_high_pct >= -0.8; cum_value_bil <= 8; entry_gap_pct >= 0,9,2,5,2,22.22,6.32,-0.627
entry_vs_opening_high_pct >= -0.2; signal_close_vs_vwap_pct >= 0.3; entry_gap_pct >= -0.5,9,2,5,2,22.22,6.32,-0.813
entry_vs_opening_high_pct >= -0.2; entry_gap_pct >= -0.5; distance_from_60d_high_pct <= -8,9,2,4,3,22.22,6.32,-0.685
entry_vs_opening_high_pct >= 0; market_median_change_pct >= -0.5; distance_from_60d_high_pct <= -8,9,2,5,2,22.22,6.32,-0.813
entry_vs_opening_high_pct >= 0; market_median_change_pct >= 0; distance_from_60d_high_pct <= -8,9,2,5,2,22.22,6.32,-0.813
entry_vs_opening_high_pct >= 0; entry_gap_pct >= -1; distance_from_60d_high_pct <= -8,9,2,5,2,22.22,6.32,-0.813
signal_close_vs_vwap_pct >= 0.3; signal_close_vs_vwap_pct >= 0.8; entry_gap_pct >= 0,9,2,7,0,22.22,6.32,-0.9
signal_close_vs_vwap_pct >= 0.5; signal_close_vs_vwap_pct >= 0.8; entry_gap_pct >= 0,9,2,7,0,22.22,6.32,-0.9
signal_close_vs_vwap_pct >= 0.8; market_median_change_pct >= -0.5; entry_gap_pct >= 0,9,2,7,0,22.22,6.32,-0.9
signal_close_vs_vwap_pct >= 0.8; market_median_change_pct >= 0; entry_gap_pct >= 0,9,2,7,0,22.22,6.32,-0.9
signal_close_vs_vwap_pct >= 0.8; entry_gap_pct >= -1.5; entry_gap_pct >= 0,9,2,7,0,22.22,6.32,-0.9
signal_close_vs_vwap_pct >= 0.8; entry_gap_pct >= -1; entry_gap_pct >= 0,9,2,7,0,22.22,6.32,-0.9
signal_close_vs_vwap_pct >= 0.8; entry_gap_pct >= -0.5; entry_gap_pct >= 0,9,2,7,0,22.22,6.32,-0.9
cum_value_bil <= 5; market_median_change_pct >= 0; entry_gap_pct >= -0.5,9,2,4,3,22.22,6.32,-0.57
opening_width_pct <= 2.5; entry_vs_opening_high_pct >= -0.8; market_median_change_pct >= 0,23,5,11,7,21.74,9.66,-0.643
opening_width_pct <= 2.0; entry_vs_opening_high_pct >= -0.5,14,3,6,5,21.43,7.57,-0.685
opening_width_pct <= 2.0; distance_from_60d_high_pct <= -8,14,3,5,6,21.43,7.57,-0.538
signal_hhmm <= 930; entry_vs_opening_high_pct >= -0.8; entry_gap_pct >= -0.5,14,3,10,1,21.43,7.57,-0.829
signal_hhmm <= 930; signal_close_vs_vwap_pct >= 0.3; entry_gap_pct >= -0.5,14,3,11,0,21.43,7.57,-0.921
signal_hhmm <= 940; opening_width_pct <= 2.0; market_median_change_pct >= 0,14,3,4,7,21.43,7.57,-0.432
signal_hhmm <= 940; signal_close_vs_vwap_pct >= 0.3; entry_gap_pct >= 0,14,3,11,0,21.43,7.57,-0.921
opening_width_pct <= 2.0; opening_width_pct <= 2.5; entry_vs_opening_high_pct >= -0.5,14,3,6,5,21.43,7.57,-0.685
opening_width_pct <= 2.0; opening_width_pct <= 2.5; distance_from_60d_high_pct <= -8,14,3,5,6,21.43,7.57,-0.538
opening_width_pct <= 2.0; opening_width_pct <= 3.0; entry_vs_opening_high_pct >= -0.5,14,3,6,5,21.43,7.57,-0.685
opening_width_pct <= 2.0; opening_width_pct <= 3.0; distance_from_60d_high_pct <= -8,14,3,5,6,21.43,7.57,-0.538
opening_width_pct <= 2.0; entry_vs_opening_high_pct >= -0.8; entry_vs_opening_high_pct >= -0.5,14,3,6,5,21.43,7.57,-0.685
opening_width_pct <= 2.0; entry_vs_opening_high_pct >= -0.8; distance_from_60d_high_pct <= -8,14,3,5,6,21.43,7.57,-0.538
opening_width_pct <= 2.0; entry_vs_opening_high_pct >= -0.5; entry_gap_pct >= -1.5,14,3,6,5,21.43,7.57,-0.685
entry_vs_opening_high_pct >= -0.8; signal_close_vs_vwap_pct >= 0.3; entry_gap_pct >= 0,14,3,10,1,21.43,7.57,-0.903
signal_hhmm <= 930; market_median_change_pct >= 0; entry_gap_pct >= -1.5,19,4,11,4,21.05,8.51,-0.744
signal_hhmm <= 930; market_median_change_pct >= 0; entry_gap_pct >= -1,19,4,11,4,21.05,8.51,-0.744
opening_width_pct <= 2.5; entry_vs_opening_high_pct >= -0.5; market_median_change_pct >= 0,19,4,10,5,21.05,8.51,-0.758
opening_width_pct <= 3.0; entry_vs_opening_high_pct >= -0.8; entry_gap_pct >= -0.5,19,4,11,4,21.05,8.51,-0.761
opening_width_pct <= 2.5; market_median_change_pct >= 0,24,5,11,8,20.83,9.24,-0.641
opening_width_pct <= 2.5; opening_width_pct <= 3.0; market_median_change_pct >= 0,24,5,11,8,20.83,9.24,-0.641
opening_width_pct <= 2.5; market_median_change_pct >= -0.5; market_median_change_pct >= 0,24,5,11,8,20.83,9.24,-0.641
signal_close_vs_vwap_pct >= 0.3; entry_gap_pct >= 0,15,3,11,1,20.0,7.05,-0.943
signal_hhmm <= 940; opening_width_pct <= 2.0; entry_gap_pct >= -1.5,15,3,5,7,20.0,7.05,-0.503
signal_hhmm <= 940; opening_width_pct <= 2.0; entry_gap_pct >= -1,15,3,5,7,20.0,7.05,-0.503
signal_hhmm <= 940; opening_width_pct <= 2.5; entry_gap_pct >= -0.5,15,3,9,3,20.0,7.05,-0.762
signal_hhmm <= 940; market_median_change_pct >= -0.5; entry_gap_pct >= 0,15,3,10,2,20.0,7.05,-0.796
signal_hhmm <= 940; market_median_change_pct >= 0; entry_gap_pct >= 0,15,3,10,2,20.0,7.05,-0.796
opening_width_pct <= 2.0; entry_vs_opening_high_pct >= -0.8; market_median_change_pct >= 0,15,3,5,7,20.0,7.05,-0.546
opening_width_pct <= 2.0; entry_vs_opening_high_pct >= -0.8; entry_gap_pct >= -1,15,3,5,7,20.0,7.05,-0.546
opening_width_pct <= 2.0; market_median_change_pct >= -0.5; entry_gap_pct >= -1,15,3,4,8,20.0,7.05,-0.486
entry_vs_opening_high_pct >= -0.8; market_median_change_pct >= -0.5; entry_gap_pct >= 0,15,3,9,3,20.0,7.05,-0.779
entry_vs_opening_high_pct >= -0.8; market_median_change_pct >= 0; entry_gap_pct >= 0,15,3,9,3,20.0,7.05,-0.779
signal_close_vs_vwap_pct >= 0.3; entry_gap_pct >= -1.5; entry_gap_pct >= 0,15,3,11,1,20.0,7.05,-0.943
signal_close_vs_vwap_pct >= 0.3; entry_gap_pct >= -1; entry_gap_pct >= 0,15,3,11,1,20.0,7.05,-0.943
signal_close_vs_vwap_pct >= 0.3; entry_gap_pct >= -0.5; entry_gap_pct >= 0,15,3,11,1,20.0,7.05,-0.943
signal_hhmm <= 920; opening_width_pct <= 3.0,10,2,7,1,20.0,5.67,-0.83
signal_hhmm <= 920; distance_from_60d_high_pct <= -8,10,2,7,1,20.0,5.67,-0.83
signal_hhmm <= 925; market_median_change_pct >= 0.3,10,2,5,3,20.0,5.67,-0.694
entry_vs_opening_high_pct >= -0.2; entry_gap_pct >= -0.5,10,2,5,3,20.0,5.67,-0.766
cum_value_bil <= 8; entry_gap_pct >= 0,10,2,6,2,20.0,5.67,-0.715
signal_hhmm <= 920; signal_hhmm <= 925; opening_width_pct <= 3.0,10,2,7,1,20.0,5.67,-0.83
signal_hhmm <= 920; signal_hhmm <= 925; distance_from_60d_high_pct <= -8,10,2,7,1,20.0,5.67,-0.83
signal_hhmm <= 920; signal_hhmm <= 930; opening_width_pct <= 3.0,10,2,7,1,20.0,5.67,-0.83
signal_hhmm <= 920; signal_hhmm <= 930; distance_from_60d_high_pct <= -8,10,2,7,1,20.0,5.67,-0.83
signal_hhmm <= 920; signal_hhmm <= 935; opening_width_pct <= 3.0,10,2,7,1,20.0,5.67,-0.83
signal_hhmm <= 920; signal_hhmm <= 935; distance_from_60d_high_pct <= -8,10,2,7,1,20.0,5.67,-0.83
signal_hhmm <= 920; signal_hhmm <= 940; opening_width_pct <= 3.0,10,2,7,1,20.0,5.67,-0.83
signal_hhmm <= 920; signal_hhmm <= 940; distance_from_60d_high_pct <= -8,10,2,7,1,20.0,5.67,-0.83
signal_hhmm <= 920; opening_width_pct <= 3.0; entry_vs_opening_high_pct >= -0.8,10,2,7,1,20.0,5.67,-0.83
signal_hhmm <= 920; opening_width_pct <= 3.0; entry_gap_pct >= -1.5,10,2,7,1,20.0,5.67,-0.83
signal_hhmm <= 920; opening_width_pct <= 3.0; entry_gap_pct >= -1,10,2,7,1,20.0,5.67,-0.83
signal_hhmm <= 920; entry_vs_opening_high_pct >= -0.8; distance_from_60d_high_pct <= -8,10,2,7,1,20.0,5.67,-0.83
signal_hhmm <= 920; entry_gap_pct >= -1.5; distance_from_60d_high_pct <= -8,10,2,7,1,20.0,5.67,-0.83
signal_hhmm <= 920; entry_gap_pct >= -1; distance_from_60d_high_pct <= -8,10,2,7,1,20.0,5.67,-0.83
signal_hhmm <= 925; signal_hhmm <= 930; market_median_change_pct >= 0.3,10,2,5,3,20.0,5.67,-0.694
signal_hhmm <= 925; signal_hhmm <= 935; market_median_change_pct >= 0.3,10,2,5,3,20.0,5.67,-0.694
signal_hhmm <= 925; signal_hhmm <= 940; market_median_change_pct >= 0.3,10,2,5,3,20.0,5.67,-0.694
signal_hhmm <= 925; entry_vs_opening_high_pct >= -0.8; market_median_change_pct >= 0.3,10,2,5,3,20.0,5.67,-0.694
signal_hhmm <= 925; market_median_change_pct >= -0.5; market_median_change_pct >= 0.3,10,2,5,3,20.0,5.67,-0.694
signal_hhmm <= 925; market_median_change_pct >= 0; market_median_change_pct >= 0.3,10,2,5,3,20.0,5.67,-0.694
signal_hhmm <= 925; market_median_change_pct >= 0.3; entry_gap_pct >= -1.5,10,2,5,3,20.0,5.67,-0.694
signal_hhmm <= 925; market_median_change_pct >= 0.3; entry_gap_pct >= -1,10,2,5,3,20.0,5.67,-0.694
signal_hhmm <= 930; opening_width_pct <= 2.0; entry_gap_pct >= -1.5,10,2,4,4,20.0,5.67,-0.604
signal_hhmm <= 930; opening_width_pct <= 2.0; entry_gap_pct >= -1,10,2,4,4,20.0,5.67,-0.604
signal_hhmm <= 930; signal_close_vs_vwap_pct >= 0.3; market_median_change_pct >= 0.3,10,2,7,1,20.0,5.67,-0.876
signal_hhmm <= 935; cum_value_bil <= 15; entry_gap_pct >= 0,10,2,7,1,20.0,5.67,-0.83
signal_hhmm <= 935; entry_gap_pct >= 0; distance_from_60d_high_pct <= -8,10,2,7,1,20.0,5.67,-0.83
signal_hhmm <= 940; cum_value_bil <= 8; entry_gap_pct >= 0,10,2,6,2,20.0,5.67,-0.715
opening_width_pct <= 2.0; signal_close_vs_vwap_pct >= 0.3; market_median_change_pct >= 0,10,2,4,4,20.0,5.67,-0.637
opening_width_pct <= 2.0; cum_value_bil <= 5; entry_gap_pct >= -1,10,2,1,7,20.0,5.67,-0.275
opening_width_pct <= 2.0; cum_value_bil <= 8; entry_gap_pct >= -1,10,2,1,7,20.0,5.67,-0.275
opening_width_pct <= 2.0; cum_value_bil <= 10; distance_from_60d_high_pct <= -8,10,2,3,5,20.0,5.67,-0.45
opening_width_pct <= 2.0; cum_value_bil <= 15; distance_from_60d_high_pct <= -8,10,2,3,5,20.0,5.67,-0.45
opening_width_pct <= 2.0; entry_gap_pct >= -1.5; distance_from_60d_high_pct <= -10,10,2,3,5,20.0,5.67,-0.45
opening_width_pct <= 3.0; entry_vs_opening_high_pct >= -0.8; market_median_change_pct >= 0.3,10,2,5,3,20.0,5.67,-0.694
opening_width_pct <= 3.0; cum_value_bil <= 5; entry_gap_pct >= -0.5,10,2,5,3,20.0,5.67,-0.663
entry_vs_opening_high_pct >= -0.8; entry_vs_opening_high_pct >= -0.2; entry_gap_pct >= -0.5,10,2,5,3,20.0,5.67,-0.766
entry_vs_opening_high_pct >= -0.5; entry_vs_opening_high_pct >= -0.2; entry_gap_pct >= -0.5,10,2,5,3,20.0,5.67,-0.766
entry_vs_opening_high_pct >= -0.2; market_median_change_pct >= -0.5; entry_gap_pct >= -0.5,10,2,5,3,20.0,5.67,-0.766
entry_vs_opening_high_pct >= -0.2; market_median_change_pct >= 0; entry_gap_pct >= -0.5,10,2,5,3,20.0,5.67,-0.766
entry_vs_opening_high_pct >= -0.2; entry_gap_pct >= -1.5; entry_gap_pct >= -0.5,10,2,5,3,20.0,5.67,-0.766
entry_vs_opening_high_pct >= -0.2; entry_gap_pct >= -1; entry_gap_pct >= -0.5,10,2,5,3,20.0,5.67,-0.766
entry_vs_opening_high_pct >= 0; entry_gap_pct >= -1.5; distance_from_60d_high_pct <= -8,10,2,6,2,20.0,5.67,-0.882
cum_value_bil <= 8; cum_value_bil <= 10; entry_gap_pct >= 0,10,2,6,2,20.0,5.67,-0.715
cum_value_bil <= 8; cum_value_bil <= 15; entry_gap_pct >= 0,10,2,6,2,20.0,5.67,-0.715
cum_value_bil <= 8; entry_gap_pct >= -1.5; entry_gap_pct >= 0,10,2,6,2,20.0,5.67,-0.715
cum_value_bil <= 8; entry_gap_pct >= -1; entry_gap_pct >= 0,10,2,6,2,20.0,5.67,-0.715
cum_value_bil <= 8; entry_gap_pct >= -0.5; entry_gap_pct >= 0,10,2,6,2,20.0,5.67,-0.715
opening_width_pct <= 2.0; market_median_change_pct >= 0,16,3,5,8,18.75,6.59,-0.549
opening_width_pct <= 2.0; entry_gap_pct >= -1,16,3,5,8,18.75,6.59,-0.549
opening_width_pct <= 2.5; entry_gap_pct >= -0.5,16,3,9,4,18.75,6.59,-0.792
market_median_change_pct >= -0.5; entry_gap_pct >= 0,16,3,10,3,18.75,6.59,-0.824
market_median_change_pct >= 0; entry_gap_pct >= 0,16,3,10,3,18.75,6.59,-0.824
signal_hhmm <= 940; entry_vs_opening_high_pct >= -0.8; entry_gap_pct >= 0,16,3,11,2,18.75,6.59,-0.84
opening_width_pct <= 2.0; opening_width_pct <= 2.5; market_median_change_pct >= 0,16,3,5,8,18.75,6.59,-0.549
opening_width_pct <= 2.0; opening_width_pct <= 2.5; entry_gap_pct >= -1,16,3,5,8,18.75,6.59,-0.549
opening_width_pct <= 2.0; opening_width_pct <= 3.0; market_median_change_pct >= 0,16,3,5,8,18.75,6.59,-0.549
opening_width_pct <= 2.0; opening_width_pct <= 3.0; entry_gap_pct >= -1,16,3,5,8,18.75,6.59,-0.549
opening_width_pct <= 2.0; entry_vs_opening_high_pct >= -0.8; entry_gap_pct >= -1.5,16,3,6,7,18.75,6.59,-0.606
opening_width_pct <= 2.0; market_median_change_pct >= -0.5; market_median_change_pct >= 0,16,3,5,8,18.75,6.59,-0.549
opening_width_pct <= 2.0; market_median_change_pct >= -0.5; entry_gap_pct >= -1.5,16,3,5,8,18.75,6.59,-0.549
opening_width_pct <= 2.0; entry_gap_pct >= -1.5; entry_gap_pct >= -1,16,3,5,8,18.75,6.59,-0.549
opening_width_pct <= 2.5; opening_width_pct <= 3.0; entry_gap_pct >= -0.5,16,3,9,4,18.75,6.59,-0.792
opening_width_pct <= 2.5; market_median_change_pct >= -0.5; entry_gap_pct >= -0.5,16,3,9,4,18.75,6.59,-0.792
opening_width_pct <= 2.5; entry_gap_pct >= -1.5; entry_gap_pct >= -0.5,16,3,9,4,18.75,6.59,-0.792
opening_width_pct <= 2.5; entry_gap_pct >= -1; entry_gap_pct >= -0.5,16,3,9,4,18.75,6.59,-0.792
market_median_change_pct >= -0.5; market_median_change_pct >= 0; entry_gap_pct >= 0,16,3,10,3,18.75,6.59,-0.824
market_median_change_pct >= -0.5; entry_gap_pct >= -1.5; entry_gap_pct >= 0,16,3,10,3,18.75,6.59,-0.824
market_median_change_pct >= -0.5; entry_gap_pct >= -1; entry_gap_pct >= 0,16,3,10,3,18.75,6.59,-0.824
market_median_change_pct >= -0.5; entry_gap_pct >= -0.5; entry_gap_pct >= 0,16,3,10,3,18.75,6.59,-0.824
market_median_change_pct >= 0; entry_gap_pct >= -1.5; entry_gap_pct >= 0,16,3,10,3,18.75,6.59,-0.824
market_median_change_pct >= 0; entry_gap_pct >= -1; entry_gap_pct >= 0,16,3,10,3,18.75,6.59,-0.824
market_median_change_pct >= 0; entry_gap_pct >= -0.5; entry_gap_pct >= 0,16,3,10,3,18.75,6.59,-0.824
opening_width_pct <= 2.5; market_median_change_pct >= 0; entry_gap_pct >= -1,22,4,10,8,18.18,7.31,-0.686
signal_hhmm <= 920; signal_close_vs_vwap_pct >= 0.3,11,2,9,0,18.18,5.14,-1.009
signal_hhmm <= 920; signal_hhmm <= 925; signal_close_vs_vwap_pct >= 0.3,11,2,9,0,18.18,5.14,-1.009
signal_hhmm <= 920; signal_hhmm <= 930; signal_close_vs_vwap_pct >= 0.3,11,2,9,0,18.18,5.14,-1.009
signal_hhmm <= 920; signal_hhmm <= 935; signal_close_vs_vwap_pct >= 0.3,11,2,9,0,18.18,5.14,-1.009
signal_hhmm <= 920; signal_hhmm <= 940; signal_close_vs_vwap_pct >= 0.3,11,2,9,0,18.18,5.14,-1.009
signal_hhmm <= 920; entry_vs_opening_high_pct >= -0.8; signal_close_vs_vwap_pct >= 0.3,11,2,9,0,18.18,5.14,-1.009
signal_hhmm <= 920; signal_close_vs_vwap_pct >= 0.3; entry_gap_pct >= -1.5,11,2,9,0,18.18,5.14,-1.009
signal_hhmm <= 920; signal_close_vs_vwap_pct >= 0.3; entry_gap_pct >= -1,11,2,9,0,18.18,5.14,-1.009
signal_hhmm <= 930; opening_width_pct <= 3.0; market_median_change_pct >= 0.3,11,2,6,3,18.18,5.14,-0.767
signal_hhmm <= 930; entry_vs_opening_high_pct >= -0.8; market_median_change_pct >= 0.3,11,2,6,3,18.18,5.14,-0.767
signal_hhmm <= 935; opening_width_pct <= 3.0; market_median_change_pct >= 0.3,11,2,6,3,18.18,5.14,-0.767
signal_hhmm <= 935; signal_close_vs_vwap_pct >= 0.5; entry_gap_pct >= 0,11,2,9,0,18.18,5.14,-1.009
opening_width_pct <= 2.0; entry_vs_opening_high_pct >= -0.5; distance_from_60d_high_pct <= -8,11,2,5,4,18.18,5.14,-0.785
opening_width_pct <= 2.0; cum_value_bil <= 5; market_median_change_pct >= 0,11,2,2,7,18.18,5.14,-0.387
opening_width_pct <= 2.0; cum_value_bil <= 5; entry_gap_pct >= -1.5,11,2,2,7,18.18,5.14,-0.387
opening_width_pct <= 2.0; cum_value_bil <= 8; market_median_change_pct >= 0,11,2,2,7,18.18,5.14,-0.387
opening_width_pct <= 2.0; cum_value_bil <= 8; entry_gap_pct >= -1.5,11,2,2,7,18.18,5.14,-0.387
opening_width_pct <= 2.0; cum_value_bil <= 10; entry_gap_pct >= -1,11,2,2,7,18.18,5.14,-0.387
opening_width_pct <= 2.0; cum_value_bil <= 15; entry_gap_pct >= -1,11,2,2,7,18.18,5.14,-0.387
opening_width_pct <= 3.0; market_median_change_pct >= 0.3; entry_gap_pct >= -1.5,11,2,6,3,18.18,5.14,-0.767
opening_width_pct <= 3.0; market_median_change_pct >= 0.3; entry_gap_pct >= -1,11,2,6,3,18.18,5.14,-0.767
signal_hhmm <= 940; entry_gap_pct >= 0,17,3,12,2,17.65,6.19,-0.879
opening_width_pct <= 2.0; entry_gap_pct >= -1.5,17,3,6,8,17.65,6.19,-0.605
entry_vs_opening_high_pct >= -0.8; entry_gap_pct >= 0,17,3,11,3,17.65,6.19,-0.864
signal_hhmm <= 940; entry_gap_pct >= -1.5; entry_gap_pct >= 0,17,3,12,2,17.65,6.19,-0.879
signal_hhmm <= 940; entry_gap_pct >= -1; entry_gap_pct >= 0,17,3,12,2,17.65,6.19,-0.879
signal_hhmm <= 940; entry_gap_pct >= -0.5; entry_gap_pct >= 0,17,3,12,2,17.65,6.19,-0.879
opening_width_pct <= 2.0; opening_width_pct <= 2.5; entry_gap_pct >= -1.5,17,3,6,8,17.65,6.19,-0.605
opening_width_pct <= 2.0; opening_width_pct <= 3.0; entry_gap_pct >= -1.5,17,3,6,8,17.65,6.19,-0.605
entry_vs_opening_high_pct >= -0.8; entry_gap_pct >= -1.5; entry_gap_pct >= 0,17,3,11,3,17.65,6.19,-0.864
entry_vs_opening_high_pct >= -0.8; entry_gap_pct >= -1; entry_gap_pct >= 0,17,3,11,3,17.65,6.19,-0.864
entry_vs_opening_high_pct >= -0.8; entry_gap_pct >= -0.5; entry_gap_pct >= 0,17,3,11,3,17.65,6.19,-0.864
opening_width_pct <= 2.5; market_median_change_pct >= 0; entry_gap_pct >= -1.5,23,4,11,8,17.39,6.98,-0.721
entry_gap_pct >= 0,18,3,12,3,16.67,5.84,-0.899
entry_gap_pct >= -1.5; entry_gap_pct >= 0,18,3,12,3,16.67,5.84,-0.899
entry_gap_pct >= -1; entry_gap_pct >= 0,18,3,12,3,16.67,5.84,-0.899
entry_gap_pct >= -0.5; entry_gap_pct >= 0,18,3,12,3,16.67,5.84,-0.899
opening_width_pct <= 3.0; market_median_change_pct >= 0; entry_gap_pct >= -0.5,18,3,11,4,16.67,5.84,-0.87
entry_gap_pct >= -1.5; entry_gap_pct >= -1; entry_gap_pct >= 0,18,3,12,3,16.67,5.84,-0.899
entry_gap_pct >= -1.5; entry_gap_pct >= -0.5; entry_gap_pct >= 0,18,3,12,3,16.67,5.84,-0.899
entry_gap_pct >= -1; entry_gap_pct >= -0.5; entry_gap_pct >= 0,18,3,12,3,16.67,5.84,-0.899
signal_hhmm <= 920,12,2,9,1,16.67,4.7,-0.942
signal_hhmm <= 920; signal_hhmm <= 925,12,2,9,1,16.67,4.7,-0.942
signal_hhmm <= 920; signal_hhmm <= 930,12,2,9,1,16.67,4.7,-0.942
signal_hhmm <= 920; signal_hhmm <= 935,12,2,9,1,16.67,4.7,-0.942
signal_hhmm <= 920; signal_hhmm <= 940,12,2,9,1,16.67,4.7,-0.942
signal_hhmm <= 920; entry_vs_opening_high_pct >= -0.8,12,2,9,1,16.67,4.7,-0.942
signal_hhmm <= 920; entry_gap_pct >= -1.5,12,2,9,1,16.67,4.7,-0.942
signal_hhmm <= 920; entry_gap_pct >= -1,12,2,9,1,16.67,4.7,-0.942
signal_hhmm <= 930; market_median_change_pct >= 0.3,12,2,7,3,16.67,4.7,-0.828
signal_hhmm <= 920; signal_hhmm <= 925; signal_hhmm <= 930,12,2,9,1,16.67,4.7,-0.942
signal_hhmm <= 920; signal_hhmm <= 925; signal_hhmm <= 935,12,2,9,1,16.67,4.7,-0.942
signal_hhmm <= 920; signal_hhmm <= 925; signal_hhmm <= 940,12,2,9,1,16.67,4.7,-0.942
signal_hhmm <= 920; signal_hhmm <= 925; entry_vs_opening_high_pct >= -0.8,12,2,9,1,16.67,4.7,-0.942
signal_hhmm <= 920; signal_hhmm <= 925; entry_gap_pct >= -1.5,12,2,9,1,16.67,4.7,-0.942
signal_hhmm <= 920; signal_hhmm <= 925; entry_gap_pct >= -1,12,2,9,1,16.67,4.7,-0.942
signal_hhmm <= 920; signal_hhmm <= 930; signal_hhmm <= 935,12,2,9,1,16.67,4.7,-0.942
signal_hhmm <= 920; signal_hhmm <= 930; signal_hhmm <= 940,12,2,9,1,16.67,4.7,-0.942
signal_hhmm <= 920; signal_hhmm <= 930; entry_vs_opening_high_pct >= -0.8,12,2,9,1,16.67,4.7,-0.942
signal_hhmm <= 920; signal_hhmm <= 930; entry_gap_pct >= -1.5,12,2,9,1,16.67,4.7,-0.942
signal_hhmm <= 920; signal_hhmm <= 930; entry_gap_pct >= -1,12,2,9,1,16.67,4.7,-0.942
signal_hhmm <= 920; signal_hhmm <= 935; signal_hhmm <= 940,12,2,9,1,16.67,4.7,-0.942
signal_hhmm <= 920; signal_hhmm <= 935; entry_vs_opening_high_pct >= -0.8,12,2,9,1,16.67,4.7,-0.942
signal_hhmm <= 920; signal_hhmm <= 935; entry_gap_pct >= -1.5,12,2,9,1,16.67,4.7,-0.942
signal_hhmm <= 920; signal_hhmm <= 935; entry_gap_pct >= -1,12,2,9,1,16.67,4.7,-0.942
signal_hhmm <= 920; signal_hhmm <= 940; entry_vs_opening_high_pct >= -0.8,12,2,9,1,16.67,4.7,-0.942
signal_hhmm <= 920; signal_hhmm <= 940; entry_gap_pct >= -1.5,12,2,9,1,16.67,4.7,-0.942
signal_hhmm <= 920; signal_hhmm <= 940; entry_gap_pct >= -1,12,2,9,1,16.67,4.7,-0.942
signal_hhmm <= 920; entry_vs_opening_high_pct >= -0.8; entry_gap_pct >= -1.5,12,2,9,1,16.67,4.7,-0.942
signal_hhmm <= 920; entry_vs_opening_high_pct >= -0.8; entry_gap_pct >= -1,12,2,9,1,16.67,4.7,-0.942
signal_hhmm <= 920; entry_gap_pct >= -1.5; entry_gap_pct >= -1,12,2,9,1,16.67,4.7,-0.942
signal_hhmm <= 930; signal_hhmm <= 935; market_median_change_pct >= 0.3,12,2,7,3,16.67,4.7,-0.828
signal_hhmm <= 930; signal_hhmm <= 940; market_median_change_pct >= 0.3,12,2,7,3,16.67,4.7,-0.828
signal_hhmm <= 930; signal_close_vs_vwap_pct >= 0.5; entry_gap_pct >= -0.5,12,2,10,0,16.67,4.7,-1.05
signal_hhmm <= 930; market_median_change_pct >= -0.5; market_median_change_pct >= 0.3,12,2,7,3,16.67,4.7,-0.828
signal_hhmm <= 930; market_median_change_pct >= 0; market_median_change_pct >= 0.3,12,2,7,3,16.67,4.7,-0.828
signal_hhmm <= 930; market_median_change_pct >= 0; entry_gap_pct >= -0.5,12,2,9,1,16.67,4.7,-0.942
signal_hhmm <= 930; market_median_change_pct >= 0.3; entry_gap_pct >= -1.5,12,2,7,3,16.67,4.7,-0.828
signal_hhmm <= 930; market_median_change_pct >= 0.3; entry_gap_pct >= -1,12,2,7,3,16.67,4.7,-0.828
signal_hhmm <= 935; signal_close_vs_vwap_pct >= 0.3; entry_gap_pct >= 0,12,2,10,0,16.67,4.7,-1.05
signal_hhmm <= 935; market_median_change_pct >= -0.5; entry_gap_pct >= 0,12,2,9,1,16.67,4.7,-0.942
signal_hhmm <= 935; market_median_change_pct >= 0; entry_gap_pct >= 0,12,2,9,1,16.67,4.7,-0.942
opening_width_pct <= 2.0; entry_vs_opening_high_pct >= -0.5; market_median_change_pct >= 0,12,2,5,5,16.67,4.7,-0.775
opening_width_pct <= 2.0; cum_value_bil <= 10; market_median_change_pct >= 0,12,2,3,7,16.67,4.7,-0.479
opening_width_pct <= 2.0; cum_value_bil <= 10; entry_gap_pct >= -1.5,12,2,3,7,16.67,4.7,-0.479
opening_width_pct <= 2.0; cum_value_bil <= 15; market_median_change_pct >= 0,12,2,3,7,16.67,4.7,-0.479
opening_width_pct <= 2.0; cum_value_bil <= 15; entry_gap_pct >= -1.5,12,2,3,7,16.67,4.7,-0.479
opening_width_pct <= 2.0; market_median_change_pct >= 0; distance_from_60d_high_pct <= -8,12,2,4,6,16.67,4.7,-0.603
opening_width_pct <= 2.0; entry_gap_pct >= -1; distance_from_60d_high_pct <= -8,12,2,4,6,16.67,4.7,-0.603
opening_width_pct <= 2.5; signal_close_vs_vwap_pct >= 0.3; entry_gap_pct >= -0.5,12,2,8,2,16.67,4.7,-0.985
signal_hhmm <= 935; entry_vs_opening_high_pct >= -0.8; entry_gap_pct >= 0,13,2,10,1,15.38,4.33,-0.985
opening_width_pct <= 2.0; entry_gap_pct >= -1.5; distance_from_60d_high_pct <= -8,13,2,5,6,15.38,4.33,-0.672
opening_width_pct <= 2.5; entry_vs_opening_high_pct >= -0.5; entry_gap_pct >= -0.5,13,2,8,3,15.38,4.33,-0.936
signal_hhmm <= 935; entry_gap_pct >= 0,14,2,11,1,14.29,4.01,-1.022
signal_hhmm <= 935; signal_hhmm <= 940; entry_gap_pct >= 0,14,2,11,1,14.29,4.01,-1.022
signal_hhmm <= 935; entry_gap_pct >= -1.5; entry_gap_pct >= 0,14,2,11,1,14.29,4.01,-1.022
signal_hhmm <= 935; entry_gap_pct >= -1; entry_gap_pct >= 0,14,2,11,1,14.29,4.01,-1.022
signal_hhmm <= 935; entry_gap_pct >= -0.5; entry_gap_pct >= 0,14,2,11,1,14.29,4.01,-1.022
opening_width_pct <= 2.0; market_median_change_pct >= 0; entry_gap_pct >= -1,14,2,4,8,14.29,4.01,-0.606
opening_width_pct <= 2.0; market_median_change_pct >= 0; entry_gap_pct >= -1.5,15,2,5,8,13.33,3.74,-0.666
opening_width_pct <= 2.5; entry_vs_opening_high_pct >= -0.8; entry_gap_pct >= -0.5,15,2,9,4,13.33,3.74,-0.925
signal_hhmm <= 920; opening_width_pct <= 2.5,8,1,6,1,12.5,2.24,-1.001
opening_width_pct <= 2.0; entry_gap_pct >= -0.5,8,1,3,4,12.5,2.24,-0.759
signal_hhmm <= 920; signal_hhmm <= 925; opening_width_pct <= 2.5,8,1,6,1,12.5,2.24,-1.001
signal_hhmm <= 920; signal_hhmm <= 930; opening_width_pct <= 2.5,8,1,6,1,12.5,2.24,-1.001
signal_hhmm <= 920; signal_hhmm <= 935; opening_width_pct <= 2.5,8,1,6,1,12.5,2.24,-1.001
signal_hhmm <= 920; signal_hhmm <= 940; opening_width_pct <= 2.5,8,1,6,1,12.5,2.24,-1.001
signal_hhmm <= 920; opening_width_pct <= 2.5; opening_width_pct <= 3.0,8,1,6,1,12.5,2.24,-1.001
signal_hhmm <= 920; opening_width_pct <= 2.5; entry_vs_opening_high_pct >= -0.8,8,1,6,1,12.5,2.24,-1.001
signal_hhmm <= 920; opening_width_pct <= 2.5; entry_gap_pct >= -1.5,8,1,6,1,12.5,2.24,-1.001
signal_hhmm <= 920; opening_width_pct <= 2.5; entry_gap_pct >= -1,8,1,6,1,12.5,2.24,-1.001
signal_hhmm <= 920; signal_close_vs_vwap_pct >= 0.3; entry_gap_pct >= -0.5,8,1,7,0,12.5,2.24,-1.162
signal_hhmm <= 920; signal_close_vs_vwap_pct >= 0.3; entry_gap_pct >= 0,8,1,7,0,12.5,2.24,-1.162
signal_hhmm <= 925; opening_width_pct <= 2.5; market_median_change_pct >= 0.3,8,1,4,3,12.5,2.24,-0.83
signal_hhmm <= 925; opening_width_pct <= 3.0; entry_gap_pct >= 0,8,1,6,1,12.5,2.24,-1.001
signal_hhmm <= 925; signal_close_vs_vwap_pct >= 0.5; entry_gap_pct >= 0,8,1,7,0,12.5,2.24,-1.162
signal_hhmm <= 925; market_median_change_pct >= -0.5; entry_gap_pct >= 0,8,1,6,1,12.5,2.24,-1.001
signal_hhmm <= 925; market_median_change_pct >= 0; entry_gap_pct >= 0,8,1,6,1,12.5,2.24,-1.001
signal_hhmm <= 925; entry_gap_pct >= 0; distance_from_60d_high_pct <= -8,8,1,6,1,12.5,2.24,-1.001
signal_hhmm <= 930; cum_value_bil <= 15; entry_gap_pct >= 0,8,1,6,1,12.5,2.24,-1.001
signal_hhmm <= 930; market_median_change_pct >= 0.3; entry_gap_pct >= -0.5,8,1,6,1,12.5,2.24,-1.001
signal_hhmm <= 930; entry_gap_pct >= 0; distance_from_60d_high_pct <= -8,8,1,6,1,12.5,2.24,-1.001
opening_width_pct <= 2.0; opening_width_pct <= 2.5; entry_gap_pct >= -0.5,8,1,3,4,12.5,2.24,-0.759
opening_width_pct <= 2.0; opening_width_pct <= 3.0; entry_gap_pct >= -0.5,8,1,3,4,12.5,2.24,-0.759
opening_width_pct <= 2.0; entry_vs_opening_high_pct >= -0.8; entry_gap_pct >= -0.5,8,1,3,4,12.5,2.24,-0.759
opening_width_pct <= 2.0; market_median_change_pct >= -0.5; entry_gap_pct >= -0.5,8,1,3,4,12.5,2.24,-0.759
opening_width_pct <= 2.0; entry_gap_pct >= -1.5; entry_gap_pct >= -0.5,8,1,3,4,12.5,2.24,-0.759
opening_width_pct <= 2.0; entry_gap_pct >= -1; entry_gap_pct >= -0.5,8,1,3,4,12.5,2.24,-0.759
opening_width_pct <= 2.5; entry_vs_opening_high_pct >= -0.2; entry_gap_pct >= -0.5,8,1,4,3,12.5,2.24,-0.92
opening_width_pct <= 2.5; signal_close_vs_vwap_pct >= 0.5; entry_gap_pct >= -0.5,8,1,7,0,12.5,2.24,-1.162
opening_width_pct <= 3.0; entry_vs_opening_high_pct >= -0.2; entry_gap_pct >= -0.5,8,1,4,3,12.5,2.24,-0.92
opening_width_pct <= 3.0; signal_close_vs_vwap_pct >= 0.8; entry_gap_pct >= -0.5,8,1,7,0,12.5,2.24,-1.162
opening_width_pct <= 3.0; cum_value_bil <= 8; entry_gap_pct >= 0,8,1,5,2,12.5,2.24,-0.856
signal_hhmm <= 920; entry_gap_pct >= -0.5,9,1,7,1,11.11,1.99,-1.056
signal_hhmm <= 920; entry_gap_pct >= 0,9,1,7,1,11.11,1.99,-1.056
opening_width_pct <= 2.5; market_median_change_pct >= 0.3,9,1,5,3,11.11,1.99,-0.904
signal_hhmm <= 920; signal_hhmm <= 925; entry_gap_pct >= -0.5,9,1,7,1,11.11,1.99,-1.056
signal_hhmm <= 920; signal_hhmm <= 925; entry_gap_pct >= 0,9,1,7,1,11.11,1.99,-1.056
signal_hhmm <= 920; signal_hhmm <= 930; entry_gap_pct >= -0.5,9,1,7,1,11.11,1.99,-1.056
signal_hhmm <= 920; signal_hhmm <= 930; entry_gap_pct >= 0,9,1,7,1,11.11,1.99,-1.056
signal_hhmm <= 920; signal_hhmm <= 935; entry_gap_pct >= -0.5,9,1,7,1,11.11,1.99,-1.056
signal_hhmm <= 920; signal_hhmm <= 935; entry_gap_pct >= 0,9,1,7,1,11.11,1.99,-1.056
signal_hhmm <= 920; signal_hhmm <= 940; entry_gap_pct >= -0.5,9,1,7,1,11.11,1.99,-1.056
signal_hhmm <= 920; signal_hhmm <= 940; entry_gap_pct >= 0,9,1,7,1,11.11,1.99,-1.056
signal_hhmm <= 920; entry_vs_opening_high_pct >= -0.8; entry_gap_pct >= -0.5,9,1,7,1,11.11,1.99,-1.056
signal_hhmm <= 920; entry_vs_opening_high_pct >= -0.8; entry_gap_pct >= 0,9,1,7,1,11.11,1.99,-1.056
signal_hhmm <= 920; entry_gap_pct >= -1.5; entry_gap_pct >= -0.5,9,1,7,1,11.11,1.99,-1.056
signal_hhmm <= 920; entry_gap_pct >= -1.5; entry_gap_pct >= 0,9,1,7,1,11.11,1.99,-1.056
signal_hhmm <= 920; entry_gap_pct >= -1; entry_gap_pct >= -0.5,9,1,7,1,11.11,1.99,-1.056
signal_hhmm <= 920; entry_gap_pct >= -1; entry_gap_pct >= 0,9,1,7,1,11.11,1.99,-1.056
signal_hhmm <= 920; entry_gap_pct >= -0.5; entry_gap_pct >= 0,9,1,7,1,11.11,1.99,-1.056
signal_hhmm <= 925; signal_close_vs_vwap_pct >= 0.3; entry_gap_pct >= 0,9,1,8,0,11.11,1.99,-1.2
signal_hhmm <= 930; opening_width_pct <= 2.5; market_median_change_pct >= 0.3,9,1,5,3,11.11,1.99,-0.904
signal_hhmm <= 930; opening_width_pct <= 3.0; entry_gap_pct >= 0,9,1,7,1,11.11,1.99,-1.056
signal_hhmm <= 930; signal_close_vs_vwap_pct >= 0.5; entry_gap_pct >= 0,9,1,8,0,11.11,1.99,-1.2
signal_hhmm <= 930; market_median_change_pct >= -0.5; entry_gap_pct >= 0,9,1,7,1,11.11,1.99,-1.056
signal_hhmm <= 930; market_median_change_pct >= 0; entry_gap_pct >= 0,9,1,7,1,11.11,1.99,-1.056
signal_hhmm <= 935; opening_width_pct <= 2.5; market_median_change_pct >= 0.3,9,1,5,3,11.11,1.99,-0.904
signal_hhmm <= 940; opening_width_pct <= 2.5; market_median_change_pct >= 0.3,9,1,5,3,11.11,1.99,-0.904
opening_width_pct <= 2.5; opening_width_pct <= 3.0; market_median_change_pct >= 0.3,9,1,5,3,11.11,1.99,-0.904
opening_width_pct <= 2.5; entry_vs_opening_high_pct >= -0.8; market_median_change_pct >= 0.3,9,1,5,3,11.11,1.99,-0.904
opening_width_pct <= 2.5; market_median_change_pct >= -0.5; market_median_change_pct >= 0.3,9,1,5,3,11.11,1.99,-0.904
opening_width_pct <= 2.5; market_median_change_pct >= 0; market_median_change_pct >= 0.3,9,1,5,3,11.11,1.99,-0.904
opening_width_pct <= 2.5; market_median_change_pct >= 0.3; entry_gap_pct >= -1.5,9,1,5,3,11.11,1.99,-0.904
opening_width_pct <= 2.5; market_median_change_pct >= 0.3; entry_gap_pct >= -1,9,1,5,3,11.11,1.99,-0.904
opening_width_pct <= 3.0; signal_close_vs_vwap_pct >= 0.5; entry_gap_pct >= 0,9,1,8,0,11.11,1.99,-1.2
opening_width_pct <= 3.0; cum_value_bil <= 10; entry_gap_pct >= 0,9,1,6,2,11.11,1.99,-0.927
opening_width_pct <= 3.0; cum_value_bil <= 15; entry_gap_pct >= 0,9,1,6,2,11.11,1.99,-0.927
opening_width_pct <= 3.0; entry_gap_pct >= 0; distance_from_60d_high_pct <= -8,9,1,5,3,11.11,1.99,-0.898
signal_hhmm <= 925; entry_gap_pct >= 0,10,1,8,1,10.0,1.79,-1.1
signal_hhmm <= 925; signal_hhmm <= 930; entry_gap_pct >= 0,10,1,8,1,10.0,1.79,-1.1
signal_hhmm <= 925; signal_hhmm <= 935; entry_gap_pct >= 0,10,1,8,1,10.0,1.79,-1.1
signal_hhmm <= 925; signal_hhmm <= 940; entry_gap_pct >= 0,10,1,8,1,10.0,1.79,-1.1
signal_hhmm <= 925; entry_vs_opening_high_pct >= -0.8; entry_gap_pct >= 0,10,1,8,1,10.0,1.79,-1.1
signal_hhmm <= 925; entry_gap_pct >= -1.5; entry_gap_pct >= 0,10,1,8,1,10.0,1.79,-1.1
signal_hhmm <= 925; entry_gap_pct >= -1; entry_gap_pct >= 0,10,1,8,1,10.0,1.79,-1.1
signal_hhmm <= 925; entry_gap_pct >= -0.5; entry_gap_pct >= 0,10,1,8,1,10.0,1.79,-1.1
signal_hhmm <= 930; entry_vs_opening_high_pct >= -0.8; entry_gap_pct >= 0,10,1,8,1,10.0,1.79,-1.1
signal_hhmm <= 930; signal_close_vs_vwap_pct >= 0.3; entry_gap_pct >= 0,10,1,9,0,10.0,1.79,-1.23
opening_width_pct <= 3.0; entry_vs_opening_high_pct >= -0.5; entry_gap_pct >= 0,10,1,7,2,10.0,1.79,-1.088
signal_hhmm <= 930; entry_gap_pct >= 0,11,1,9,1,9.09,1.62,-1.137
signal_hhmm <= 930; signal_hhmm <= 935; entry_gap_pct >= 0,11,1,9,1,9.09,1.62,-1.137
signal_hhmm <= 930; signal_hhmm <= 940; entry_gap_pct >= 0,11,1,9,1,9.09,1.62,-1.137
signal_hhmm <= 930; entry_gap_pct >= -1.5; entry_gap_pct >= 0,11,1,9,1,9.09,1.62,-1.137
signal_hhmm <= 930; entry_gap_pct >= -1; entry_gap_pct >= 0,11,1,9,1,9.09,1.62,-1.137
signal_hhmm <= 930; entry_gap_pct >= -0.5; entry_gap_pct >= 0,11,1,9,1,9.09,1.62,-1.137
signal_hhmm <= 935; opening_width_pct <= 3.0; entry_gap_pct >= 0,11,1,9,1,9.09,1.62,-1.137
opening_width_pct <= 3.0; signal_close_vs_vwap_pct >= 0.3; entry_gap_pct >= 0,11,1,9,1,9.09,1.62,-1.231
signal_hhmm <= 940; opening_width_pct <= 3.0; entry_gap_pct >= 0,13,1,10,2,7.69,1.37,-1.104
opening_width_pct <= 3.0; entry_vs_opening_high_pct >= -0.8; entry_gap_pct >= 0,13,1,9,3,7.69,1.37,-1.083
opening_width_pct <= 3.0; market_median_change_pct >= -0.5; entry_gap_pct >= 0,13,1,9,3,7.69,1.37,-1.083
opening_width_pct <= 3.0; market_median_change_pct >= 0; entry_gap_pct >= 0,13,1,9,3,7.69,1.37,-1.083
opening_width_pct <= 3.0; entry_gap_pct >= 0,14,1,10,3,7.14,1.27,-1.113
opening_width_pct <= 2.5; market_median_change_pct >= 0; entry_gap_pct >= -0.5,14,1,9,4,7.14,1.27,-1.076
opening_width_pct <= 3.0; entry_gap_pct >= -1.5; entry_gap_pct >= 0,14,1,10,3,7.14,1.27,-1.113
opening_width_pct <= 3.0; entry_gap_pct >= -1; entry_gap_pct >= 0,14,1,10,3,7.14,1.27,-1.113
opening_width_pct <= 3.0; entry_gap_pct >= -0.5; entry_gap_pct >= 0,14,1,10,3,7.14,1.27,-1.113
opening_width_pct <= 2.5; entry_gap_pct >= 0,10,0,7,3,0.0,0.0,-1.228
opening_width_pct <= 2.5; opening_width_pct <= 3.0; entry_gap_pct >= 0,10,0,7,3,0.0,0.0,-1.228
opening_width_pct <= 2.5; entry_vs_opening_high_pct >= -0.8; entry_gap_pct >= 0,10,0,7,3,0.0,0.0,-1.228
opening_width_pct <= 2.5; market_median_change_pct >= -0.5; entry_gap_pct >= 0,10,0,7,3,0.0,0.0,-1.228
opening_width_pct <= 2.5; market_median_change_pct >= 0; entry_gap_pct >= 0,10,0,7,3,0.0,0.0,-1.228
opening_width_pct <= 2.5; entry_gap_pct >= -1.5; entry_gap_pct >= 0,10,0,7,3,0.0,0.0,-1.228
opening_width_pct <= 2.5; entry_gap_pct >= -1; entry_gap_pct >= 0,10,0,7,3,0.0,0.0,-1.228
opening_width_pct <= 2.5; entry_gap_pct >= -0.5; entry_gap_pct >= 0,10,0,7,3,0.0,0.0,-1.228
signal_hhmm <= 940; opening_width_pct <= 2.5; entry_gap_pct >= 0,9,0,7,2,0.0,0.0,-1.227
signal_hhmm <= 935; opening_width_pct <= 2.5; entry_gap_pct >= 0,8,0,7,1,0.0,0.0,-1.338
opening_width_pct <= 2.5; entry_vs_opening_high_pct >= -0.5; entry_gap_pct >= 0,8,0,6,2,0.0,0.0,-1.322
