ticker,company,market,sector,isin,corp_name,corp_reg_no,source_bas_dt,investment_universe,exclusion_reason
000010,덕양에너젠,KOSDAQ,KOSDAQ,KR70001A0001,(주)덕양에너젠,2062110077244,20260506,Y,
000090,에임드바이오,KOSDAQ,KOSDAQ,KR70009K0001,(주)에임드바이오,1101116854461,20260506,Y,
000110,액스비스,KOSDAQ,KOSDAQ,KR70011A0009,(주)액스비스,1601110269020,20260506,Y,
000130,삼진식품,KOSDAQ,KOSDAQ,KR70013V0002,삼진식품(주),1801110991314,20260506,Y,
000250,삼천당제약,KOSDAQ,KOSDAQ,KR7000250001,삼천당제약(주),1348110003327,20260506,Y,
000440,중앙에너비스,KOSDAQ,KOSDAQ,KR7000440008,(주)중앙에너비스,1101110003428,20260506,Y,
000820,카나프테라퓨틱스,KOSDAQ,KOSDAQ,KR70082N0008,(주)카나프테라퓨틱스,1101117013206,20260506,Y,
001000,신라섬유,KOSDAQ,KOSDAQ,KR7001000009,신라섬유(주),1701110014522,20260506,Y,
001540,안국약품,KOSDAQ,KOSDAQ,KR7001540004,안국약품(주),1101110026420,20260506,Y,
001810,무림SP,KOSDAQ,KOSDAQ,KR7001810001,무림에스피(주),1701110001082,20260506,Y,
001840,이화공영,KOSDAQ,KOSDAQ,KR7001840008,이화공영(주),1101110033839,20260506,Y,
002230,피에스텍,KOSDAQ,KOSDAQ,KR7002230001,피에스텍(주),1101110033623,20260506,Y,
002290,삼일기업공사,KOSDAQ,KOSDAQ,KR7002290005,(주)삼일기업공사,1101110012825,20260506,Y,
002680,한탑,KOSDAQ,KOSDAQ,KR7002680007,(주)한탑,1801110005834,20260506,Y,
002800,신신제약,KOSDAQ,KOSDAQ,KR7002800001,신신제약(주),1101110027353,20260506,Y,
003100,선광,KOSDAQ,KOSDAQ,KR7003100005,(주)선광,1201110000034,20260506,Y,
003310,대주산업,KOSDAQ,KOSDAQ,KR7003310000,대주산업(주),1101110036148,20260506,Y,
003380,하림지주,KOSDAQ,KOSDAQ,KR7003380003,(주)하림지주,1601110003931,20260506,Y,
003800,에이스침대,KOSDAQ,KOSDAQ,KR7003800000,(주)에이스침대,1311110002772,20260506,Y,
004590,한국가구,KOSDAQ,KOSDAQ,KR7004590006,(주)한국가구,1244110005688,20260506,Y,
004650,창해에탄올,KOSDAQ,KOSDAQ,KR7004650008,(주)창해에탄올,2013110000107,20260506,Y,
004780,대륙제관,KOSDAQ,KOSDAQ,KR7004780003,(주)대륙제관,1101110073877,20260506,Y,
005160,동국산업,KOSDAQ,KOSDAQ,KR7005160007,동국산업(주),1101110085583,20260506,Y,
005290,동진쎄미켐,KOSDAQ,KOSDAQ,KR7005290002,(주)동진쎄미켐,1201110003848,20260506,Y,
005670,푸드웰,KOSDAQ,KOSDAQ,KR7005670005,(주)푸드웰,1701110001628,20260506,Y,
005710,대원산업,KOSDAQ,KOSDAQ,KR7005710009,대원산업(주),1301110007533,20260506,Y,
005860,한일사료,KOSDAQ,KOSDAQ,KR7005860002,한일사료(주),1345110004008,20260506,Y,
005990,매일홀딩스,KOSDAQ,KOSDAQ,KR7005990007,매일홀딩스(주),1101110099609,20260506,Y,
006050,국영지앤엠,KOSDAQ,KOSDAQ,KR7006050009,(주)국영지앤엠,1101110103707,20260506,Y,
006140,피제이전자,KOSDAQ,KOSDAQ,KR7006140008,(주)피제이전자,1101110053465,20260506,Y,
006620,동구바이오제약,KOSDAQ,KOSDAQ,KR7006620009,(주)동구바이오제약,1101110352156,20260506,Y,
006730,서부T&D,KOSDAQ,KOSDAQ,KR7006730006,(주)서부티엔디,1101110256788,20260506,Y,
006910,보성파워텍,KOSDAQ,KOSDAQ,KR7006910004,보성파워텍(주),1301110007765,20260506,Y,
006920,모헨즈,KOSDAQ,KOSDAQ,KR7006920003,(주)모헨즈,1101110046197,20260506,Y,
007330,푸른저축은행,KOSDAQ,KOSDAQ,KR7007330004,(주)푸른저축은행,1101110117211,20260506,Y,
007370,진양제약,KOSDAQ,KOSDAQ,KR7007370000,진양제약(주),1101110233629,20260506,Y,
007390,네이처셀,KOSDAQ,KOSDAQ,KR7007390008,(주)네이처셀,1243110005721,20260506,Y,
007530,와이엠,KOSDAQ,KOSDAQ,KR7007530009,(주)와이엠,1101110123408,20260506,Y,
007680,대원,KOSDAQ,KOSDAQ,KR7007680002,(주)대원,1501110003058,20260506,Y,
007720,소노스퀘어,KOSDAQ,KOSDAQ,KR7007720006,(주)소노스퀘어,1801110068668,20260506,Y,
007770,한일화학,KOSDAQ,KOSDAQ,KR7007770001,한일화학공업(주),1201110003111,20260506,Y,
007820,엠엑스로보틱스,KOSDAQ,KOSDAQ,KR7007820004,(주)엠엑스로보틱스,1101110128680,20260506,Y,
008290,원풍물산,KOSDAQ,KOSDAQ,KR7008290009,원풍물산(주),1201110001769,20260506,Y,
008370,원풍,KOSDAQ,KOSDAQ,KR7008370009,(주)원풍,1101110138382,20260506,Y,
008470,부스타,KOSDAQ,KOSDAQ,KR7008470007,(주)부-스타,1243110002628,20260506,Y,
008830,대동기어,KOSDAQ,KOSDAQ,KR7008830002,대동기어(주),1911110000758,20260506,Y,
009300,삼아제약,KOSDAQ,KOSDAQ,KR7009300005,삼아제약(주),1341110000765,20260506,Y,
009520,포스코엠텍,KOSDAQ,KOSDAQ,KR7009520008,(주)포스코엠텍,1746110000866,20260506,Y,
009620,삼보산업,KOSDAQ,KOSDAQ,KR7009620006,삼보산업 주식회사,1801110020246,20260506,Y,
009730,이렘,KOSDAQ,KOSDAQ,KR7009730003,(주)이렘,1101110162191,20260506,Y,
009780,엠에스씨,KOSDAQ,KOSDAQ,KR7009780008,(주)엠에스씨,1845110000147,20260506,Y,
010170,대한광통신,KOSDAQ,KOSDAQ,KR7010170009,대한광통신(주),1341110003545,20260506,Y,
010240,흥국,KOSDAQ,KOSDAQ,KR7010240000,(주)흥국,1345110001228,20260506,Y,
010280,아이티센엔텍,KOSDAQ,KOSDAQ,KR7010280006,(주)아이티센엔텍,1101110307870,20260506,Y,
010470,오리콤,KOSDAQ,KOSDAQ,KR7010470003,(주)오리콤,1101110176986,20260506,Y,
011040,경동제약,KOSDAQ,KOSDAQ,KR7011040003,경동제약(주),1201110003765,20260506,Y,
011080,형지I&C,KOSDAQ,KOSDAQ,KR7011080009,(주)형지아이앤씨,1101110192271,20260506,Y,
011320,유니크,KOSDAQ,KOSDAQ,KR7011320009,(주)유니크,1801110024496,20260506,Y,
011370,서한,KOSDAQ,KOSDAQ,KR7011370004,(주)서한,1701110023002,20260506,Y,
011560,세보엠이씨,KOSDAQ,KOSDAQ,KR7011560000,(주)세보엠이씨,1101110236590,20260506,Y,
012210,삼미금속,KOSDAQ,KOSDAQ,KR7012210001,삼미금속(주),1942110000258,20260506,Y,
012340,뉴인텍,KOSDAQ,KOSDAQ,KR7012340006,(주)뉴인텍,1243110003006,20260506,Y,
012620,원일특강,KOSDAQ,KOSDAQ,KR7012620001,(주)원일특강,1101110220288,20260506,Y,
012700,리드코프,KOSDAQ,KOSDAQ,KR7012700001,(주)리드코프,1101110219398,20260506,Y,
012790,신일제약,KOSDAQ,KOSDAQ,KR7012790002,신일제약(주),1152110000790,20260506,Y,
012860,모베이스전자,KOSDAQ,KOSDAQ,KR7012860003,(주)모베이스전자,1301110008961,20260506,Y,
013030,하이록코리아,KOSDAQ,KOSDAQ,KR7013030002,하이록코리아(주),1801110029321,20260506,Y,
013120,동원개발,KOSDAQ,KOSDAQ,KR7013120001,(주)동원개발,1801110029438,20260506,Y,
013310,아진산업,KOSDAQ,KOSDAQ,KR7013310008,아진산업(주),1701110008913,20260506,Y,
013720,THE CUBE&,KOSDAQ,KOSDAQ,KR7013720008,더큐브앤(주),1201110007238,20260506,Y,
013810,스페코,KOSDAQ,KOSDAQ,KR7013810007,(주)스페코,1348110001545,20260506,Y,
013990,아가방컴퍼니,KOSDAQ,KOSDAQ,KR7013990007,(주)아가방앤컴퍼니,1101110250855,20260506,Y,
014100,메디앙스,KOSDAQ,KOSDAQ,KR7014100002,메디앙스(주),1101110252471,20260506,Y,
014190,원익큐브,KOSDAQ,KOSDAQ,KR7014190003,(주)원익큐브,1101110425432,20260506,Y,
014470,부방,KOSDAQ,KOSDAQ,KR7014470009,(주)부방,1101110265523,20260506,Y,
014570,고려제약,KOSDAQ,KOSDAQ,KR7014570006,고려제약(주),1344110001840,20260506,Y,
014620,성광벤드,KOSDAQ,KOSDAQ,KR7014620009,(주)성광벤드,1801110036425,20260506,Y,
014940,오리엔탈정공,KOSDAQ,KOSDAQ,KR7014940001,(주)오리엔탈정공,1801110038447,20260506,Y,
014950,삼익제약,KOSDAQ,KOSDAQ,KR7014950000,삼익제약(주),1201110009755,20260506,Y,
014970,삼륭물산,KOSDAQ,KOSDAQ,KR7014970008,삼륭물산(주),1156110001401,20260506,Y,
015710,코콤,KOSDAQ,KOSDAQ,KR7015710007,(주)코콤,1243110005359,20260506,Y,
015750,성우하이텍,KOSDAQ,KOSDAQ,KR7015750003,(주)성우하이텍,1801110042612,20260506,Y,
016100,리더스코스메틱,KOSDAQ,KOSDAQ,KR7016100000,(주)리더스코스메틱,1341110021539,20260506,Y,
016250,SGC E&C,KOSDAQ,KOSDAQ,KR7016250003,에스지씨이앤씨(주),1101110327555,20260506,Y,
016600,큐캐피탈,KOSDAQ,KOSDAQ,KR7016600009,큐캐피탈파트너스(주),1101110339691,20260506,Y,
016670,디모아,KOSDAQ,KOSDAQ,KR7016670002,(주)디모아,1101110340979,20260506,Y,
016790,현대사료,KOSDAQ,KOSDAQ,KR7016790008,현대사료(주),1615110001572,20260506,Y,
016920,카스,KOSDAQ,KOSDAQ,KR7016920001,(주)카스,1115110005269,20260506,Y,
017000,신원종합개발,KOSDAQ,KOSDAQ,KR7017000001,신원종합개발(주),1101110350712,20260506,Y,
017250,인터엠,KOSDAQ,KOSDAQ,KR7017250002,(주)인터엠,1101110357403,20260506,Y,
017480,삼현철강,KOSDAQ,KOSDAQ,KR7017480005,삼현철강(주),1901110005551,20260506,Y,
017510,세명전기,KOSDAQ,KOSDAQ,KR7017510009,세명전기공업(주),1801110052091,20260506,Y,
017650,대림제지,KOSDAQ,KOSDAQ,KR7017650003,(주)대림제지,1348110003020,20260506,Y,
017890,한국알콜,KOSDAQ,KOSDAQ,KR7017890005,한국알콜산업(주),1812110003728,20260506,Y,
018000,유니슨,KOSDAQ,KOSDAQ,KR7018000000,유니슨(주),1101110382020,20260506,Y,
018120,진로발효,KOSDAQ,KOSDAQ,KR7018120006,(주)진로발효,1301110009365,20260506,Y,
018290,브이티,KOSDAQ,KOSDAQ,KR7018290007,(주)브이티,1101110509872,20260506,Y,
018310,삼목에스폼,KOSDAQ,KOSDAQ,KR7018310003,삼목에스폼(주),1101110400377,20260506,Y,
018620,우진비앤지,KOSDAQ,KOSDAQ,KR7018620005,우진비앤지(주),1243110014409,20260506,Y,
018680,서울제약,KOSDAQ,KOSDAQ,KR7018680009,(주)서울제약,1301110008721,20260506,Y,
018700,바른손,KOSDAQ,KOSDAQ,KR7018700005,(주)바른손,1101110413990,20260506,Y,
019010,베뉴지,KOSDAQ,KOSDAQ,KR7019010008,베뉴지(주),1101110252405,20260506,Y,
019210,와이지-원,KOSDAQ,KOSDAQ,KR7019210004,(주)와이지-원,1201110038639,20260506,Y,
019540,일지테크,KOSDAQ,KOSDAQ,KR7019540004,(주)일지테크,1701110029802,20260506,Y,
019550,SBI인베스트먼트,KOSDAQ,KOSDAQ,KR7019550003,에스비아이인베스트먼트(주),1101110511273,20260506,Y,
019570,플루토스,KOSDAQ,KOSDAQ,KR7019570001,(주)플루토스투자,1101110511588,20260506,Y,
019660,글로본,KOSDAQ,KOSDAQ,KR7019660000,글로본(주),1101110514011,20260506,Y,
019770,서연탑메탈,KOSDAQ,KOSDAQ,KR7019770007,(주)서연탑메탈,1101110519003,20260506,Y,
019990,에너토크,KOSDAQ,KOSDAQ,KR7019990001,(주)에너토크,1101110530687,20260506,Y,
020180,대신정보통신,KOSDAQ,KOSDAQ,KR7020180006,대신정보통신(주),1101110542484,20260506,Y,
020400,대동금속,KOSDAQ,KOSDAQ,KR7020400008,대동금속(주),1741110002630,20260506,Y,
020710,시공테크,KOSDAQ,KOSDAQ,KR7020710000,(주)시공테크,1101110562896,20260506,Y,
021040,대호특수강,KOSDAQ,KOSDAQ,KR7021040001,(주)대호특수강,1845110003856,20260506,Y,
021080,에이티넘인베스트,KOSDAQ,KOSDAQ,KR7021080007,(주)에이티넘인베스트먼트,1301110012050,20260506,Y,
021320,KCC건설,KOSDAQ,KOSDAQ,KR7021320007,(주)케이씨씨건설,1101110607618,20260506,Y,
021650,한국큐빅,KOSDAQ,KOSDAQ,KR7021650007,(주)한국큐빅,1350110031042,20260506,Y,
021880,메이슨캐피탈,KOSDAQ,KOSDAQ,KR7021880000,메이슨캐피탈주식회사,2101110007510,20260506,Y,
022220,티케이지애강,KOSDAQ,KOSDAQ,KR7022220008,티케이지애강(주),1545110001571,20260506,Y,
023160,태광,KOSDAQ,KOSDAQ,KR7023160005,(주)태광,1801110045559,20260506,Y,
023410,유진기업,KOSDAQ,KOSDAQ,KR7023410004,유진기업(주),1101110376148,20260506,Y,
023440,제이스코홀딩스,KOSDAQ,KOSDAQ,KR7023440001,제이스코홀딩스(주),1101110045347,20260506,Y,
023600,삼보판지,KOSDAQ,KOSDAQ,KR7023600000,삼보판지(주),1243110011322,20260506,Y,
023760,한국캐피탈,KOSDAQ,KOSDAQ,KR7023760002,한국캐피탈(주),1601110019277,20260506,Y,
023770,플레이위드,KOSDAQ,KOSDAQ,KR7023770001,(주)플레이위드코리아,1601110007660,20260506,Y,
023790,동일스틸럭스,KOSDAQ,KOSDAQ,KR7023790009,동일스틸럭스(주),1801110002004,20260506,Y,
023900,풍국주정,KOSDAQ,KOSDAQ,KR7023900004,풍국주정공업(주),1701110000745,20260506,Y,
023910,대한약품,KOSDAQ,KOSDAQ,KR7023910003,대한약품공업(주),1101110080484,20260506,Y,
024060,흥구석유,KOSDAQ,KOSDAQ,KR7024060006,흥구석유(주),1701110002676,20260506,Y,
024120,KB오토시스,KOSDAQ,KOSDAQ,KR7024120008,KB오토시스(주),1101110408305,20260506,Y,
024740,한일단조,KOSDAQ,KOSDAQ,KR7024740003,한일단조공업(주),1243110019293,20260506,Y,
024800,유성티엔에스,KOSDAQ,KOSDAQ,KR7024800005,(주)유성티엔에스,1101110217607,20260506,Y,
024830,세원물산,KOSDAQ,KOSDAQ,KR7024830002,(주)세원물산,1701110020694,20260506,Y,
024840,KBI메탈,KOSDAQ,KOSDAQ,KR7024840001,케이비아이메탈(주),1741110001294,20260506,Y,
024850,HLB이노베이션,KOSDAQ,KOSDAQ,KR7024850000,에이치엘비이노베이션(주),1101110234312,20260506,Y,
024880,케이피에프,KOSDAQ,KOSDAQ,KR7024880007,(주)케이피에프,1301110010841,20260506,Y,
024910,경창산업,KOSDAQ,KOSDAQ,KR7024910002,경창산업(주),1701110007733,20260506,Y,
024940,PN풍년,KOSDAQ,KOSDAQ,KR7024940009,(주)피엔풍년,1101110155378,20260506,Y,
024950,삼천리자전거,KOSDAQ,KOSDAQ,KR7024950008,삼천리자전거(주),1101110250136,20260506,Y,
025320,시노펙스,KOSDAQ,KOSDAQ,KR7025320003,(주)시노펙스,1746110004644,20260506,Y,
025440,DH오토웨어,KOSDAQ,KOSDAQ,KR7025440009,(주)디에이치오토웨어,1101110254344,20260506,Y,
025550,한국선재,KOSDAQ,KOSDAQ,KR7025550005,한국선재(주),1801110102359,20260506,Y,
025770,한국정보통신,KOSDAQ,KOSDAQ,KR7025770009,한국정보통신(주),1101110426688,20260506,Y,
025870,신라에스지,KOSDAQ,KOSDAQ,KR7025870007,신라에스지(주),1101110224727,20260506,Y,
025880,케이씨피드,KOSDAQ,KOSDAQ,KR7025880006,(주)케이씨피드,1747110000187,20260506,Y,
025900,동화기업,KOSDAQ,KOSDAQ,KR7025900002,동화기업(주),1201110004218,20260506,Y,
025950,동신건설,KOSDAQ,KOSDAQ,KR7025950007,동신건설(주),1748110000820,20260506,Y,
025980,아난티,KOSDAQ,KOSDAQ,KR7025980004,(주)아난티,1301110026814,20260506,Y,
026040,제이에스티나,KOSDAQ,KOSDAQ,KR7026040006,(주)제이에스티나,1101110569074,20260506,Y,
026150,특수건설,KOSDAQ,KOSDAQ,KR7026150003,(주)특수건설,1101110115885,20260506,Y,
026910,광진실업,KOSDAQ,KOSDAQ,KR7026910000,광진실업(주),1801110025882,20260506,Y,
027040,서울전자통신,KOSDAQ,KOSDAQ,KR7027040005,서울전자통신(주),1243110009781,20260506,Y,
027050,코리아나,KOSDAQ,KOSDAQ,KR7027050004,(주)코리아나화장품,1101110597166,20260506,Y,
027360,아주IB투자,KOSDAQ,KOSDAQ,KR7027360007,아주아이비투자(주),1101110169874,20260506,Y,
027580,상보,KOSDAQ,KOSDAQ,KR7027580000,(주)상보,1243110024177,20260506,Y,
027710,팜스토리,KOSDAQ,KOSDAQ,KR7027710003,(주)팜스토리,1543110001715,20260506,Y,
027830,대성창투,KOSDAQ,KOSDAQ,KR7027830009,대성창업투자(주),1701110031881,20260506,Y,
028080,휴맥스홀딩스,KOSDAQ,KOSDAQ,KR7028080000,(주)휴맥스홀딩스,1101110604200,20260506,Y,
028300,HLB,KOSDAQ,KOSDAQ,KR7028300002,에이치엘비(주),1701110021600,20260506,Y,
029480,광무,KOSDAQ,KOSDAQ,KR7029480001,(주)광무,1101110779152,20260506,Y,
030350,드래곤플라이,KOSDAQ,KOSDAQ,KR7030350003,(주)드래곤플라이,1101110685309,20260506,Y,
030520,한글과컴퓨터,KOSDAQ,KOSDAQ,KR7030520001,(주)한글과컴퓨터,1101110725064,20260506,Y,
030530,원익홀딩스,KOSDAQ,KOSDAQ,KR7030530000,(주)원익홀딩스,1243110033235,20260506,Y,
030960,양지사,KOSDAQ,KOSDAQ,KR7030960009,(주)양지사,1101110244965,20260506,Y,
031310,아이즈비전,KOSDAQ,KOSDAQ,KR7031310006,(주)아이즈비전,1801110132801,20260506,Y,
031330,에스에이엠티,KOSDAQ,KOSDAQ,KR7031330004,(주)에스에이엠티,1101110707674,20260506,Y,
031510,오스템,KOSDAQ,KOSDAQ,KR7031510001,(주)오스템,1615110006796,20260506,Y,
031860,디에이치엑스컴퍼니,KOSDAQ,KOSDAQ,KR7031860000,디에이치엑스컴퍼니(주),1101110260218,20260506,Y,
031980,피에스케이홀딩스,KOSDAQ,KOSDAQ,KR7031980006,피에스케이홀딩스(주),1347110004377,20260506,Y,
032080,아즈텍WB,KOSDAQ,KOSDAQ,KR7032080004,(주)아즈텍더블유비이,1801110145953,20260506,Y,
032190,다우데이타,KOSDAQ,KOSDAQ,KR7032190001,(주)다우데이타,1101110863484,20260506,Y,
032280,삼일,KOSDAQ,KOSDAQ,KR7032280000,(주)삼일,1746110001244,20260506,Y,
032300,한국파마,KOSDAQ,KOSDAQ,KR7032300006,(주)한국파마,1801110059112,20260506,Y,
032500,케이엠더블유,KOSDAQ,KOSDAQ,KR7032500001,(주)케이엠더블유,1348110020579,20260506,Y,
032540,TJ미디어,KOSDAQ,KOSDAQ,KR7032540007,티제이미디어(주),1101110770548,20260506,Y,
032580,피델릭스,KOSDAQ,KOSDAQ,KR7032580003,(주)피델릭스,1101110717441,20260506,Y,
032620,GC메디아이,KOSDAQ,KOSDAQ,KR7032620007,(주)GC메디아이,1101111105364,20260506,Y,
032680,소프트센,KOSDAQ,KOSDAQ,KR7032680001,(주) 소프트센,1101110570442,20260506,Y,
032750,삼진,KOSDAQ,KOSDAQ,KR7032750002,(주)삼진,1341110005351,20260506,Y,
032790,엠젠솔루션,KOSDAQ,KOSDAQ,KR7032790008,(주)엠젠솔루션,1753110000126,20260506,Y,
032800,판타지오,KOSDAQ,KOSDAQ,KR7032800005,(주)판타지오,1601110023757,20260506,Y,
032820,우리기술,KOSDAQ,KOSDAQ,KR7032820003,(주)우리기술,1101111118656,20260506,Y,
032850,비트컴퓨터,KOSDAQ,KOSDAQ,KR7032850000,(주)비트컴퓨터,1101110397699,20260506,Y,
032860,더라미,KOSDAQ,KOSDAQ,KR7032860009,더라미(주),1101110412778,20260506,Y,
032940,원익,KOSDAQ,KOSDAQ,KR7032940009,(주)원익,1753110001158,20260506,Y,
032960,동일기연,KOSDAQ,KOSDAQ,KR7032960007,(주)동일기연,1341110012687,20260506,Y,
032980,바이온,KOSDAQ,KOSDAQ,KR7032980005,바이온(주),1101110358956,20260506,Y,
033050,제이엠아이,KOSDAQ,KOSDAQ,KR7033050006,제이엠아이(주),1101110922214,20260506,Y,
033100,제룡전기,KOSDAQ,KOSDAQ,KR7033100009,제룡전기(주),1101110513633,20260506,Y,
033130,디지틀조선,KOSDAQ,KOSDAQ,KR7033130006,(주)디지틀조선일보,1101111201071,20260506,Y,
033160,엠케이전자,KOSDAQ,KOSDAQ,KR7033160003,엠케이전자(주),1345110004412,20260506,Y,
033170,시그네틱스,KOSDAQ,KOSDAQ,KR7033170002,시그네틱스(주),1101110070815,20260506,Y,
033200,모아텍,KOSDAQ,KOSDAQ,KR7033200007,(주)모아텍,1101110613607,20260506,Y,
033230,인성정보,KOSDAQ,KOSDAQ,KR7033230004,(주)인성정보,1101110834378,20260506,Y,
033290,로젠,KOSDAQ,KOSDAQ,KR7033290008,로젠(주),1101110166127,20260506,Y,
033310,엠투엔,KOSDAQ,KOSDAQ,KR7033310004,(주)엠투엔,1345110000600,20260506,Y,
033320,제이씨현시스템,KOSDAQ,KOSDAQ,KR7033320003,제이씨현시스템(주),1101110775853,20260506,Y,
033340,좋은사람들,KOSDAQ,KOSDAQ,KR7033340001,(주)좋은사람들,1101110939326,20260506,Y,
033500,동성화인텍,KOSDAQ,KOSDAQ,KR7033500000,(주)동성화인텍,1101110404361,20260506,Y,
033540,파라텍,KOSDAQ,KOSDAQ,KR7033540006,주식회사 파라텍,1243110000573,20260506,Y,
033560,블루콤,KOSDAQ,KOSDAQ,KR7033560004,(주)블루콤,1101110808357,20260506,Y,
033640,네패스,KOSDAQ,KOSDAQ,KR7033640004,(주)네패스,1545110002355,20260506,Y,
033790,피노,KOSDAQ,KOSDAQ,KR7033790007,(주)피노,1101110674724,20260506,Y,
033830,티비씨,KOSDAQ,KOSDAQ,KR7033830001,(주)티비씨,1701110080458,20260506,Y,
034810,해성산업,KOSDAQ,KOSDAQ,KR7034810002,해성산업(주),1101110028145,20260506,Y,
034940,조아제약,KOSDAQ,KOSDAQ,KR7034940007,조아제약(주),1943110004498,20260506,Y,
034950,한국기업평가,KOSDAQ,KOSDAQ,KR7034950006,한국기업평가(주),1101110362808,20260506,Y,
035080,그래디언트,KOSDAQ,KOSDAQ,KR7035080001,(주)그래디언트,1101111468093,20260506,Y,
035200,프럼파스트,KOSDAQ,KOSDAQ,KR7035200005,(주)프럼파스트,1601110031099,20260506,Y,
035290,골드앤에스,KOSDAQ,KOSDAQ,KR7035290006,(주)골드앤에스,1101111100926,20260506,Y,
035460,기산텔레콤,KOSDAQ,KOSDAQ,KR7035460005,(주)기산텔레콤,1101111073454,20260506,Y,
035600,KG이니시스,KOSDAQ,KOSDAQ,KR7035600006,(주)케이지이니시스,1101111602667,20260506,Y,
035610,솔본,KOSDAQ,KOSDAQ,KR7035610005,(주)솔본,1101111064429,20260506,Y,
035620,바른손이앤에이,KOSDAQ,KOSDAQ,KR7035620004,(주)바른손이앤에이,1101111354961,20260506,Y,
035760,CJ ENM,KOSDAQ,KOSDAQ,KR7035760008,(주)씨제이이엔엠,1101111109134,20260506,Y,
035810,이지홀딩스,KOSDAQ,KOSDAQ,KR7035810001,(주)이지홀딩스,1101110565163,20260506,Y,
035890,서희건설,KOSDAQ,KOSDAQ,KR7035890003,(주)서희건설,1101110335912,20260506,Y,
035900,JYP Ent.,KOSDAQ,KOSDAQ,KR7035900000,(주)제이와이피엔터테인먼트,1101111264764,20260506,Y,
036000,예림당,KOSDAQ,KOSDAQ,KR7036000008,(주)예림당,1101110611693,20260506,Y,
036010,아비코전자,KOSDAQ,KOSDAQ,KR7036010007,아비코전자(주),1311110000718,20260506,Y,
036030,케이티알파,KOSDAQ,KOSDAQ,KR7036030005,(주)케이티알파,1101110822026,20260506,Y,
036090,위지트,KOSDAQ,KOSDAQ,KR7036090009,(주)위지트,1101111373755,20260506,Y,
036120,서울평가정보,KOSDAQ,KOSDAQ,KR7036120004,서울평가정보(주),1101110853419,20260506,Y,
036170,에이치엠넥스,KOSDAQ,KOSDAQ,KR7036170009,(주)에이치엠넥스,1301110023349,20260506,Y,
036190,금화피에스시,KOSDAQ,KOSDAQ,KR7036190007,(주)금화피에스시,1101110295778,20260506,Y,
036200,유니셈,KOSDAQ,KOSDAQ,KR7036200004,유니셈(주),1348110024878,20260506,Y,
036220,오상헬스케어,KOSDAQ,KOSDAQ,KR7036220002,(주)오상헬스케어,1101111265697,20260506,Y,
036480,대성미생물,KOSDAQ,KOSDAQ,KR7036480002,(주)대성미생물연구소,1341110000880,20260506,Y,
036540,SFA반도체,KOSDAQ,KOSDAQ,KR7036540003,(주)에스에프에이반도체,1615110027263,20260506,Y,
036560,KZ정밀,KOSDAQ,KOSDAQ,KR7036560001,케이젯정밀(주),1101110342496,20260506,Y,
036620,감성코퍼레이션,KOSDAQ,KOSDAQ,KR7036620003,감성코퍼레이션(주),1101111061954,20260506,Y,
036630,세종텔레콤,KOSDAQ,KOSDAQ,KR7036630002,세종텔레콤(주),1341110036992,20260506,Y,
036640,HRS,KOSDAQ,KOSDAQ,KR7036640001,(주)에이치알에스,1244110001008,20260506,Y,
036670,삼양케이씨아이,KOSDAQ,KOSDAQ,KR7036670008,(주)삼양케이씨아이,1244110011884,20260506,Y,
036690,코맥스,KOSDAQ,KOSDAQ,KR7036690006,(주)코맥스,1311110001964,20260506,Y,
036710,심텍홀딩스,KOSDAQ,KOSDAQ,KR7036710002,(주)심텍홀딩스,1501110006185,20260506,Y,
036800,나이스정보통신,KOSDAQ,KOSDAQ,KR7036800001,나이스정보통신(주),1101110574453,20260506,Y,
036810,에프에스티,KOSDAQ,KOSDAQ,KR7036810000,(주)에프에스티,1101110546006,20260506,Y,
036830,솔브레인홀딩스,KOSDAQ,KOSDAQ,KR7036830008,솔브레인홀딩스(주),1101110610083,20260506,Y,
036890,진성티이씨,KOSDAQ,KOSDAQ,KR7036890002,(주)진성티이씨,1348110002155,20260506,Y,
036930,주성엔지니어링,KOSDAQ,KOSDAQ,KR7036930006,주성엔지니어링(주),1301110033281,20260506,Y,
037030,파워넷,KOSDAQ,KOSDAQ,KR7037030004,주식회사 파워넷,1412110006738,20260506,Y,
037070,파세코,KOSDAQ,KOSDAQ,KR7037070000,(주)파세코,1301110026228,20260506,Y,
037230,한국팩키지,KOSDAQ,KOSDAQ,KR7037230000,(주)한국팩키지,1350110040291,20260506,Y,
037330,인지디스플레,KOSDAQ,KOSDAQ,KR7037330008,(주)인지디스플레이,1350110036315,20260506,Y,
037350,성도이엔지,KOSDAQ,KOSDAQ,KR7037350006,(주)성도이엔지,1101110574669,20260506,Y,
037370,EG,KOSDAQ,KOSDAQ,KR7037370004,(주)이지,1615110003619,20260506,Y,
037400,우리엔터프라이즈,KOSDAQ,KOSDAQ,KR7037400009,우리엔터프라이즈(주),1101110061765,20260506,Y,
037440,희림,KOSDAQ,KOSDAQ,KR7037440005,(주)희림종합건축사사무소,1101110660806,20260506,Y,
037460,삼지전자,KOSDAQ,KOSDAQ,KR7037460003,삼지전자(주),1101110300303,20260506,Y,
037760,쎄니트,KOSDAQ,KOSDAQ,KR7037760006,(주)쎄니트,1942110018855,20260506,Y,
037950,엘컴텍,KOSDAQ,KOSDAQ,KR7037950003,엘컴텍(주),1348110015546,20260506,Y,
038010,제일테크노스,KOSDAQ,KOSDAQ,KR7038010005,(주)제일테크노스,1746110001179,20260506,Y,
038060,루멘스,KOSDAQ,KOSDAQ,KR7038060000,(주)루멘스,1301110038918,20260506,Y,
038070,서린바이오,KOSDAQ,KOSDAQ,KR7038070009,(주)서린바이오사이언스,1101110998124,20260506,Y,
038110,에코플라스틱,KOSDAQ,KOSDAQ,KR7038110003,에코플라스틱(주),1712110001253,20260506,Y,
038290,마크로젠,KOSDAQ,KOSDAQ,KR7038290003,(주)마크로젠,1101111423576,20260506,Y,
038390,레드캡투어,KOSDAQ,KOSDAQ,KR7038390001,(주)레드캡투어,1101111303140,20260506,Y,
038460,바이오스마트,KOSDAQ,KOSDAQ,KR7038460002,(주)바이오스마트,1101110414302,20260506,Y,
038500,삼표시멘트,KOSDAQ,KOSDAQ,KR7038500005,(주)삼표시멘트,1101110738637,20260506,Y,
038530,케이바이오랩스,KOSDAQ,KOSDAQ,KR7038530002,(주)케이바이오랩스,1101111430498,20260506,Y,
038540,상상인,KOSDAQ,KOSDAQ,KR7038540001,(주)상상인,1201110050104,20260506,Y,
038620,위즈코프,KOSDAQ,KOSDAQ,KR7038620001,위즈코프(주),1101111136145,20260506,Y,
038680,에스넷,KOSDAQ,KOSDAQ,KR7038680005,에스넷시스템(주),1101111647671,20260506,Y,
038870,에코심플렉스,KOSDAQ,KOSDAQ,KR7038870002,에코심플렉스(주),1101111448128,20260506,Y,
038880,아이에이,KOSDAQ,KOSDAQ,KR7038880001,(주)아이에이,1101110963341,20260506,Y,
038950,파인디지털,KOSDAQ,KOSDAQ,KR7038950002,(주)파인디지털,1101110896683,20260506,Y,
039010,현대에이치티,KOSDAQ,KOSDAQ,KR7039010004,현대에이치티(주),1101111539597,20260506,Y,
039020,이건홀딩스,KOSDAQ,KOSDAQ,KR7039020003,(주)이건홀딩스,1301110028935,20260506,Y,
039030,이오테크닉스,KOSDAQ,KOSDAQ,KR7039030002,(주)이오테크닉스,1101110998629,20260506,Y,
039200,오스코텍,KOSDAQ,KOSDAQ,KR7039200001,(주)오스코텍,1615110028691,20260506,Y,
039240,경남스틸,KOSDAQ,KOSDAQ,KR7039240007,경남스틸(주),1942110006090,20260506,Y,
039290,인포뱅크,KOSDAQ,KOSDAQ,KR7039290002,인포뱅크(주),1101111166803,20260506,Y,
039310,세중,KOSDAQ,KOSDAQ,KR7039310008,(주)세중,1101111220063,20260506,Y,
039340,한국경제TV,KOSDAQ,KOSDAQ,KR7039340005,(주)한국경제티브이,1101111767510,20260506,Y,
039420,케이엘넷,KOSDAQ,KOSDAQ,KR7039420005,(주)케이엘넷,1101111023889,20260506,Y,
039440,에스티아이,KOSDAQ,KOSDAQ,KR7039440003,(주)에스티아이,1346110009460,20260506,Y,
039560,다산네트웍스,KOSDAQ,KOSDAQ,KR7039560008,(주)다산네트웍스,1101110924765,20260506,Y,
039610,화성밸브,KOSDAQ,KOSDAQ,KR7039610001,화성밸브(주),1701110030958,20260506,Y,
039740,한국정보공학,KOSDAQ,KOSDAQ,KR7039740006,한국정보공학(주),1101110735766,20260506,Y,
039830,오로라,KOSDAQ,KOSDAQ,KR7039830005,오로라월드(주),1101110407456,20260506,Y,
039840,디오,KOSDAQ,KOSDAQ,KR7039840004,(주)디오,1845110003290,20260506,Y,
039860,나노엔텍,KOSDAQ,KOSDAQ,KR7039860002,(주)나노엔텍,1101110550502,20260506,Y,
039980,폴라리스AI,KOSDAQ,KOSDAQ,KR7039980008,(주)폴라리스에이아이,1101110747414,20260506,Y,
040160,누리플렉스,KOSDAQ,KOSDAQ,KR7040160004,(주)누리플렉스,1101111029671,20260506,Y,
040300,YTN,KOSDAQ,KOSDAQ,KR7040300006,(주)와이티엔,1101110971873,20260506,Y,
040350,크레오에스지,KOSDAQ,KOSDAQ,KR7040350001,(주)크레오에스지,1101111407314,20260506,Y,
040420,정상제이엘에스,KOSDAQ,KOSDAQ,KR7040420002,(주)정상제이엘에스,1243110039762,20260506,Y,
040610,SG&G,KOSDAQ,KOSDAQ,KR7040610008,(주)에스지엔지,1101110984199,20260506,Y,
040910,아이씨디,KOSDAQ,KOSDAQ,KR7040910002,(주)아이씨디,1301110058560,20260506,Y,
041020,폴라리스오피스,KOSDAQ,KOSDAQ,KR7041020009,(주)폴라리스오피스,1101111398117,20260506,Y,
041190,우리기술투자,KOSDAQ,KOSDAQ,KR7041190000,우리기술투자(주),1601110058887,20260506,Y,
041440,현대에버다임,KOSDAQ,KOSDAQ,KR7041440009,(주)현대에버다임,1101111042574,20260506,Y,
041460,한국전자인증,KOSDAQ,KOSDAQ,KR7041460007,한국전자인증(주),1101111665350,20260506,Y,
041510,에스엠,KOSDAQ,KOSDAQ,KR7041510009,(주)에스엠엔터테인먼트,1101111128340,20260506,Y,
041520,이엘씨,KOSDAQ,KOSDAQ,KR7041520008,(주)이엘씨,1301110004620,20260506,Y,
041590,플래스크,KOSDAQ,KOSDAQ,KR7041590001,(주)플래스크,1101111625271,20260506,Y,
041830,인바디,KOSDAQ,KOSDAQ,KR7041830001,(주)인바디,1101111271834,20260506,Y,
041910,폴라리스AI파마,KOSDAQ,KOSDAQ,KR7041910001,(주)폴라리스에이아이파마,1351110047782,20260506,Y,
041920,메디아나,KOSDAQ,KOSDAQ,KR7041920000,(주)메디아나,1101111168502,20260506,Y,
041930,SY동아,KOSDAQ,KOSDAQ,KR7041930009,SY동아(주),1801110021509,20260506,Y,
041960,코미팜,KOSDAQ,KOSDAQ,KR7041960006,(주)코미팜,1101110134372,20260506,Y,
042000,카페24,KOSDAQ,KOSDAQ,KR7042000000,카페24(주),1101111698145,20260506,Y,
042040,케이피엠테크,KOSDAQ,KOSDAQ,KR7042040006,(주)케이피엠테크,1301110010932,20260506,Y,
042110,에스씨디,KOSDAQ,KOSDAQ,KR7042110007,(주)에스씨디,1345110005858,20260506,Y,
042370,비츠로테크,KOSDAQ,KOSDAQ,KR7042370007,(주)비츠로테크,1101110086169,20260506,Y,
042420,네오위즈홀딩스,KOSDAQ,KOSDAQ,KR7042420000,(주)네오위즈홀딩스,1101111419517,20260506,Y,
042500,링네트,KOSDAQ,KOSDAQ,KR7042500009,(주)링네트,1101111927958,20260506,Y,
042510,라온시큐어,KOSDAQ,KOSDAQ,KR7042510008,라온시큐어(주),1353110002964,20260506,Y,
042520,한스바이오메드,KOSDAQ,KOSDAQ,KR7042520007,한스바이오메드(주),1101111773872,20260506,Y,
042600,새로닉스,KOSDAQ,KOSDAQ,KR7042600007,(주)새로닉스,1753110000762,20260506,Y,
042940,상지건설,KOSDAQ,KOSDAQ,KR7042940007,(주)상지건설,1311110004554,20260506,Y,
043090,더테크놀로지,KOSDAQ,KOSDAQ,KR7043090000,(주)더 테크놀로지,1101110527767,20260506,Y,
043100,알파AI,KOSDAQ,KOSDAQ,KR7043100007,(주)알파에이아이,1347110014590,20260506,Y,
043150,바텍,KOSDAQ,KOSDAQ,KR7043150002,(주)바텍,1341110036348,20260506,Y,
043200,파루,KOSDAQ,KOSDAQ,KR7043200005,(주)파루,2013110006783,20260506,Y,
043220,티에스넥스젠,KOSDAQ,KOSDAQ,KR7043220003,(주)티에스넥스젠,1101111182726,20260506,Y,
043260,성호전자,KOSDAQ,KOSDAQ,KR7043260009,성호전자(주),1101110145860,20260506,Y,
043340,에쎈테크,KOSDAQ,KOSDAQ,KR7043340009,(주)에쎈테크,1201110087834,20260506,Y,
043360,디지아이,KOSDAQ,KOSDAQ,KR7043360007,(주)디지아이,1115110015359,20260506,Y,
043370,피에이치에이,KOSDAQ,KOSDAQ,KR7043370006,피에이치에이(주),1701110021006,20260506,Y,
043590,웰킵스하이텍,KOSDAQ,KOSDAQ,KR7043590009,웰킵스하이텍(주),1101110171168,20260506,Y,
043610,KT지니뮤직,KOSDAQ,KOSDAQ,KR7043610005,(주)케이티지니뮤직,1601110024284,20260506,Y,
043650,국순당,KOSDAQ,KOSDAQ,KR7043650001,(주)국순당,2013110001155,20260506,Y,
043710,코스리거글로벌,KOSDAQ,KOSDAQ,KR7043710003,(주)코스리거글로벌,1243110031007,20260506,Y,
043910,자연과환경,KOSDAQ,KOSDAQ,KR7043910009,(주)자연과환경,1101111727853,20260506,Y,
044180,KD,KOSDAQ,KOSDAQ,KR7044180008,KD(주),1201110012914,20260506,Y,
044340,위닉스,KOSDAQ,KOSDAQ,KR7044340008,(주)위닉스,1301110026260,20260506,Y,
044480,빌리언스,KOSDAQ,KOSDAQ,KR7044480002,(주)빌리언스,1501110000765,20260506,Y,
044490,태웅,KOSDAQ,KOSDAQ,KR7044490001,(주)태웅,1801110073922,20260506,Y,
044780,에이치케이,KOSDAQ,KOSDAQ,KR7044780005,(주)에이치케이,1201110059410,20260506,Y,
044960,이글벳,KOSDAQ,KOSDAQ,KR7044960003,(주)이글벳,1101110361008,20260506,Y,
044990,에이치엔에스하이텍,KOSDAQ,KOSDAQ,KR7044990000,에이치엔에스하이텍(주),1101111219561,20260506,Y,
045060,오공,KOSDAQ,KOSDAQ,KR7045060001,(주)오공,1243110001513,20260506,Y,
045100,한양이엔지,KOSDAQ,KOSDAQ,KR7045100005,한양이엔지(주),1101110582547,20260506,Y,
045300,성우테크론,KOSDAQ,KOSDAQ,KR7045300001,성우테크론(주),1942110025941,20260506,Y,
045340,토탈소프트,KOSDAQ,KOSDAQ,KR7045340007,(주)토탈소프트뱅크,1801110085076,20260506,Y,
045390,대아티아이,KOSDAQ,KOSDAQ,KR7045390002,대아티아이(주),1101111195109,20260506,Y,
045510,정원엔시스,KOSDAQ,KOSDAQ,KR7045510005,(주)정원엔시스,1101110105688,20260506,Y,
045520,크린앤사이언스,KOSDAQ,KOSDAQ,KR7045520004,(주)크린앤사이언스,2112110000553,20260506,Y,
045660,에이텍,KOSDAQ,KOSDAQ,KR7045660008,(주)에이텍,1101110954374,20260506,Y,
045970,코아시아,KOSDAQ,KOSDAQ,KR7045970001,(주)코아시아,1101110944622,20260506,Y,
046070,코다코,KOSDAQ,KOSDAQ,KR7046070009,(주)코다코,1201110147422,20260506,Y,
046120,오르비텍,KOSDAQ,KOSDAQ,KR7046120002,(주)오르비텍,1101110753734,20260506,Y,
046210,HLB파나진,KOSDAQ,KOSDAQ,KR7046210001,에이치엘비파나진 주식회사,1701110007098,20260506,Y,
046310,백금T&A,KOSDAQ,KOSDAQ,KR7046310009,(주)백금티앤에이,1101111353153,20260506,Y,
046390,삼화네트웍스,KOSDAQ,KOSDAQ,KR7046390001,(주)삼화네트웍스,1101110809595,20260506,Y,
046440,KG파이낸셜,KOSDAQ,KOSDAQ,KR7046440004,(주)케이지파이낸셜,1101111911050,20260506,Y,
046890,서울반도체,KOSDAQ,KOSDAQ,KR7046890000,서울반도체(주),1101110522436,20260506,Y,
046940,우원개발,KOSDAQ,KOSDAQ,KR7046940003,우원개발(주),1101111600794,20260506,Y,
046970,우리로,KOSDAQ,KOSDAQ,KR7046970000,(주)우리로,2001110093313,20260506,Y,
047080,한빛소프트,KOSDAQ,KOSDAQ,KR7047080007,(주)한빛소프트,1101111628928,20260506,Y,
047310,파워로직스,KOSDAQ,KOSDAQ,KR7047310008,(주)파워로직스,1101111459191,20260506,Y,
047560,이스트소프트,KOSDAQ,KOSDAQ,KR7047560008,(주)이스트소프트,1101110974851,20260506,Y,
047770,코데즈컴바인,KOSDAQ,KOSDAQ,KR7047770003,(주)코데즈컴바인,1101111187031,20260506,Y,
047820,초록뱀미디어,KOSDAQ,KOSDAQ,KR7047820006,(주)초록뱀미디어,1101111549786,20260506,Y,
047920,HLB제약,KOSDAQ,KOSDAQ,KR7047920004,에이치엘비제약(주),1101111538391,20260506,Y,
048410,현대바이오,KOSDAQ,KOSDAQ,KR7048410005,현대바이오사이언스(주),1344110015693,20260506,Y,
048430,유라테크,KOSDAQ,KOSDAQ,KR7048430003,(주)유라테크,1101110529820,20260506,Y,
048470,대동스틸,KOSDAQ,KOSDAQ,KR7048470009,(주)대동스틸,1101110150691,20260506,Y,
048530,인트론바이오,KOSDAQ,KOSDAQ,KR7048530000,(주)인트론바이오테크놀로지,1101111636004,20260506,Y,
048550,SM C&C,KOSDAQ,KOSDAQ,KR7048550008,(주)에스엠컬처앤콘텐츠,1101110275134,20260506,Y,
048770,TPC로보틱스,KOSDAQ,KOSDAQ,KR7048770002,(주)티피씨로보틱스,1101110245575,20260506,Y,
048830,엔피케이,KOSDAQ,KOSDAQ,KR7048830004,(주)엔피케이,1101110522311,20260506,Y,
048870,시너지이노베이션,KOSDAQ,KOSDAQ,KR7048870000,(주)시너지이노베이션,1101111530959,20260506,Y,
048910,대원미디어,KOSDAQ,KOSDAQ,KR7048910004,대원미디어(주),1101110222151,20260506,Y,
049070,인탑스,KOSDAQ,KOSDAQ,KR7049070006,인탑스(주),1341110013552,20260506,Y,
049080,기가레인,KOSDAQ,KOSDAQ,KR7049080005,(주)기가레인,1101111867831,20260506,Y,
049120,파인디앤씨,KOSDAQ,KOSDAQ,KR7049120009,(주)파인디앤씨,1101111667273,20260506,Y,
049180,셀루메드,KOSDAQ,KOSDAQ,KR7049180003,(주)셀루메드,1201110019225,20260506,Y,
049430,코메론,KOSDAQ,KOSDAQ,KR7049430002,(주)코메론,1801110047399,20260506,Y,
049470,비트플래닛,KOSDAQ,KOSDAQ,KR7049470008,(주)비트플래닛,1101111487267,20260506,Y,
049480,오픈베이스,KOSDAQ,KOSDAQ,KR7049480007,(주)오픈베이스,1101110889836,20260506,Y,
049520,유아이엘,KOSDAQ,KOSDAQ,KR7049520000,유아이엘(주),1101110320955,20260506,Y,
049550,잉크테크,KOSDAQ,KOSDAQ,KR7049550007,(주)잉크테크,1101110866785,20260506,Y,
049630,재영솔루텍,KOSDAQ,KOSDAQ,KR7049630007,재영솔루텍(주),1201110060450,20260506,Y,
049720,고려신용정보,KOSDAQ,KOSDAQ,KR7049720006,고려신용정보(주),1101110787080,20260506,Y,
049830,승일,KOSDAQ,KOSDAQ,KR7049830003,(주) 승일,1201110007204,20260506,Y,
049950,미래컴퍼니,KOSDAQ,KOSDAQ,KR7049950009,(주)미래컴퍼니,1101110911192,20260506,Y,
049960,쎌바이오텍,KOSDAQ,KOSDAQ,KR7049960008,(주)쎌바이오텍,1244110020587,20260506,Y,
050090,비케이홀딩스,KOSDAQ,KOSDAQ,KR7050090000,(주)비케이홀딩스,1760110022266,20260506,Y,
050110,캠시스,KOSDAQ,KOSDAQ,KR7050110006,(주)캠시스,1201110081951,20260506,Y,
050120,ES큐브,KOSDAQ,KOSDAQ,KR7050120005,(주)ES큐브,1801110031516,20260506,Y,
050760,에스폴리텍,KOSDAQ,KOSDAQ,KR7050760008,(주)에스폴리텍,1101111716898,20260506,Y,
050860,아세아텍,KOSDAQ,KOSDAQ,KR7050860006,(주)아세아텍,1741110000098,20260506,Y,
050890,쏠리드,KOSDAQ,KOSDAQ,KR7050890003,(주)쏠리드,1101111603764,20260506,Y,
050960,수산아이앤티,KOSDAQ,KOSDAQ,KR7050960004,(주)수산아이앤티,1101111518830,20260506,Y,
051160,지어소프트,KOSDAQ,KOSDAQ,KR7051160000,(주)지어소프트,1101111574874,20260506,Y,
051360,토비스,KOSDAQ,KOSDAQ,KR7051360006,(주)토비스,1349110013457,20260506,Y,
051370,인터플렉스,KOSDAQ,KOSDAQ,KR7051370005,(주)인터플렉스,1350110042924,20260506,Y,
051380,피씨디렉트,KOSDAQ,KOSDAQ,KR7051380004,(주)피씨디렉트,1101111577977,20260506,Y,
051390,YW,KOSDAQ,KOSDAQ,KR7051390003,와이더블유 주식회사,1311110021699,20260506,Y,
051490,나라엠앤디,KOSDAQ,KOSDAQ,KR7051490001,나라엠앤디(주),1942110033580,20260506,Y,
051500,CJ프레시웨이,KOSDAQ,KOSDAQ,KR7051500007,씨제이프레시웨이(주),1801110083442,20260506,Y,
051780,큐로홀딩스,KOSDAQ,KOSDAQ,KR7051780005,(주)큐로홀딩스,1101110555479,20260506,Y,
051980,중앙첨단소재,KOSDAQ,KOSDAQ,KR7051980001,(주)중앙첨단소재,1101111686728,20260506,Y,
052020,에스티큐브,KOSDAQ,KOSDAQ,KR7052020005,(주)에스티큐브,1243110025472,20260506,Y,
052220,iMBC,KOSDAQ,KOSDAQ,KR7052220001,(주)아이엠비씨,1101111903643,20260506,Y,
052260,현대바이오랜드,KOSDAQ,KOSDAQ,KR7052260007,(주)현대바이오랜드,1101111192981,20260506,Y,
052300,오션인더블유,KOSDAQ,KOSDAQ,KR7052300001,(주)오션인더블유,1601110048870,20260506,Y,
052330,코텍,KOSDAQ,KOSDAQ,KR7052330008,(주)코텍,1101110522494,20260506,Y,
052400,코나아이,KOSDAQ,KOSDAQ,KR7052400009,코나아이(주),1101111521700,20260506,Y,
052420,오성첨단소재,KOSDAQ,KOSDAQ,KR7052420007,오성첨단소재(주),1201110097940,20260506,Y,
052460,아이크래프트,KOSDAQ,KOSDAQ,KR7052460003,아이크래프트(주),1101111858814,20260506,Y,
052600,한네트,KOSDAQ,KOSDAQ,KR7052600004,(주)한네트,1101111402851,20260506,Y,
052710,아모텍,KOSDAQ,KOSDAQ,KR7052710001,(주)아모텍,1244110019308,20260506,Y,
052770,아이톡시,KOSDAQ,KOSDAQ,KR7052770005,(주)아이톡시,1101111434218,20260506,Y,
052790,액토즈소프트,KOSDAQ,KOSDAQ,KR7052790003,(주)액토즈소프트,1101111335656,20260506,Y,
052860,아이앤씨,KOSDAQ,KOSDAQ,KR7052860004,(주)아이앤씨테크놀로지,1101111342213,20260506,Y,
052900,KX하이텍,KOSDAQ,KOSDAQ,KR7052900008,(주)케이엑스하이텍,1648110010780,20260506,Y,
053030,바이넥스,KOSDAQ,KOSDAQ,KR7053030003,(주)바이넥스,1801110058742,20260506,Y,
053050,지에스이,KOSDAQ,KOSDAQ,KR7053050001,(주)지에스이,1101110624969,20260506,Y,
053060,세동,KOSDAQ,KOSDAQ,KR7053060000,(주)세동,1845110001541,20260506,Y,
053080,케이엔솔,KOSDAQ,KOSDAQ,KR7053080008,케이엔솔(주),1101110645353,20260506,Y,
053160,프리엠스,KOSDAQ,KOSDAQ,KR7053160008,(주)프리엠스,1101110660830,20260506,Y,
053260,금강철강,KOSDAQ,KOSDAQ,KR7053260006,금강철강(주),1101110207799,20260506,Y,
053270,구영테크,KOSDAQ,KOSDAQ,KR7053270005,(주)구영테크,1747110001791,20260506,Y,
053280,예스24,KOSDAQ,KOSDAQ,KR7053280004,예스이십사(주),1101111673288,20260506,Y,
053290,NE능률,KOSDAQ,KOSDAQ,KR7053290003,(주)엔이능률,1101111051137,20260506,Y,
053300,한국정보인증,KOSDAQ,KOSDAQ,KR7053300000,한국정보인증(주),1101111727332,20260506,Y,
053350,이니텍,KOSDAQ,KOSDAQ,KR7053350005,이니텍(주),1601110063240,20260506,Y,
053450,세코닉스,KOSDAQ,KOSDAQ,KR7053450003,(주)세코닉스,1158110006449,20260506,Y,
053580,웹케시,KOSDAQ,KOSDAQ,KR7053580007,웹케시(주),1101111731135,20260506,Y,
053610,프로텍,KOSDAQ,KOSDAQ,KR7053610002,(주)프로텍,1349110012243,20260506,Y,
053620,태양,KOSDAQ,KOSDAQ,KR7053620001,(주)태양,1615110006118,20260506,Y,
053700,삼보모터스,KOSDAQ,KOSDAQ,KR7053700001,삼보모터스(주),1101110545529,20260506,Y,
053800,안랩,KOSDAQ,KOSDAQ,KR7053800009,(주)안랩,1101111138985,20260506,Y,
053950,경남제약,KOSDAQ,KOSDAQ,KR7053950002,경남제약 주식회사,1350110085255,20260506,Y,
053980,오상자이엘,KOSDAQ,KOSDAQ,KR7053980009,오상자이엘(주),1201110083303,20260506,Y,
054040,한국컴퓨터,KOSDAQ,KOSDAQ,KR7054040001,한국컴퓨터(주),1760110008737,20260506,Y,
054050,농우바이오,KOSDAQ,KOSDAQ,KR7054050000,농업회사법인 (주)엔에이치농우바이오,1301110015049,20260506,Y,
054090,삼진엘앤디,KOSDAQ,KOSDAQ,KR7054090006,(주)삼진엘앤디,1348110004664,20260506,Y,
054180,메디콕스,KOSDAQ,KOSDAQ,KR7054180005,(주)메디콕스,1101111640609,20260506,Y,
054210,이랜텍,KOSDAQ,KOSDAQ,KR7054210000,(주)이랜텍,1345110002375,20260506,Y,
054220,비츠로시스,KOSDAQ,KOSDAQ,KR7054220009,(주)비츠로시스,1101110657275,20260506,Y,
054300,팬스타엔터프라이즈,KOSDAQ,KOSDAQ,KR7054300009,(주)팬스타엔터프라이즈,1201110126038,20260506,Y,
054410,케이피티유,KOSDAQ,KOSDAQ,KR7054410006,(주)케이피티유,1350110047883,20260506,Y,
054450,텔레칩스,KOSDAQ,KOSDAQ,KR7054450002,(주)텔레칩스,1101111799513,20260506,Y,
054540,삼영엠텍,KOSDAQ,KOSDAQ,KR7054540000,삼영엠텍(주),1943110005149,20260506,Y,
054620,APS,KOSDAQ,KOSDAQ,KR7054620000,(주)에이피에스,1101111315286,20260506,Y,
054670,대한뉴팜,KOSDAQ,KOSDAQ,KR7054670005,대한뉴팜(주),1101110383515,20260506,Y,
054780,키이스트,KOSDAQ,KOSDAQ,KR7054780002,(주)키이스트,1101111327869,20260506,Y,
054800,아이디스홀딩스,KOSDAQ,KOSDAQ,KR7054800008,(주)아이디스홀딩스,1601110065824,20260506,Y,
054920,한컴위드,KOSDAQ,KOSDAQ,KR7054920004,(주)한컴위드,1101111673585,20260506,Y,
054930,유신,KOSDAQ,KOSDAQ,KR7054930003,(주)유신,1101110061666,20260506,Y,
054940,엑사이엔씨,KOSDAQ,KOSDAQ,KR7054940002,(주)엑사이엔씨,1101110774376,20260506,Y,
054950,제이브이엠,KOSDAQ,KOSDAQ,KR7054950001,(주)제이브이엠,1701110111352,20260506,Y,
056080,유진로봇,KOSDAQ,KOSDAQ,KR7056080005,(주) 유진로봇,1101110991467,20260506,Y,
056090,시지메드텍,KOSDAQ,KOSDAQ,KR7056090004,(주)시지메드텍,1101111453648,20260506,Y,
056190,에스에프에이,KOSDAQ,KOSDAQ,KR7056190002,(주)에스에프에이,1942110032714,20260506,Y,
056360,코위버,KOSDAQ,KOSDAQ,KR7056360001,코위버(주),1101111883225,20260506,Y,
056700,신화인터텍,KOSDAQ,KOSDAQ,KR7056700008,신화인터텍(주),1348110011677,20260506,Y,
056730,CNT85,KOSDAQ,KOSDAQ,KR7056730005,씨앤티85(주),1101111347940,20260506,Y,
057030,YBM넷,KOSDAQ,KOSDAQ,KR7057030009,(주)와이비엠넷,1101111990335,20260506,Y,
057540,옴니시스템,KOSDAQ,KOSDAQ,KR7057540007,옴니시스템(주),1211110054981,20260506,Y,
057680,티사이언티픽,KOSDAQ,KOSDAQ,KR7057680001,(주)티사이언티픽,1101111577604,20260506,Y,
058110,멕아이씨에스,KOSDAQ,KOSDAQ,KR7058110008,(주)멕아이씨에스,1341110063143,20260506,Y,
058400,KNN,KOSDAQ,KOSDAQ,KR7058400003,(주)케이엔엔,1801110162585,20260506,Y,
058450,한주에이알티,KOSDAQ,KOSDAQ,KR7058450008,한주에이알티(주),1101110226327,20260506,Y,
058470,리노공업,KOSDAQ,KOSDAQ,KR7058470006,리노공업(주),1801110220664,20260506,Y,
058610,에스피지,KOSDAQ,KOSDAQ,KR7058610007,(주)에스피지,1243110031213,20260506,Y,
058630,엠게임,KOSDAQ,KOSDAQ,KR7058630005,주식회사 엠게임,1101111838212,20260506,Y,
058820,CMG제약,KOSDAQ,KOSDAQ,KR7058820002,(주)CMG제약,1350110115846,20260506,Y,
058970,엠로,KOSDAQ,KOSDAQ,KR7058970005,(주)엠로,1101111906887,20260506,Y,
059090,미코,KOSDAQ,KOSDAQ,KR7059090001,(주)미코,1346110012744,20260506,Y,
059100,아이컴포넌트,KOSDAQ,KOSDAQ,KR7059100008,(주)아이컴포넌트,1301110060490,20260506,Y,
059120,아진엑스텍,KOSDAQ,KOSDAQ,KR7059120006,(주)아진엑스텍,1801110248369,20260506,Y,
059210,메타바이오메드,KOSDAQ,KOSDAQ,KR7059210005,(주)메타바이오메드,1501110041925,20260506,Y,
059270,해성에어로보틱스,KOSDAQ,KOSDAQ,KR7059270009,해성에어로보틱스(주),1201110148800,20260506,Y,
060150,인선이엔티,KOSDAQ,KOSDAQ,KR7060150000,인선이엔티(주),1159110017303,20260506,Y,
060230,제이케이시냅스,KOSDAQ,KOSDAQ,KR7060230000,제이케이시냅스(주),1101111833486,20260506,Y,
060240,스타코링크,KOSDAQ,KOSDAQ,KR7060240009,(주)스타코링크,1101110958590,20260506,Y,
060250,NHN KCP,KOSDAQ,KOSDAQ,KR7060250008,엔에이치엔케이씨피 주식회사,1101111113929,20260506,Y,
060260,뉴보텍,KOSDAQ,KOSDAQ,KR7060260007,(주)뉴보텍,1412110004279,20260506,Y,
060280,큐렉소,KOSDAQ,KOSDAQ,KR7060280005,큐렉소(주),1101110839071,20260506,Y,
060310,3S,KOSDAQ,KOSDAQ,KR7060310000,(주)삼에스코리아,1101110746474,20260506,Y,
060370,LS마린솔루션,KOSDAQ,KOSDAQ,KR7060370004,엘에스마린솔루션 주식회사,1801110181428,20260506,Y,
060380,동양에스텍,KOSDAQ,KOSDAQ,KR7060380003,(주)동양에스텍,1601110004426,20260506,Y,
060480,국일신동,KOSDAQ,KOSDAQ,KR7060480001,국일신동(주),1201110082793,20260506,Y,
060540,에스에이티,KOSDAQ,KOSDAQ,KR7060540002,(주)에스에이티,1101111622540,20260506,Y,
060560,HC홈센타,KOSDAQ,KOSDAQ,KR7060560000,주식회사 에이치씨홈센타,1760110003901,20260506,Y,
060570,드림어스컴퍼니,KOSDAQ,KOSDAQ,KR7060570009,(주)드림어스컴퍼니,1101111637383,20260506,Y,
060590,씨티씨바이오,KOSDAQ,KOSDAQ,KR7060590007,(주)씨티씨바이오,1101111227077,20260506,Y,
060720,KH바텍,KOSDAQ,KOSDAQ,KR7060720000,(주)케이에이치바텍,1760110007234,20260506,Y,
060850,영림원소프트랩,KOSDAQ,KOSDAQ,KR7060850005,(주)영림원소프트랩,1101110944036,20260506,Y,
060900,에이전트AI,KOSDAQ,KOSDAQ,KR7060900008,(주)에이전트에이아이,1101111384075,20260506,Y,
061040,알에프텍,KOSDAQ,KOSDAQ,KR7061040002,(주)알에프텍,1350110045639,20260506,Y,
061090,세나테크놀로지,KOSDAQ,KOSDAQ,KR7061090007,(주)세나테크놀로지,1101111564982,20260506,Y,
061250,화일약품,KOSDAQ,KOSDAQ,KR7061250007,화일약품(주),1344110000719,20260506,Y,
061970,LB세미콘,KOSDAQ,KOSDAQ,KR7061970000,엘비세미콘(주),1311110046291,20260506,Y,
062970,한국첨단소재,KOSDAQ,KOSDAQ,KR7062970009,(주)한국첨단소재,2001110105176,20260506,Y,
063080,컴투스홀딩스,KOSDAQ,KOSDAQ,KR7063080006,(주)컴투스홀딩스,1101111848914,20260506,Y,
063170,서울옥션,KOSDAQ,KOSDAQ,KR7063170005,(주)서울옥션,1101111627011,20260506,Y,
063440,SM Life Design,KOSDAQ,KOSDAQ,KR7063440002,(주)에스엠라이프디자인그룹,1101111626063,20260506,Y,
063760,이엘피,KOSDAQ,KOSDAQ,KR7063760003,(주)이엘피,1101111790834,20260506,Y,
064090,인크레더블버즈,KOSDAQ,KOSDAQ,KR7064090004,(주)인크레더블버즈,1243110033334,20260506,Y,
064240,홈캐스트,KOSDAQ,KOSDAQ,KR7064240005,(주)홈캐스트,1101111954513,20260506,Y,
064260,다날,KOSDAQ,KOSDAQ,KR7064260003,(주)다날,1101111435810,20260506,Y,
064290,인텍플러스,KOSDAQ,KOSDAQ,KR7064290000,(주)인텍플러스,1101111204637,20260506,Y,
064480,브리지텍,KOSDAQ,KOSDAQ,KR7064480007,(주)브리지텍,1101111143950,20260506,Y,
064520,테크엘,KOSDAQ,KOSDAQ,KR7064520000,(주)테크엘,1211110060136,20260506,Y,
064550,바이오니아,KOSDAQ,KOSDAQ,KR7064550007,(주)바이오니아,1601110032542,20260506,Y,
064760,티씨케이,KOSDAQ,KOSDAQ,KR7064760002,(주)티씨케이,1346110007844,20260506,Y,
064800,포니링크,KOSDAQ,KOSDAQ,KR7064800006,(주)포니링크,1101111931230,20260506,Y,
064820,케이프,KOSDAQ,KOSDAQ,KR7064820004,(주)케이프,1801110051770,20260506,Y,
064850,에프앤가이드,KOSDAQ,KOSDAQ,KR7064850001,(주)에프앤가이드,1101112017922,20260506,Y,
065060,지엔코,KOSDAQ,KOSDAQ,KR7065060006,(주)지엔코,1101111421257,20260506,Y,
065130,탑엔지니어링,KOSDAQ,KOSDAQ,KR7065130007,(주)탑엔지니어링,1760110007937,20260506,Y,
065150,대산F&B,KOSDAQ,KOSDAQ,KR7065150005,(주)대산에프앤비,1101111194739,20260506,Y,
065170,비엘팜텍,KOSDAQ,KOSDAQ,KR7065170003,(주)비엘팜텍,1545110007397,20260506,Y,
065350,신성델타테크,KOSDAQ,KOSDAQ,KR7065350001,신성델타테크(주),1942110003096,20260506,Y,
065370,위세아이텍,KOSDAQ,KOSDAQ,KR7065370009,(주)위세아이텍,1101110723969,20260506,Y,
065420,에스아이리소스,KOSDAQ,KOSDAQ,KR7065420002,(주)에스아이리소스,1701110031873,20260506,Y,
065440,이루온,KOSDAQ,KOSDAQ,KR7065440000,(주)이루온,1101111538664,20260506,Y,
065450,빅텍,KOSDAQ,KOSDAQ,KR7065450009,(주)빅텍,1341110048674,20260506,Y,
065500,오리엔트정공,KOSDAQ,KOSDAQ,KR7065500001,(주)오리엔트정공,1812110008083,20260506,Y,
065510,휴비츠,KOSDAQ,KOSDAQ,KR7065510000,(주)휴비츠,1341110065636,20260506,Y,
065530,와이어블,KOSDAQ,KOSDAQ,KR7065530008,(주)와이어블,1101111359630,20260506,Y,
065570,삼영이엔씨,KOSDAQ,KOSDAQ,KR7065570004,삼영이엔씨(주),1801110172667,20260506,Y,
065650,하이퍼코퍼레이션,KOSDAQ,KOSDAQ,KR7065650004,(주)하이퍼코퍼레이션,1101111390816,20260506,Y,
065660,안트로젠,KOSDAQ,KOSDAQ,KR7065660003,(주)안트로젠,1101111909906,20260506,Y,
065680,우주일렉트로,KOSDAQ,KOSDAQ,KR7065680001,(주)우주일렉트로닉스,1348110043711,20260506,Y,
065690,파커스,KOSDAQ,KOSDAQ,KR7065690000,(주)파커스,1201110041327,20260506,Y,
065710,서호전기,KOSDAQ,KOSDAQ,KR7065710006,서호전기(주),1101110591928,20260506,Y,
065770,CS,KOSDAQ,KOSDAQ,KR7065770000,(주)씨에스,1101111644809,20260506,Y,
065950,웰크론,KOSDAQ,KOSDAQ,KR7065950008,(주)웰크론,1101110860216,20260506,Y,
066130,하츠,KOSDAQ,KOSDAQ,KR7066130006,(주)하츠,1156110003902,20260506,Y,
066310,큐에스아이,KOSDAQ,KOSDAQ,KR7066310004,(주)큐에스아이,1615110037709,20260506,Y,
066360,체리부로,KOSDAQ,KOSDAQ,KR7066360009,(주)체리부로,1543110001997,20260506,Y,
066410,버킷스튜디오,KOSDAQ,KOSDAQ,KR7066410002,(주)버킷스튜디오,1101111646889,20260506,Y,
066430,아이로보틱스,KOSDAQ,KOSDAQ,KR7066430000,(주)아이로보틱스,1101111631476,20260506,Y,
066590,스모트로닉,KOSDAQ,KOSDAQ,KR7066590001,(주)스모트로닉,1943110003995,20260506,Y,
066620,국보디자인,KOSDAQ,KOSDAQ,KR7066620006,(주)국보디자인,1101110564066,20260506,Y,
066670,디티씨,KOSDAQ,KOSDAQ,KR7066670001,(주)디티씨,1760110017077,20260506,Y,
066700,테라젠이텍스,KOSDAQ,KOSDAQ,KR7066700006,(주)테라젠이텍스,1101110724107,20260506,Y,
066790,씨씨에스,KOSDAQ,KOSDAQ,KR7066790007,(주)씨씨에스충북방송,1511110009906,20260506,Y,
066900,디에이피,KOSDAQ,KOSDAQ,KR7066900002,(주)디에이피,1244110006602,20260506,Y,
066910,손오공,KOSDAQ,KOSDAQ,KR7066910001,(주)손오공,1201110144999,20260506,Y,
066980,한성크린텍,KOSDAQ,KOSDAQ,KR7066980004,한성크린텍(주),1313110026091,20260506,Y,
067000,조이시티,KOSDAQ,KOSDAQ,KR7067000000,(주)조이시티,1101111041633,20260506,Y,
067010,이씨에스,KOSDAQ,KOSDAQ,KR7067010009,(주)이씨에스텔레콤,1101111784457,20260506,Y,
067080,대화제약,KOSDAQ,KOSDAQ,KR7067080002,대화제약(주),2111110001529,20260506,Y,
067160,SOOP,KOSDAQ,KOSDAQ,KR7067160002,(주)숲,1101111263203,20260506,Y,
067170,오텍,KOSDAQ,KOSDAQ,KR7067170001,(주)오텍,1101110795455,20260506,Y,
067280,멀티캠퍼스,KOSDAQ,KOSDAQ,KR7067280008,(주)멀티캠퍼스,1101111960792,20260506,Y,
067290,JW신약,KOSDAQ,KOSDAQ,KR7067290007,제이더블유신약(주),1615110001291,20260506,Y,
067310,하나마이크론,KOSDAQ,KOSDAQ,KR7067310003,하나마이크론(주),1648110021208,20260506,Y,
067370,선바이오,KOSDAQ,KOSDAQ,KR7067370007,선바이오(주),1101111424243,20260506,Y,
067390,아스트,KOSDAQ,KOSDAQ,KR7067390005,(주)아스트,1954110007168,20260506,Y,
067570,엔브이에이치코리아,KOSDAQ,KOSDAQ,KR7067570002,엔브이에이치코리아(주),1812110003421,20260506,Y,
067630,HLB생명과학,KOSDAQ,KOSDAQ,KR7067630004,에이치엘비생명과학(주),1101111568885,20260506,Y,
067730,로지시스,KOSDAQ,KOSDAQ,KR7067730002,(주)로지시스,1101111293119,20260506,Y,
067770,세진티에스,KOSDAQ,KOSDAQ,KR7067770008,(주)세진티에스,1101111279672,20260506,Y,
067900,와이엔텍,KOSDAQ,KOSDAQ,KR7067900001,(주)와이엔텍,2062110001540,20260506,Y,
067920,이글루,KOSDAQ,KOSDAQ,KR7067920009,(주)이글루코퍼레이션,1101111800659,20260506,Y,
067990,도이치모터스,KOSDAQ,KOSDAQ,KR7067990002,도이치모터스(주),1942110042721,20260506,Y,
068050,팬엔터테인먼트,KOSDAQ,KOSDAQ,KR7068050004,(주)팬엔터테인먼트,1101111531460,20260506,Y,
068100,케이웨더,KOSDAQ,KOSDAQ,KR7068100007,케이웨더(주),1101111427586,20260506,Y,
068240,다원시스,KOSDAQ,KOSDAQ,KR7068240001,(주)다원시스,1350110049607,20260506,Y,
068330,일신바이오,KOSDAQ,KOSDAQ,KR7068330000,(주)일신바이오베이스,1101111079155,20260506,Y,
068760,셀트리온제약,KOSDAQ,KOSDAQ,KR7068760008,(주)셀트리온제약,1101112112764,20260506,Y,
068790,DMS,KOSDAQ,KOSDAQ,KR7068790005,(주)디엠에스,1346110012687,20260506,Y,
068930,디지털대성,KOSDAQ,KOSDAQ,KR7068930007,(주)디지털대성,1101111902835,20260506,Y,
068940,셀피글로벌,KOSDAQ,KOSDAQ,KR7068940006,(주)셀피글로벌,1701110141812,20260506,Y,
069080,웹젠,KOSDAQ,KOSDAQ,KR7069080000,(주)웹젠,1101111955694,20260506,Y,
069140,누리플랜,KOSDAQ,KOSDAQ,KR7069140002,(주)누리플랜,1101111015779,20260506,Y,
069330,유아이디,KOSDAQ,KOSDAQ,KR7069330009,(주)유아이디,1647110001608,20260506,Y,
069410,엔텔스,KOSDAQ,KOSDAQ,KR7069410009,(주)엔텔스,1101112029456,20260506,Y,
069510,에스텍,KOSDAQ,KOSDAQ,KR7069510006,에스텍(주),1845110021812,20260506,Y,
069540,빛과전자,KOSDAQ,KOSDAQ,KR7069540003,(주)빛과전자,1601110075170,20260506,Y,
069920,엑시온그룹,KOSDAQ,KOSDAQ,KR7069920007,(주)엑시온그룹,1101112192493,20260506,Y,
070300,엑스큐어,KOSDAQ,KOSDAQ,KR7070300009,엑스큐어(주),1350110106150,20260506,Y,
070590,인티큐브,KOSDAQ,KOSDAQ,KR7070590005,(주)인티큐브,1101112915605,20260506,Y,
071200,인피니트헬스케어,KOSDAQ,KOSDAQ,KR7071200000,(주)인피니트헬스케어,1101112683179,20260506,Y,
071280,로체시스템즈,KOSDAQ,KOSDAQ,KR7071280002,로체시스템즈(주),1301110045012,20260506,Y,
071670,에이테크솔루션,KOSDAQ,KOSDAQ,KR7071670004,에이테크솔루션(주),1345110051645,20260506,Y,
071850,캐스텍코리아,KOSDAQ,KOSDAQ,KR7071850002,(주)캐스텍코리아,1801110273986,20260506,Y,
072020,중앙백신,KOSDAQ,KOSDAQ,KR7072020001,(주)중앙백신연구소,1601110042533,20260506,Y,
072470,우리산업홀딩스,KOSDAQ,KOSDAQ,KR7072470008,우리산업홀딩스(주),1341110026480,20260506,Y,
072770,멤레이비티,KOSDAQ,KOSDAQ,KR7072770001,(주)멤레이비티,1101111518418,20260506,Y,
072870,메가스터디,KOSDAQ,KOSDAQ,KR7072870009,메가스터디(주),1101112024026,20260506,Y,
072950,빛샘전자,KOSDAQ,KOSDAQ,KR7072950009,빛샘전자(주),1301110049246,20260506,Y,
072990,에이치시티,KOSDAQ,KOSDAQ,KR7072990005,(주)에이치시티,1344110015635,20260506,Y,
073010,케이에스피,KOSDAQ,KOSDAQ,KR7073010001,(주)케이에스피,1801110328550,20260506,Y,
073110,엘엠에스,KOSDAQ,KOSDAQ,KR7073110009,(주)엘엠에스,1101111651242,20260506,Y,
073190,듀오백,KOSDAQ,KOSDAQ,KR7073190001,(주)듀오백,1201110040676,20260506,Y,
073490,LIG아큐버,KOSDAQ,KOSDAQ,KR7073490005,(주)엘아이지아큐버,1101112078073,20260506,Y,
073540,에프알텍,KOSDAQ,KOSDAQ,KR7073540007,(주)에프알텍,1101112090168,20260506,Y,
073560,우리손에프앤지,KOSDAQ,KOSDAQ,KR7073560005,우리손에프앤지 농업회사법인(주),2112110005321,20260506,Y,
073570,리튬포어스,KOSDAQ,KOSDAQ,KR7073570004,(주)리튬포어스,1101111549108,20260506,Y,
073640,테라사이언스,KOSDAQ,KOSDAQ,KR7073640005,테라사이언스(주),1901110021119,20260506,Y,
074430,아미노로직스,KOSDAQ,KOSDAQ,KR7074430000,(주)아미노로직스,1311110030369,20260506,Y,
074600,원익QnC,KOSDAQ,KOSDAQ,KR7074600008,(주)원익큐엔씨,1760110035615,20260506,Y,
075130,플랜티넷,KOSDAQ,KOSDAQ,KR7075130005,(주)플랜티넷,1101111985914,20260506,Y,
075970,동국알앤에스,KOSDAQ,KOSDAQ,KR7075970004,(주)동국알앤에스,1955110069249,20260506,Y,
076080,웰크론한텍,KOSDAQ,KOSDAQ,KR7076080001,(주)웰크론한텍,1101111118276,20260506,Y,
076610,해성옵틱스,KOSDAQ,KOSDAQ,KR7076610005,해성옵틱스(주),1348110069163,20260506,Y,
077360,덕산하이메탈,KOSDAQ,KOSDAQ,KR7077360006,덕산하이메탈(주),2301110056969,20260506,Y,
078020,LS증권,KOSDAQ,KOSDAQ,KR7078020005,엘에스증권(주),1101111828362,20260506,Y,
078070,유비쿼스홀딩스,KOSDAQ,KOSDAQ,KR7078070000,(주)유비쿼스홀딩스,1101112023185,20260506,Y,
078130,국일제지,KOSDAQ,KOSDAQ,KR7078130002,국일제지(주),1345110001377,20260506,Y,
078140,대봉엘에스,KOSDAQ,KOSDAQ,KR7078140001,대봉엘에스(주),1243110016976,20260506,Y,
078150,HB테크놀러지,KOSDAQ,KOSDAQ,KR7078150000,(주)에이치비테크놀러지,1311110030335,20260506,Y,
078160,메디포스트,KOSDAQ,KOSDAQ,KR7078160009,메디포스트(주),1101112007709,20260506,Y,
078340,컴투스,KOSDAQ,KOSDAQ,KR7078340007,(주)컴투스,1101111571250,20260506,Y,
078350,한양디지텍,KOSDAQ,KOSDAQ,KR7078350006,한양디지텍(주),1348110094160,20260506,Y,
078590,휴림에이텍,KOSDAQ,KOSDAQ,KR7078590007,(주)휴림에이텍,1913110002354,20260506,Y,
078600,대주전자재료,KOSDAQ,KOSDAQ,KR7078600004,대주전자재료(주),1301110007616,20260506,Y,
078860,스테이지원엔터,KOSDAQ,KOSDAQ,KR7078860004,(주)스테이지원엔터,1101111952567,20260506,Y,
078890,가온그룹,KOSDAQ,KOSDAQ,KR7078890001,가온그룹(주),1311110060978,20260506,Y,
079000,와토스코리아,KOSDAQ,KOSDAQ,KR7079000006,와토스코리아(주),1201110153916,20260506,Y,
079170,한창산업,KOSDAQ,KOSDAQ,KR7079170007,한창산업(주),1348110003715,20260506,Y,
079190,케스피온,KOSDAQ,KOSDAQ,KR7079190005,(주)케스피온,1101111551608,20260506,Y,
079370,제우스,KOSDAQ,KOSDAQ,KR7079370003,(주)제우스,1101110600430,20260506,Y,
079650,서산,KOSDAQ,KOSDAQ,KR7079650008,(주)서산,2042110000370,20260506,Y,
079810,APS이노베이션,KOSDAQ,KOSDAQ,KR7079810008,APS이노베이션 주식회사,1615110044697,20260506,Y,
079940,가비아,KOSDAQ,KOSDAQ,KR7079940003,(주)가비아,1101111777585,20260506,Y,
079950,인베니아,KOSDAQ,KOSDAQ,KR7079950002,인베니아(주),1348110056871,20260506,Y,
079960,동양이엔피,KOSDAQ,KOSDAQ,KR7079960001,동양이엔피(주),1348110004870,20260506,Y,
079970,투비소프트,KOSDAQ,KOSDAQ,KR7079970000,(주)투비소프트,1101112021395,20260506,Y,
080010,이상네트웍스,KOSDAQ,KOSDAQ,KR7080010002,(주)이상네트웍스,1101111892010,20260506,Y,
080160,모두투어,KOSDAQ,KOSDAQ,KR7080160005,(주)모두투어네트워크,1101110609771,20260506,Y,
080220,제주반도체,KOSDAQ,KOSDAQ,KR7080220007,(주)제주반도체,1311110047918,20260506,Y,
080420,모다이노칩,KOSDAQ,KOSDAQ,KR7080420003,(주)모다이노칩,1355110106027,20260506,Y,
080470,성창오토텍,KOSDAQ,KOSDAQ,KR7080470008,(주)성창오토텍,1313110020308,20260506,Y,
080520,오디텍,KOSDAQ,KOSDAQ,KR7080520000,(주)오디텍,2149110013103,20260506,Y,
080530,코디,KOSDAQ,KOSDAQ,KR7080530009,(주)코디,1301110050847,20260506,Y,
080580,오킨스전자,KOSDAQ,KOSDAQ,KR7080580004,(주)오킨스전자,1341110059845,20260506,Y,
080720,한국유니온제약,KOSDAQ,KOSDAQ,KR7080720006,한국유니온제약 주식회사,1801110007062,20260506,Y,
081150,티플랙스,KOSDAQ,KOSDAQ,KR7081150005,(주)티플랙스,1101110822159,20260506,Y,
081180,쎄크,KOSDAQ,KOSDAQ,KR7081180002,(주)쎄크,1301110059360,20260506,Y,
081580,성우전자,KOSDAQ,KOSDAQ,KR7081580003,성우전자(주),1243110020000,20260506,Y,
082210,옵트론텍,KOSDAQ,KOSDAQ,KR7082210006,(주)옵트론텍,1601110082513,20260506,Y,
082270,젬백스,KOSDAQ,KOSDAQ,KR7082270000,(주)젬백스&카엘,1601110069636,20260506,Y,
082660,코스나인,KOSDAQ,KOSDAQ,KR7082660002,(주)코스나인,1760110025872,20260506,Y,
082800,비보존 제약,KOSDAQ,KOSDAQ,KR7082800004,(주)비보존제약,1358110085019,20260506,Y,
082850,우리바이오,KOSDAQ,KOSDAQ,KR7082850009,우리바이오(주),1350110103198,20260506,Y,
082920,비츠로셀,KOSDAQ,KOSDAQ,KR7082920000,(주)비츠로셀,1101110548771,20260506,Y,
083310,엘오티베큠,KOSDAQ,KOSDAQ,KR7083310003,(주)엘오티베큠,1615110049069,20260506,Y,
083450,GST,KOSDAQ,KOSDAQ,KR7083450007,(주)글로벌스탠다드테크놀로지,1313110038864,20260506,Y,
083470,이엠앤아이,KOSDAQ,KOSDAQ,KR7083470005,(주)이엠앤아이,1350110096608,20260506,Y,
083500,에프엔에스테크,KOSDAQ,KOSDAQ,KR7083500009,에프엔에스테크(주),1345110059459,20260506,Y,
083550,케이엠,KOSDAQ,KOSDAQ,KR7083550004,(주)케이엠,1450110000540,20260506,Y,
083640,인콘,KOSDAQ,KOSDAQ,KR7083640003,(주)인콘,1101112039934,20260506,Y,
083650,비에이치아이,KOSDAQ,KOSDAQ,KR7083650002,비에이치아이주식회사,1943110006262,20260506,Y,
083660,CSA 코스믹,KOSDAQ,KOSDAQ,KR7083660001,(주)씨에스에이코스믹,1101110657499,20260506,Y,
083790,CG인바이츠,KOSDAQ,KOSDAQ,KR7083790006,씨지인바이츠(주),1601110101016,20260506,Y,
083930,아바코,KOSDAQ,KOSDAQ,KR7083930008,(주)아바코,1701110166737,20260506,Y,
084110,휴온스글로벌,KOSDAQ,KOSDAQ,KR7084110006,(주)휴온스글로벌,1101110400202,20260506,Y,
084180,수성웹툰,KOSDAQ,KOSDAQ,KR7084180009,수성웹툰 주식회사,1101110313728,20260506,Y,
084370,유진테크,KOSDAQ,KOSDAQ,KR7084370006,(주)유진테크,1351110051329,20260506,Y,
084440,유비온,KOSDAQ,KOSDAQ,KR7084440007,(주)유비온,1101111848675,20260506,Y,
084650,랩지노믹스,KOSDAQ,KOSDAQ,KR7084650001,(주)랩지노믹스,1345110059821,20260506,Y,
084730,팅크웨어,KOSDAQ,KOSDAQ,KR7084730001,팅크웨어(주),1101111394420,20260506,Y,
084850,아이티엠반도체,KOSDAQ,KOSDAQ,KR7084850007,(주)아이티엠반도체,1311110046639,20260506,Y,
084990,헬릭스미스,KOSDAQ,KOSDAQ,KR7084990001,(주)헬릭스미스,1101111343930,20260506,Y,
085660,차바이오텍,KOSDAQ,KOSDAQ,KR7085660009,(주)차바이오텍,1345110065662,20260506,Y,
085670,뉴프렉스,KOSDAQ,KOSDAQ,KR7085670008,(주)뉴프렉스,1350110103601,20260506,Y,
085810,알티캐스트,KOSDAQ,KOSDAQ,KR7085810000,(주)알티캐스트,1101111643736,20260506,Y,
085910,네오티스,KOSDAQ,KOSDAQ,KR7085910008,(주)네오티스,1346110015095,20260506,Y,
086040,바이오톡스텍,KOSDAQ,KOSDAQ,KR7086040003,(주)바이오톡스텍,1501110048707,20260506,Y,
086060,진바이오텍,KOSDAQ,KOSDAQ,KR7086060001,(주)진바이오텍,1612110007815,20260506,Y,
086390,유니테스트,KOSDAQ,KOSDAQ,KR7086390002,(주)유니테스트,1311110047356,20260506,Y,
086450,동국제약,KOSDAQ,KOSDAQ,KR7086450004,동국제약(주),1101110094477,20260506,Y,
086520,에코프로,KOSDAQ,KOSDAQ,KR7086520004,(주)에코프로,1101111598379,20260506,Y,
086670,비엠티,KOSDAQ,KOSDAQ,KR7086670007,(주)비엠티,1801110331502,20260506,Y,
086710,선진뷰티사이언스,KOSDAQ,KOSDAQ,KR7086710001,선진뷰티사이언스(주),1350110029576,20260506,Y,
086820,바이오솔루션,KOSDAQ,KOSDAQ,KR7086820008,주식회사 바이오솔루션,1301110057421,20260506,Y,
086890,이수앱지스,KOSDAQ,KOSDAQ,KR7086890001,(주)이수앱지스,1101112203951,20260506,Y,
086900,메디톡스,KOSDAQ,KOSDAQ,KR7086900008,(주)메디톡스,1648110016928,20260506,Y,
086960,MDS테크,KOSDAQ,KOSDAQ,KR7086960002,(주)MDS테크,1101111626188,20260506,Y,
086980,쇼박스,KOSDAQ,KOSDAQ,KR7086980000,(주)쇼박스,1101111712309,20260506,Y,
087010,펩트론,KOSDAQ,KOSDAQ,KR7087010005,(주)펩트론,1601110067234,20260506,Y,
087260,모바일어플라이언스,KOSDAQ,KOSDAQ,KR7087260006,모바일어플라이언스 주식회사,1311110115054,20260506,Y,
087600,픽셀플러스,KOSDAQ,KOSDAQ,KR7087600003,(주)픽셀플러스,1601110096473,20260506,Y,
088130,동아엘텍,KOSDAQ,KOSDAQ,KR7088130000,(주)동아엘텍,1341110065470,20260506,Y,
088280,쏘닉스,KOSDAQ,KOSDAQ,KR7088280003,(주)쏘닉스,1341110078407,20260506,Y,
088290,이원컴포텍,KOSDAQ,KOSDAQ,KR7088290002,이원컴포텍(주),1613110004067,20260506,Y,
088340,유라클,KOSDAQ,KOSDAQ,KR7088340005,(주)유라클,1101112155673,20260506,Y,
088390,이녹스,KOSDAQ,KOSDAQ,KR7088390000,(주)이녹스,1346110018221,20260506,Y,
088800,에이스테크,KOSDAQ,KOSDAQ,KR7088800008,(주)에이스테크놀로지,1201110397241,20260506,Y,
088910,동우팜투테이블,KOSDAQ,KOSDAQ,KR7088910005,동우팜투테이블,2111110005365,20260506,Y,
089010,켐트로닉스,KOSDAQ,KOSDAQ,KR7089010003,(주)켐트로닉스,1311110028116,20260506,Y,
089030,테크윙,KOSDAQ,KOSDAQ,KR7089030001,(주)테크윙,1348110072942,20260506,Y,
089140,넥스턴앤롤코리아,KOSDAQ,KOSDAQ,KR7089140008,(주)넥스턴앤롤코리아,1345110042264,20260506,Y,
089150,케이씨티,KOSDAQ,KOSDAQ,KR7089150007,(주)케이씨티,1358110088245,20260506,Y,
089230,THE E&M,KOSDAQ,KOSDAQ,KR7089230007,더이앤엠(주),1801110414837,20260506,Y,
089600,KT나스미디어,KOSDAQ,KOSDAQ,KR7089600001,(주)케이티나스미디어,1101111905516,20260506,Y,
089790,제이티,KOSDAQ,KOSDAQ,KR7089790000,(주)제이티,1211110061910,20260506,Y,
089850,유비벨록스,KOSDAQ,KOSDAQ,KR7089850002,유비벨록스(주),1101112062167,20260506,Y,
089890,코세스,KOSDAQ,KOSDAQ,KR7089890008,(주)코세스,1243110041444,20260506,Y,
089970,브이엠,KOSDAQ,KOSDAQ,KR7089970008,브이엠(주),1348110068248,20260506,Y,
089980,상아프론테크,KOSDAQ,KOSDAQ,KR7089980007,(주)상아프론테크,1201110038209,20260506,Y,
090150,아이윈,KOSDAQ,KOSDAQ,KR7090150004,(주)아이윈,1845110020244,20260506,Y,
090360,로보스타,KOSDAQ,KOSDAQ,KR7090360009,(주)로보스타,1101111655393,20260506,Y,
090410,덕신이피씨,KOSDAQ,KOSDAQ,KR7090410002,(주)덕신이피씨,1101110730732,20260506,Y,
090470,제이스로보틱스,KOSDAQ,KOSDAQ,KR7090470006,(주)제이스로보틱스,1243110046030,20260506,Y,
090710,휴림로봇,KOSDAQ,KOSDAQ,KR7090710005,휴림로봇(주),1101111817828,20260506,Y,
090850,현대이지웰,KOSDAQ,KOSDAQ,KR7090850009,(주)현대이지웰,1101112693235,20260506,Y,
091120,이엠텍,KOSDAQ,KOSDAQ,KR7091120006,(주)이엠텍,1801110348945,20260506,Y,
091340,S&K폴리텍,KOSDAQ,KOSDAQ,KR7091340000,에스엔케이폴리텍(주),1355110101465,20260506,Y,
091440,한울소재과학,KOSDAQ,KOSDAQ,KR7091440008,(주)한울소재과학,1101112072330,20260506,Y,
091580,상신이디피,KOSDAQ,KOSDAQ,KR7091580001,상신이디피(주),1348110016007,20260506,Y,
091590,남화토건,KOSDAQ,KOSDAQ,KR7091590000,남화토건(주),2001110002843,20260506,Y,
091700,파트론,KOSDAQ,KOSDAQ,KR7091700005,(주)파트론,1358110090117,20260506,Y,
091970,나노캠텍,KOSDAQ,KOSDAQ,KR7091970004,나노캠텍(주),1345110037710,20260506,Y,
092040,아미코젠,KOSDAQ,KOSDAQ,KR7092040005,아미코젠(주),1911110019783,20260506,Y,
092070,디엔에프,KOSDAQ,KOSDAQ,KR7092070002,(주)디엔에프,1601110109896,20260506,Y,
092130,이크레더블,KOSDAQ,KOSDAQ,KR7092130004,(주)이크레더블,1101112303305,20260506,Y,
092190,서울바이오시스,KOSDAQ,KOSDAQ,KR7092190008,서울바이오시스(주),1350110122156,20260506,Y,
092300,현우산업,KOSDAQ,KOSDAQ,KR7092300003,현우산업(주),1201110140484,20260506,Y,
092460,한라IMS,KOSDAQ,KOSDAQ,KR7092460005,한라아이엠에스(주),1801110186907,20260506,Y,
092600,앤씨앤,KOSDAQ,KOSDAQ,KR7092600006,(주)앤씨앤,1101111413361,20260506,Y,
092730,네오팜,KOSDAQ,KOSDAQ,KR7092730001,(주)네오팜,1601110100688,20260506,Y,
092870,엑시콘,KOSDAQ,KOSDAQ,KR7092870005,(주)엑시콘,1311110058402,20260506,Y,
093190,빅솔론,KOSDAQ,KOSDAQ,KR7093190007,(주)빅솔론,1358110087297,20260506,Y,
093320,케이아이엔엑스,KOSDAQ,KOSDAQ,KR7093320000,(주)케이아이엔엑스,1101111999593,20260506,Y,
093380,풍강,KOSDAQ,KOSDAQ,KR7093380004,(주)풍강,1341110002141,20260506,Y,
093520,매커스,KOSDAQ,KOSDAQ,KR7093520005,(주)매커스,1101113581075,20260506,Y,
093640,케이알엠,KOSDAQ,KOSDAQ,KR7093640001,(주)케이알엠,1101111621956,20260506,Y,
093920,서원인텍,KOSDAQ,KOSDAQ,KR7093920007,(주)서원인텍,1351110045041,20260506,Y,
094170,동운아나텍,KOSDAQ,KOSDAQ,KR7094170008,(주)동운아나텍,1101113487546,20260506,Y,
094360,칩스앤미디어,KOSDAQ,KOSDAQ,KR7094360005,(주)칩스앤미디어,1101112732413,20260506,Y,
094480,갤럭시아머니트리,KOSDAQ,KOSDAQ,KR7094480001,갤럭시아머니트리(주),1101111081928,20260506,Y,
094820,일진파워,KOSDAQ,KOSDAQ,KR7094820008,(주)일진파워,1101110673966,20260506,Y,
094840,슈프리마에이치큐,KOSDAQ,KOSDAQ,KR7094840006,(주)슈프리마에이치큐,1101111960437,20260506,Y,
094850,참좋은여행,KOSDAQ,KOSDAQ,KR7094850005,참좋은여행(주),1101113624007,20260506,Y,
094860,네오리진,KOSDAQ,KOSDAQ,KR7094860004,(주)네오리진,1101113623463,20260506,Y,
094940,푸른기술,KOSDAQ,KOSDAQ,KR7094940004,(주)푸른기술,1101111444241,20260506,Y,
094970,제이엠티,KOSDAQ,KOSDAQ,KR7094970001,제이엠티(주),1101111551749,20260506,Y,
095190,신화프리텍,KOSDAQ,KOSDAQ,KR7095190005,(주)신화프리텍,1943110012186,20260506,Y,
095270,웨이브일렉트로,KOSDAQ,KOSDAQ,KR7095270005,(주)웨이브일렉트로닉스,1311110043271,20260506,Y,
095340,ISC,KOSDAQ,KOSDAQ,KR7095340006,(주)아이에스시,1311110057876,20260506,Y,
095500,미래나노텍,KOSDAQ,KOSDAQ,KR7095500005,미래나노텍(주),1101112577885,20260506,Y,
095610,테스,KOSDAQ,KOSDAQ,KR7095610002,(주)테스,1345110064482,20260506,Y,
095660,네오위즈,KOSDAQ,KOSDAQ,KR7095660007,(주)네오위즈,1101113667552,20260506,Y,
095700,제넥신,KOSDAQ,KOSDAQ,KR7095700001,(주)제넥신,1717110036705,20260506,Y,
095910,에스에너지,KOSDAQ,KOSDAQ,KR7095910006,(주)에스에너지,1101112149890,20260506,Y,
096240,크레버스,KOSDAQ,KOSDAQ,KR7096240007,(주)크레버스,1101112541575,20260506,Y,
096250,와이즈넛,KOSDAQ,KOSDAQ,KR7096250006,(주)와이즈넛,1101111969942,20260506,Y,
096350,대창솔루션,KOSDAQ,KOSDAQ,KR7096350004,(주)대창솔루션,1801110028042,20260506,Y,
096530,씨젠,KOSDAQ,KOSDAQ,KR7096530001,(주)씨젠,1101112070334,20260506,Y,
096610,알에프세미,KOSDAQ,KOSDAQ,KR7096610001,주식회사알에프세미,1601110088660,20260506,Y,
096630,에스코넥,KOSDAQ,KOSDAQ,KR7096630009,주식회사에스코넥,1311110045540,20260506,Y,
096690,에이루트,KOSDAQ,KOSDAQ,KR7096690003,(주)에이루트,1341110095394,20260506,Y,
096870,엘디티,KOSDAQ,KOSDAQ,KR7096870001,(주)엘디티,1501110031257,20260506,Y,
097780,에코볼트,KOSDAQ,KOSDAQ,KR7097780001,에코볼트(주),1358110109364,20260506,Y,
097800,윈팩,KOSDAQ,KOSDAQ,KR7097800007,(주)윈팩,1344110020543,20260506,Y,
097870,효성오앤비,KOSDAQ,KOSDAQ,KR7097870000,효성오앤비(주),1648110001094,20260506,Y,
098070,한텍,KOSDAQ,KOSDAQ,KR7098070006,(주)한텍,2301110052355,20260506,Y,
098120,마이크로컨텍솔,KOSDAQ,KOSDAQ,KR7098120009,(주)마이크로컨텍솔루션,1845110022448,20260506,Y,
098460,고영,KOSDAQ,KOSDAQ,KR7098460009,(주)고영테크놀러지,1101112508088,20260506,Y,
098660,에스티오,KOSDAQ,KOSDAQ,KR7098660004,㈜에스티오,1101112722761,20260506,Y,
099190,아이센스,KOSDAQ,KOSDAQ,KR7099190001,(주)아이센스,1101111960924,20260506,Y,
099220,SDN,KOSDAQ,KOSDAQ,KR7099220006,에스디엔(주),1101111020299,20260506,Y,
099320,쎄트렉아이,KOSDAQ,KOSDAQ,KR7099320004,주식회사쎄트렉아이,1601110091283,20260506,Y,
099390,브레인즈컴퍼니,KOSDAQ,KOSDAQ,KR7099390007,브레인즈컴퍼니(주),1101111909865,20260506,Y,
099410,동방선기,KOSDAQ,KOSDAQ,KR7099410003,(주)동방선기,1941110002884,20260506,Y,
099430,바이오플러스,KOSDAQ,KOSDAQ,KR7099430001,바이오플러스 주식회사,1101112785355,20260506,Y,
099440,스맥,KOSDAQ,KOSDAQ,KR7099440000,(주) 스맥,1601110052665,20260506,Y,
099520,DGI,KOSDAQ,KOSDAQ,KR7099520009,(주)디지아이티엑스,1101111517709,20260506,Y,
099750,이지케어텍,KOSDAQ,KOSDAQ,KR7099750002,이지케어텍(주),1101112165838,20260506,Y,
100030,인지소프트,KOSDAQ,KOSDAQ,KR7100030006,(주)인지소프트,1101111887491,20260506,Y,
100120,뷰웍스,KOSDAQ,KOSDAQ,KR7100120005,(주)뷰웍스,1101111775894,20260506,Y,
100130,동국S&C,KOSDAQ,KOSDAQ,KR7100130004,(주)동국에스엔씨,1101112276784,20260506,Y,
100590,머큐리,KOSDAQ,KOSDAQ,KR7100590009,(주)머큐리,1201110230277,20260506,Y,
100660,서암기계공업,KOSDAQ,KOSDAQ,KR7100660000,서암기계공업(주),2042110000784,20260506,Y,
100700,세운메디칼,KOSDAQ,KOSDAQ,KR7100700004,(주)세운메디칼,1101110324858,20260506,Y,
100790,미래에셋벤처투자,KOSDAQ,KOSDAQ,KR7100790005,미래에셋벤처투자 주식회사,1101111710527,20260506,Y,
101000,KS인더스트리,KOSDAQ,KOSDAQ,KR7101000008,(주)케이에스인더스트리,1955110072268,20260506,Y,
101160,월덱스,KOSDAQ,KOSDAQ,KR7101160000,(주)월덱스,1760110020723,20260506,Y,
101170,우림피티에스,KOSDAQ,KOSDAQ,KR7101170009,우림피티에스(주),1942110039934,20260506,Y,
101240,씨큐브,KOSDAQ,KOSDAQ,KR7101240000,씨큐브(주),1543110010576,20260506,Y,
101330,모베이스,KOSDAQ,KOSDAQ,KR7101330009,(주)모베이스,1101111665516,20260506,Y,
101360,에코앤드림,KOSDAQ,KOSDAQ,KR7101360006,(주)에코앤드림,1101113085598,20260506,Y,
101390,아이엠,KOSDAQ,KOSDAQ,KR7101390003,(주)아이엠,1358110122283,20260506,Y,
101400,엔시트론,KOSDAQ,KOSDAQ,KR7101400000,엔시트론(주),1101111930787,20260506,Y,
101490,에스앤에스텍,KOSDAQ,KOSDAQ,KR7101490001,(주)에스앤에스텍,1311110057925,20260506,Y,
101670,하이드로리튬,KOSDAQ,KOSDAQ,KR7101670008,(주)하이드로리튬,1101111125289,20260506,Y,
101680,한국정밀기계,KOSDAQ,KOSDAQ,KR7101680007,한국정밀기계(주),1943110006189,20260506,Y,
101730,위메이드맥스,KOSDAQ,KOSDAQ,KR7101730000,(주)위메이드맥스,1101111401051,20260506,Y,
101930,인화정공,KOSDAQ,KOSDAQ,KR7101930006,인화정공(주),1942110032988,20260506,Y,
101970,우양에이치씨,KOSDAQ,KOSDAQ,KR7101970002,우양에이치씨(주),1350110062633,20260506,Y,
102120,어보브반도체,KOSDAQ,KOSDAQ,KR7102120003,어보브반도체(주),1501110093926,20260506,Y,
102370,케이옥션,KOSDAQ,KOSDAQ,KR7102370004,(주)케이옥션,1101113306861,20260506,Y,
102710,이엔에프테크놀로지,KOSDAQ,KOSDAQ,KR7102710001,(주)이엔에프테크놀로지,1101111957195,20260506,Y,
102940,코오롱생명과학,KOSDAQ,KOSDAQ,KR7102940004,코오롱생명과학(주),1101111948277,20260506,Y,
103230,에스앤더블류,KOSDAQ,KOSDAQ,KR7103230009,(주)에스앤더블류,1801110095637,20260506,Y,
103840,우양,KOSDAQ,KOSDAQ,KR7103840005,(주)우양,1644110000820,20260506,Y,
104040,디에스엠,KOSDAQ,KOSDAQ,KR7104040001,(주)디에스엠,1901110037223,20260506,Y,
104200,NHN벅스,KOSDAQ,KOSDAQ,KR7104200001,(주)엔에이치엔벅스,1101112539322,20260506,Y,
104460,디와이피엔에프,KOSDAQ,KOSDAQ,KR7104460001,디와이피엔에프(주),1101111725386,20260506,Y,
104480,티케이케미칼,KOSDAQ,KOSDAQ,KR7104480009,(주)티케이케미칼,1101113783457,20260506,Y,
104540,코렌텍,KOSDAQ,KOSDAQ,KR7104540000,(주)코렌텍,1101111983653,20260506,Y,
104620,노랑풍선,KOSDAQ,KOSDAQ,KR7104620000,(주)노랑풍선,1101112307539,20260506,Y,
104830,원익머트리얼즈,KOSDAQ,KOSDAQ,KR7104830005,(주)원익머트리얼즈,1501110101662,20260506,Y,
105330,케이엔더블유,KOSDAQ,KOSDAQ,KR7105330005,(주)케이엔더블유,1311110056480,20260506,Y,
105550,엣지파운드리,KOSDAQ,KOSDAQ,KR7105550008,엣지파운드리(주),1601110207244,20260506,Y,
105740,디케이락,KOSDAQ,KOSDAQ,KR7105740005,디케이락(주),1801110121507,20260506,Y,
105760,포스뱅크,KOSDAQ,KOSDAQ,KR7105760003,(주)포스뱅크,1101112860173,20260506,Y,
106080,케이이엠텍,KOSDAQ,KOSDAQ,KR7106080005,케이이엠텍(주),1350110111703,20260506,Y,
106190,하이텍팜,KOSDAQ,KOSDAQ,KR7106190002,(주)하이텍팜,1545110012907,20260506,Y,
106240,파인테크닉스,KOSDAQ,KOSDAQ,KR7106240005,(주)파인테크닉스,1341110173489,20260506,Y,
106520,노블엠앤비,KOSDAQ,KOSDAQ,KR7106520000,(주)노블엠앤비,1101111905706,20260506,Y,
107600,새빗켐,KOSDAQ,KOSDAQ,KR7107600009,(주)새빗켐,1713110007259,20260506,Y,
107640,한중엔시에스,KOSDAQ,KOSDAQ,KR7107640005,(주)한중엔시에스,1701110090291,20260506,Y,
108230,톱텍,KOSDAQ,KOSDAQ,KR7108230004,(주)톱텍,1845110014990,20260506,Y,
108380,대양전기공업,KOSDAQ,KOSDAQ,KR7108380007,대양전기공업(주),1801110081389,20260506,Y,
108490,로보티즈,KOSDAQ,KOSDAQ,KR7108490004,(주)로보티즈,1101111670044,20260506,Y,
108860,셀바스AI,KOSDAQ,KOSDAQ,KR7108860008,(주)셀바스에이아이,1101111673816,20260506,Y,
109080,옵티시스,KOSDAQ,KOSDAQ,KR7109080002,옵티시스(주),1301110056407,20260506,Y,
109610,에스와이,KOSDAQ,KOSDAQ,KR7109610006,에스와이(주),1301110064351,20260506,Y,
109670,씨싸이트,KOSDAQ,KOSDAQ,KR7109670000,씨싸이트(주),1101111660368,20260506,Y,
109740,디에스케이,KOSDAQ,KOSDAQ,KR7109740001,(주)디에스케이,1341110045290,20260506,Y,
109820,진매트릭스,KOSDAQ,KOSDAQ,KR7109820001,(주)진매트릭스,1101112124389,20260506,Y,
109860,동일금속,KOSDAQ,KOSDAQ,KR7109860007,동일금속(주),1701110020397,20260506,Y,
109960,앱토크롬,KOSDAQ,KOSDAQ,KR7109960005,(주)앱토크롬,1101111511834,20260506,Y,
110020,전진바이오팜,KOSDAQ,KOSDAQ,KR7110020005,전진바이오팜(주),1701110273433,20260506,Y,
110790,크리스에프앤씨,KOSDAQ,KOSDAQ,KR7110790003,(주)크리스에프앤씨,1101111572612,20260506,Y,
110990,디아이티,KOSDAQ,KOSDAQ,KR7110990009,디아이티(주),1348110112334,20260506,Y,
111710,남화산업,KOSDAQ,KOSDAQ,KR7111710000,남화산업(주),2001110021009,20260506,Y,
112040,위메이드,KOSDAQ,KOSDAQ,KR7112040001,(주)위메이드,1101111873755,20260506,Y,
112290,와이씨켐,KOSDAQ,KOSDAQ,KR7112290002,와이씨켐(주),1701110202416,20260506,Y,
113810,디젠스,KOSDAQ,KOSDAQ,KR7113810006,디젠스(주),1648110035910,20260506,Y,
114190,강원에너지,KOSDAQ,KOSDAQ,KR7114190002,(주)강원에너지,1101110191398,20260506,Y,
114450,그린생명과학,KOSDAQ,KOSDAQ,KR7114450000,그린생명과학(주),2062110029823,20260506,Y,
114630,폴라리스우노,KOSDAQ,KOSDAQ,KR7114630007,(주)폴라리스우노,2101110024308,20260506,Y,
114810,한솔아이원스,KOSDAQ,KOSDAQ,KR7114810005,한솔아이원스(주),1348110109828,20260506,Y,
114840,아이패밀리에스씨,KOSDAQ,KOSDAQ,KR7114840002,(주)아이패밀리에스씨,1101111892333,20260506,Y,
115160,휴맥스,KOSDAQ,KOSDAQ,KR7115160004,(주)휴맥스,1345110144268,20260506,Y,
115180,큐리언트,KOSDAQ,KOSDAQ,KR7115180002,(주)큐리언트,1101113926875,20260506,Y,
115310,인포바인,KOSDAQ,KOSDAQ,KR7115310005,(주)인포바인,1101111877103,20260506,Y,
115440,우리넷,KOSDAQ,KOSDAQ,KR7115440000,(주)우리넷,1301110057124,20260506,Y,
115450,HLB테라퓨틱스,KOSDAQ,KOSDAQ,KR7115450009,에이치엘비테라퓨틱스(주),1601110099451,20260506,Y,
115480,씨유메디칼,KOSDAQ,KOSDAQ,KR7115480006,(주)씨유메디칼시스템,1412110022619,20260506,Y,
115500,케이씨에스,KOSDAQ,KOSDAQ,KR7115500001,(주)케이씨에스,1760110032132,20260506,Y,
115530,씨엔플러스,KOSDAQ,KOSDAQ,KR7115530008,(주)씨엔플러스,1201110330796,20260506,Y,
115570,스타플렉스,KOSDAQ,KOSDAQ,KR7115570004,(주)스타플렉스,1201110136459,20260506,Y,
115610,이미지스,KOSDAQ,KOSDAQ,KR7115610008,(주)이미지스테크놀로지,1358110102649,20260506,Y,
117670,알파칩스,KOSDAQ,KOSDAQ,KR7117670000,(주)알파칩스,1345110066131,20260506,Y,
117730,티로보틱스,KOSDAQ,KOSDAQ,KR7117730002,(주)티로보틱스,1311110126936,20260506,Y,
118990,모트렉스,KOSDAQ,KOSDAQ,KR7118990001,모트렉스 주식회사,1101112341850,20260506,Y,
119500,포메탈,KOSDAQ,KOSDAQ,KR7119500007,(주)포메탈,1301110010669,20260506,Y,
119610,인터로조,KOSDAQ,KOSDAQ,KR7119610004,(주)인터로조,1313110033856,20260506,Y,
119830,아이텍,KOSDAQ,KOSDAQ,KR7119830008,아이텍주식회사,1351110074149,20260506,Y,
119850,지엔씨에너지,KOSDAQ,KOSDAQ,KR7119850006,(주)지엔씨에너지,1101110952055,20260506,Y,
120240,대정화금,KOSDAQ,KOSDAQ,KR7120240007,대정화금(주),1101110510415,20260506,Y,
121440,골프존홀딩스,KOSDAQ,KOSDAQ,KR7121440002,(주)골프존홀딩스,1601110097976,20260506,Y,
121600,나노신소재,KOSDAQ,KOSDAQ,KR7121600001,(주)나노신소재,1601110094162,20260506,Y,
121800,비덴트,KOSDAQ,KOSDAQ,KR7121800007,(주)비덴트,1101112476376,20260506,Y,
121850,코이즈,KOSDAQ,KOSDAQ,KR7121850002,(주)코이즈,2801110073830,20260506,Y,
121890,에스디시스템,KOSDAQ,KOSDAQ,KR7121890008,(주)에스디시스템,1311110060530,20260506,Y,
122310,제노레이,KOSDAQ,KOSDAQ,KR7122310006,(주)제노레이,1101112215261,20260506,Y,
122350,삼기,KOSDAQ,KOSDAQ,KR7122350002,(주)삼기,1101114249458,20260506,Y,
122450,KX,KOSDAQ,KOSDAQ,KR7122450000,(주)케이엑스이노베이션,1101112093237,20260506,Y,
122640,예스티,KOSDAQ,KOSDAQ,KR7122640006,(주)예스티,1348110048183,20260506,Y,
122690,서진오토모티브,KOSDAQ,KOSDAQ,KR7122690001,(주)서진오토모티브,1101114264828,20260506,Y,
122870,와이지엔터테인먼트,KOSDAQ,KOSDAQ,KR7122870009,(주)와이지엔터테인먼트,1101111516397,20260506,Y,
122990,와이솔,KOSDAQ,KOSDAQ,KR7122990005,(주)와이솔,1358110154111,20260506,Y,
123010,알엔티엑스,KOSDAQ,KOSDAQ,KR7123010001,(주)알엔티엑스,1101112870784,20260506,Y,
123040,엠에스오토텍,KOSDAQ,KOSDAQ,KR7123040008,(주)엠에스오토텍,1712110005114,20260506,Y,
123330,제닉,KOSDAQ,KOSDAQ,KR7123330003,(주)제닉,1345110052677,20260506,Y,
123410,코리아에프티,KOSDAQ,KOSDAQ,KR7123410003,코리아에프티(주),1101114290039,20260506,Y,
123420,위메이드플레이,KOSDAQ,KOSDAQ,KR7123420002,(주)위메이드플레이,1101114291540,20260506,Y,
123570,이엠넷,KOSDAQ,KOSDAQ,KR7123570004,(주)이엠넷,1101111946601,20260506,Y,
123750,알톤,KOSDAQ,KOSDAQ,KR7123750002,(주)알톤,1101114313807,20260506,Y,
123840,뉴온,KOSDAQ,KOSDAQ,KR7123840001,(주)뉴온,1101114305614,20260506,Y,
123860,아나패스,KOSDAQ,KOSDAQ,KR7123860009,(주)아나패스,1101112663436,20260506,Y,
124500,아이티센글로벌,KOSDAQ,KOSDAQ,KR7124500000,(주)아이티센글로벌,1101113224849,20260506,Y,
124560,태웅로직스,KOSDAQ,KOSDAQ,KR7124560004,주식회사 태웅로직스,1101111234543,20260506,Y,
125020,티씨머티리얼즈,KOSDAQ,KOSDAQ,KR7125020008,티씨머티리얼즈(주),1812110031589,20260506,Y,
125210,아모그린텍,KOSDAQ,KOSDAQ,KR7125210005,(주)아모그린텍,1244110064402,20260506,Y,
125490,한라캐스트,KOSDAQ,KOSDAQ,KR7125490003,(주)한라캐스트,1201110371576,20260506,Y,
126340,비나텍,KOSDAQ,KOSDAQ,KR7126340009,비나텍주식회사,1341110067418,20260506,Y,
126600,BGF에코머티리얼즈,KOSDAQ,KOSDAQ,KR7126600006,(주)비지에프에코머티리얼즈,1350110079381,20260506,Y,
126640,화신정공,KOSDAQ,KOSDAQ,KR7126640002,(주)화신정공,1101114339415,20260506,Y,
126700,하이비젼시스템,KOSDAQ,KOSDAQ,KR7126700004,(주)하이비젼시스템,1101114324127,20260506,Y,
126730,코칩,KOSDAQ,KOSDAQ,KR7126730001,코칩(주),1101111049794,20260506,Y,
126880,제이엔케이글로벌,KOSDAQ,KOSDAQ,KR7126880004,제이엔케이글로벌(주),1101111591034,20260506,Y,
127120,제이에스링크,KOSDAQ,KOSDAQ,KR7127120004,(주)제이에스링크,1101111907760,20260506,Y,
127710,아시아경제,KOSDAQ,KOSDAQ,KR7127710002,(주)아시아경제,1101113251165,20260506,Y,
127980,화인써키트,KOSDAQ,KOSDAQ,KR7127980001,(주)화인써키트,1201110063785,20260506,Y,
128540,에코캡,KOSDAQ,KOSDAQ,KR7128540002,에코캡 주식회사,1801110602755,20260506,Y,
128660,피제이메탈,KOSDAQ,KOSDAQ,KR7128660008,(주)피제이메탈,1101114382878,20260506,Y,
129890,앱코,KOSDAQ,KOSDAQ,KR7129890000,(주)앱코,1101112284729,20260506,Y,
129920,대성하이텍,KOSDAQ,KOSDAQ,KR7129920005,(주)대성하이텍,1701110205600,20260506,Y,
130500,GH신소재,KOSDAQ,KOSDAQ,KR7130500002,지에이치신소재(주),1955110052004,20260506,Y,
130580,나이스디앤비,KOSDAQ,KOSDAQ,KR7130580004,(주)나이스디앤비,1101112629347,20260506,Y,
130740,티피씨글로벌,KOSDAQ,KOSDAQ,KR7130740004,(주)티피씨,1748110017627,20260506,Y,
131030,옵투스제약,KOSDAQ,KOSDAQ,KR7131030009,(주)옵투스제약,1101114399906,20260506,Y,
131090,시큐브,KOSDAQ,KOSDAQ,KR7131090003,(주)시큐브,1311110047447,20260506,Y,
131100,티엔엔터테인먼트,KOSDAQ,KOSDAQ,KR7131100000,(주)티엔엔터테인먼트,1601110221319,20260506,Y,
131180,딜리,KOSDAQ,KOSDAQ,KR7131180002,(주)딜리,1154110011579,20260506,Y,
131220,대한과학,KOSDAQ,KOSDAQ,KR7131220006,(주)대한과학,1101110948997,20260506,Y,
131290,티에스이,KOSDAQ,KOSDAQ,KR7131290009,(주)티에스이,1615110017818,20260506,Y,
131370,알서포트,KOSDAQ,KOSDAQ,KR7131370009,알서포트(주),1101114398859,20260506,Y,
131400,이브이첨단소재,KOSDAQ,KOSDAQ,KR7131400004,(주)이브이첨단소재,1701110262452,20260506,Y,
131760,파인텍,KOSDAQ,KOSDAQ,KR7131760001,(주)파인텍,2850110151881,20260506,Y,
131970,두산테스나,KOSDAQ,KOSDAQ,KR7131970006,(주)두산테스나,1311110082427,20260506,Y,
133750,메가엠디,KOSDAQ,KOSDAQ,KR7133750000,메가엠디(주),1101112937857,20260506,Y,
134060,이퓨쳐,KOSDAQ,KOSDAQ,KR7134060003,(주)이퓨쳐,1101111860083,20260506,Y,
134580,탑코미디어,KOSDAQ,KOSDAQ,KR7134580000,주식회사 탑코미디어,1101113615121,20260506,Y,
136150,원일티엔아이,KOSDAQ,KOSDAQ,KR7136150000,(주)원일티엔아이,1350110093737,20260506,Y,
136410,아셈스,KOSDAQ,KOSDAQ,KR7136410008,주식회사 아셈스,1801110515685,20260506,Y,
136480,하림,KOSDAQ,KOSDAQ,KR7136480001,(주)하림,2149110034430,20260506,Y,
136540,윈스테크넷,KOSDAQ,KOSDAQ,KR7136540002,(주)윈스테크넷,1311110272002,20260506,Y,
137080,나래나노텍,KOSDAQ,KOSDAQ,KR7137080008,주식회사 나래나노텍,1345110017746,20260506,Y,
137400,피엔티,KOSDAQ,KOSDAQ,KR7137400008,(주)피엔티,1752110017454,20260506,Y,
137940,넥스트아이,KOSDAQ,KOSDAQ,KR7137940003,(주)넥스트아이,1348110037954,20260506,Y,
137950,제이씨케미칼,KOSDAQ,KOSDAQ,KR7137950002,제이씨케미칼(주),1358110124726,20260506,Y,
138070,신진에스엠,KOSDAQ,KOSDAQ,KR7138070008,(주)신진에스엠,1348110061937,20260506,Y,
138080,오이솔루션,KOSDAQ,KOSDAQ,KR7138080007,(주)오이솔루션,2001110180384,20260506,Y,
138360,앤로보틱스,KOSDAQ,KOSDAQ,KR7138360003,(주)앤로보틱스,1355110151022,20260506,Y,
138610,나이벡,KOSDAQ,KOSDAQ,KR7138610001,(주)나이벡,1101112940933,20260506,Y,
139050,BF랩스,KOSDAQ,KOSDAQ,KR7139050009,(주)비에프랩스,1211110142596,20260506,Y,
139670,키네마스터,KOSDAQ,KOSDAQ,KR7139670004,키네마스터(주),1101112605793,20260506,Y,
140070,서플러스글로벌,KOSDAQ,KOSDAQ,KR7140070004,(주)서플러스글로벌,1101111921140,20260506,Y,
140410,메지온,KOSDAQ,KOSDAQ,KR7140410002,(주)메지온,1101112615578,20260506,Y,
140430,카티스,KOSDAQ,KOSDAQ,KR7140430000,(주)카티스,1101113388025,20260506,Y,
140520,대창스틸,KOSDAQ,KOSDAQ,KR7140520008,(주)대창스틸,1101110276116,20260506,Y,
140670,알에스오토메이션,KOSDAQ,KOSDAQ,KR7140670001,알에스오토메이션(주),1345110147171,20260506,Y,
140860,파크시스템스,KOSDAQ,KOSDAQ,KR7140860008,(주)파크시스템스,1101111397648,20260506,Y,
141000,비아트론,KOSDAQ,KOSDAQ,KR7141000000,(주)비아트론,1101112405721,20260506,Y,
141080,리가켐바이오,KOSDAQ,KOSDAQ,KR7141080002,(주)리가켐 바이오사이언스,1601110206866,20260506,Y,
142210,유니트론텍,KOSDAQ,KOSDAQ,KR7142210004,(주)유니트론텍,1101111284449,20260506,Y,
142280,녹십자엠에스,KOSDAQ,KOSDAQ,KR7142280007,(주)녹십자엠에스,1345110076627,20260506,Y,
142760,모아라이프플러스,KOSDAQ,KOSDAQ,KR7142760008,(주)모아라이프플러스,1601110091332,20260506,Y,
143160,아이디스,KOSDAQ,KOSDAQ,KR7143160000,(주)아이디스,1601110302755,20260506,Y,
143240,사람인,KOSDAQ,KOSDAQ,KR7143240000,(주)사람인,1101113318387,20260506,Y,
143540,영우디에스피,KOSDAQ,KOSDAQ,KR7143540003,(주)영우디에스피,1311110110921,20260506,Y,
144510,지씨셀,KOSDAQ,KOSDAQ,KR7144510005,(주)지씨셀,1345110172532,20260506,Y,
144960,뉴파워프라즈마,KOSDAQ,KOSDAQ,KR7144960002,(주)뉴파워프라즈마,1101111784952,20260506,Y,
145020,휴젤,KOSDAQ,KOSDAQ,KR7145020004,휴젤(주),1101112380890,20260506,Y,
145170,노브랜드,KOSDAQ,KOSDAQ,KR7145170007,(주)노브랜드,1101111065972,20260506,Y,
146060,율촌,KOSDAQ,KOSDAQ,KR7146060009,(주)율촌,1243110014912,20260506,Y,
146320,비씨엔씨,KOSDAQ,KOSDAQ,KR7146320007,비씨엔씨(주),1342110058902,20260506,Y,
147760,피엠티,KOSDAQ,KOSDAQ,KR7147760003,(주)피엠티,1351110069710,20260506,Y,
147830,제룡산업,KOSDAQ,KOSDAQ,KR7147830004,제룡산업(주),1101114722917,20260506,Y,
148150,세경하이테크,KOSDAQ,KOSDAQ,KR7148150006,(주)세경하이테크,1345110097540,20260506,Y,
148250,알엔투테크놀로지,KOSDAQ,KOSDAQ,KR7148250004,(주)알엔투테크놀로지,1156110036979,20260506,Y,
148780,비큐AI,KOSDAQ,KOSDAQ,KR7148780000,(주)비큐에이아이,1401110011243,20260506,Y,
148930,에이치와이티씨,KOSDAQ,KOSDAQ,KR7148930001,(주)에이치와이티씨,1101113364372,20260506,Y,
149950,아바텍,KOSDAQ,KOSDAQ,KR7149950008,(주)아바텍,1701110179623,20260506,Y,
149980,하이로닉,KOSDAQ,KOSDAQ,KR7149980005,(주)하이로닉,1101113802992,20260506,Y,
150900,파수에이아이,KOSDAQ,KOSDAQ,KR7150900009,(주)파수에이아이,1101111991680,20260506,Y,
151860,KG에코솔루션,KOSDAQ,KOSDAQ,KR7151860004,케이지에코솔루션(주),1101111799183,20260506,Y,
153460,네이블,KOSDAQ,KOSDAQ,KR7153460001,(주)네이블,1101112707367,20260506,Y,
153490,우리이앤엘하루틴,KOSDAQ,KOSDAQ,KR7153490008,우리이앤엘하루틴(주),1314110212929,20260506,Y,
153710,옵티팜,KOSDAQ,KOSDAQ,KR7153710009,(주)옵티팜,1301110062876,20260506,Y,
154030,아시아종묘,KOSDAQ,KOSDAQ,KR7154030001,농업회사법인아시아종묘(주),1101113036096,20260506,Y,
154040,다산솔루에타,KOSDAQ,KOSDAQ,KR7154040000,(주)다산솔루에타,1351110065750,20260506,Y,
155650,와이엠씨,KOSDAQ,KOSDAQ,KR7155650005,와이엠씨(주),1615110096292,20260506,Y,
156100,엘앤케이바이오,KOSDAQ,KOSDAQ,KR7156100000,(주)엘앤케이바이오메드,1101114017227,20260506,Y,
158430,아톤,KOSDAQ,KOSDAQ,KR7158430009,주식회사 아톤,1101111788566,20260506,Y,
159010,아스플로,KOSDAQ,KOSDAQ,KR7159010008,(주)아스플로,1350110119749,20260506,Y,
159580,제로투세븐,KOSDAQ,KOSDAQ,KR7159580000,(주)제로투세븐,1101111871072,20260506,Y,
160190,하이젠알앤엠,KOSDAQ,KOSDAQ,KR7160190005,하이젠알앤엠 주식회사,1942110088197,20260506,Y,
160550,NEW,KOSDAQ,KOSDAQ,KR7160550000,(주)넥스트엔터테인먼트월드,1101113922550,20260506,Y,
160980,싸이맥스,KOSDAQ,KOSDAQ,KR7160980009,(주)싸이맥스,1311110153525,20260506,Y,
161580,필옵틱스,KOSDAQ,KOSDAQ,KR7161580006,주식회사 필옵틱스,1351110088083,20260506,Y,
162300,신스틸,KOSDAQ,KOSDAQ,KR7162300008,주식회사 신스틸,1942110094409,20260506,Y,
163280,에어레인,KOSDAQ,KOSDAQ,KR7163280001,㈜에어레인,1101112183963,20260506,Y,
163730,핑거,KOSDAQ,KOSDAQ,KR7163730005,㈜핑거,1101112139776,20260506,Y,
166090,하나머티리얼즈,KOSDAQ,KOSDAQ,KR7166090001,하나머티리얼즈(주),1615110086227,20260506,Y,
166480,코아스템켐온,KOSDAQ,KOSDAQ,KR7166480004,코아스템켐온 주식회사,1501110077665,20260506,Y,
168330,내츄럴엔도텍,KOSDAQ,KOSDAQ,KR7168330009,(주)내츄럴엔도텍,1101112246414,20260506,Y,
168360,펨트론,KOSDAQ,KOSDAQ,KR7168360006,(주)펨트론,1101112422379,20260506,Y,
169330,엠브레인,KOSDAQ,KOSDAQ,KR7169330008,(주)마크로밀엠브레인,1101111670234,20260506,Y,
170030,현대공업,KOSDAQ,KOSDAQ,KR7170030001,(주)현대공업,1812110001102,20260506,Y,
170790,파이오링크,KOSDAQ,KOSDAQ,KR7170790000,(주)파이오링크,1101112035578,20260506,Y,
170920,엘티씨,KOSDAQ,KOSDAQ,KR7170920003,엘티씨(주),1341110160494,20260506,Y,
171010,램테크놀러지,KOSDAQ,KOSDAQ,KR7171010002,램테크놀러지(주),1345110053211,20260506,Y,
171090,선익시스템,KOSDAQ,KOSDAQ,KR7171090004,(주)선익시스템,1101110700555,20260506,Y,
171120,라이온켐텍,KOSDAQ,KOSDAQ,KR7171120009,(주)라이온켐텍,1601110004947,20260506,Y,
172670,에이엘티,KOSDAQ,KOSDAQ,KR7172670002,(주)에이엘티,1501110075164,20260506,Y,
173130,오파스넷,KOSDAQ,KOSDAQ,KR7173130006,(주)오파스넷,1101113104661,20260506,Y,
173940,에프엔씨엔터,KOSDAQ,KOSDAQ,KR7173940008,(주)에프엔씨엔터테인먼트,1101113580390,20260506,Y,
174900,앱클론,KOSDAQ,KOSDAQ,KR7174900001,앱클론(주),1101114379213,20260506,Y,
175140,휴먼테크놀로지,KOSDAQ,KOSDAQ,KR7175140003,(주)휴먼테크놀로지,1101112431669,20260506,Y,
175250,아이큐어,KOSDAQ,KOSDAQ,KR7175250000,아이큐어(주),1101111982720,20260506,Y,
176750,듀켐바이오,KOSDAQ,KOSDAQ,KR7176750008,(주)듀켐바이오,1101112647604,20260506,Y,
177350,베셀,KOSDAQ,KOSDAQ,KR7177350006,(주)베셀,1358110105388,20260506,Y,
177830,파버나인,KOSDAQ,KOSDAQ,KR7177830007,(주)파버나인,1201110155011,20260506,Y,
177900,쓰리에이로직스,KOSDAQ,KOSDAQ,KR7177900008,쓰리에이로직스(주),1311110114733,20260506,Y,
178320,서진시스템,KOSDAQ,KOSDAQ,KR7178320008,(주)서진시스템,1201110447781,20260506,Y,
178780,일월지엠엘,KOSDAQ,KOSDAQ,KR7178780003,(주)일월지엠엘,1351110081475,20260506,Y,
179290,엠아이텍,KOSDAQ,KOSDAQ,KR7179290002,(주)엠아이텍,1101110742406,20260506,Y,
179530,애드바이오텍,KOSDAQ,KOSDAQ,KR7179530001,(주)애드바이오텍,1101111999444,20260506,Y,
179900,유티아이,KOSDAQ,KOSDAQ,KR7179900006,(주)유티아이,1341110189717,20260506,Y,
180400,DXVX,KOSDAQ,KOSDAQ,KR7180400004,디엑스앤브이엑스(주),1101112262890,20260506,Y,
182360,큐브엔터,KOSDAQ,KOSDAQ,KR7182360008,(주)큐브엔터테인먼트,1101115192036,20260506,Y,
182400,엔케이젠바이오텍코리아,KOSDAQ,KOSDAQ,KR7182400002,(주)엔케이젠바이오텍코리아,1101112421157,20260506,Y,
183300,코미코,KOSDAQ,KOSDAQ,KR7183300003,(주)코미코,1346110062393,20260506,Y,
183490,엔지켐생명과학,KOSDAQ,KOSDAQ,KR7183490002,(주)엔지켐생명과학,1601110084890,20260506,Y,
184230,SGA솔루션즈,KOSDAQ,KOSDAQ,KR7184230001,에스지에이 솔루션즈(주),1101115221158,20260506,Y,
185490,아이진,KOSDAQ,KOSDAQ,KR7185490000,아이진(주),1101112005018,20260506,Y,
186230,그린플러스,KOSDAQ,KOSDAQ,KR7186230009,주식회사 그린플러스,1348110033605,20260506,Y,
187220,디티앤씨,KOSDAQ,KOSDAQ,KR7187220009,(주)디티앤씨,1311110053874,20260506,Y,
187270,신화콘텍,KOSDAQ,KOSDAQ,KR7187270004,(주)신화콘텍,1101112637291,20260506,Y,
187420,HLB제넥스,KOSDAQ,KOSDAQ,KR7187420005,에이치엘비제넥스(주),1601110095821,20260506,Y,
187660,페니트리움바이오,KOSDAQ,KOSDAQ,KR7187660006,페니트리움바이오사이언스(주),1101112887193,20260506,Y,
187790,나노,KOSDAQ,KOSDAQ,KR7187790001,(주)나노,1101115248376,20260506,Y,
187870,디바이스,KOSDAQ,KOSDAQ,KR7187870001,(주)디바이스,1615110052450,20260506,Y,
188040,바이오포트,KOSDAQ,KOSDAQ,KR7188040000,(주)바이오포트코리아,1801110500991,20260506,Y,
188260,세니젠,KOSDAQ,KOSDAQ,KR7188260004,(주)세니젠,1101113313254,20260506,Y,
189300,인텔리안테크,KOSDAQ,KOSDAQ,KR7189300007,(주)인텔리안테크놀로지스,1101112948086,20260506,Y,
189330,씨이랩,KOSDAQ,KOSDAQ,KR7189330004,(주)씨이랩,1101114401438,20260506,Y,
189690,포시에스,KOSDAQ,KOSDAQ,KR7189690001,(주)포시에스,1101113940221,20260506,Y,
189860,서전기전,KOSDAQ,KOSDAQ,KR7189860000,(주)서전기전,1101110816938,20260506,Y,
189980,흥국에프엔비,KOSDAQ,KOSDAQ,KR7189980006,(주)흥국에프엔비,2801110086726,20260506,Y,
190510,나무가,KOSDAQ,KOSDAQ,KR7190510008,(주)나무가,1311110126192,20260506,Y,
190650,코리아에셋투자증권,KOSDAQ,KOSDAQ,KR7190650002,코리아에셋투자증권(주),1101111844970,20260506,Y,
191410,육일씨엔에쓰,KOSDAQ,KOSDAQ,KR7191410000,(주)육일씨엔에쓰,1101113637810,20260506,Y,
191420,테고사이언스,KOSDAQ,KOSDAQ,KR7191420009,테고사이언스(주),1601110114126,20260506,Y,
192250,케이사인,KOSDAQ,KOSDAQ,KR7192250009,(주)케이사인,1101115300647,20260506,Y,
192390,윈하이텍,KOSDAQ,KOSDAQ,KR7192390003,(주)윈하이텍,1545110049654,20260506,Y,
192410,오늘이엔엠,KOSDAQ,KOSDAQ,KR7192410009,(주)오늘이엔엠,1301110044808,20260506,Y,
192440,슈피겐코리아,KOSDAQ,KOSDAQ,KR7192440006,(주)슈피겐코리아,1101114045848,20260506,Y,
193250,링크드,KOSDAQ,KOSDAQ,KR7193250008,(주)링크드,1101113016999,20260506,Y,
194480,데브시스터즈,KOSDAQ,KOSDAQ,KR7194480000,데브시스터즈(주),1101113687568,20260506,Y,
194700,노바렉스,KOSDAQ,KOSDAQ,KR7194700001,(주)노바렉스,1501110120399,20260506,Y,
195500,마니커에프앤지,KOSDAQ,KOSDAQ,KR7195500004,(주)마니커에프앤지,1345110080529,20260506,Y,
195940,HK이노엔,KOSDAQ,KOSDAQ,KR7195940002,에이치케이이노엔 주식회사,1101115379692,20260506,Y,
195990,에이비프로바이오,KOSDAQ,KOSDAQ,KR7195990007,(주)에이비프로바이오,1701110271528,20260506,Y,
196170,알테오젠,KOSDAQ,KOSDAQ,KR7196170005,(주)알테오젠,1601110242050,20260506,Y,
196300,HLB펩,KOSDAQ,KOSDAQ,KR7196300008,에이치엘비펩(주),2001110115802,20260506,Y,
196450,코아시아씨엠,KOSDAQ,KOSDAQ,KR7196450001,(주)코아시아씨엠,1345110233665,20260506,Y,
196490,디에이테크놀로지,KOSDAQ,KOSDAQ,KR7196490007,(주)디에이테크놀로지,1101111958888,20260506,Y,
196700,웹스,KOSDAQ,KOSDAQ,KR7196700009,(주)웹스,1801110378835,20260506,Y,
197140,디지캡,KOSDAQ,KOSDAQ,KR7197140007,(주)디지캡,1101111928295,20260506,Y,
198080,캐프,KOSDAQ,KOSDAQ,KR7198080004,(주)캐프,1101114275958,20260506,Y,
198440,강동씨앤엘,KOSDAQ,KOSDAQ,KR7198440000,(주)강동씨앤엘,1101115403623,20260506,Y,
198940,한주라이트메탈,KOSDAQ,KOSDAQ,KR7198940009,한주라이트메탈(주),1812110008538,20260506,Y,
199430,케이엔알시스템,KOSDAQ,KOSDAQ,KR7199430000,(주)케이엔알시스템,1348110051904,20260506,Y,
199480,뱅크웨어글로벌,KOSDAQ,KOSDAQ,KR7199480005,뱅크웨어글로벌(주),1101115141877,20260506,Y,
199550,레이저옵텍,KOSDAQ,KOSDAQ,KR7199550005,(주)레이저옵텍,1101112035552,20260506,Y,
199800,툴젠,KOSDAQ,KOSDAQ,KR7199800004,(주)툴젠,1101111785827,20260506,Y,
199820,제일일렉트릭,KOSDAQ,KOSDAQ,KR7199820002,제일일렉트릭(주),1801110037887,20260506,Y,
200130,콜마비앤에이치,KOSDAQ,KOSDAQ,KR7200130003,콜마비앤에이치(주),1101115399517,20260506,Y,
200230,텔콘RF제약,KOSDAQ,KOSDAQ,KR7200230001,(주)텔콘알에프제약,1345110031382,20260506,Y,
200350,아티스트스튜디오,KOSDAQ,KOSDAQ,KR7200350007,(주)아티스트스튜디오,1101113629841,20260506,Y,
200470,에이팩트,KOSDAQ,KOSDAQ,KR7200470003,(주)에이팩트,1344110035203,20260506,Y,
200670,휴메딕스,KOSDAQ,KOSDAQ,KR7200670008,(주)휴메딕스,1101112727141,20260506,Y,
200710,에이디테크놀로지,KOSDAQ,KOSDAQ,KR7200710002,(주)에이디테크놀로지,1311110081627,20260506,Y,
200780,비씨월드제약,KOSDAQ,KOSDAQ,KR7200780005,(주)비씨월드제약,1243110005515,20260506,Y,
201490,미투온,KOSDAQ,KOSDAQ,KR7201490000,(주)미투온,1101114358382,20260506,Y,
203400,에이비온,KOSDAQ,KOSDAQ,KR7203400007,에이비온(주),1101113660142,20260506,Y,
203450,유니온바이오메트릭스,KOSDAQ,KOSDAQ,KR7203450002,(주)유니온바이오메트릭스,1101111892903,20260506,Y,
203650,드림시큐리티,KOSDAQ,KOSDAQ,KR7203650007,(주)드림시큐리티,1101115448356,20260506,Y,
203690,아크솔루션스,KOSDAQ,KOSDAQ,KR7203690003,(주)아크솔루션스,1101115448520,20260506,Y,
204020,그리티,KOSDAQ,KOSDAQ,KR7204020002,(주)그리티,1101111773799,20260506,Y,
204270,제이앤티씨,KOSDAQ,KOSDAQ,KR7204270003,(주)제이앤티씨,1101111334583,20260506,Y,
204610,티쓰리엔터테인먼트,KOSDAQ,KOSDAQ,KR7204610000,(주)티쓰리엔터테인먼트,1101111942485,20260506,Y,
204620,글로벌텍스프리,KOSDAQ,KOSDAQ,KR7204620009,글로벌텍스프리(주),1101115480233,20260506,Y,
204840,지엘팜텍,KOSDAQ,KOSDAQ,KR7204840003,지엘팜텍(주),1101115478626,20260506,Y,
205100,엑셈,KOSDAQ,KOSDAQ,KR7205100001,(주)엑셈,1101115496868,20260506,Y,
205470,휴마시스,KOSDAQ,KOSDAQ,KR7205470008,휴마시스(주),1101115503308,20260506,Y,
205500,넥써쓰,KOSDAQ,KOSDAQ,KR7205500002,(주)넥써쓰,1101115501302,20260506,Y,
206400,베노티앤알,KOSDAQ,KOSDAQ,KR7206400004,(주)베노티앤알,1101115518084,20260506,Y,
206560,덱스터,KOSDAQ,KOSDAQ,KR7206560005,(주)덱스터스튜디오,2850110209804,20260506,Y,
206640,바디텍메드,KOSDAQ,KOSDAQ,KR7206640005,바디텍메드(주),1101115527168,20260506,Y,
206650,유바이오로직스,KOSDAQ,KOSDAQ,KR7206650004,(주)유바이오로직스,1101114294122,20260506,Y,
207760,미스터블루,KOSDAQ,KOSDAQ,KR7207760000,미스터블루(주),1101115535038,20260506,Y,
208140,정다운,KOSDAQ,KOSDAQ,KR7208140004,(주)정다운,1101115542497,20260506,Y,
208350,지란지교시큐리티,KOSDAQ,KOSDAQ,KR7208350009,(주)지란지교시큐리티,1101115527019,20260506,Y,
208370,셀바스헬스케어,KOSDAQ,KOSDAQ,KR7208370007,(주)셀바스헬스케어,1101115530111,20260506,Y,
208640,썸에이지,KOSDAQ,KOSDAQ,KR7208640003,(주)썸에이지,1101115545962,20260506,Y,
208710,포톤,KOSDAQ,KOSDAQ,KR7208710004,(주)포톤,1101115546217,20260506,Y,
208860,다산디엠씨,KOSDAQ,KOSDAQ,KR7208860007,(주)다산디엠씨,1101111574709,20260506,Y,
209640,와이제이링크,KOSDAQ,KOSDAQ,KR7209640002,와이제이링크(주),1701110379976,20260506,Y,
210120,캔버스엔,KOSDAQ,KOSDAQ,KR7210120002,(주)캔버스엔,1101112753873,20260506,Y,
211050,인카금융서비스,KOSDAQ,KOSDAQ,KR7211050000,인카금융서비스(주),1101113773094,20260506,Y,
211270,AP위성,KOSDAQ,KOSDAQ,KR7211270004,에이피위성(주),1101114531045,20260506,Y,
212560,네오오토,KOSDAQ,KOSDAQ,KR7212560007,(주)네오오토,1101114255801,20260506,Y,
212710,아이에스티이,KOSDAQ,KOSDAQ,KR7212710008,(주)아이에스티이,1348110278748,20260506,Y,
213420,덕산네오룩스,KOSDAQ,KOSDAQ,KR7213420003,덕산네오룩스(주),1615110176036,20260506,Y,
214150,클래시스,KOSDAQ,KOSDAQ,KR7214150005,(주)클래시스,1101115618355,20260506,Y,
214180,헥토이노베이션,KOSDAQ,KOSDAQ,KR7214180002,(주)헥토이노베이션,1101114063535,20260506,Y,
214260,라파스,KOSDAQ,KOSDAQ,KR7214260002,(주)라파스,1101113430040,20260506,Y,
214270,FSN,KOSDAQ,KOSDAQ,KR7214270001,(주)에프에스엔,1101115617076,20260506,Y,
214370,케어젠,KOSDAQ,KOSDAQ,KR7214370009,(주)케어젠,1101112310946,20260506,Y,
214430,아이쓰리시스템,KOSDAQ,KOSDAQ,KR7214430001,아이쓰리시스템(주),1601110072738,20260506,Y,
214450,파마리서치,KOSDAQ,KOSDAQ,KR7214450009,(주)파마리서치,1101112183749,20260506,Y,
214610,롤링스톤,KOSDAQ,KOSDAQ,KR7214610008,롤링스톤(주),1501110123252,20260506,Y,
214680,디알텍,KOSDAQ,KOSDAQ,KR7214680001,(주)디알텍,1101115633585,20260506,Y,
215000,골프존,KOSDAQ,KOSDAQ,KR7215000001,(주)골프존,1601110393069,20260506,Y,
215090,솔디펜스,KOSDAQ,KOSDAQ,KR7215090002,(주)솔디펜스,1101115642726,20260506,Y,
215100,로보로보,KOSDAQ,KOSDAQ,KR7215100009,(주)로보로보,1101115638741,20260506,Y,
215200,메가스터디교육,KOSDAQ,KOSDAQ,KR7215200007,메가스터디교육(주),1101115685966,20260506,Y,
215360,우리산업,KOSDAQ,KOSDAQ,KR7215360009,우리산업(주),1345110257251,20260506,Y,
215380,우정바이오,KOSDAQ,KOSDAQ,KR7215380007,(주)우정바이오,1101115649938,20260506,Y,
215480,토박스코리아,KOSDAQ,KOSDAQ,KR7215480005,(주)토박스코리아,1101115648518,20260506,Y,
215600,신라젠,KOSDAQ,KOSDAQ,KR7215600008,신라젠(주),1801110550194,20260506,Y,
215790,이노인스트루먼트,KOSDAQ,KOSDAQ,KR7215790007,(주)이노인스트루먼트,1101115658640,20260506,Y,
216050,인크로스,KOSDAQ,KOSDAQ,KR7216050005,인크로스(주),1101113734955,20260506,Y,
216080,제테마,KOSDAQ,KOSDAQ,KR7216080002,(주)제테마,1358110168568,20260506,Y,
217190,제너셈,KOSDAQ,KOSDAQ,KR7217190008,제너셈(주),1246110236750,20260506,Y,
217270,넵튠,KOSDAQ,KOSDAQ,KR7217270008,(주)넵튠,1101115671171,20260506,Y,
217330,싸이토젠,KOSDAQ,KOSDAQ,KR7217330000,(주)싸이토젠,1311110251395,20260506,Y,
217480,에스디생명공학,KOSDAQ,KOSDAQ,KR7217480003,(주)에스디생명공학,1101113971466,20260506,Y,
217500,러셀,KOSDAQ,KOSDAQ,KR7217500008,(주)러셀,1101115677864,20260506,Y,
217620,선샤인푸드,KOSDAQ,KOSDAQ,KR7217620004,선샤인푸드(주),1101115680643,20260506,Y,
217730,강스템바이오텍,KOSDAQ,KOSDAQ,KR7217730001,주식회사 강스템바이오텍,1101114461002,20260506,Y,
217820,원익피앤이,KOSDAQ,KOSDAQ,KR7217820000,(주)원익피앤이,1348110045535,20260506,Y,
218150,미래생명자원,KOSDAQ,KOSDAQ,KR7218150001,(주)미래생명자원,1101115687615,20260506,Y,
218410,RFHIC,KOSDAQ,KOSDAQ,KR7218410009,알에프에이치아이씨(주),1101115695337,20260506,Y,
219130,타이거일렉,KOSDAQ,KOSDAQ,KR7219130002,주식회사 타이거일렉,1201110228610,20260506,Y,
219420,링크제니시스,KOSDAQ,KOSDAQ,KR7219420007,(주)링크제니시스,1101112914459,20260506,Y,
219550,디와이디,KOSDAQ,KOSDAQ,KR7219550001,(주)디와이디,1101115703594,20260506,Y,
219750,한국비티비,KOSDAQ,KOSDAQ,KR7219750007,(주)한국비티비,1101111651101,20260506,Y,
220100,퓨쳐켐,KOSDAQ,KOSDAQ,KR7220100002,(주)퓨쳐켐,1246110260311,20260506,Y,
220180,핸디소프트,KOSDAQ,KOSDAQ,KR7220180004,(주)핸디소프트,1311110243912,20260506,Y,
220260,켐트로스,KOSDAQ,KOSDAQ,KR7220260004,(주)켐트로스,1101115723120,20260506,Y,
221800,지구홀딩스,KOSDAQ,KOSDAQ,KR7221800006,지구홀딩스(주),1101114022325,20260506,Y,
221840,하이즈항공,KOSDAQ,KOSDAQ,KR7221840002,하이즈항공(주),1101112376401,20260506,Y,
221980,케이디켐,KOSDAQ,KOSDAQ,KR7221980006,케이디켐(주),1341110013255,20260506,Y,
222040,코스맥스엔비티,KOSDAQ,KOSDAQ,KR7222040008,코스맥스엔비티(주),1101112407470,20260506,Y,
222080,씨아이에스,KOSDAQ,KOSDAQ,KR7222080004,씨아이에스(주),1101115731032,20260506,Y,
222110,팬젠,KOSDAQ,KOSDAQ,KR7222110009,(주)팬젠,1311110248194,20260506,Y,
222160,NPX,KOSDAQ,KOSDAQ,KR7222160004,(주)엔피엑스,1311110051034,20260506,Y,
222420,쎄노텍,KOSDAQ,KOSDAQ,KR7222420002,(주)쎄노텍,1101115733509,20260506,Y,
222800,심텍,KOSDAQ,KOSDAQ,KR7222800005,(주)심텍,1501110205802,20260506,Y,
222980,한국맥널티,KOSDAQ,KOSDAQ,KR7222980005,한국맥널티(주),1101111495971,20260506,Y,
223250,드림씨아이에스,KOSDAQ,KOSDAQ,KR7223250002,(주)드림씨아이에스,1101111953953,20260506,Y,
223310,사토시홀딩스,KOSDAQ,KOSDAQ,KR7223310004,사토시홀딩스(주),1101114519281,20260506,Y,
224060,더코디,KOSDAQ,KOSDAQ,KR7224060004,(주)더코디,1615110031686,20260506,Y,
224110,에이텍모빌리티,KOSDAQ,KOSDAQ,KR7224110007,(주)에이텍모빌리티,1311110416816,20260506,Y,
225190,LK삼양,KOSDAQ,KOSDAQ,KR7225190008,엘케이삼양(주),1942110216483,20260506,Y,
225220,제놀루션,KOSDAQ,KOSDAQ,KR7225220003,(주)제놀루션,1101113403972,20260506,Y,
225430,케이엠제약,KOSDAQ,KOSDAQ,KR7225430008,케이엠제약(주),1101115779909,20260506,Y,
225530,HC보광산업,KOSDAQ,KOSDAQ,KR7225530005,(주)에이치씨보광산업,1743110003882,20260506,Y,
225570,넥슨게임즈,KOSDAQ,KOSDAQ,KR7225570001,(주)넥슨게임즈,1101115781277,20260506,Y,
225590,패션플랫폼,KOSDAQ,KOSDAQ,KR7225590009,패션플랫폼(주),1101115782473,20260506,Y,
226330,신테카바이오,KOSDAQ,KOSDAQ,KR7226330009,(주)신테카바이오,1101114179457,20260506,Y,
226340,본느,KOSDAQ,KOSDAQ,KR7226340008,(주)본느,1101115794478,20260506,Y,
226400,오스테오닉,KOSDAQ,KOSDAQ,KR7226400000,(주)오스테오닉,1101114816570,20260506,Y,
226590,엠디바이스,KOSDAQ,KOSDAQ,KR7226590008,엠디바이스 주식회사,1355110198834,20260506,Y,
226950,올릭스,KOSDAQ,KOSDAQ,KR7226950004,올릭스 주식회사,1358110177957,20260506,Y,
227100,프로브잇,KOSDAQ,KOSDAQ,KR7227100005,(주)프로브잇,1101114865569,20260506,Y,
227610,아우딘퓨쳐스,KOSDAQ,KOSDAQ,KR7227610003,(주)아우딘퓨쳐스,1101112131821,20260506,Y,
227950,엔투텍,KOSDAQ,KOSDAQ,KR7227950003,(주)엔투텍,1101115829407,20260506,Y,
228340,동양파일,KOSDAQ,KOSDAQ,KR7228340006,동양파일(주),1648110073035,20260506,Y,
228670,레이,KOSDAQ,KOSDAQ,KR7228670006,주식회사 레이,1345110084018,20260506,Y,
228760,지노믹트리,KOSDAQ,KOSDAQ,KR7228760005,(주)지노믹트리,1601110105498,20260506,Y,
228850,레이언스,KOSDAQ,KOSDAQ,KR7228850004,(주)레이언스,1348110216516,20260506,Y,
229000,젠큐릭스,KOSDAQ,KOSDAQ,KR7229000005,(주)젠큐릭스,1101114690768,20260506,Y,
230240,에치에프알,KOSDAQ,KOSDAQ,KR7230240004,(주)에치에프알,1101115855973,20260506,Y,
230360,에코마케팅,KOSDAQ,KOSDAQ,KR7230360000,(주)에코마케팅,1101112743866,20260506,Y,
230980,비유테크놀러지,KOSDAQ,KOSDAQ,KR7230980005,(주)비유테크놀러지,1101115868041,20260506,Y,
232140,와이씨,KOSDAQ,KOSDAQ,KR7232140004,(주)와이씨,1101115869346,20260506,Y,
232680,라온로보틱스,KOSDAQ,KOSDAQ,KR7232680009,(주)라온로보틱스,1201110216699,20260506,Y,
232830,아이티센피엔에스,KOSDAQ,KOSDAQ,KR7232830000,(주)아이티센피엔에스,1101114736520,20260506,Y,
234030,싸이닉솔루션,KOSDAQ,KOSDAQ,KR7234030005,(주)싸이닉솔루션,1311110132107,20260506,Y,
234100,폴라리스세원,KOSDAQ,KOSDAQ,KR7234100006,(주)폴라리스세원,1348110015885,20260506,Y,
234300,에스트래픽,KOSDAQ,KOSDAQ,KR7234300002,에스트래픽 주식회사,1311110332864,20260506,Y,
234340,헥토파이낸셜,KOSDAQ,KOSDAQ,KR7234340008,(주)헥토파이낸셜,1101112085523,20260506,Y,
234690,녹십자웰빙,KOSDAQ,KOSDAQ,KR7234690006,(주)녹십자웰빙,1345110083218,20260506,Y,
234920,자이글,KOSDAQ,KOSDAQ,KR7234920007,자이글(주),2850110153481,20260506,Y,
235980,메드팩토,KOSDAQ,KOSDAQ,KR7235980000,(주)메드팩토,1358110232363,20260506,Y,
236200,슈프리마,KOSDAQ,KOSDAQ,KR7236200002,(주)슈프리마,1311110433589,20260506,Y,
236810,엔비티,KOSDAQ,KOSDAQ,KR7236810008,(주)엔비티,1101114962042,20260506,Y,
237690,에스티팜,KOSDAQ,KOSDAQ,KR7237690003,에스티팜(주),1545110039704,20260506,Y,
237750,피앤씨테크,KOSDAQ,KOSDAQ,KR7237750005,피앤씨테크(주),1341110064711,20260506,Y,
237820,플레이디,KOSDAQ,KOSDAQ,KR7237820006,주식회사 플레이디,1311110251048,20260506,Y,
237880,클리오,KOSDAQ,KOSDAQ,KR7237880000,(주)클리오,1101111421273,20260506,Y,
238090,앤디포스,KOSDAQ,KOSDAQ,KR7238090005,(주)앤디포스,1545110045488,20260506,Y,
238120,얼라인드,KOSDAQ,KOSDAQ,KR7238120000,(주)얼라인드제네틱스,1341110170980,20260506,Y,
238200,비피도,KOSDAQ,KOSDAQ,KR7238200000,주식회사 비피도,1101111787378,20260506,Y,
238490,힘스,KOSDAQ,KOSDAQ,KR7238490007,(주)힘스,1101111634272,20260506,Y,
239340,이스트에이드,KOSDAQ,KOSDAQ,KR7239340003,(주)이스트에이드,1101115970961,20260506,Y,
239610,에이치엘사이언스,KOSDAQ,KOSDAQ,KR7239610009,(주)에이치엘사이언스,1341110077704,20260506,Y,
239890,피엔에이치테크,KOSDAQ,KOSDAQ,KR7239890007,(주)피엔에이치테크,1311110237931,20260506,Y,
240550,동방메디컬,KOSDAQ,KOSDAQ,KR7240550004,(주)동방메디컬,1645110024117,20260506,Y,
240600,유진테크놀로지,KOSDAQ,KOSDAQ,KR7240600007,(주)유진테크놀로지,1501110137013,20260506,Y,
240810,원익IPS,KOSDAQ,KOSDAQ,KR7240810002,(주)원익아이피에스,1313110163174,20260506,Y,
241520,DSC인베스트먼트,KOSDAQ,KOSDAQ,KR7241520006,디에스씨인베스트먼트(주),1101114778267,20260506,Y,
241690,유니테크노,KOSDAQ,KOSDAQ,KR7241690007,(주)유니테크노,1801110327981,20260506,Y,
241710,코스메카코리아,KOSDAQ,KOSDAQ,KR7241710003,(주)코스메카코리아,1545110016091,20260506,Y,
241770,메카로,KOSDAQ,KOSDAQ,KR7241770007,(주)메카로,1201110233338,20260506,Y,
241790,티이엠씨씨엔에스,KOSDAQ,KOSDAQ,KR7241790005,티이엠씨씨엔에스(주),1101114809963,20260506,Y,
241820,피씨엘,KOSDAQ,KOSDAQ,KR7241820000,피씨엘(주),1352110022823,20260506,Y,
241840,에이스토리,KOSDAQ,KOSDAQ,KR7241840008,(주)에이스토리,1101112929276,20260506,Y,
242040,나무기술,KOSDAQ,KOSDAQ,KR7242040004,나무기술(주),1101116016673,20260506,Y,
243070,휴온스,KOSDAQ,KOSDAQ,KR7243070000,(주)휴온스,1311110446029,20260506,Y,
243840,신흥에스이씨,KOSDAQ,KOSDAQ,KR7243840006,신흥에스이씨(주),1348110178873,20260506,Y,
244460,올리패스,KOSDAQ,KOSDAQ,KR7244460002,올리패스(주),1101113562570,20260506,Y,
245620,EDGC,KOSDAQ,KOSDAQ,KR7245620000,이원다이애그노믹스(주),1201110658289,20260506,Y,
246250,에스엘에스바이오,KOSDAQ,KOSDAQ,KR7246250005,(주)에스엘에스바이오,1101113602524,20260506,Y,
246690,TS인베스트먼트,KOSDAQ,KOSDAQ,KR7246690002,주식회사 티에스인베스트먼트,1101113840843,20260506,Y,
246710,티앤알바이오팹,KOSDAQ,KOSDAQ,KR7246710008,(주)티앤알바이오팹,1355110249041,20260506,Y,
246720,아스타,KOSDAQ,KOSDAQ,KR7246720007,(주)아스타,1311110157098,20260506,Y,
246960,SCL사이언스,KOSDAQ,KOSDAQ,KR7246960009,(주)에스씨엘사이언스,1101114327915,20260506,Y,
247540,에코프로비엠,KOSDAQ,KOSDAQ,KR7247540008,(주)에코프로비엠,1501110219184,20260506,Y,
247660,나노씨엠에스,KOSDAQ,KOSDAQ,KR7247660004,나노씨엠에스(주),1648110026753,20260506,Y,
250000,보라티알,KOSDAQ,KOSDAQ,KR7250000007,(주)보라티알,1101115879030,20260506,Y,
250060,모비스,KOSDAQ,KOSDAQ,KR7250060001,(주)모비스,1101116108587,20260506,Y,
250930,예선테크,KOSDAQ,KOSDAQ,KR7250930005,(주)예선테크,1101116122470,20260506,Y,
251120,바이오에프디엔씨,KOSDAQ,KOSDAQ,KR7251120002,주식회사 바이오에프디엔씨,1201110388092,20260506,Y,
251370,와이엠티,KOSDAQ,KOSDAQ,KR7251370003,와이엠티(주),1201110185810,20260506,Y,
251630,브이원텍,KOSDAQ,KOSDAQ,KR7251630000,(주)브이원텍,1311110164978,20260506,Y,
251970,펌텍코리아,KOSDAQ,KOSDAQ,KR7251970000,펌텍코리아 주식회사,1211110088451,20260506,Y,
252500,세화피앤씨,KOSDAQ,KOSDAQ,KR7252500004,(주)세화피앤씨,1101116153095,20260506,Y,
252990,샘씨엔에스,KOSDAQ,KOSDAQ,KR7252990007,(주)샘씨엔에스,1311110449718,20260506,Y,
253450,스튜디오드래곤,KOSDAQ,KOSDAQ,KR7253450001,스튜디오드래곤(주),1101116052164,20260506,Y,
253590,네오셈,KOSDAQ,KOSDAQ,KR7253590004,(주)네오셈,1101116168614,20260506,Y,
253840,수젠텍,KOSDAQ,KOSDAQ,KR7253840003,(주)수젠텍,1601110312126,20260506,Y,
254120,자비스,KOSDAQ,KOSDAQ,KR7254120009,(주)자비스,1101116178564,20260506,Y,
254490,미래반도체,KOSDAQ,KOSDAQ,KR7254490006,미래반도체(주),1101111228364,20260506,Y,
255220,SG,KOSDAQ,KOSDAQ,KR7255220006,에스지이(주),1201110517154,20260506,Y,
255440,야스,KOSDAQ,KOSDAQ,KR7255440000,(주)야스,1101112494451,20260506,Y,
256150,한독크린텍,KOSDAQ,KOSDAQ,KR7256150004,(주)한독크린텍,1601110165806,20260506,Y,
256630,포인트엔지니어링,KOSDAQ,KOSDAQ,KR7256630005,(주)포인트엔지니어링,1101116201737,20260506,Y,
256840,한국비엔씨,KOSDAQ,KOSDAQ,KR7256840000,(주)한국비엔씨,1101116202305,20260506,Y,
256940,킵스파마,KOSDAQ,KOSDAQ,KR7256940008,(주)킵스바이오파마,1101112063743,20260506,Y,
257370,피엔티엠에스,KOSDAQ,KOSDAQ,KR7257370007,(주)피엔티 엠에스,1701110207177,20260506,Y,
257720,실리콘투,KOSDAQ,KOSDAQ,KR7257720003,주식회사 실리콘투,1101112425448,20260506,Y,
258610,케일럼,KOSDAQ,KOSDAQ,KR7258610005,(주)케일럼,1101114097518,20260506,Y,
258790,소프트캠프,KOSDAQ,KOSDAQ,KR7258790005,소프트캠프(주),1101116219037,20260506,Y,
258830,세종메디칼,KOSDAQ,KOSDAQ,KR7258830009,(주)세종메디칼,2849110088798,20260506,Y,
259630,엠플러스,KOSDAQ,KOSDAQ,KR7259630002,(주)엠플러스,1341110106357,20260506,Y,
260660,알리코제약,KOSDAQ,KOSDAQ,KR7260660006,알리코제약(주),1350110038048,20260506,Y,
260930,씨티케이,KOSDAQ,KOSDAQ,KR7260930003,(주)씨티케이,1101112233560,20260506,Y,
260970,에스앤디,KOSDAQ,KOSDAQ,KR7260970009,(주)에스앤디,1615110028766,20260506,Y,
261200,덴티스,KOSDAQ,KOSDAQ,KR7261200000,주식회사 덴티스,1101116246759,20260506,Y,
261520,이지스,KOSDAQ,KOSDAQ,KR7261520001,주식회사 이지스,1701110191495,20260506,Y,
261780,차백신연구소,KOSDAQ,KOSDAQ,KR7261780001,(주)차백신연구소,1101111992670,20260506,Y,
262260,에이프로,KOSDAQ,KOSDAQ,KR7262260003,(주)에이프로,1351110053143,20260506,Y,
262840,아이퀘스트,KOSDAQ,KOSDAQ,KR7262840002,(주)아이퀘스트,1101111346439,20260506,Y,
263020,디케이앤디,KOSDAQ,KOSDAQ,KR7263020000,(주)디케이앤디,1101111967243,20260506,Y,
263050,유틸렉스,KOSDAQ,KOSDAQ,KR7263050007,(주)유틸렉스,2850110287959,20260506,Y,
263600,덕우전자,KOSDAQ,KOSDAQ,KR7263600009,덕우전자(주),1760110006963,20260506,Y,
263690,디알젬,KOSDAQ,KOSDAQ,KR7263690000,(주)디알젬,1101112863789,20260506,Y,
263700,케어랩스,KOSDAQ,KOSDAQ,KR7263700007,(주)케어랩스,1201110607278,20260506,Y,
263720,디앤씨미디어,KOSDAQ,KOSDAQ,KR7263720005,주식회사 디앤씨미디어,1101114767153,20260506,Y,
263750,펄어비스,KOSDAQ,KOSDAQ,KR7263750002,주식회사 펄어비스,1341110195582,20260506,Y,
263770,유에스티,KOSDAQ,KOSDAQ,KR7263770000,(주)유에스티,1101116298148,20260506,Y,
263800,데이타솔루션,KOSDAQ,KOSDAQ,KR7263800005,(주)데이타솔루션,1101114504901,20260506,Y,
263810,상신전자,KOSDAQ,KOSDAQ,KR7263810004,상신전자(주),1341110025060,20260506,Y,
263860,지니언스,KOSDAQ,KOSDAQ,KR7263860009,지니언스(주),1311110131159,20260506,Y,
263920,휴엠앤씨,KOSDAQ,KOSDAQ,KR7263920001,(주)휴엠앤씨,1201110290289,20260506,Y,
264450,유비쿼스,KOSDAQ,KOSDAQ,KR7264450008,(주)유비쿼스,1311110475341,20260506,Y,
264660,씨앤지하이테크,KOSDAQ,KOSDAQ,KR7264660002,씨앤지하이테크(주),1348110072786,20260506,Y,
264850,이랜시스,KOSDAQ,KOSDAQ,KR7264850009,(주)이랜시스,1101116314449,20260506,Y,
265520,AP시스템,KOSDAQ,KOSDAQ,KR7265520007,에이피시스템(주),1348110400341,20260506,Y,
265560,영화테크,KOSDAQ,KOSDAQ,KR7265560003,영화테크(주),1615110038129,20260506,Y,
265740,엔에프씨,KOSDAQ,KOSDAQ,KR7265740001,주식회사엔에프씨,1201110608755,20260506,Y,
267320,나인테크,KOSDAQ,KOSDAQ,KR7267320000,(주)나인테크,1101116353116,20260506,Y,
267790,배럴,KOSDAQ,KOSDAQ,KR7267790004,(주)배럴,1101114256924,20260506,Y,
267980,매일유업,KOSDAQ,KOSDAQ,KR7267980001,매일유업 주식회사,1101116390770,20260506,Y,
269620,시스웍,KOSDAQ,KOSDAQ,KR7269620001,(주)시스웍,1601110176572,20260506,Y,
270520,앱튼,KOSDAQ,KOSDAQ,KR7270520000,(주)앱튼,1101116383543,20260506,Y,
270660,에브리봇,KOSDAQ,KOSDAQ,KR7270660004,에브리봇(주),1311110396927,20260506,Y,
270870,뉴트리,KOSDAQ,KOSDAQ,KR7270870009,(주)뉴트리,1101112214429,20260506,Y,
271830,팸텍,KOSDAQ,KOSDAQ,KR7271830002,팸텍주식회사,1348110110148,20260506,Y,
272110,케이엔제이,KOSDAQ,KOSDAQ,KR7272110008,(주)케이엔제이,1348110106600,20260506,Y,
272290,이녹스첨단소재,KOSDAQ,KOSDAQ,KR7272290008,(주)이녹스첨단소재,1648110105010,20260506,Y,
273060,와이즈버즈,KOSDAQ,KOSDAQ,KR7273060004,(주)와이즈버즈,1101116417590,20260506,Y,
273640,와이엠텍,KOSDAQ,KOSDAQ,KR7273640003,(주)와이엠텍,1501110081963,20260506,Y,
274090,켄코아에어로스페이스,KOSDAQ,KOSDAQ,KR7274090000,켄코아에어로스페이스(주),1954110024732,20260506,Y,
274400,이노시뮬레이션,KOSDAQ,KOSDAQ,KR7274400001,(주)이노시뮬레이션,1101111977937,20260506,Y,
275630,에스에스알,KOSDAQ,KOSDAQ,KR7275630002,(주)에스에스알,1101114422103,20260506,Y,
276040,스코넥,KOSDAQ,KOSDAQ,KR7276040003,(주)스코넥엔터테인먼트,1101112499641,20260506,Y,
276730,한울앤제주,KOSDAQ,KOSDAQ,KR7276730009,(주)한울앤제주,2201110123463,20260506,Y,
277070,린드먼아시아,KOSDAQ,KOSDAQ,KR7277070009,린드먼아시아인베스트먼트(주),1101113489154,20260506,Y,
277410,인산가,KOSDAQ,KOSDAQ,KR7277410007,(주)인산가,1101116471554,20260506,Y,
277810,레인보우로보틱스,KOSDAQ,KOSDAQ,KR7277810008,(주)레인보우로보틱스,1601110293889,20260506,Y,
277880,티에스아이,KOSDAQ,KOSDAQ,KR7277880001,주식회사 티에스아이,1313110109110,20260506,Y,
278280,천보,KOSDAQ,KOSDAQ,KR7278280003,(주)천보,1511110031157,20260506,Y,
278650,HLB바이오스텝,KOSDAQ,KOSDAQ,KR7278650007,에이치엘비바이오스텝(주),2842110063231,20260506,Y,
279600,미디어젠,KOSDAQ,KOSDAQ,KR7279600001,미디어젠(주),1101112001842,20260506,Y,
281740,레이크머티리얼즈,KOSDAQ,KOSDAQ,KR7281740001,(주)레이크머티리얼즈,1101116525723,20260506,Y,
282720,금양그린파워,KOSDAQ,KOSDAQ,KR7282720002,금양그린파워(주),1812110025384,20260506,Y,
282880,코윈테크,KOSDAQ,KOSDAQ,KR7282880004,주식회사 코윈테크,1351110047419,20260506,Y,
284620,카이노스메드,KOSDAQ,KOSDAQ,KR7284620002,주식회사 카이노스메드,1101116558469,20260506,Y,
285490,노바텍,KOSDAQ,KOSDAQ,KR7285490009,(주)노바텍,1351110083661,20260506,Y,
285800,진영,KOSDAQ,KOSDAQ,KR7285800009,(주)진영,1201110127961,20260506,Y,
286750,나노실리칸첨단소재,KOSDAQ,KOSDAQ,KR7286750005,(주)나노실리칸첨단소재,1358110139600,20260506,Y,
287840,인투셀,KOSDAQ,KOSDAQ,KR7287840003,(주)인투셀,1601110395354,20260506,Y,
288330,파라택시스코리아,KOSDAQ,KOSDAQ,KR7288330004,파라택시스 코리아(주),1311110423499,20260506,Y,
288620,에스프리즘,KOSDAQ,KOSDAQ,KR7288620008,에스프리즘 (주),1311110367986,20260506,Y,
288980,모아데이타,KOSDAQ,KOSDAQ,KR7288980006,(주)모아데이타,1101115373933,20260506,Y,
289010,아이스크림에듀,KOSDAQ,KOSDAQ,KR7289010001,(주)아이스크림에듀,1101115125649,20260506,Y,
289080,SV인베스트먼트,KOSDAQ,KOSDAQ,KR7289080004,에스브이인베스트먼트 주식회사,1101113433440,20260506,Y,
289220,자이언트스텝,KOSDAQ,KOSDAQ,KR7289220006,(주)자이언트스텝,1101113909839,20260506,Y,
289930,웨이비스,KOSDAQ,KOSDAQ,KR7289930000,(주)웨이비스,1348110407800,20260506,Y,
290090,트윔,KOSDAQ,KOSDAQ,KR7290090000,(주)트윔,1501110132344,20260506,Y,
290120,DH오토리드,KOSDAQ,KOSDAQ,KR7290120005,(주)디에이치오토리드,2101110118854,20260506,Y,
290270,휴네시온,KOSDAQ,KOSDAQ,KR7290270008,주식회사 휴네시온,1101112919938,20260506,Y,
290520,신도기연,KOSDAQ,KOSDAQ,KR7290520006,(주)신도기연,1211110078395,20260506,Y,
290550,디케이티,KOSDAQ,KOSDAQ,KR7290550003,(주)디케이티,1201110615990,20260506,Y,
290560,파라택시스이더리움,KOSDAQ,KOSDAQ,KR7290560002,파라택시스이더리움(주),1341110125604,20260506,Y,
290650,엘앤씨바이오,KOSDAQ,KOSDAQ,KR7290650001,(주)엘앤씨바이오,1311110288992,20260506,Y,
290660,다이나믹솔루션,KOSDAQ,KOSDAQ,KR7290660000,(주)다이나믹솔루션,1101114362531,20260506,Y,
290670,대보마그네틱,KOSDAQ,KOSDAQ,KR7290670009,대보마그네틱(주),1101111114589,20260506,Y,
290690,소룩스,KOSDAQ,KOSDAQ,KR7290690007,(주)소룩스,1211110051797,20260506,Y,
290720,푸드나무,KOSDAQ,KOSDAQ,KR7290720002,(주)푸드나무,1101115045045,20260506,Y,
290740,액트로,KOSDAQ,KOSDAQ,KR7290740000,(주)액트로,1352110033862,20260506,Y,
291230,엔피,KOSDAQ,KOSDAQ,KR7291230001,(주)엔피,1101116652790,20260506,Y,
291650,압타머사이언스,KOSDAQ,KOSDAQ,KR7291650000,주식회사 압타머사이언스,1717110093010,20260506,Y,
291810,핀텔,KOSDAQ,KOSDAQ,KR7291810000,(주)핀텔,1101115829944,20260506,Y,
293490,카카오게임즈,KOSDAQ,KOSDAQ,KR7293490009,(주)카카오게임즈,1311110351682,20260506,Y,
293580,나우IB,KOSDAQ,KOSDAQ,KR7293580007,나우아이비캐피탈(주),1101113731563,20260506,Y,
293780,압타바이오,KOSDAQ,KOSDAQ,KR7293780003,압타바이오(주),1358110168906,20260506,Y,
294140,레몬,KOSDAQ,KOSDAQ,KR7294140009,(주)레몬,1760110078920,20260506,Y,
294570,쿠콘,KOSDAQ,KOSDAQ,KR7294570007,(주)쿠콘,1101113579947,20260506,Y,
294630,서남,KOSDAQ,KOSDAQ,KR7294630009,(주)서남,1311110128338,20260506,Y,
295310,에이치브이엠,KOSDAQ,KOSDAQ,KR7295310007,(주)에이치브이엠,1355110238812,20260506,Y,
296640,이노에이엑스,KOSDAQ,KOSDAQ,KR7296640006,(주)이노에이엑스,1101113598616,20260506,Y,
297090,씨에스베어링,KOSDAQ,KOSDAQ,KR7297090003,씨에스베어링 주식회사,1801110611863,20260506,Y,
297570,알로이스,KOSDAQ,KOSDAQ,KR7297570004,(주)알로이스,1101116735067,20260506,Y,
297890,HB솔루션,KOSDAQ,KOSDAQ,KR7297890006,에이치비솔루션(주),1311110065514,20260506,Y,
298060,풍전약품,KOSDAQ,KOSDAQ,KR7298060005,풍전약품(주),1201110715352,20260506,Y,
298380,에이비엘바이오,KOSDAQ,KOSDAQ,KR7298380007,에이비엘바이오(주),1101115974020,20260506,Y,
298540,더네이쳐홀딩스,KOSDAQ,KOSDAQ,KR7298540006,(주)더네이쳐홀딩스,1101112958259,20260506,Y,
298830,슈어소프트테크,KOSDAQ,KOSDAQ,KR7298830001,슈어소프트테크 주식회사,1101112462002,20260506,Y,
299030,하나기술,KOSDAQ,KOSDAQ,KR7299030007,(주)하나기술,1348110080937,20260506,Y,
299170,더블유에스아이,KOSDAQ,KOSDAQ,KR7299170001,(주)더블유에스아이,1101116748507,20260506,Y,
299660,셀리드,KOSDAQ,KOSDAQ,KR7299660001,(주)셀리드,1101113572636,20260506,Y,
299900,위지윅스튜디오,KOSDAQ,KOSDAQ,KR7299900001,(주)위지윅스튜디오,1101116033833,20260506,Y,
300080,플리토,KOSDAQ,KOSDAQ,KR7300080009,(주)플리토,1101114945246,20260506,Y,
300120,라온피플,KOSDAQ,KOSDAQ,KR7300120003,라온피플 주식회사,1311110246859,20260506,Y,
301300,바이브컴퍼니,KOSDAQ,KOSDAQ,KR7301300000,(주)바이브컴퍼니,1101112021501,20260506,Y,
302430,이노메트리,KOSDAQ,KOSDAQ,KR7302430004,(주)이노메트리,1345110127040,20260506,Y,
302550,리메드,KOSDAQ,KOSDAQ,KR7302550009,(주)리메드,1311110100021,20260506,Y,
303030,지니틱스,KOSDAQ,KOSDAQ,KR7303030001,(주)지니틱스,1101116793007,20260506,Y,
303360,프로티아,KOSDAQ,KOSDAQ,KR7303360002,주식회사 프로티아,1101111915094,20260506,Y,
303530,이노뎁,KOSDAQ,KOSDAQ,KR7303530000,이노뎁(주),1101113820738,20260506,Y,
303810,동국생명과학,KOSDAQ,KOSDAQ,KR7303810006,동국생명과학(주),1101116391778,20260506,Y,
304100,솔트룩스,KOSDAQ,KOSDAQ,KR7304100001,(주)솔트룩스,1101110301632,20260506,Y,
304360,에스바이오메딕스,KOSDAQ,KOSDAQ,KR7304360001,주식회사 에스바이오메딕스,1101112838477,20260506,Y,
304840,피플바이오,KOSDAQ,KOSDAQ,KR7304840002,(주)피플바이오,1101112606171,20260506,Y,
305090,마이크로디지탈,KOSDAQ,KOSDAQ,KR7305090003,(주)마이크로디지탈,1348110073536,20260506,Y,
306040,에스제이그룹,KOSDAQ,KOSDAQ,KR7306040007,주식회사 에스제이그룹,1101113856618,20260506,Y,
306620,지아이에스,KOSDAQ,KOSDAQ,KR7306620006,(주)지아이에스,1101116852431,20260506,Y,
307180,아이엘,KOSDAQ,KOSDAQ,KR7307180000,(주)아이엘,1101116859099,20260506,Y,
307280,원바이오젠,KOSDAQ,KOSDAQ,KR7307280008,(주)원바이오젠,1101116860442,20260506,Y,
307750,국전,KOSDAQ,KOSDAQ,KR7307750000,(주)국전,1101116868529,20260506,Y,
307870,비투엔,KOSDAQ,KOSDAQ,KR7307870006,(주)비투엔,1101116869965,20260506,Y,
307930,컴퍼니케이,KOSDAQ,KOSDAQ,KR7307930008,컴퍼니케이파트너스(주),1101113544263,20260506,Y,
308080,바이젠셀,KOSDAQ,KOSDAQ,KR7308080001,바이젠셀 주식회사,1101115059773,20260506,Y,
308100,형지글로벌,KOSDAQ,KOSDAQ,KR7308100007,(주)형지글로벌,1101116136877,20260506,Y,
308430,셀비온,KOSDAQ,KOSDAQ,KR7308430008,주식회사 셀비온,1101114398180,20260506,Y,
309710,아이티켐,KOSDAQ,KOSDAQ,KR7309710002,(주)아이티켐,1801110520973,20260506,Y,
309930,조이웍스앤코,KOSDAQ,KOSDAQ,KR7309930006,(주)조이웍스앤코,1101116891801,20260506,Y,
309960,엘비인베스트먼트,KOSDAQ,KOSDAQ,KR7309960003,엘비인베스트먼트(주),1101111293531,20260506,Y,
310200,애니플러스,KOSDAQ,KOSDAQ,KR7310200001,(주)애니플러스,1101116895217,20260506,Y,
310210,보로노이,KOSDAQ,KOSDAQ,KR7310210000,보로노이(주),1348110326191,20260506,Y,
310870,디와이씨,KOSDAQ,KOSDAQ,KR7310870001,디와이씨(주),1101116902393,20260506,Y,
311320,지오엘리먼트,KOSDAQ,KOSDAQ,KR7311320006,(주)지오엘리먼트,1313110059571,20260506,Y,
311390,네오크레마,KOSDAQ,KOSDAQ,KR7311390009,(주)네오크레마,1101113594763,20260506,Y,
311690,CJ 바이오사이언스,KOSDAQ,KOSDAQ,KR7311690002,씨제이바이오사이언스(주),1101114222503,20260506,Y,
312610,에이에프더블류,KOSDAQ,KOSDAQ,KR7312610009,에이에프더블류(주),1752110007968,20260506,Y,
313760,캐리,KOSDAQ,KOSDAQ,KR7313760001,(주)캐리,1314110144073,20260506,Y,
314130,지놈앤컴퍼니,KOSDAQ,KOSDAQ,KR7314130006,(주)지놈앤컴퍼니,1341110422240,20260506,Y,
314140,알피바이오,KOSDAQ,KOSDAQ,KR7314140005,(주)알피바이오,1101116142668,20260506,Y,
314930,바이오다인,KOSDAQ,KOSDAQ,KR7314930009,주식회사 바이오다인,1101111786057,20260506,Y,
315640,딥노이드,KOSDAQ,KOSDAQ,KR7315640003,주식회사 딥노이드,1101113841627,20260506,Y,
317120,라닉스,KOSDAQ,KOSDAQ,KR7317120004,주식회사 라닉스,1311110103158,20260506,Y,
317240,TS트릴리온,KOSDAQ,KOSDAQ,KR7317240000,(주)티에스트릴리온,1101116982139,20260506,Y,
317330,덕산테코피아,KOSDAQ,KOSDAQ,KR7317330009,(주)덕산테코피아,2301110120607,20260506,Y,
317530,에피소드컴퍼니,KOSDAQ,KOSDAQ,KR7317530004,(주)에피소드컴퍼니,1101115551646,20260506,Y,
317690,퀀타매트릭스,KOSDAQ,KOSDAQ,KR7317690006,주식회사 퀀타매트릭스,1101114481274,20260506,Y,
317770,엑스페릭스,KOSDAQ,KOSDAQ,KR7317770006,(주)엑스페릭스,1311110478436,20260506,Y,
317830,에스피시스템스,KOSDAQ,KOSDAQ,KR7317830008,주식회사 에스피시스템스,1801110078534,20260506,Y,
317850,대모,KOSDAQ,KOSDAQ,KR7317850006,대모엔지니어링주식회사,1101110633556,20260506,Y,
317870,엔바이오니아,KOSDAQ,KOSDAQ,KR7317870004,(주)엔바이오니아,1101112152067,20260506,Y,
318000,KBG,KOSDAQ,KOSDAQ,KR7318000007,(주)케이비지,1615110041619,20260506,Y,
318010,팜스빌,KOSDAQ,KOSDAQ,KR7318010006,주식회사 팜스빌,1101111908338,20260506,Y,
318020,포인트모바일,KOSDAQ,KOSDAQ,KR7318020005,(주)포인트모바일,1101113501601,20260506,Y,
318060,그래피,KOSDAQ,KOSDAQ,KR7318060001,주식회사 그래피,1101116277580,20260506,Y,
318160,셀바이오휴먼텍,KOSDAQ,KOSDAQ,KR7318160009,주식회사 셀바이오휴먼텍,1314110346786,20260506,Y,
318410,비비씨,KOSDAQ,KOSDAQ,KR7318410008,비비씨 주식회사,1601110243678,20260506,Y,
319400,현대무벡스,KOSDAQ,KOSDAQ,KR7319400008,현대무벡스(주),1101117016870,20260506,Y,
319660,피에스케이,KOSDAQ,KOSDAQ,KR7319660007,피에스케이 주식회사,1348110493354,20260506,Y,
320000,한울반도체,KOSDAQ,KOSDAQ,KR7320000003,(주)한울반도체,1101117032545,20260506,Y,
321260,프로이천,KOSDAQ,KOSDAQ,KR7321260002,(주)프로이천,1101117042271,20260506,Y,
321370,센서뷰,KOSDAQ,KOSDAQ,KR7321370009,주식회사 센서뷰,1201110764789,20260506,Y,
321550,티움바이오,KOSDAQ,KOSDAQ,KR7321550006,주식회사 티움바이오,1101116250940,20260506,Y,
321820,아티스트컴퍼니,KOSDAQ,KOSDAQ,KR7321820003,(주)아티스트컴퍼니,1101114391837,20260506,Y,
322180,LS티라유텍,KOSDAQ,KOSDAQ,KR7322180001,엘에스티라유텍(주),1101113516105,20260506,Y,
322310,오로스테크놀로지,KOSDAQ,KOSDAQ,KR7322310004,(주)오로스테크놀로지,1311110104403,20260506,Y,
322510,제이엘케이,KOSDAQ,KOSDAQ,KR7322510009,(주)제이엘케이,1101115340065,20260506,Y,
322780,코퍼스코리아,KOSDAQ,KOSDAQ,KR7322780008,(주)코퍼스코리아,1101117062716,20260506,Y,
323280,태성,KOSDAQ,KOSDAQ,KR7323280008,(주)태성,1101117067972,20260506,Y,
323350,다원넥스뷰,KOSDAQ,KOSDAQ,KR7323350009,(주)다원넥스뷰,1101114224020,20260506,Y,
323990,박셀바이오,KOSDAQ,KOSDAQ,KR7323990002,주식회사 박셀바이오,2052110029832,20260506,Y,
327260,RF머트리얼즈,KOSDAQ,KOSDAQ,KR7327260006,알에프머트리얼즈(주),1355110186996,20260506,Y,
328130,루닛,KOSDAQ,KOSDAQ,KR7328130000,주식회사 루닛,1601110354045,20260506,Y,
328380,솔트웨어,KOSDAQ,KOSDAQ,KR7328380001,솔트웨어 주식회사,1101117128211,20260506,Y,
330350,위더스제약,KOSDAQ,KOSDAQ,KR7330350000,위더스제약(주),1101113069534,20260506,Y,
330730,스톤브릿지벤처스,KOSDAQ,KOSDAQ,KR7330730003,스톤브릿지벤처스(주),1101116416683,20260506,Y,
330860,네패스아크,KOSDAQ,KOSDAQ,KR7330860008,주식회사 네패스아크,1501110267365,20260506,Y,
331380,포커스에이아이,KOSDAQ,KOSDAQ,KR7331380006,(주)포커스에이아이,1101117167128,20260506,Y,
331520,밸로프,KOSDAQ,KOSDAQ,KR7331520007,(주)밸로프,1101117171731,20260506,Y,
331740,아우토크립트,KOSDAQ,KOSDAQ,KR7331740001,아우토크립트 주식회사,1101117213757,20260506,Y,
331920,셀레믹스,KOSDAQ,KOSDAQ,KR7331920009,주식회사 셀레믹스,1101114481282,20260506,Y,
332290,누보,KOSDAQ,KOSDAQ,KR7332290006,(주)누보,1101117182655,20260506,Y,
332370,아이디피,KOSDAQ,KOSDAQ,KR7332370006,아이디피(주),1101113356410,20260506,Y,
332570,PS일렉트로닉스,KOSDAQ,KOSDAQ,KR7332570001,(주)피에스일렉트로닉스,1717110071503,20260506,Y,
333050,이노테나,KOSDAQ,KOSDAQ,KR7333050003,(주)이노테나,1101117189544,20260506,Y,
333430,일승,KOSDAQ,KOSDAQ,KR7333430007,(주)일승,1101117196523,20260506,Y,
333620,엔시스,KOSDAQ,KOSDAQ,KR7333620003,(주)엔시스,1615110077268,20260506,Y,
334970,프레스티지바이오로직,KOSDAQ,KOSDAQ,KR7334970001,프레스티지바이오로직스(주),1101115739804,20260506,Y,
335810,프리시젼바이오,KOSDAQ,KOSDAQ,KR7335810008,프리시젼바이오(주),1601110265995,20260506,Y,
335870,윙스풋,KOSDAQ,KOSDAQ,KR7335870002,(주)윙스풋,1101117222352,20260506,Y,
336060,웨이버스,KOSDAQ,KOSDAQ,KR7336060009,(주)웨이버스,1101117224647,20260506,Y,
336570,원텍,KOSDAQ,KOSDAQ,KR7336570007,원텍(주),1101117232799,20260506,Y,
336680,탑런토탈솔루션,KOSDAQ,KOSDAQ,KR7336680004,(주)탑런토탈솔루션,1760110037504,20260506,Y,
337930,젝시믹스,KOSDAQ,KOSDAQ,KR7337930002,(주)젝시믹스,1101116496172,20260506,Y,
338220,뷰노,KOSDAQ,KOSDAQ,KR7338220007,주식회사 뷰노,1348110319279,20260506,Y,
338840,와이바이오로직스,KOSDAQ,KOSDAQ,KR7338840002,(주)와이바이오로직스,1601110235641,20260506,Y,
339950,아이비김영,KOSDAQ,KOSDAQ,KR7339950008,(주)아이비김영,1101117257507,20260506,Y,
340360,다보링크,KOSDAQ,KOSDAQ,KR7340360007,주식회사 다보링크,1101117263174,20260506,Y,
340440,세림B&G,KOSDAQ,KOSDAQ,KR7340440007,(주)세림비앤지,1101117262754,20260506,Y,
340450,지씨지놈,KOSDAQ,KOSDAQ,KR7340450006,(주)지씨지놈,1345110215100,20260506,Y,
340570,티앤엘,KOSDAQ,KOSDAQ,KR7340570001,(주)티앤엘,1345110028404,20260506,Y,
340810,시선AI,KOSDAQ,KOSDAQ,KR7340810001,(주)시선에이아이,1101114361161,20260506,Y,
340930,유일에너테크,KOSDAQ,KOSDAQ,KR7340930007,유일에너테크(주),1358110211565,20260506,Y,
342870,오아,KOSDAQ,KOSDAQ,KR7342870003,오아 주식회사,1101115328615,20260506,Y,
344860,이노진,KOSDAQ,KOSDAQ,KR7344860002,(주)이노진,1101113301944,20260506,Y,
347000,센코,KOSDAQ,KOSDAQ,KR7347000002,주식회사 센코,1411110025962,20260506,Y,
347700,스피어,KOSDAQ,KOSDAQ,KR7347700007,(주)스피어코퍼레이션,1101114969189,20260506,Y,
347740,피엔케이피부임상연구센타,KOSDAQ,KOSDAQ,KR7347740003,피엔케이피부임상연구센타(주),1101114445725,20260506,Y,
347770,핌스,KOSDAQ,KOSDAQ,KR7347770000,주식회사 핌스,1201110799950,20260506,Y,
347850,디앤디파마텍,KOSDAQ,KOSDAQ,KR7347850000,(주)디앤디파마텍,1101115575662,20260506,Y,
347860,알체라,KOSDAQ,KOSDAQ,KR7347860009,주식회사 알체라,1101116080032,20260506,Y,
347890,엠엑스온,KOSDAQ,KOSDAQ,KR7347890006,(주)엠엑스온,1351110048798,20260506,Y,
348030,모비릭스,KOSDAQ,KOSDAQ,KR7348030008,주식회사 모비릭스,1211110160415,20260506,Y,
348080,큐라티스,KOSDAQ,KOSDAQ,KR7348080003,(주)큐라티스,1101116122983,20260506,Y,
348150,고바이오랩,KOSDAQ,KOSDAQ,KR7348150004,주식회사 고바이오랩,1101115487437,20260506,Y,
348210,넥스틴,KOSDAQ,KOSDAQ,KR7348210006,주식회사 넥스틴,1344110044981,20260506,Y,
348340,뉴로메카,KOSDAQ,KOSDAQ,KR7348340001,주식회사 뉴로메카,2841110112915,20260506,Y,
348350,위드텍,KOSDAQ,KOSDAQ,KR7348350000,(주)위드텍,1601110166341,20260506,Y,
348370,엔켐,KOSDAQ,KOSDAQ,KR7348370008,(주)엔켐,1512110026289,20260506,Y,
351320,넥사다이내믹스,KOSDAQ,KOSDAQ,KR7351320007,(주)넥사다이내믹스,1101117417458,20260506,Y,
351330,이삭엔지니어링,KOSDAQ,KOSDAQ,KR7351330006,이삭엔지니어링(주),1101113569865,20260506,Y,
351870,차이커뮤니케이션,KOSDAQ,KOSDAQ,KR7351870001,(주)차이커뮤니케이션,1101113034363,20260506,Y,
352090,스톰테크,KOSDAQ,KOSDAQ,KR7352090005,(주)스톰테크,1101111785710,20260506,Y,
352480,씨앤씨인터내셔널,KOSDAQ,KOSDAQ,KR7352480008,(주)씨앤씨인터내셔널,1358110238402,20260506,Y,
352700,씨앤투스,KOSDAQ,KOSDAQ,KR7352700009,주식회사 씨앤투스,2301110096064,20260506,Y,
352770,셀레스트라,KOSDAQ,KOSDAQ,KR7352770002,주식회사 셀레스트라,1358110198797,20260506,Y,
352910,오비고,KOSDAQ,KOSDAQ,KR7352910004,(주)오비고,1101112739998,20260506,Y,
352940,인바이오,KOSDAQ,KOSDAQ,KR7352940001,인바이오주식회사,1512110004847,20260506,Y,
353190,휴럼,KOSDAQ,KOSDAQ,KR7353190002,(주)휴럼,1101117442710,20260506,Y,
353590,오토앤,KOSDAQ,KOSDAQ,KR7353590003,오토앤(주),1352110032202,20260506,Y,
353810,이지바이오,KOSDAQ,KOSDAQ,KR7353810005,(주)이지바이오,1101117474424,20260506,Y,
354200,엔젠바이오,KOSDAQ,KOSDAQ,KR7354200008,주식회사 엔젠바이오,1101115877480,20260506,Y,
354320,알멕,KOSDAQ,KOSDAQ,KR7354320004,(주)알멕,1942110050823,20260506,Y,
355150,코스텍시스,KOSDAQ,KOSDAQ,KR7355150004,(주)코스텍시스,1101117471470,20260506,Y,
355390,크라우드웍스,KOSDAQ,KOSDAQ,KR7355390006,주식회사 크라우드웍스,1101116384963,20260506,Y,
355690,에이텀,KOSDAQ,KOSDAQ,KR7355690009,(주)에이텀,1101115972652,20260506,Y,
356680,엑스게이트,KOSDAQ,KOSDAQ,KR7356680009,(주)엑스게이트,1101114495598,20260506,Y,
356860,티엘비,KOSDAQ,KOSDAQ,KR7356860007,(주)티엘비,1314110255979,20260506,Y,
356890,싸이버원,KOSDAQ,KOSDAQ,KR7356890004,주식회사 싸이버원,1101113149287,20260506,Y,
357230,에이치피오,KOSDAQ,KOSDAQ,KR7357230002,주식회사 에이치피오,1101114838516,20260506,Y,
357550,석경에이티,KOSDAQ,KOSDAQ,KR7357550003,주식회사 석경에이티,1350110108445,20260506,Y,
357580,아모센스,KOSDAQ,KOSDAQ,KR7357580000,주식회사 아모센스,1244110093120,20260506,Y,
357780,솔브레인,KOSDAQ,KOSDAQ,KR7357780006,솔브레인 주식회사,1311110597525,20260506,Y,
357880,SKAI,KOSDAQ,KOSDAQ,KR7357880004,(주)스카이월드와이드,1101115255214,20260506,Y,
358570,지아이이노베이션,KOSDAQ,KOSDAQ,KR7358570000,(주)지아이이노베이션,1452110021112,20260506,Y,
359090,씨엔알리서치,KOSDAQ,KOSDAQ,KR7359090008,(주)씨엔알리서치,1101117525110,20260506,Y,
360070,탑머티리얼,KOSDAQ,KOSDAQ,KR7360070007,주식회사 탑머티리얼,1311110304011,20260506,Y,
360350,코셈,KOSDAQ,KOSDAQ,KR7360350003,주식회사 코셈,1601110226195,20260506,Y,
361390,제노코,KOSDAQ,KOSDAQ,KR7361390008,주식회사 제노코,1311110127512,20260506,Y,
361570,알비더블유,KOSDAQ,KOSDAQ,KR7361570005,주식회사 알비더블유,1101114297944,20260506,Y,
361670,삼영에스앤씨,KOSDAQ,KOSDAQ,KR7361670003,주식회사 삼영에스앤씨,1311110050086,20260506,Y,
362320,청담글로벌,KOSDAQ,KOSDAQ,KR7362320004,주식회사 청담글로벌,1201110905317,20260506,Y,
362990,드림인사이트,KOSDAQ,KOSDAQ,KR7362990004,주식회사 드림인사이트,1101114941038,20260506,Y,
363250,진시스템,KOSDAQ,KOSDAQ,KR7363250002,주식회사 진시스템,1615110116305,20260506,Y,
363260,모비데이즈,KOSDAQ,KOSDAQ,KR7363260001,(주)모비데이즈,1101117588506,20260506,Y,
364950,에이아이코리아,KOSDAQ,KOSDAQ,KR7364950006,(주)에이아이코리아,1348110309577,20260506,Y,
365270,큐라클,KOSDAQ,KOSDAQ,KR7365270008,(주)큐라클,1101116058485,20260506,Y,
365330,에스와이스틸텍,KOSDAQ,KOSDAQ,KR7365330000,에스와이스틸텍(주),1511110053458,20260506,Y,
365340,성일하이텍,KOSDAQ,KOSDAQ,KR7365340009,성일하이텍 주식회사,2111110049793,20260506,Y,
365590,하이딥,KOSDAQ,KOSDAQ,KR7365590009,(주)하이딥,1101117616620,20260506,Y,
365900,브이씨,KOSDAQ,KOSDAQ,KR7365900000,(주)브이씨,1101113197088,20260506,Y,
366030,공구우먼,KOSDAQ,KOSDAQ,KR7366030005,주식회사 공구우먼,2801110078161,20260506,Y,
367000,플래티어,KOSDAQ,KOSDAQ,KR7367000007,(주)플래티어,1101113175969,20260506,Y,
368600,아이씨에이치,KOSDAQ,KOSDAQ,KR7368600003,(주)아이씨에이치,1348110250671,20260506,Y,
368770,파이버프로,KOSDAQ,KOSDAQ,KR7368770004,(주)파이버프로,1101117648186,20260506,Y,
368970,오에스피,KOSDAQ,KOSDAQ,KR7368970000,주식회사 오에스피,1613110017531,20260506,Y,
370090,퓨런티어,KOSDAQ,KOSDAQ,KR7370090003,주식회사 퓨런티어,1311110230307,20260506,Y,
371950,풍원정밀,KOSDAQ,KOSDAQ,KR7371950007,풍원정밀(주),1350110049673,20260506,Y,
372170,윤성에프앤씨,KOSDAQ,KOSDAQ,KR7372170001,주식회사 윤성에프앤씨,1355110102249,20260506,Y,
372320,큐로셀,KOSDAQ,KOSDAQ,KR7372320002,주식회사 큐로셀,1311110466283,20260506,Y,
372800,아이티아이즈,KOSDAQ,KOSDAQ,KR7372800003,주식회사 아이티아이즈,1101114934273,20260506,Y,
373110,엑셀세라퓨틱스,KOSDAQ,KOSDAQ,KR7373110006,(주)엑셀세라퓨틱스,1101115836767,20260506,Y,
373160,데이원컴퍼니,KOSDAQ,KOSDAQ,KR7373160001,(주)데이원컴퍼니,1101116377877,20260506,Y,
373170,엠아이큐브솔루션,KOSDAQ,KOSDAQ,KR7373170000,엠아이큐브솔루션 주식회사,1101113292086,20260506,Y,
373200,엑스플러스,KOSDAQ,KOSDAQ,KR7373200005,(주)엑스플러스,1101117695210,20260506,Y,
376180,피코그램,KOSDAQ,KOSDAQ,KR7376180006,주식회사 피코그램,1101112463654,20260506,Y,
376270,HEM파마,KOSDAQ,KOSDAQ,KR7376270005,주식회사 에이치이엠파마,1717110129857,20260506,Y,
376290,씨유테크,KOSDAQ,KOSDAQ,KR7376290003,씨유테크 주식회사,1313110055652,20260506,Y,
376300,디어유,KOSDAQ,KOSDAQ,KR7376300000,주식회사 디어유,1101116450615,20260506,Y,
376900,로킷헬스케어,KOSDAQ,KOSDAQ,KR7376900007,주식회사 로킷헬스케어,1101114780072,20260506,Y,
376930,노을,KOSDAQ,KOSDAQ,KR7376930004,노을 주식회사,1101115906974,20260506,Y,
376980,원티드랩,KOSDAQ,KOSDAQ,KR7376980009,(주)원티드랩,1311110405166,20260506,Y,
377030,비트맥스,KOSDAQ,KOSDAQ,KR7377030002,비트맥스(주),1101114445072,20260506,Y,
377220,프롬바이오,KOSDAQ,KOSDAQ,KR7377220009,주식회사 프롬바이오,1358110127754,20260506,Y,
377330,이지트로닉스,KOSDAQ,KOSDAQ,KR7377330006,주식회사 이지트로닉스,1345110132792,20260506,Y,
377450,리파인,KOSDAQ,KOSDAQ,KR7377450002,주식회사 리파인,1101112564478,20260506,Y,
377460,큐에이드,KOSDAQ,KOSDAQ,KR7377460001,주식회사 큐에이드,2001110418983,20260506,Y,
377480,마음AI,KOSDAQ,KOSDAQ,KR7377480009,(주)마음에이아이,1601110362866,20260506,Y,
378340,필에너지,KOSDAQ,KOSDAQ,KR7378340004,주식회사 필에너지,1358110389651,20260506,Y,
378800,샤페론,KOSDAQ,KOSDAQ,KR7378800007,주식회사 샤페론,1101113977050,20260506,Y,
380540,옵티코어,KOSDAQ,KOSDAQ,KR7380540005,주식회사 옵티코어,1358110286766,20260506,Y,
380550,뉴로핏,KOSDAQ,KOSDAQ,KR7380550004,뉴로핏 주식회사,2001110455472,20260506,Y,
381620,제닉스로보틱스,KOSDAQ,KOSDAQ,KR7381620004,제닉스로보틱스(주),1313110097737,20260506,Y,
382150,온코크로스,KOSDAQ,KOSDAQ,KR7382150001,주식회사 온코크로스,1101115758333,20260506,Y,
382480,지아이텍,KOSDAQ,KOSDAQ,KR7382480002,주식회사 지아이텍,1648110065785,20260506,Y,
382800,지앤비에스 에코,KOSDAQ,KOSDAQ,KR7382800001,(주)지앤비에스 에코,1348110105579,20260506,Y,
382840,원준,KOSDAQ,KOSDAQ,KR7382840007,주식회사 원준,1348110166589,20260506,Y,
382900,범한퓨얼셀,KOSDAQ,KOSDAQ,KR7382900009,범한퓨얼셀 주식회사,1942110310912,20260506,Y,
383310,에코프로에이치엔,KOSDAQ,KOSDAQ,KR7383310000,주식회사 에코프로에이치엔,1501110307674,20260506,Y,
383930,디티앤씨알오,KOSDAQ,KOSDAQ,KR7383930005,주식회사 디티앤씨알오,1101116363313,20260506,Y,
384470,코어라인소프트,KOSDAQ,KOSDAQ,KR7384470001,주식회사 코어라인소프트,1101114962092,20260506,Y,
387570,파인메딕스,KOSDAQ,KOSDAQ,KR7387570005,주식회사 파인메딕스,1701110383357,20260506,Y,
388050,지투파워,KOSDAQ,KOSDAQ,KR7388050007,지투파워(주),1351110102065,20260506,Y,
388210,씨엠티엑스,KOSDAQ,KOSDAQ,KR7388210007,주식회사 씨엠티엑스,2841110111983,20260506,Y,
388610,지에프씨생명과학,KOSDAQ,KOSDAQ,KR7388610008,(주)지에프씨생명과학,1101112548993,20260506,Y,
388720,유일로보틱스,KOSDAQ,KOSDAQ,KR7388720005,(주)유일로보틱스,1201110592130,20260506,Y,
388790,라이콤,KOSDAQ,KOSDAQ,KR7388790008,주식회사 라이콤,1101117889821,20260506,Y,
388870,파로스아이바이오,KOSDAQ,KOSDAQ,KR7388870008,주식회사 파로스아이바이오,1311110444346,20260506,Y,
389020,자람테크놀로지,KOSDAQ,KOSDAQ,KR7389020009,(주)자람테크놀로지,1101111864829,20260506,Y,
389030,지니너스,KOSDAQ,KOSDAQ,KR7389030008,지니너스 주식회사,1101116728781,20260506,Y,
389140,포바이포,KOSDAQ,KOSDAQ,KR7389140005,주식회사 포바이포,1101116501830,20260506,Y,
389260,대명에너지,KOSDAQ,KOSDAQ,KR7389260001,대명에너지 주식회사,1311110051935,20260506,Y,
389470,인벤티지랩,KOSDAQ,KOSDAQ,KR7389470006,주식회사 인벤티지랩,1311110409481,20260506,Y,
389500,에스비비테크,KOSDAQ,KOSDAQ,KR7389500000,(주)에스비비테크,1101112113142,20260506,Y,
389650,넥스트바이오메디컬,KOSDAQ,KOSDAQ,KR7389650003,(주)넥스트바이오메디컬,1201110720228,20260506,Y,
389680,유디엠텍,KOSDAQ,KOSDAQ,KR7389680000,(주)유디엠텍,1358110140053,20260506,Y,
391710,코닉오토메이션,KOSDAQ,KOSDAQ,KR7391710001,코닉오토메이션(주),1101117914785,20260506,Y,
393210,토마토시스템,KOSDAQ,KOSDAQ,KR7393210000,(주)토마토시스템,1101112099425,20260506,Y,
393890,더블유씨피,KOSDAQ,KOSDAQ,KR7393890009,더블유씨피(주),1511110058698,20260506,Y,
393970,대진첨단소재,KOSDAQ,KOSDAQ,KR7393970009,대진첨단소재(주),1358110358846,20260506,Y,
394280,오픈엣지테크놀로지,KOSDAQ,KOSDAQ,KR7394280002,오픈엣지테크놀로지 주식회사,1311110501435,20260506,Y,
394420,리센스메디컬,KOSDAQ,KOSDAQ,KR7394420004,주식회사 리센스메디컬,2301110265867,20260506,Y,
394800,쓰리빌리언,KOSDAQ,KOSDAQ,KR7394800007,(주)쓰리빌리언,1101116196756,20260506,Y,
396270,넥스트칩,KOSDAQ,KOSDAQ,KR7396270001,(주)넥스트칩,1311110541069,20260506,Y,
396300,세아메카닉스,KOSDAQ,KOSDAQ,KR7396300006,(주)세아메카닉스,1760110019792,20260506,Y,
396470,워트,KOSDAQ,KOSDAQ,KR7396470007,워트 주식회사,1601110172108,20260506,Y,
397030,에이프릴바이오,KOSDAQ,KOSDAQ,KR7397030008,주식회사 에이프릴바이오,1401110050944,20260506,Y,
397810,애드포러스,KOSDAQ,KOSDAQ,KR7397810003,주식회사 애드포러스,1101115457365,20260506,Y,
398120,에스지헬스케어,KOSDAQ,KOSDAQ,KR7398120006,(주)에스지헬스케어,1244110097700,20260506,Y,
399720,가온칩스,KOSDAQ,KOSDAQ,KR7399720002,(주)가온칩스,1311110319656,20260506,Y,
402030,코난테크놀로지,KOSDAQ,KOSDAQ,KR7402030001,주식회사 코난테크놀로지,1101111682932,20260506,Y,
402490,그린리소스,KOSDAQ,KOSDAQ,KR7402490007,주식회사 그린리소스,1615110128011,20260506,Y,
403490,우듬지팜,KOSDAQ,KOSDAQ,KR7403490006,농업회사법인 우듬지팜 주식회사,1643110019980,20260506,Y,
403850,핑크퐁,KOSDAQ,KOSDAQ,KR7403850001,더핑크퐁컴퍼니(주),1101114357110,20260506,Y,
403870,HPSP,KOSDAQ,KOSDAQ,KR7403870009,주식회사 에이치피에스피,1348110401886,20260506,Y,
405000,플라즈맵,KOSDAQ,KOSDAQ,KR7405000001,주식회사 플라즈맵,1601110395297,20260506,Y,
405100,큐알티,KOSDAQ,KOSDAQ,KR7405100009,큐알티 주식회사,1344110059857,20260506,Y,
405920,나라셀라,KOSDAQ,KOSDAQ,KR7405920000,나라셀라(주),1101110668579,20260506,Y,
406820,뷰티스킨,KOSDAQ,KOSDAQ,KR7406820001,(주)뷰티스킨,1201110590960,20260506,Y,
407400,꿈비,KOSDAQ,KOSDAQ,KR7407400001,주식회사 꿈비,1601110383490,20260506,Y,
408470,한패스,KOSDAQ,KOSDAQ,KR7408470003,한패스 주식회사,1101116306420,20260506,Y,
408900,스튜디오미르,KOSDAQ,KOSDAQ,KR7408900009,주식회사 스튜디오미르,1101114460046,20260506,Y,
408920,메쎄이상,KOSDAQ,KOSDAQ,KR7408920007,(주)메쎄이상,1101118073613,20260506,Y,
411080,샌즈랩,KOSDAQ,KOSDAQ,KR7411080005,주식회사 샌즈랩,1101113108465,20260506,Y,
412350,레이저쎌,KOSDAQ,KOSDAQ,KR7412350001,레이저쎌 주식회사,1311110405091,20260506,Y,
412540,제일엠앤에스,KOSDAQ,KOSDAQ,KR7412540007,(주)제일엠앤에스,1101110418833,20260506,Y,
413390,엠오티,KOSDAQ,KOSDAQ,KR7413390006,(주)엠오티,2341110105621,20260506,Y,
413630,씨피시스템,KOSDAQ,KOSDAQ,KR7413630005,씨피시스템(주),1101118112669,20260506,Y,
413640,비아이매트릭스,KOSDAQ,KOSDAQ,KR7413640004,(주)비아이매트릭스,1101113200360,20260506,Y,
415380,스튜디오삼익,KOSDAQ,KOSDAQ,KR7415380005,주식회사 스튜디오삼익,1101116511425,20260506,Y,
416180,신성에스티,KOSDAQ,KOSDAQ,KR7416180008,신성에스티(주),1942110068066,20260506,Y,
417010,나노팀,KOSDAQ,KOSDAQ,KR7417010006,나노팀 주식회사,1601110444581,20260506,Y,
417180,핑거스토리,KOSDAQ,KOSDAQ,KR7417180007,(주)핑거스토리,1101116679992,20260506,Y,
417200,LS머트리얼즈,KOSDAQ,KOSDAQ,KR7417200003,엘에스머트리얼즈 주식회사,1341110570437,20260506,Y,
417500,제이아이테크,KOSDAQ,KOSDAQ,KR7417500006,(주)제이아이테크,2111110040569,20260506,Y,
417790,트루엔,KOSDAQ,KOSDAQ,KR7417790003,주식회사 트루엔,1101113161306,20260506,Y,
417840,저스템,KOSDAQ,KOSDAQ,KR7417840006,주식회사 저스템,1101116042066,20260506,Y,
417860,오브젠,KOSDAQ,KOSDAQ,KR7417860004,오브젠 주식회사,1101111955008,20260506,Y,
417970,모델솔루션,KOSDAQ,KOSDAQ,KR7417970001,모델솔루션 주식회사,1101113176925,20260506,Y,
418250,시큐레터,KOSDAQ,KOSDAQ,KR7418250007,시큐레터 주식회사,1201110780818,20260506,Y,
418420,라온텍,KOSDAQ,KOSDAQ,KR7418420006,주식회사 라온텍,1311110241362,20260506,Y,
418470,KT밀리의서재,KOSDAQ,KOSDAQ,KR7418470001,(주)케이티밀리의서재,1101116114451,20260506,Y,
418550,제이오,KOSDAQ,KOSDAQ,KR7418550000,(주)제이오,1244110019788,20260506,Y,
418620,E8,KOSDAQ,KOSDAQ,KR7418620001,이에이트(주),1101114861971,20260506,Y,
419050,삼기에너지솔루션즈,KOSDAQ,KOSDAQ,KR7419050000,(주)삼기에너지솔루션즈,1614110049889,20260506,Y,
419080,엔젯,KOSDAQ,KOSDAQ,KR7419080007,엔젯 주식회사,1101114175728,20260506,Y,
419120,산돌,KOSDAQ,KOSDAQ,KR7419120001,(주)산돌,1101116908870,20260506,Y,
419530,SAMG엔터,KOSDAQ,KOSDAQ,KR7419530001,(주)에스에이엠지엔터테인먼트,1101112034562,20260506,Y,
419540,비스토스,KOSDAQ,KOSDAQ,KR7419540000,주식회사 비스토스,1101112317653,20260506,Y,
420570,제이투케이바이오,KOSDAQ,KOSDAQ,KR7420570004,주식회사 제이투케이바이오,1501110229589,20260506,Y,
420770,기가비스,KOSDAQ,KOSDAQ,KR7420770000,기가비스(주),1345110078029,20260506,Y,
424760,벨로크,KOSDAQ,KOSDAQ,KR7424760007,주식회사 벨로크,1101118233415,20260506,Y,
424870,이뮨온시아,KOSDAQ,KOSDAQ,KR7424870004,(주)이뮨온시아,1345110299881,20260506,Y,
424960,스마트레이더시스템,KOSDAQ,KOSDAQ,KR7424960003,(주)스마트레이더시스템,1311110496206,20260506,Y,
424980,마이크로투나노,KOSDAQ,KOSDAQ,KR7424980001,(주)마이크로투나노,1101112059031,20260506,Y,
425040,티이엠씨,KOSDAQ,KOSDAQ,KR7425040003,티이엠씨 주식회사,1501110198453,20260506,Y,
425420,티에프이,KOSDAQ,KOSDAQ,KR7425420007,(주)티에프이,1201110330051,20260506,Y,
429270,시지트로닉스,KOSDAQ,KOSDAQ,KR7429270002,주식회사 시지트로닉스,2101110058935,20260506,Y,
430690,(주)한싹,KOSDAQ,KOSDAQ,KR7430690008,(주)한싹,1101112003640,20260506,Y,
431190,케이쓰리아이,KOSDAQ,KOSDAQ,KR7431190008,(주)케이쓰리아이,1601110094576,20260506,Y,
432430,와이랩,KOSDAQ,KOSDAQ,KR7432430007,주식회사 와이랩,1101114474659,20260506,Y,
432470,케이엔에스,KOSDAQ,KOSDAQ,KR7432470003,(주)케이엔에스,1348110121012,20260506,Y,
432720,퀄리타스반도체,KOSDAQ,KOSDAQ,KR7432720001,(주)퀄리타스반도체,1101116743763,20260506,Y,
432980,엠에프씨,KOSDAQ,KOSDAQ,KR7432980001,엠에프씨(주),1314110209249,20260506,Y,
434480,모니터랩,KOSDAQ,KOSDAQ,KR7434480000,(주)모니터랩,1101113173351,20260506,Y,
435570,에르코스,KOSDAQ,KOSDAQ,KR7435570007,(주)에르코스 농업회사법인,1601110372344,20260506,Y,
437730,삼현,KOSDAQ,KOSDAQ,KR7437730005,(주)삼현,1901110012514,20260506,Y,
438700,버넥트,KOSDAQ,KOSDAQ,KR7438700007,(주)버넥트,2055110049363,20260506,Y,
439090,마녀공장,KOSDAQ,KOSDAQ,KR7439090002,(주)마녀공장,1101114810308,20260506,Y,
439580,블루엠텍,KOSDAQ,KOSDAQ,KR7439580002,(주)블루엠텍,1358110266776,20260506,Y,
440110,파두,KOSDAQ,KOSDAQ,KR7440110005,(주)파두,1101115767269,20260506,Y,
440290,에이치비인베스트먼트,KOSDAQ,KOSDAQ,KR7440290005,에이치비인베스트먼트(주),1101111806409,20260506,Y,
440320,오픈놀,KOSDAQ,KOSDAQ,KR7440320000,주식회사 오픈놀,1101114846056,20260506,Y,
441270,파인엠텍,KOSDAQ,KOSDAQ,KR7441270006,(주)파인엠텍,1341110618279,20260506,Y,
443250,레뷰코퍼레이션,KOSDAQ,KOSDAQ,KR7443250006,(주)레뷰코퍼레이션,1101115576438,20260506,Y,
443670,에스피소프트,KOSDAQ,KOSDAQ,KR7443670005,주식회사 에스피소프트,1101115055284,20260506,Y,
444530,심플랫폼,KOSDAQ,KOSDAQ,KR7444530000,(주)심플랫폼,1101114739730,20260506,Y,
445090,에이직랜드,KOSDAQ,KOSDAQ,KR7445090004,(주)에이직랜드,1358110290105,20260506,Y,
445180,퓨릿,KOSDAQ,KOSDAQ,KR7445180003,(주)퓨릿,1101114253681,20260506,Y,
445680,큐리옥스바이오시스템즈,KOSDAQ,KOSDAQ,KR7445680002,큐리옥스바이오시스템즈(주),1101116865103,20260506,Y,
446540,메가터치,KOSDAQ,KOSDAQ,KR7446540007,(주)메가터치,1615110121601,20260506,Y,
446840,지슨,KOSDAQ,KOSDAQ,KR7446840001,(주)지슨,1101118444707,20260506,Y,
448280,에코아이,KOSDAQ,KOSDAQ,KR7448280008,주식회사 에코아이,1601110188262,20260506,Y,
448710,코츠테크놀로지,KOSDAQ,KOSDAQ,KR7448710004,코츠테크놀로지(주),1350110089265,20260506,Y,
448900,한국피아이엠,KOSDAQ,KOSDAQ,KR7448900001,한국피아이엠(주),1748110026107,20260506,Y,
450330,하스,KOSDAQ,KOSDAQ,KR7450330006,(주)하스,1748110047195,20260506,Y,
450520,인스웨이브,KOSDAQ,KOSDAQ,KR7450520002,(주)인스웨이브,1101112498312,20260506,Y,
450950,아스테라시스,KOSDAQ,KOSDAQ,KR7450950001,(주)아스테라시스,1412110077086,20260506,Y,
451220,아이엠티,KOSDAQ,KOSDAQ,KR7451220008,(주)아이엠티,1345110044939,20260506,Y,
451250,삐아,KOSDAQ,KOSDAQ,KR7451250005,(주)삐아,1411110024675,20260506,Y,
451760,컨텍,KOSDAQ,KOSDAQ,KR7451760003,(주)컨텍,1601110387525,20260506,Y,
452160,제이엔비,KOSDAQ,KOSDAQ,KR7452160005,(주)제이엔비,1348110105438,20260506,Y,
452190,한빛레이저,KOSDAQ,KOSDAQ,KR7452190002,(주)한빛레이저,1601110066145,20260506,Y,
452200,민테크,KOSDAQ,KOSDAQ,KR7452200009,주식회사 민테크,1601110401242,20260506,Y,
452280,한선엔지니어링,KOSDAQ,KOSDAQ,KR7452280001,한선엔지니어링(주),1801110796665,20260506,Y,
452300,캡스톤파트너스,KOSDAQ,KOSDAQ,KR7452300007,캡스톤파트너스(주),1101116929959,20260506,Y,
452400,이닉스,KOSDAQ,KOSDAQ,KR7452400005,(주)이닉스,1801110053411,20260506,Y,
452430,사피엔반도체,KOSDAQ,KOSDAQ,KR7452430002,(주)사피엔반도체,2301110281186,20260506,Y,
452450,피아이이,KOSDAQ,KOSDAQ,KR7452450000,(주)피아이이,1358110345801,20260506,Y,
453450,그리드위즈,KOSDAQ,KOSDAQ,KR7453450009,(주)그리드위즈,1311110336238,20260506,Y,
453860,에이에스텍,KOSDAQ,KOSDAQ,KR7453860009,(주)에이에스텍,1351110074800,20260506,Y,
455180,케이지에이,KOSDAQ,KOSDAQ,KR7455180000,케이지에이(주),1348110428195,20260506,Y,
455900,엔젤로보틱스,KOSDAQ,KOSDAQ,KR7455900001,주식회사 엔젤로보틱스,1101116314085,20260506,Y,
456010,아이씨티케이,KOSDAQ,KOSDAQ,KR7456010008,아이씨티케이 주식회사,1311110496503,20260506,Y,
456070,이엔셀,KOSDAQ,KOSDAQ,KR7456070002,이엔셀(주),1101116693918,20260506,Y,
456160,지투지바이오,KOSDAQ,KOSDAQ,KR7456160001,(주)지투지바이오,1601110451528,20260506,Y,
457370,한켐,KOSDAQ,KOSDAQ,KR7457370005,(주)한켐,1350110097060,20260506,Y,
457550,우진엔텍,KOSDAQ,KOSDAQ,KR7457550002,(주)우진엔텍,1348110260331,20260506,Y,
457600,벡트,KOSDAQ,KOSDAQ,KR7457600005,(주)벡트,1101113429621,20260506,Y,
458350,에스팀,KOSDAQ,KOSDAQ,KR7458350006,(주)에스팀,1101113050806,20260506,Y,
458870,씨어스,KOSDAQ,KOSDAQ,KR7458870003,(주)씨어스,1545110042723,20260506,Y,
459100,위츠,KOSDAQ,KOSDAQ,KR7459100004,(주)위츠,1345110389715,20260506,Y,
459510,나우로보틱스,KOSDAQ,KOSDAQ,KR7459510004,(주)나우로보틱스,1201110845638,20260506,Y,
459550,알트,KOSDAQ,KOSDAQ,KR7459550000,(주)알트,1311110492543,20260506,Y,
460470,아이빔테크놀로지,KOSDAQ,KOSDAQ,KR7460470008,아이빔테크놀로지(주),1601110458821,20260506,Y,
460870,에스엠씨지,KOSDAQ,KOSDAQ,KR7460870009,(주)에스엠씨지,1342110027733,20260506,Y,
460930,현대힘스,KOSDAQ,KOSDAQ,KR7460930001,현대힘스 주식회사,2301110143443,20260506,Y,
460940,피앤에스로보틱스,KOSDAQ,KOSDAQ,KR7460940000,(주)피앤에스로보틱스,1101112922478,20260506,Y,
461030,아이엠비디엑스,KOSDAQ,KOSDAQ,KR7461030009,주식회사 아이엠비디엑스,1101116801206,20260506,Y,
461300,아이스크림미디어,KOSDAQ,KOSDAQ,KR7461300006,(주)아이스크림미디어,1101112453184,20260506,Y,
462310,뉴키즈온,KOSDAQ,KOSDAQ,KR7462310004,주식회사 뉴키즈온,1101115121275,20260506,Y,
462350,이노스페이스,KOSDAQ,KOSDAQ,KR7462350000,(주)이노스페이스,1647110071148,20260506,Y,
462510,라메디텍,KOSDAQ,KOSDAQ,KR7462510009,(주)라메디텍,1101114778316,20260506,Y,
462860,더즌,KOSDAQ,KOSDAQ,KR7462860008,(주)더즌,1101116577188,20260506,Y,
462980,아이지넷,KOSDAQ,KOSDAQ,KR7462980004,(주)아이지넷,1358110248964,20260506,Y,
463020,뉴엔AI,KOSDAQ,KOSDAQ,KR7463020008,(주)뉴엔에이아이,2811110080389,20260506,Y,
463480,모티브링크,KOSDAQ,KOSDAQ,KR7463480004,모티브링크(주),1345110002367,20260506,Y,
464080,에스오에스랩,KOSDAQ,KOSDAQ,KR7464080001,(주)에스오에스랩,2001110465372,20260506,Y,
464280,티디에스팜,KOSDAQ,KOSDAQ,KR7464280007,(주)티디에스팜,1545110024284,20260506,Y,
464490,쿼드메디슨,KOSDAQ,KOSDAQ,KR7464490002,주식회사 쿼드메디슨,1311110468544,20260506,Y,
464500,아이언디바이스,KOSDAQ,KOSDAQ,KR7464500008,(주)아이언디바이스,1101113892513,20260506,Y,
464580,닷밀,KOSDAQ,KOSDAQ,KR7464580000,(주)닷밀,1101115931319,20260506,Y,
465480,인스피언,KOSDAQ,KOSDAQ,KR7465480002,인스피언(주),1101114116433,20260506,Y,
466100,클로봇,KOSDAQ,KOSDAQ,KR7466100005,주식회사 클로봇,1101116394954,20260506,Y,
466410,사이냅소프트,KOSDAQ,KOSDAQ,KR7466410008,(주)사이냅소프트,1101112035172,20260506,Y,
468530,프로티나,KOSDAQ,KOSDAQ,KR7468530001,(주)프로티나,1601110405070,20260506,Y,
469610,(주)이노테크,KOSDAQ,KOSDAQ,KR7469610000,(주)이노테크,1358110231646,20260506,Y,
469750,아이비젼웍스,KOSDAQ,KOSDAQ,KR7469750004,(주)아이비젼웍스,1601110397045,20260506,Y,
471820,셀로맥스사이언스,KOSDAQ,KOSDAQ,KR7471820001,(주)셀로맥스사이언스,1313110142300,20260506,Y,
472850,폰드그룹,KOSDAQ,KOSDAQ,KR7472850007,폰드그룹(주),1101118828068,20260506,Y,
473980,노머스,KOSDAQ,KOSDAQ,KR7473980001,(주)노머스,1101117042247,20260506,Y,
474170,루미르,KOSDAQ,KOSDAQ,KR7474170008,루미르 주식회사,1348110182973,20260506,Y,
474610,RF시스템즈,KOSDAQ,KOSDAQ,KR7474610003,알에프시스템즈(주),1348110054627,20260506,Y,
474650,링크솔루션,KOSDAQ,KOSDAQ,KR7474650009,(주)링크솔루션,1355110281176,20260506,Y,
475230,엔알비,KOSDAQ,KOSDAQ,KR7475230009,(주)엔알비,1101117269370,20260506,Y,
475400,씨메스로보틱스,KOSDAQ,KOSDAQ,KR7475400008,씨메스로보틱스(주),1101115501550,20260506,Y,
475430,키스트론,KOSDAQ,KOSDAQ,KR7475430005,키스트론(주),1746110015485,20260506,Y,
475460,미트박스,KOSDAQ,KOSDAQ,KR7475460002,(주)미트박스글로벌,1311110375757,20260506,Y,
475580,에이럭스,KOSDAQ,KOSDAQ,KR7475580007,주식회사 에이럭스,1101115894492,20260506,Y,
475660,에스켐,KOSDAQ,KOSDAQ,KR7475660007,(주)에스켐,1358110248774,20260506,Y,
475830,오름테라퓨틱,KOSDAQ,KOSDAQ,KR7475830006,오름테라퓨틱 주식회사,1601110433518,20260506,Y,
475960,토모큐브,KOSDAQ,KOSDAQ,KR7475960001,(주)토모큐브,1601110406466,20260506,Y,
476040,오가노이드사이언스,KOSDAQ,KOSDAQ,KR7476040001,오가노이드사이언스(주),1311110534650,20260506,Y,
476060,온코닉테라퓨틱스,KOSDAQ,KOSDAQ,KR7476060009,온코닉테라퓨틱스(주),1101117478088,20260506,Y,
476080,M83,KOSDAQ,KOSDAQ,KR7476080007,(주)엠83,1101117398913,20260506,Y,
476830,알지노믹스,KOSDAQ,KOSDAQ,KR7476830005,알지노믹스(주),1345110333209,20260506,Y,
478340,나라스페이스테크놀로지,KOSDAQ,KOSDAQ,KR7478340003,(주)나라스페이스테크놀로지,1101115682201,20260506,Y,
478560,블랙야크아이앤씨,KOSDAQ,KOSDAQ,KR7478560006,주식회사 블랙야크아이앤씨,1101115201431,20260506,Y,
479960,위너스일렉,KOSDAQ,KOSDAQ,KR7479960007,(주)위너스일렉,1152110049566,20260506,Y,
481070,에이유브랜즈,KOSDAQ,KOSDAQ,KR7481070001,(주)에이유브랜즈,1101118185567,20260506,Y,
482630,삼양엔씨켐,KOSDAQ,KOSDAQ,KR7482630001,(주)삼양엔씨켐,1314110209166,20260506,Y,
484120,도우인시스,KOSDAQ,KOSDAQ,KR7484120001,(주)도우인시스,1501110134952,20260506,Y,
484590,삼양컴텍,KOSDAQ,KOSDAQ,KR7484590005,주식회사 삼양컴텍,1101110035728,20260506,Y,
484810,티엑스알로보틱스,KOSDAQ,KOSDAQ,KR7484810007,주식회사 티엑스알로보틱스,1211110330000,20260506,Y,
486990,노타,KOSDAQ,KOSDAQ,KR7486990005,주식회사 노타,1601110397409,20260506,Y,
488280,에스투더블유,KOSDAQ,KOSDAQ,KR7488280009,주식회사 에스투더블유,1101116873750,20260506,Y,
488900,비츠로넥스텍,KOSDAQ,KOSDAQ,KR7488900002,주식회사 비츠로넥스텍,1314110373599,20260506,Y,
489460,바이오비쥬,KOSDAQ,KOSDAQ,KR7489460006,주식회사 바이오비쥬,1201110947129,20260506,Y,
489500,엘케이켐,KOSDAQ,KOSDAQ,KR7489500009,(주)엘케이켐,1615110093610,20260506,Y,
490470,세미파이브,KOSDAQ,KOSDAQ,KR7490470002,(주)세미파이브,1101117124574,20260506,Y,
491000,리브스메드,KOSDAQ,KOSDAQ,KR7491000006,(주)리브스메드,1101114625385,20260506,Y,
493280,아이엠바이오로직스,KOSDAQ,KOSDAQ,KR7493280002,(주)아이엠바이오로직스,1311110601384,20260506,Y,
493330,지에프아이,KOSDAQ,KOSDAQ,KR7493330005,(주)지에프아이,2201110120203,20260506,Y,
494120,큐리오시스,KOSDAQ,KOSDAQ,KR7494120009,주식회사 큐리오시스,1101115622801,20260506,Y,
000020,동화약품,KOSPI,KOSPI,KR7000020008,동화약품(주),1101110043870,20260506,Y,
000040,KR모터스,KOSPI,KOSPI,KR7000040006,KR모터스(주),1601110007032,20260506,Y,
000050,경방,KOSPI,KOSPI,KR7000050005,(주)경방,1101110013287,20260506,Y,
000070,삼양홀딩스,KOSPI,KOSPI,KR7000070003,(주)삼양홀딩스,1101110026181,20260506,Y,
000080,하이트진로,KOSPI,KOSPI,KR7000080002,하이트진로(주),1101110028591,20260506,Y,
000100,유한양행,KOSPI,KOSPI,KR7000100008,(주)유한양행,1101110014409,20260506,Y,
000120,CJ대한통운,KOSPI,KOSPI,KR7000120006,씨제이대한통운(주),1101110006167,20260506,Y,
000140,하이트진로홀딩스,KOSPI,KOSPI,KR7000140004,하이트진로홀딩스(주),1101110013766,20260506,Y,
000150,두산,KOSPI,KOSPI,KR7000150003,(주)두산,1101110013774,20260506,Y,
000180,성창기업지주,KOSPI,KOSPI,KR7000180000,성창기업지주(주),1801110001717,20260506,Y,
000210,DL,KOSPI,KOSPI,KR7000210005,디엘 주식회사,1101110084915,20260506,Y,
000220,유유제약,KOSPI,KOSPI,KR7000220004,(주)유유제약,1341110002307,20260506,Y,
000230,일동홀딩스,KOSPI,KOSPI,KR7000230003,일동홀딩스(주),1101110012776,20260506,Y,
000240,한국앤컴퍼니,KOSPI,KOSPI,KR7000240002,한국앤컴퍼니(주),1101110034233,20260506,Y,
000270,기아,KOSPI,KOSPI,KR7000270009,기아(주),1101110037998,20260506,Y,
000300,DH오토넥스,KOSPI,KOSPI,KR7000300004,(주)디에이치오토넥스,1101110085541,20260506,Y,
000320,노루홀딩스,KOSPI,KOSPI,KR7000320002,(주)노루홀딩스,1341110002878,20260506,Y,
000370,한화손해보험,KOSPI,KOSPI,KR7000370007,한화손해보험(주),1101110006456,20260506,Y,
000390,SP삼화,KOSPI,KOSPI,KR7000390005,에스피삼화(주),1101110014433,20260506,Y,
000400,롯데손해보험,KOSPI,KOSPI,KR7000400002,롯데손해보험(주),1101110014459,20260506,Y,
000430,대원강업,KOSPI,KOSPI,KR7000430009,대원강업(주),1101110015556,20260506,Y,
000480,CR홀딩스,KOSPI,KOSPI,KR7000480004,주식회사 시알홀딩스,2011110000440,20260506,Y,
000490,대동,KOSPI,KOSPI,KR7000490003,(주)대동,1911110000104,20260506,Y,
000500,가온전선,KOSPI,KOSPI,KR7000500009,가온전선(주),1341110000567,20260506,Y,
000520,삼일제약,KOSPI,KOSPI,KR7000520007,삼일제약(주),1101110016679,20260506,Y,
000540,흥국화재,KOSPI,KOSPI,KR7000540005,흥국화재해상보험(주),1101110016728,20260506,Y,
000590,CS홀딩스,KOSPI,KOSPI,KR7000590000,CS 홀딩스(주),1101110008486,20260506,Y,
000640,동아쏘시오홀딩스,KOSPI,KOSPI,KR7000640003,동아쏘시오홀딩스(주),1101110017990,20260506,Y,
000650,천일고속,KOSPI,KOSPI,KR7000650002,(주)천일고속,1801110006915,20260506,Y,
000660,SK하이닉스,KOSPI,KOSPI,KR7000660001,에스케이하이닉스(주),1344110001387,20260506,Y,
000670,영풍,KOSPI,KOSPI,KR7000670000,(주)영풍,1101110003824,20260506,Y,
000680,LS네트웍스,KOSPI,KOSPI,KR7000680009,(주)LS네트웍스,1801110044717,20260506,Y,
000700,유수홀딩스,KOSPI,KOSPI,KR7000700005,(주)유수홀딩스,1101110003262,20260506,Y,
000720,현대건설,KOSPI,KOSPI,KR7000720003,현대건설(주),1101110007909,20260506,Y,
000760,이화산업,KOSPI,KOSPI,KR7000760009,이화산업(주),1101110018138,20260506,Y,
000810,삼성화재,KOSPI,KOSPI,KR7000810002,삼성화재해상보험(주),1101110005078,20260506,Y,
000850,화천기공,KOSPI,KOSPI,KR7000850008,화천기공(주),2001110001704,20260506,Y,
000860,강남제비스코,KOSPI,KOSPI,KR7000860007,강남제비스코(주),1801110003391,20260506,Y,
000880,한화,KOSPI,KOSPI,KR7000880005,(주)한화,1101110002959,20260506,Y,
000890,보해양조,KOSPI,KOSPI,KR7000890004,보해양조(주),2011110000036,20260506,Y,
000910,유니온,KOSPI,KOSPI,KR7000910000,(주)유니온,1101110200579,20260506,Y,
000950,전방,KOSPI,KOSPI,KR7000950006,(주)전방,1101110005664,20260506,Y,
000970,한국주철관,KOSPI,KOSPI,KR7000970004,한국주철관공업(주),1801110000587,20260506,Y,
000990,DB하이텍,KOSPI,KOSPI,KR7000990002,주식회사 DB하이텍,1101110026206,20260506,Y,
001020,페이퍼코리아,KOSPI,KOSPI,KR7001020007,페이퍼코리아(주),2111110000042,20260506,Y,
001040,CJ,KOSPI,KOSPI,KR7001040005,CJ(주),1101110015639,20260506,Y,
001060,JW중외제약,KOSPI,KOSPI,KR7001060003,JW중외제약(주),1101110019342,20260506,Y,
001070,대한방직,KOSPI,KOSPI,KR7001070002,대한방직(주),1101110019350,20260506,Y,
001080,만호제강,KOSPI,KOSPI,KR7001080001,만호제강(주),1801110054659,20260506,Y,
001120,LX인터내셔널,KOSPI,KOSPI,KR7001120005,(주)LX인터내셔널,1101110004632,20260506,Y,
001130,대한제분,KOSPI,KOSPI,KR7001130004,대한제분(주),1101110003733,20260506,Y,
001200,유진투자증권,KOSPI,KOSPI,KR7001200005,유진투자증권(주),1101110007826,20260506,Y,
001210,금호전기,KOSPI,KOSPI,KR7001210004,금호전기(주),1101110028541,20260506,Y,
001230,동국홀딩스,KOSPI,KOSPI,KR7001230002,동국홀딩스(주),1101110031338,20260506,Y,
001250,GS글로벌,KOSPI,KOSPI,KR7001250000,(주)지에스글로벌,1101110031479,20260506,Y,
001260,남광토건,KOSPI,KOSPI,KR7001260009,남광토건(주),1101110017411,20260506,Y,
001270,부국증권,KOSPI,KOSPI,KR7001270008,부국증권(주),1101110031510,20260506,Y,
001290,상상인증권,KOSPI,KOSPI,KR7001290006,(주)상상인증권,1101110031560,20260506,Y,
001340,PKC,KOSPI,KOSPI,KR7001340009,피케이씨(주),1101110003709,20260506,Y,
001360,삼성제약,KOSPI,KOSPI,KR7001360007,삼성제약(주),1101110032568,20260506,Y,
001380,SG글로벌,KOSPI,KOSPI,KR7001380005,(주)SG글로벌,1615110000037,20260506,Y,
001390,KG케미칼,KOSPI,KOSPI,KR7001390004,KG케미칼(주),1243110008999,20260506,Y,
001420,태원물산,KOSPI,KOSPI,KR7001420009,태원물산(주),1101110086771,20260506,Y,
001430,세아베스틸지주,KOSPI,KOSPI,KR7001430008,(주)세아베스틸지주,1101110035794,20260506,Y,
001440,대한전선,KOSPI,KOSPI,KR7001440007,대한전선(주),1101110035835,20260506,Y,
001450,현대해상,KOSPI,KOSPI,KR7001450006,현대해상화재보험(주),1101110035893,20260506,Y,
001460,BYC,KOSPI,KOSPI,KR7001460005,(주)BYC,1101110005995,20260506,Y,
001470,삼부토건,KOSPI,KOSPI,KR7001470004,삼부토건(주),1101110041634,20260506,Y,
001500,현대차증권,KOSPI,KOSPI,KR7001500008,현대차증권(주),1101110019962,20260506,Y,
001510,SK증권,KOSPI,KOSPI,KR7001510007,SK증권(주),1101110037112,20260506,Y,
001520,동양,KOSPI,KOSPI,KR7001520006,(주)동양,1101110005333,20260506,Y,
001530,DI동일,KOSPI,KOSPI,KR7001530005,디아이동일(주),1101110019219,20260506,Y,
001550,조비,KOSPI,KOSPI,KR7001550003,(주)조비,1101110086599,20260506,Y,
001560,제일연마,KOSPI,KOSPI,KR7001560002,제일연마공업(주),1801110021806,20260506,Y,
001570,금양,KOSPI,KOSPI,KR7001570001,(주)금양,1801110003101,20260506,Y,
001620,케이비아이동국실업,KOSPI,KOSPI,KR7001620004,케이비아이동국실업(주),1101110028939,20260506,Y,
001630,종근당홀딩스,KOSPI,KOSPI,KR7001630003,(주)종근당홀딩스,1101110028955,20260506,Y,
001680,대상,KOSPI,KOSPI,KR7001680008,대상(주),1101110327125,20260506,Y,
001720,신영증권,KOSPI,KOSPI,KR7001720002,신영증권(주),1101110006612,20260506,Y,
001740,SK네트웍스,KOSPI,KOSPI,KR7001740000,SK네트웍스(주),1301110005199,20260506,Y,
001750,한양증권,KOSPI,KOSPI,KR7001750009,한양증권(주),1101110026834,20260506,Y,
001770,SHD,KOSPI,KOSPI,KR7001770007,(주)신화다이나믹스,1101110028632,20260506,Y,
001780,알루코,KOSPI,KOSPI,KR7001780006,(주)알루코,1601110002313,20260506,Y,
001790,대한제당,KOSPI,KOSPI,KR7001790005,대한제당(주),1201110018368,20260506,Y,
001800,오리온홀딩스,KOSPI,KOSPI,KR7001800002,(주)오리온홀딩스,1101110004690,20260506,Y,
001820,삼화콘덴서,KOSPI,KOSPI,KR7001820000,삼화콘덴서공업(주),1345110003696,20260506,Y,
001940,KISCO홀딩스,KOSPI,KOSPI,KR7001940006,KISCO홀딩스(주),1901110001872,20260506,Y,
002020,코오롱,KOSPI,KOSPI,KR7002020006,(주)코오롱,1101110030528,20260506,Y,
002030,아세아,KOSPI,KOSPI,KR7002030005,아세아(주),1101110030710,20260506,Y,
002070,비비안,KOSPI,KOSPI,KR7002070001,(주)비비안,1101110030934,20260506,Y,
002100,경농,KOSPI,KOSPI,KR7002100006,(주)경농,1101110089395,20260506,Y,
002140,고려산업,KOSPI,KOSPI,KR7002140002,고려산업(주),1801110001494,20260506,Y,
002150,도화엔지니어링,KOSPI,KOSPI,KR7002150001,(주)도화엔지니어링,1101110037740,20260506,Y,
002170,SYTS,KOSPI,KOSPI,KR7002170009,에스와이티에스(주),1101110033433,20260506,Y,
002200,한국수출포장,KOSPI,KOSPI,KR7002200004,한국수출포장공업(주),1101110008882,20260506,Y,
002210,동성제약,KOSPI,KOSPI,KR7002210003,동성제약(주),1101110008200,20260506,Y,
002220,한일철강,KOSPI,KOSPI,KR7002220002,한일철강(주),1101110048987,20260506,Y,
002240,고려제강,KOSPI,KOSPI,KR7002240000,고려제강(주),1801110001220,20260506,Y,
002310,아세아제지,KOSPI,KOSPI,KR7002310001,아세아제지(주),1101110006274,20260506,Y,
002320,한진,KOSPI,KOSPI,KR7002320000,(주)한진,1101110003668,20260506,Y,
002350,넥센타이어,KOSPI,KOSPI,KR7002350007,넥센타이어(주),1101110014219,20260506,Y,
002360,SH에너지화학,KOSPI,KOSPI,KR7002360006,(주)SH에너지화학,1341110000210,20260506,Y,
002380,KCC,KOSPI,KOSPI,KR7002380004,(주)케이씨씨,1101110221814,20260506,Y,
002390,한독,KOSPI,KOSPI,KR7002390003,(주)한독,1101110037005,20260506,Y,
002410,범양건영,KOSPI,KOSPI,KR7002410009,범양건영(주),1101110015861,20260506,Y,
002420,세기상사,KOSPI,KOSPI,KR7002420008,세기상사(주),1101110015853,20260506,Y,
002450,삼익악기,KOSPI,KOSPI,KR7002450005,(주)삼익악기,1201110001818,20260506,Y,
002460,HS화성,KOSPI,KOSPI,KR7002460004,에이치에스화성(주),1701110001131,20260506,Y,
002600,조흥,KOSPI,KOSPI,KR7002600005,(주)조흥,1101110019334,20260506,Y,
002620,제일파마홀딩스,KOSPI,KOSPI,KR7002620003,제일파마홀딩스(주),1101110026652,20260506,Y,
002630,오리엔트바이오,KOSPI,KOSPI,KR7002630002,(주)오리엔트바이오,1101110030116,20260506,Y,
002690,동일제강,KOSPI,KOSPI,KR7002690006,동일제강(주),1101110032005,20260506,Y,
002700,신일전자,KOSPI,KOSPI,KR7002700003,신일전자(주),1348110001256,20260506,Y,
002710,TCC스틸,KOSPI,KOSPI,KR7002710002,(주)TCC스틸,1101110032112,20260506,Y,
002720,국제약품,KOSPI,KOSPI,KR7002720001,국제약품(주),1101110032154,20260506,Y,
002760,보락,KOSPI,KOSPI,KR7002760007,(주)보락,1348110004474,20260506,Y,
002780,진흥기업,KOSPI,KOSPI,KR7002780005,진흥기업(주),1101110006349,20260506,Y,
002790,아모레퍼시픽홀딩스,KOSPI,KOSPI,KR7002790004,(주)아모레퍼시픽홀딩스,1101110026644,20260506,Y,
002810,삼영무역,KOSPI,KOSPI,KR7002810000,삼영무역(주),1101110027569,20260506,Y,
002820,SUN&L,KOSPI,KOSPI,KR7002820009,(주)선앤엘,1101110027593,20260506,Y,
002840,미원상사,KOSPI,KOSPI,KR7002840007,미원상사(주),1301110007707,20260506,Y,
002870,신풍,KOSPI,KOSPI,KR7002870004,(주)신풍,1347110002644,20260506,Y,
002880,디와이에이,KOSPI,KOSPI,KR7002880003,(주)디와이에이,1115110000136,20260506,Y,
002900,TYM,KOSPI,KOSPI,KR7002900009,주식회사 티와이엠,1101110032899,20260506,Y,
002920,유성기업,KOSPI,KOSPI,KR7002920007,유성기업(주),1243110000755,20260506,Y,
002960,한국쉘석유,KOSPI,KOSPI,KR7002960003,한국쉘석유(주),1801110002591,20260506,Y,
002990,금호건설,KOSPI,KOSPI,KR7002990000,금호건설(주),1101110134877,20260506,Y,
003000,부광약품,KOSPI,KOSPI,KR7003000007,부광약품(주),1101110030405,20260506,Y,
003010,혜인,KOSPI,KOSPI,KR7003010006,(주)혜인,1101110030413,20260506,Y,
003030,세아제강지주,KOSPI,KOSPI,KR7003030004,(주)세아제강지주,1101110118996,20260506,Y,
003060,에이프로젠바이오로직스,KOSPI,KOSPI,KR7003060001,(주)에이프로젠바이오로직스,1101110036396,20260506,Y,
003070,코오롱글로벌,KOSPI,KOSPI,KR7003070000,코오롱글로벌(주),1101110036502,20260506,Y,
003080,SB성보,KOSPI,KOSPI,KR7003080009,에스비성보(주),1147110000402,20260506,Y,
003090,대웅,KOSPI,KOSPI,KR7003090008,(주)대웅,1311110000271,20260506,Y,
003120,일성아이에스,KOSPI,KOSPI,KR7003120003,일성아이에스(주),1101110039019,20260506,Y,
003160,디아이,KOSPI,KOSPI,KR7003160009,(주)디아이,1101110039209,20260506,Y,
003200,일신방직,KOSPI,KOSPI,KR7003200003,일신방직(주),1101110041717,20260506,Y,
003220,대원제약,KOSPI,KOSPI,KR7003220001,대원제약(주),1101110103955,20260506,Y,
003230,삼양식품,KOSPI,KOSPI,KR7003230000,삼양식품(주),1101110034308,20260506,Y,
003240,태광산업,KOSPI,KOSPI,KR7003240009,태광산업(주),1101110185276,20260506,Y,
003280,흥아해운,KOSPI,KOSPI,KR7003280005,흥아해운(주),1101110515275,20260506,Y,
003300,한일홀딩스,KOSPI,KOSPI,KR7003300001,한일홀딩스(주),1101110040165,20260506,Y,
003350,한국화장품제조,KOSPI,KOSPI,KR7003350006,(주)한국화장품제조,1101110037427,20260506,Y,
003460,유화증권,KOSPI,KOSPI,KR7003460003,유화증권(주),1101110042484,20260506,Y,
003470,유안타증권,KOSPI,KOSPI,KR7003470002,유안타증권(주),1101110042492,20260506,Y,
003480,한진중공업홀딩스,KOSPI,KOSPI,KR7003480001,(주)한진중공업홀딩스,1101110110083,20260506,Y,
003490,대한항공,KOSPI,KOSPI,KR7003490000,(주)대한항공,1101110108484,20260506,Y,
003520,영진약품,KOSPI,KOSPI,KR7003520004,영진약품(주),1101110043127,20260506,Y,
003530,한화투자증권,KOSPI,KOSPI,KR7003530003,한화투자증권(주),1101110003155,20260506,Y,
003540,대신증권,KOSPI,KOSPI,KR7003540002,대신증권(주),1101110042955,20260506,Y,
003550,LG,KOSPI,KOSPI,KR7003550001,(주)LG,1101110003543,20260506,Y,
003570,SNT다이내믹스,KOSPI,KOSPI,KR7003570009,SNT다이내믹스(주),1101110042880,20260506,Y,
003580,HLB글로벌,KOSPI,KOSPI,KR7003580008,에이치엘비글로벌(주),1449110000072,20260506,Y,
003610,방림,KOSPI,KOSPI,KR7003610003,(주)방림,1101110035108,20260506,Y,
003620,KG모빌리티,KOSPI,KOSPI,KR7003620002,케이지모빌리티(주),1101110035132,20260506,Y,
003650,미창석유,KOSPI,KOSPI,KR7003650009,미창석유공업(주),1801110000537,20260506,Y,
003670,포스코퓨처엠,KOSPI,KOSPI,KR7003670007,(주)포스코퓨처엠,1746110001947,20260506,Y,
003680,한성기업,KOSPI,KOSPI,KR7003680006,한성기업(주),1801110000230,20260506,Y,
003690,코리안리,KOSPI,KOSPI,KR7003690005,코리안리재보험(주),1101110226533,20260506,Y,
003720,삼영,KOSPI,KOSPI,KR7003720000,(주)삼영,1101110010001,20260506,Y,
003780,진양산업,KOSPI,KOSPI,KR7003780004,진양산업(주),1801110043610,20260506,Y,
003830,대한화섬,KOSPI,KOSPI,KR7003830007,대한화섬(주),1101110012437,20260506,Y,
003850,보령,KOSPI,KOSPI,KR7003850005,(주)보령,1101110012560,20260506,Y,
003920,남양유업,KOSPI,KOSPI,KR7003920006,남양유업(주),1101110092976,20260506,Y,
003960,사조대림,KOSPI,KOSPI,KR7003960002,(주)사조대림,1101110042278,20260506,Y,
004000,롯데정밀화학,KOSPI,KOSPI,KR7004000006,롯데정밀화학(주),1812110000013,20260506,Y,
004020,현대제철,KOSPI,KOSPI,KR7004020004,현대제철(주),1201110001743,20260506,Y,
004060,SG세계물산,KOSPI,KOSPI,KR7004060000,(주)SG세계물산,1101110048002,20260506,Y,
004080,신흥,KOSPI,KOSPI,KR7004080008,(주)신흥,1101110047864,20260506,Y,
004090,한국석유,KOSPI,KOSPI,KR7004090007,한국석유공업(주),1101110048490,20260506,Y,
004100,태양금속,KOSPI,KOSPI,KR7004100004,태양금속공업(주),1101110003212,20260506,Y,
004140,동방,KOSPI,KOSPI,KR7004140000,(주)동방,1101110124521,20260506,Y,
004150,한솔홀딩스,KOSPI,KOSPI,KR7004150009,한솔홀딩스(주),1101110017867,20260506,Y,
004170,신세계,KOSPI,KOSPI,KR7004170007,(주)신세계,1101110028848,20260506,Y,
004250,NPC,KOSPI,KOSPI,KR7004250007,엔피씨(주),1101110212699,20260506,Y,
004270,남성,KOSPI,KOSPI,KR7004270005,(주)남성,1101110054760,20260506,Y,
004310,현대약품,KOSPI,KOSPI,KR7004310009,현대약품(주),1243110000250,20260506,Y,
004360,세방,KOSPI,KOSPI,KR7004360004,세방(주),1801110015932,20260506,Y,
004370,농심,KOSPI,KOSPI,KR7004370003,(주)농심,1101110057574,20260506,Y,
004380,삼익THK,KOSPI,KOSPI,KR7004380002,삼익THK(주),1701110000935,20260506,Y,
004410,서울식품,KOSPI,KOSPI,KR7004410007,서울식품공업(주),1101110059702,20260506,Y,
004430,송원산업,KOSPI,KOSPI,KR7004430005,송원산업(주),1801110000636,20260506,Y,
004440,삼일씨엔에스,KOSPI,KOSPI,KR7004440004,(주)삼일씨엔에스,1101110061228,20260506,Y,
004450,삼화왕관,KOSPI,KOSPI,KR7004450003,삼화왕관(주),1341110003462,20260506,Y,
004490,세방전지,KOSPI,KOSPI,KR7004490009,세방전지(주),1101110202765,20260506,Y,
004540,깨끗한나라,KOSPI,KOSPI,KR7004540001,깨끗한나라(주),1101110063779,20260506,Y,
004560,현대비앤지스틸,KOSPI,KOSPI,KR7004560009,현대비앤지스틸(주),1101110065395,20260506,Y,
004690,삼천리,KOSPI,KOSPI,KR7004690004,삼천리(주),1101110005929,20260506,Y,
004700,조광피혁,KOSPI,KOSPI,KR7004700001,조광피혁(주),1501110001036,20260506,Y,
004710,한솔테크닉스,KOSPI,KOSPI,KR7004710000,한솔테크닉스(주),1101110004682,20260506,Y,
004720,팜젠사이언스,KOSPI,KOSPI,KR7004720009,(주)팜젠사이언스,1243110000812,20260506,Y,
004770,써니전자,KOSPI,KOSPI,KR7004770004,써니전자(주),1101110070881,20260506,Y,
004800,효성,KOSPI,KOSPI,KR7004800009,(주)효성,1101110030497,20260506,Y,
004830,덕성,KOSPI,KOSPI,KR7004830006,(주)덕성,1341110000096,20260506,Y,
004840,DRB동일,KOSPI,KOSPI,KR7004840005,(주)디알비동일,1801110000339,20260506,Y,
004870,티웨이홀딩스,KOSPI,KOSPI,KR7004870002,(주)티웨이홀딩스,1101110073413,20260506,Y,
004890,동일산업,KOSPI,KOSPI,KR7004890000,동일산업(주),1701110002171,20260506,Y,
004910,조광페인트,KOSPI,KOSPI,KR7004910006,조광페인트(주),1801110007088,20260506,Y,
004920,씨아이테크,KOSPI,KOSPI,KR7004920005,(주)씨아이테크,1101110074479,20260506,Y,
004960,한신공영,KOSPI,KOSPI,KR7004960001,한신공영(주),1101110075683,20260506,Y,
004970,신라교역,KOSPI,KOSPI,KR7004970000,신라교역(주),1101110008254,20260506,Y,
004980,성신양회,KOSPI,KOSPI,KR7004980009,성신양회(주),1101110072928,20260506,Y,
004990,롯데지주,KOSPI,KOSPI,KR7004990008,롯데지주(주),1101110076300,20260506,Y,
005010,휴스틸,KOSPI,KOSPI,KR7005010004,(주)휴스틸,1101110077283,20260506,Y,
005030,부산주공,KOSPI,KOSPI,KR7005030002,부산주공(주),1801110002682,20260506,Y,
005070,코스모신소재,KOSPI,KOSPI,KR7005070008,코스모신소재(주),1201110018251,20260506,Y,
005090,SGC에너지,KOSPI,KOSPI,KR7005090006,SGC에너지(주),1101110079817,20260506,Y,
005110,한창,KOSPI,KOSPI,KR7005110002,(주)한창,1801110000602,20260506,Y,
005180,빙그레,KOSPI,KOSPI,KR7005180005,(주)빙그레,1152110000287,20260506,Y,
005250,녹십자홀딩스,KOSPI,KOSPI,KR7005250006,(주)녹십자홀딩스,1345110000014,20260506,Y,
005300,롯데칠성,KOSPI,KOSPI,KR7005300009,롯데칠성음료(주),1101110003684,20260506,Y,
005320,온타이드,KOSPI,KOSPI,KR7005320007,(주)온타이드,1101110084767,20260506,Y,
005360,모나미,KOSPI,KOSPI,KR7005360003,(주)모나미,1101110005052,20260506,Y,
005380,현대차,KOSPI,KOSPI,KR7005380001,현대자동차(주),1101110085450,20260506,Y,
005420,코스모화학,KOSPI,KOSPI,KR7005420005,코스모화학(주),1101110152738,20260506,Y,
005430,한국공항,KOSPI,KOSPI,KR7005430004,한국공항(주),1101110003692,20260506,Y,
005440,현대지에프홀딩스,KOSPI,KOSPI,KR7005440003,(주)현대지에프홀딩스,1101110095201,20260506,Y,
005490,POSCO홀딩스,KOSPI,KOSPI,KR7005490008,포스코홀딩스(주),1746110000741,20260506,Y,
005500,삼진제약,KOSPI,KOSPI,KR7005500004,삼진제약(주),1101110088652,20260506,Y,
005610,삼립,KOSPI,KOSPI,KR7005610001,(주)삼립,1101110090516,20260506,Y,
005680,삼영전자,KOSPI,KOSPI,KR7005680004,삼영전자공업(주),1311110000205,20260506,Y,
005690,파미셀,KOSPI,KOSPI,KR7005690003,파미셀(주),1601110005177,20260506,Y,
005720,넥센,KOSPI,KOSPI,KR7005720008,(주)넥센,1846110000583,20260506,Y,
005740,크라운해태홀딩스,KOSPI,KOSPI,KR7005740006,(주)크라운해태홀딩스,1101110093552,20260506,Y,
005750,대림바스,KOSPI,KOSPI,KR7005750005,대림바스 주식회사,1942110000018,20260506,Y,
005800,신영와코루,KOSPI,KOSPI,KR7005800008,(주)신영와코루,1101110094964,20260506,Y,
005810,풍산홀딩스,KOSPI,KOSPI,KR7005810007,(주)풍산홀딩스,1201110018110,20260506,Y,
005820,원림,KOSPI,KOSPI,KR7005820006,(주)원림,1101110095152,20260506,Y,
005830,DB손해보험,KOSPI,KOSPI,KR7005830005,DB손해보험(주),1101110095285,20260506,Y,
005850,에스엘,KOSPI,KOSPI,KR7005850003,에스엘(주),1701110000034,20260506,Y,
005870,휴니드,KOSPI,KOSPI,KR7005870001,(주)휴니드테크놀러지스,1341110005202,20260506,Y,
005880,대한해운,KOSPI,KOSPI,KR7005880000,대한해운(주),1101110008212,20260506,Y,
005930,삼성전자,KOSPI,KOSPI,KR7005930003,삼성전자(주),1301110006246,20260506,Y,
005940,NH투자증권,KOSPI,KOSPI,KR7005940002,엔에이치투자증권(주),1101110098130,20260506,Y,
005950,이수화학,KOSPI,KOSPI,KR7005950001,(주)이수화학,1101110008600,20260506,Y,
005960,동부건설,KOSPI,KOSPI,KR7005960000,동부건설(주),1101110005002,20260506,Y,
006040,동원산업,KOSPI,KOSPI,KR7006040000,동원산업(주),1101110003098,20260506,Y,
006060,화승인더,KOSPI,KOSPI,KR7006060008,화승인더스트리(주),1801110004323,20260506,Y,
006090,사조오양,KOSPI,KOSPI,KR7006090005,(주)사조오양,1101110104820,20260506,Y,
006110,삼아알미늄,KOSPI,KOSPI,KR7006110001,삼아알미늄(주),1341110002365,20260506,Y,
006120,SK디스커버리,KOSPI,KOSPI,KR7006120000,에스케이디스커버리(주),1301110005727,20260506,Y,
006200,한국전자홀딩스,KOSPI,KOSPI,KR7006200000,(주)한국전자홀딩스,1101110101470,20260506,Y,
006220,제주은행,KOSPI,KOSPI,KR7006220008,(주)제주은행,2201110000819,20260506,Y,
006260,LS,KOSPI,KOSPI,KR7006260004,(주)LS,1101110003965,20260506,Y,
006280,녹십자,KOSPI,KOSPI,KR7006280002,(주)녹십자,1101110109854,20260506,Y,
006340,대원전선,KOSPI,KOSPI,KR7006340004,대원전선(주),1348110001181,20260506,Y,
006360,GS건설,KOSPI,KOSPI,KR7006360002,지에스건설(주),1101110002694,20260506,Y,
006370,대구백화점,KOSPI,KOSPI,KR7006370001,(주)대구백화점,1701110003814,20260506,Y,
006380,카프로,KOSPI,KOSPI,KR7006380000,(주)카프로,1101110111825,20260506,Y,
006400,삼성SDI,KOSPI,KOSPI,KR7006400006,삼성SDI(주),1101110394174,20260506,Y,
006490,인스코비,KOSPI,KOSPI,KR7006490007,(주)인스코비,1101110018592,20260506,Y,
006570,대림통상,KOSPI,KOSPI,KR7006570006,대림통상(주),1101110021678,20260506,Y,
006650,대한유화,KOSPI,KOSPI,KR7006650006,대한유화(주),1101110024698,20260506,Y,
006660,삼성공조,KOSPI,KOSPI,KR7006660005,삼성공조(주),1942110000034,20260506,Y,
006740,블루산업개발,KOSPI,KOSPI,KR7006740005,블루산업개발 주식회사,1347110000408,20260506,Y,
006800,미래에셋증권,KOSPI,KOSPI,KR7006800007,미래에셋증권(주),1101110011679,20260506,Y,
006840,AK홀딩스,KOSPI,KOSPI,KR7006840003,AK홀딩스(주),1101110029721,20260506,Y,
006880,신송홀딩스,KOSPI,KOSPI,KR7006880009,신송홀딩스(주),1101110038061,20260506,Y,
006890,태경케미컬,KOSPI,KOSPI,KR7006890008,태경케미컬 주식회사,1101110040793,20260506,Y,
006980,우성,KOSPI,KOSPI,KR7006980007,(주)우성,1601110001167,20260506,Y,
007070,GS리테일,KOSPI,KOSPI,KR7007070006,(주)지에스리테일,1101110090037,20260506,Y,
007110,일신석재,KOSPI,KOSPI,KR7007110000,(주)일신석재,1101110153273,20260506,Y,
007120,미래아이앤지,KOSPI,KOSPI,KR7007120009,(주)미래아이앤지,1101110100951,20260506,Y,
007160,사조산업,KOSPI,KOSPI,KR7007160005,사조산업(주),1101110112328,20260506,Y,
007210,벽산,KOSPI,KOSPI,KR7007210008,(주)벽산,1101110113384,20260506,Y,
007280,한국특강,KOSPI,KOSPI,KR7007280001,(주)한국특강,1801110015362,20260506,Y,
007310,오뚜기,KOSPI,KOSPI,KR7007310006,(주)오뚜기,1341110002258,20260506,Y,
007340,DN오토모티브,KOSPI,KOSPI,KR7007340003,(주)디엔오토모티브,1845110000642,20260506,Y,
007460,에이프로젠,KOSPI,KOSPI,KR7007460009,(주)에이프로젠,1101110122731,20260506,Y,
007540,샘표,KOSPI,KOSPI,KR7007540008,샘표(주),1101110123797,20260506,Y,
007570,일양약품,KOSPI,KOSPI,KR7007570005,일양약품(주),1101110124802,20260506,Y,
007590,동방아그로,KOSPI,KOSPI,KR7007590003,(주)동방아그로,1101110124969,20260506,Y,
007610,선도전기,KOSPI,KOSPI,KR7007610009,선도전기(주),1301110007989,20260506,Y,
007660,이수페타시스,KOSPI,KOSPI,KR7007660004,(주)이수페타시스,1101110186638,20260506,Y,
007690,국도화학,KOSPI,KOSPI,KR7007690001,국도화학(주),1101110126642,20260506,Y,
007700,F&F홀딩스,KOSPI,KOSPI,KR7007700008,주식회사 에프앤에프홀딩스,1101110126783,20260506,Y,
007810,코리아써키트,KOSPI,KOSPI,KR7007810005,(주)코리아써키트,1301110026749,20260506,Y,
007860,서연,KOSPI,KOSPI,KR7007860000,(주)서연,1101110129026,20260506,Y,
007980,TP,KOSPI,KOSPI,KR7007980006,티피(주),1301110010031,20260506,Y,
008040,사조동아원,KOSPI,KOSPI,KR7008040008,사조동아원(주),1244110000662,20260506,Y,
008060,대덕,KOSPI,KOSPI,KR7008060006,(주)대덕,1301110007608,20260506,Y,
008250,이건산업,KOSPI,KOSPI,KR7008250003,이건산업(주),1201110001959,20260506,Y,
008260,NI스틸,KOSPI,KOSPI,KR7008260002,(주)NI스틸,1101110137491,20260506,Y,
008350,남선알미늄,KOSPI,KOSPI,KR7008350001,(주)남선알미늄,1701110005042,20260506,Y,
008420,문배철강,KOSPI,KOSPI,KR7008420002,문배철강(주),1101110139190,20260506,Y,
008490,서흥,KOSPI,KOSPI,KR7008490005,(주)서흥,1243110004252,20260506,Y,
008500,일정실업,KOSPI,KOSPI,KR7008500001,일정실업(주),1101110141369,20260506,Y,
008600,윌비스,KOSPI,KOSPI,KR7008600009,(주)윌비스,1101110172447,20260506,Y,
008700,아남전자,KOSPI,KOSPI,KR7008700007,아남전자(주),1201110018300,20260506,Y,
008730,율촌화학,KOSPI,KOSPI,KR7008730004,율촌화학(주),1101110145147,20260506,Y,
008770,호텔신라,KOSPI,KOSPI,KR7008770000,(주)호텔신라,1101110145519,20260506,Y,
008870,금비,KOSPI,KOSPI,KR7008870008,(주)금비,1201110002022,20260506,Y,
008930,한미사이언스,KOSPI,KOSPI,KR7008930000,한미사이언스(주),1348110003187,20260506,Y,
008970,KBI동양철관,KOSPI,KOSPI,KR7008970006,케이비아이동양철관(주),1201110002056,20260506,Y,
009070,KCTC,KOSPI,KOSPI,KR7009070004,(주)케이씨티시,1101110149446,20260506,Y,
009140,경인전자,KOSPI,KOSPI,KR7009140005,경인전자(주),1101110150229,20260506,Y,
009150,삼성전기,KOSPI,KOSPI,KR7009150004,삼성전기(주),1301110001626,20260506,Y,
009160,SIMPAC,KOSPI,KOSPI,KR7009160003,(주)SIMPAC,1201110002189,20260506,Y,
009180,한솔로지스틱스,KOSPI,KOSPI,KR7009180001,한솔로지스틱스(주),1101110150659,20260506,Y,
009190,대양금속,KOSPI,KOSPI,KR7009190000,(주)대양금속,1201110002212,20260506,Y,
009200,무림페이퍼,KOSPI,KOSPI,KR7009200007,무림페이퍼(주),1911110000782,20260506,Y,
009240,한샘,KOSPI,KOSPI,KR7009240003,(주)한샘,1341110003595,20260506,Y,
009270,신원,KOSPI,KOSPI,KR7009270000,(주)신원,1101110152770,20260506,Y,
009290,광동제약,KOSPI,KOSPI,KR7009290008,광동제약(주),1101110152134,20260506,Y,
009310,참엔지니어링,KOSPI,KOSPI,KR7009310004,참엔지니어링(주),1746110001096,20260506,Y,
009320,아진전자부품,KOSPI,KOSPI,KR7009320003,아진전자부품(주),1341110000822,20260506,Y,
009410,태영건설,KOSPI,KOSPI,KR7009410002,(주)태영건설,1101110155451,20260506,Y,
009420,한올바이오파마,KOSPI,KOSPI,KR7009420001,한올바이오파마(주),1641110000397,20260506,Y,
009440,KC그린홀딩스,KOSPI,KOSPI,KR7009440009,케이씨그린홀딩스(주),1101110155683,20260506,Y,
009450,경동나비엔,KOSPI,KOSPI,KR7009450008,(주)경동나비엔,1347110001159,20260506,Y,
009460,한창제지,KOSPI,KOSPI,KR7009460007,(주)한창제지,1845110000105,20260506,Y,
009470,삼화전기,KOSPI,KOSPI,KR7009470006,삼화전기(주),1501110000856,20260506,Y,
009540,HD한국조선해양,KOSPI,KOSPI,KR7009540006,에이치디한국조선해양(주),1812110000386,20260506,Y,
009580,무림P&P,KOSPI,KOSPI,KR7009580002,무림피앤피(주),1812110002548,20260506,Y,
009680,모토닉,KOSPI,KOSPI,KR7009680000,(주)모토닉,1101110161317,20260506,Y,
009770,삼정펄프,KOSPI,KOSPI,KR7009770009,삼정펄프(주),1347110000333,20260506,Y,
009810,플레이그램,KOSPI,KOSPI,KR7009810003,(주)플레이그램,1101110286412,20260506,Y,
009830,한화솔루션,KOSPI,KOSPI,KR7009830001,한화솔루션(주),1101110360935,20260506,Y,
009900,명신산업,KOSPI,KOSPI,KR7009900002,명신산업(주),1712110000958,20260506,Y,
009970,영원무역홀딩스,KOSPI,KOSPI,KR7009970005,(주)영원무역홀딩스,1101110165830,20260506,Y,
010040,한국내화,KOSPI,KOSPI,KR7010040004,한국내화(주),1846110000319,20260506,Y,
010060,OCI홀딩스,KOSPI,KOSPI,KR7010060002,오씨아이홀딩스 주식회사,1746110000981,20260506,Y,
010100,한국무브넥스,KOSPI,KOSPI,KR7010100006,한국무브넥스(주),1812110000443,20260506,Y,
010120,LS ELECTRIC,KOSPI,KOSPI,KR7010120004,엘에스일렉트릭 주식회사,1101110520076,20260506,Y,
010130,고려아연,KOSPI,KOSPI,KR7010130003,고려아연(주),1101110168404,20260506,Y,
010140,삼성중공업,KOSPI,KOSPI,KR7010140002,삼성중공업(주),1101110168595,20260506,Y,
010400,우진아이엔에스,KOSPI,KOSPI,KR7010400000,(주)우진아이엔에스,1101110175467,20260506,Y,
010580,에스엠벡셀,KOSPI,KOSPI,KR7010580009,(주)에스엠벡셀,1341110003058,20260506,Y,
010640,진양폴리,KOSPI,KOSPI,KR7010640001,진양폴리우레탄(주),1345110000387,20260506,Y,
010660,화천기계,KOSPI,KOSPI,KR7010660009,화천기계(주),1101110342181,20260506,Y,
010690,화신,KOSPI,KOSPI,KR7010690006,(주)화신,1701110014936,20260506,Y,
010770,평화홀딩스,KOSPI,KOSPI,KR7010770006,평화홀딩스(주),1701110006412,20260506,Y,
010780,아이에스동서,KOSPI,KOSPI,KR7010780005,아이에스동서(주),1101110208383,20260506,Y,
010820,퍼스텍,KOSPI,KOSPI,KR7010820009,퍼스텍(주),1942110000133,20260506,Y,
010950,S-Oil,KOSPI,KOSPI,KR7010950004,S-Oil(주),1101110189955,20260506,Y,
010960,삼호개발,KOSPI,KOSPI,KR7010960003,삼호개발(주),1101110190340,20260506,Y,
011000,진원생명과학,KOSPI,KOSPI,KR7011000007,진원생명과학(주),1101110191562,20260506,Y,
011070,LG이노텍,KOSPI,KOSPI,KR7011070000,엘지이노텍(주),1101110192180,20260506,Y,
011090,에넥스,KOSPI,KOSPI,KR7011090008,(주)에넥스,1101110192635,20260506,Y,
011150,CJ씨푸드,KOSPI,KOSPI,KR7011150000,CJ씨푸드(주),1101110215578,20260506,Y,
011170,롯데케미칼,KOSPI,KOSPI,KR7011170008,롯데케미칼(주),1101110193196,20260506,Y,
011200,HMM,KOSPI,KOSPI,KR7011200003,에이치엠엠(주),1101110193740,20260506,Y,
011210,현대위아,KOSPI,KOSPI,KR7011210002,현대위아(주),1942110000125,20260506,Y,
011230,삼화전자,KOSPI,KOSPI,KR7011230000,삼화전자공업(주),1348110000563,20260506,Y,
011280,태림포장,KOSPI,KOSPI,KR7011280005,태림포장(주),1301110010015,20260506,Y,
011300,우성머티리얼스,KOSPI,KOSPI,KR7011300001,(주)우성머티리얼스,1701110006868,20260506,Y,
011330,유니켐,KOSPI,KOSPI,KR7011330008,(주)유니켐,1301110011807,20260506,Y,
011390,부산산업,KOSPI,KOSPI,KR7011390002,부산산업(주),1101110522618,20260506,Y,
011420,갤럭시아에스엠,KOSPI,KOSPI,KR7011420007,(주)갤럭시아 에스엠,1301110008771,20260506,Y,
011500,한농화성,KOSPI,KOSPI,KR7011500006,(주)한농화성,2111110001090,20260506,Y,
011690,와이투솔루션,KOSPI,KOSPI,KR7011690005,(주)와이투솔루션,1101110204498,20260506,Y,
011700,한신기계,KOSPI,KOSPI,KR7011700002,한신기계공업(주),1301110010346,20260506,Y,
011760,현대코퍼레이션,KOSPI,KOSPI,KR7011760006,현대코퍼레이션(주),1101110205850,20260506,Y,
011780,금호석유화학,KOSPI,KOSPI,KR7011780004,금호석유화학(주),1101110205975,20260506,Y,
011790,SKC,KOSPI,KOSPI,KR7011790003,SKC(주),1301110001585,20260506,Y,
011810,STX,KOSPI,KOSPI,KR7011810009,(주)STX,1942110000183,20260506,Y,
011930,신성이엔지,KOSPI,KOSPI,KR7011930005,주식회사 신성이엔지,1301110008664,20260506,Y,
012030,DB,KOSPI,KOSPI,KR7012030003,(주) DB Inc.,1101110210859,20260506,Y,
012160,영흥,KOSPI,KOSPI,KR7012160008,(주)영흥,1942110000191,20260506,Y,
012170,아센디오,KOSPI,KOSPI,KR7012170007,주식회사 아센디오,1101110253908,20260506,Y,
012200,계양전기,KOSPI,KOSPI,KR7012200002,계양전기(주),1101110212889,20260506,Y,
012280,영화금속,KOSPI,KOSPI,KR7012280004,영화금속(주),1801110027078,20260506,Y,
012320,경동인베스트,KOSPI,KOSPI,KR7012320008,(주)경동인베스트,1812110000906,20260506,Y,
012330,현대모비스,KOSPI,KOSPI,KR7012330007,현대모비스(주),1101110215536,20260506,Y,
012450,한화에어로스페이스,KOSPI,KOSPI,KR7012450003,한화에어로스페이스(주),1942110000480,20260506,Y,
012510,더존비즈온,KOSPI,KOSPI,KR7012510004,(주)더존비즈온,1201110005266,20260506,Y,
012610,경인양행,KOSPI,KOSPI,KR7012610002,(주)경인양행,1201110005703,20260506,Y,
012630,HDC,KOSPI,KOSPI,KR7012630000,에이치디씨(주),1101110279433,20260506,Y,
012690,모나리자,KOSPI,KOSPI,KR7012690004,(주)모나리자,1101110220882,20260506,Y,
012750,에스원,KOSPI,KOSPI,KR7012750006,(주)에스원,1101110221939,20260506,Y,
012800,대창,KOSPI,KOSPI,KR7012800009,(주)대창,1301110007137,20260506,Y,
013000,세우글로벌,KOSPI,KOSPI,KR7013000005,(주)세우글로벌,1101110227177,20260506,Y,
013360,일성건설,KOSPI,KOSPI,KR7013360003,일성건설(주),1101110234776,20260506,Y,
013520,화승코퍼레이션,KOSPI,KOSPI,KR7013520002,(주)화승코퍼레이션,1845110001252,20260506,Y,
013570,디와이,KOSPI,KOSPI,KR7013570007,디와이(주),1942110000472,20260506,Y,
013580,계룡건설,KOSPI,KOSPI,KR7013580006,계룡건설산업(주),1601110003121,20260506,Y,
013700,까뮤이앤씨,KOSPI,KOSPI,KR7013700000,(주)까뮤이앤씨,1101110243793,20260506,Y,
013870,지엠비코리아,KOSPI,KOSPI,KR7013870001,지엠비코리아(주),1942110000399,20260506,Y,
013890,지누스,KOSPI,KOSPI,KR7013890009,(주)지누스,1347110002553,20260506,Y,
014130,한익스프레스,KOSPI,KOSPI,KR7014130009,(주)한익스프레스,1243110015051,20260506,Y,
014160,대영포장,KOSPI,KOSPI,KR7014160006,대영포장(주),1101110254104,20260506,Y,
014280,금강공업,KOSPI,KOSPI,KR7014280002,금강공업(주),1801110034320,20260506,Y,
014440,영보화학,KOSPI,KOSPI,KR7014440002,영보화학(주),1601110012742,20260506,Y,
014530,극동유화,KOSPI,KOSPI,KR7014530000,극동유화(주),1845110001335,20260506,Y,
014580,태경비케이,KOSPI,KOSPI,KR7014580005,(주)태경비케이,1101110301111,20260506,Y,
014680,한솔케미칼,KOSPI,KOSPI,KR7014680003,(주)한솔케미칼,1101110270895,20260506,Y,
014710,사조씨푸드,KOSPI,KOSPI,KR7014710008,사조씨푸드(주),1101110271596,20260506,Y,
014790,HL D&I,KOSPI,KOSPI,KR7014790000,에이치엘디앤아이한라(주),1101110274699,20260506,Y,
014820,동원시스템즈,KOSPI,KOSPI,KR7014820005,동원시스템즈(주),1341110011712,20260506,Y,
014830,유니드,KOSPI,KOSPI,KR7014830004,(주)유니드,1101110275069,20260506,Y,
014910,성문전자,KOSPI,KOSPI,KR7014910004,성문전자(주),1311110005114,20260506,Y,
014990,인디에프,KOSPI,KOSPI,KR7014990006,(주)인디에프,1101110279996,20260506,Y,
015020,이스타코,KOSPI,KOSPI,KR7015020001,(주)이스타코,1243110006042,20260506,Y,
015230,대창단조,KOSPI,KOSPI,KR7015230006,대창단조(주),1801110039396,20260506,Y,
015260,에이엔피,KOSPI,KOSPI,KR7015260003,(주)에이엔피,1243110006456,20260506,Y,
015360,INVENI,KOSPI,KOSPI,KR7015360001,(주)INVENI,1101110290778,20260506,Y,
015590,DKME,KOSPI,KOSPI,KR7015590003,디케이엠이(주),1812110002275,20260506,Y,
015760,한국전력,KOSPI,KOSPI,KR7015760002,한국전력공사(주),1146710001456,20260506,Y,
015860,일진홀딩스,KOSPI,KOSPI,KR7015860000,일진홀딩스(주),1201110011990,20260506,Y,
015890,태경산업,KOSPI,KOSPI,KR7015890007,태경산업(주),1348110002080,20260506,Y,
016090,대현,KOSPI,KOSPI,KR7016090003,(주)대현,1101110319320,20260506,Y,
016360,삼성증권,KOSPI,KOSPI,KR7016360000,삼성증권(주),1101110335649,20260506,Y,
016380,KG스틸,KOSPI,KOSPI,KR7016380008,KG스틸(주),1101110393308,20260506,Y,
016450,한세예스24홀딩스,KOSPI,KOSPI,KR7016450009,한세예스24홀딩스(주),1201110019382,20260506,Y,
016580,환인제약,KOSPI,KOSPI,KR7016580003,환인제약(주),1101110339542,20260506,Y,
016590,신대양제지,KOSPI,KOSPI,KR7016590002,신대양제지(주),1301110008789,20260506,Y,
016610,DB증권,KOSPI,KOSPI,KR7016610008,DB증권(주),1101110339956,20260506,Y,
016710,대성홀딩스,KOSPI,KOSPI,KR7016710006,대성홀딩스(주),1701110017237,20260506,Y,
016740,두올,KOSPI,KOSPI,KR7016740003,(주)두올,1101110343957,20260506,Y,
016800,퍼시스,KOSPI,KOSPI,KR7016800005,(주)퍼시스,1101110345630,20260506,Y,
016880,웅진,KOSPI,KOSPI,KR7016880007,(주)웅진,1101110346745,20260506,Y,
017040,광명전기,KOSPI,KOSPI,KR7017040007,(주)광명전기,1301110006270,20260506,Y,
017180,명문제약,KOSPI,KOSPI,KR7017180001,명문제약(주),1341110013180,20260506,Y,
017370,우신시스템,KOSPI,KOSPI,KR7017370008,(주)우신시스템,1101110366719,20260506,Y,
017390,서울가스,KOSPI,KOSPI,KR7017390006,서울도시가스(주),1101110360399,20260506,Y,
017550,수산세보틱스,KOSPI,KOSPI,KR7017550005,(주)수산세보틱스,1348110002981,20260506,Y,
017670,SK텔레콤,KOSPI,KOSPI,KR7017670001,SK텔레콤(주),1101110371346,20260506,Y,
017800,현대엘리베이터,KOSPI,KOSPI,KR7017800004,현대엘리베이터(주),1344110001519,20260506,Y,
017810,풀무원,KOSPI,KOSPI,KR7017810003,(주)풀무원,1101110375439,20260506,Y,
017860,DS단석,KOSPI,KOSPI,KR7017860008,주식회사 디에스단석,1341110010839,20260506,Y,
017900,광전자,KOSPI,KOSPI,KR7017900002,광전자(주),2149110002560,20260506,Y,
017940,E1,KOSPI,KOSPI,KR7017940008,(주)E1,1101110381387,20260506,Y,
017960,한국카본,KOSPI,KOSPI,KR7017960006,(주)한국카본,1801110054691,20260506,Y,
018250,애경산업,KOSPI,KOSPI,KR7018250001,애경산업(주),1101110398275,20260506,Y,
018260,삼성에스디에스,KOSPI,KOSPI,KR7018260000,삼성에스디에스(주),1101110398556,20260506,Y,
018470,조일알미늄,KOSPI,KOSPI,KR7018470005,조일알미늄(주),1701110021543,20260506,Y,
018500,동원금속,KOSPI,KOSPI,KR7018500009,동원금속(주),1701110021816,20260506,Y,
018670,SK가스,KOSPI,KOSPI,KR7018670000,SK가스(주),1101110413247,20260506,Y,
018880,한온시스템,KOSPI,KOSPI,KR7018880005,한온시스템(주),1347110002206,20260506,Y,
019170,신풍제약,KOSPI,KOSPI,KR7019170000,신풍제약(주),1301110011815,20260506,Y,
019180,티에이치엔,KOSPI,KOSPI,KR7019180009,(주)티에이치엔,1701110022781,20260506,Y,
019490,엑시큐어하이트론,KOSPI,KOSPI,KR7019490002,(주)엑시큐어하이트론,1243210017841,20260506,Y,
019680,대교,KOSPI,KOSPI,KR7019680008,(주)대교,1101110514029,20260506,Y,
020000,한섬,KOSPI,KOSPI,KR7020000006,(주)한섬,1101110531578,20260506,Y,
020120,키다리스튜디오,KOSPI,KOSPI,KR7020120002,(주)키다리스튜디오,1101110539382,20260506,Y,
020150,롯데에너지머티리얼즈,KOSPI,KOSPI,KR7020150009,롯데에너지머티리얼즈(주),2149110003625,20260506,Y,
020560,아시아나항공,KOSPI,KOSPI,KR7020560009,아시아나항공(주),1101110562804,20260506,Y,
020760,일진디스플,KOSPI,KOSPI,KR7020760005,일진디스플레이(주),1545110006076,20260506,Y,
021050,서원,KOSPI,KOSPI,KR7021050000,(주)서원,1350110029881,20260506,Y,
021240,코웨이,KOSPI,KOSPI,KR7021240007,코웨이(주),1101110626501,20260506,Y,
021820,세원정공,KOSPI,KOSPI,KR7021820006,(주)세원정공,1701110039207,20260506,Y,
022100,포스코DX,KOSPI,KOSPI,KR7022100002,(주)포스코디엑스,1101110658637,20260506,Y,
023000,삼원강재,KOSPI,KOSPI,KR7023000003,(주)삼원강재,1746110014924,20260506,Y,
023150,MH에탄올,KOSPI,KOSPI,KR7023150006,(주)MH에탄올,1901110003563,20260506,Y,
023350,한국종합기술,KOSPI,KOSPI,KR7023350002,(주)한국종합기술,1101110038326,20260506,Y,
023450,동남합성,KOSPI,KOSPI,KR7023450000,(주)동남합성,1101110057012,20260506,Y,
023530,롯데쇼핑,KOSPI,KOSPI,KR7023530009,롯데쇼핑(주),1101110000086,20260506,Y,
023590,다우기술,KOSPI,KOSPI,KR7023590003,(주)다우기술,1101110414758,20260506,Y,
023800,인지컨트롤스,KOSPI,KOSPI,KR7023800006,인지컨트롤스(주),1301110006296,20260506,Y,
023810,인팩,KOSPI,KOSPI,KR7023810005,(주)인팩,1301110008052,20260506,Y,
023960,에쓰씨엔지니어링,KOSPI,KOSPI,KR7023960008,에쓰씨엔지니어링(주),1101110271497,20260506,Y,
024070,WISCOM,KOSPI,KOSPI,KR7024070005,(주)WISCOM,1301110009274,20260506,Y,
024090,디씨엠,KOSPI,KOSPI,KR7024090003,디씨엠(주),1801110071794,20260506,Y,
024110,기업은행,KOSPI,KOSPI,KR7024110009,중소기업은행,1101350000903,20260506,Y,
024720,콜마홀딩스,KOSPI,KOSPI,KR7024720005,콜마홀딩스(주),1647110001591,20260506,Y,
024890,대원화성,KOSPI,KOSPI,KR7024890006,대원화성(주),1101110165393,20260506,Y,
024900,디와이덕양,KOSPI,KOSPI,KR7024900003,디와이덕양(주),1812110000922,20260506,Y,
025000,KPX케미칼,KOSPI,KOSPI,KR7025000001,KPX케미칼(주),1101110166903,20260506,Y,
025530,SJM홀딩스,KOSPI,KOSPI,KR7025530007,(주)에스제이엠홀딩스,1301110008862,20260506,Y,
025540,한국단자,KOSPI,KOSPI,KR7025540006,한국단자공업(주),1201110002957,20260506,Y,
025560,미래산업,KOSPI,KOSPI,KR7025560004,미래산업(주),1243110030413,20260506,Y,
025620,차AI헬스케어,KOSPI,KOSPI,KR7025620006,차AI헬스케어(주),1341110001672,20260506,Y,
025750,한솔홈데코,KOSPI,KOSPI,KR7025750001,(주)한솔홈데코,1101110825624,20260506,Y,
025820,이구산업,KOSPI,KOSPI,KR7025820002,이구산업(주),1301110009498,20260506,Y,
025860,남해화학,KOSPI,KOSPI,KR7025860008,남해화학(주),1101110164717,20260506,Y,
025890,한국주강,KOSPI,KOSPI,KR7025890005,한국주강(주),1943110000537,20260506,Y,
026890,스틱인베스트먼트,KOSPI,KOSPI,KR7026890004,스틱인베스트먼트(주),1243110008204,20260506,Y,
026940,부국철강,KOSPI,KOSPI,KR7026940007,부국철강(주),2001110001407,20260506,Y,
026960,동서,KOSPI,KOSPI,KR7026960005,(주)동서,1101110180888,20260506,Y,
027410,BGF,KOSPI,KOSPI,KR7027410000,(주)비지에프,1101111105215,20260506,Y,
027740,마니커,KOSPI,KOSPI,KR7027740000,(주)마니커,1345110004149,20260506,Y,
027970,한국제지,KOSPI,KOSPI,KR7027970003,한국제지(주),1741110000618,20260506,Y,
028050,삼성E&A,KOSPI,KOSPI,KR7028050003,삼성이앤에이(주),1101110240509,20260506,Y,
028100,동아지질,KOSPI,KOSPI,KR7028100006,(주)동아지질,1801110019843,20260506,Y,
028260,삼성물산,KOSPI,KOSPI,KR7028260008,삼성물산(주),1101110015762,20260506,Y,
028670,팬오션,KOSPI,KOSPI,KR7028670008,팬오션(주),1101110004286,20260506,Y,
029460,케이씨,KOSPI,KOSPI,KR7029460003,(주)케이씨,1101110703210,20260506,Y,
029530,신도리코,KOSPI,KOSPI,KR7029530003,(주)신도리코,1101110034960,20260506,Y,
029780,삼성카드,KOSPI,KOSPI,KR7029780004,삼성카드(주),1101110346901,20260506,Y,
030000,제일기획,KOSPI,KOSPI,KR7030000004,(주)제일기획,1101110139017,20260506,Y,
030190,NICE평가정보,KOSPI,KOSPI,KR7030190003,나이스평가정보 주식회사,1101110393283,20260506,Y,
030200,KT,KOSPI,KOSPI,KR7030200000,(주)케이티,1101111468754,20260506,Y,
030210,다올투자증권,KOSPI,KOSPI,KR7030210009,다올투자증권(주),1101110878706,20260506,Y,
030610,교보증권,KOSPI,KOSPI,KR7030610000,교보증권(주),1101110018089,20260506,Y,
030720,동원수산,KOSPI,KOSPI,KR7030720007,동원수산(주),1101110046204,20260506,Y,
031210,서울보증보험,KOSPI,KOSPI,KR7031210008,서울보증보험(주),1101110099774,20260506,Y,
031430,신세계인터내셔날,KOSPI,KOSPI,KR7031430002,(주)신세계인터내셔날,1101110282402,20260506,Y,
031440,신세계푸드,KOSPI,KOSPI,KR7031440001,(주)신세계푸드,1101110305288,20260506,Y,
031820,아이티센씨티에스,KOSPI,KOSPI,KR7031820004,(주)아이티센씨티에스,1101110414126,20260506,Y,
032350,롯데관광개발,KOSPI,KOSPI,KR7032350001,롯데관광개발(주),1101110115504,20260506,Y,
032560,황금에스티,KOSPI,KOSPI,KR7032560005,(주)황금에스티,1101110504195,20260506,Y,
032640,LG유플러스,KOSPI,KOSPI,KR7032640005,(주)LG유플러스,1101111296676,20260506,Y,
032830,삼성생명,KOSPI,KOSPI,KR7032830002,삼성생명보험(주),1101110005953,20260506,Y,
033240,자화전자,KOSPI,KOSPI,KR7033240003,자화전자(주),1501110005955,20260506,Y,
033250,체시스,KOSPI,KOSPI,KR7033250002,(주)체시스,1748110004244,20260506,Y,
033270,유나이티드제약,KOSPI,KOSPI,KR7033270000,한국유나이티드제약(주),1342110002769,20260506,Y,
033530,SJG세종,KOSPI,KOSPI,KR7033530007,에스제이지세종(주),1812110000758,20260506,Y,
033780,KT&G,KOSPI,KOSPI,KR7033780008,(주)케이티앤지,1601110067804,20260506,Y,
033920,무학,KOSPI,KOSPI,KR7033920000,(주)무학,1901110002721,20260506,Y,
034020,두산에너빌리티,KOSPI,KOSPI,KR7034020008,두산에너빌리티(주),1942110000943,20260506,Y,
034120,SBS,KOSPI,KOSPI,KR7034120006,(주)SBS,1101110731483,20260506,Y,
034220,LG디스플레이,KOSPI,KOSPI,KR7034220004,엘지디스플레이(주),1101110393134,20260506,Y,
034230,파라다이스,KOSPI,KOSPI,KR7034230003,(주)파라다이스,1101110129274,20260506,Y,
034310,NICE,KOSPI,KOSPI,KR7034310003,(주)NICE홀딩스,1101110505614,20260506,Y,
034590,인천도시가스,KOSPI,KOSPI,KR7034590000,인천도시가스(주),1201110014027,20260506,Y,
034730,SK,KOSPI,KOSPI,KR7034730002,SK(주),1101110769583,20260506,Y,
034830,한국토지신탁,KOSPI,KOSPI,KR7034830000,(주)한국토지신탁,1101111258220,20260506,Y,
035000,HS애드,KOSPI,KOSPI,KR7035000009,(주)에이치에스애드,1101110375398,20260506,Y,
035150,백산,KOSPI,KOSPI,KR7035150002,(주)백산,1147110003729,20260506,Y,
035250,강원랜드,KOSPI,KOSPI,KR7035250000,(주)강원랜드,1449110001666,20260506,Y,
035420,NAVER,KOSPI,KOSPI,KR7035420009,네이버(주),1101111707178,20260506,Y,
035510,신세계 I&C,KOSPI,KOSPI,KR7035510007,(주)신세계아이앤씨,1101111408867,20260506,Y,
035720,카카오,KOSPI,KOSPI,KR7035720002,(주)카카오,1101111129497,20260506,Y,
036420,콘텐트리중앙,KOSPI,KOSPI,KR7036420008,(주)콘텐트리중앙,1101110545751,20260506,Y,
036460,한국가스공사,KOSPI,KOSPI,KR7036460004,한국가스공사(주),1146710006125,20260506,Y,
036530,SNT홀딩스,KOSPI,KOSPI,KR7036530004,(주)SNT홀딩스,1244110002907,20260506,Y,
036570,NC,KOSPI,KOSPI,KR7036570000,(주)엔씨,1101111387748,20260506,Y,
036580,팜스코,KOSPI,KOSPI,KR7036580009,(주)팜스코,1311110042950,20260506,Y,
037270,YG PLUS,KOSPI,KOSPI,KR7037270006,(주)와이지플러스,1101111342289,20260506,Y,
037560,LG헬로비전,KOSPI,KOSPI,KR7037560000,(주)엘지헬로비전,1101111144297,20260506,Y,
037710,광주신세계,KOSPI,KOSPI,KR7037710001,(주)광주신세계,2001110054795,20260506,Y,
039130,하나투어,KOSPI,KOSPI,KR7039130000,(주)하나투어,1101110981038,20260506,Y,
039490,키움증권,KOSPI,KOSPI,KR7039490008,키움증권(주),1101111867948,20260506,Y,
039570,HDC랩스,KOSPI,KOSPI,KR7039570007,에이치디씨랩스(주),1101111775365,20260506,Y,
041650,상신브레이크,KOSPI,KOSPI,KR7041650003,상신브레이크(주),1741110000527,20260506,Y,
042660,한화오션,KOSPI,KOSPI,KR7042660001,한화오션(주),1101112095837,20260506,Y,
042700,한미반도체,KOSPI,KOSPI,KR7042700005,한미반도체(주),1201110038423,20260506,Y,
044380,주연테크,KOSPI,KOSPI,KR7044380004,(주)주연테크,1101110574164,20260506,Y,
044450,KSS해운,KOSPI,KOSPI,KR7044450005,(주)케이에스에스 해운,1101110377055,20260506,Y,
044820,코스맥스비티아이,KOSPI,KOSPI,KR7044820009,코스맥스비티아이(주),1348110018641,20260506,Y,
047040,대우건설,KOSPI,KOSPI,KR7047040001,(주)대우건설,1101112137895,20260506,Y,
047050,포스코인터내셔널,KOSPI,KOSPI,KR7047050000,(주)포스코인터내셔널,1101112137358,20260506,Y,
047400,유니온머티리얼,KOSPI,KOSPI,KR7047400007,유니온머티리얼(주),1701110176489,20260506,Y,
047810,한국항공우주,KOSPI,KOSPI,KR7047810007,한국항공우주산업(주),1101111827570,20260506,Y,
049800,우진플라임,KOSPI,KOSPI,KR7049800006,(주)우진플라임,1101110822993,20260506,Y,
051600,한전KPS,KOSPI,KOSPI,KR7051600005,한전KPS(주),1101110371148,20260506,Y,
051630,진양화학,KOSPI,KOSPI,KR7051630002,진양화학(주),1101112141672,20260506,Y,
051900,LG생활건강,KOSPI,KOSPI,KR7051900009,(주)LG생활건강,1101112208000,20260506,Y,
051910,LG화학,KOSPI,KOSPI,KR7051910008,(주)LG화학,1101112207995,20260506,Y,
052690,한전기술,KOSPI,KOSPI,KR7052690005,한국전력기술(주),1101110186307,20260506,Y,
053210,스카이라이프,KOSPI,KOSPI,KR7053210001,(주)케이티스카이라이프,1101112149436,20260506,Y,
053690,한미글로벌,KOSPI,KOSPI,KR7053690004,(주)한미글로벌건축사사무소,1101111283657,20260506,Y,
055490,테이팩스,KOSPI,KOSPI,KR7055490007,(주)테이팩스,1201110095499,20260506,Y,
055550,신한지주,KOSPI,KOSPI,KR7055550008,(주)신한금융지주회사,1101112322438,20260506,Y,
057050,현대홈쇼핑,KOSPI,KOSPI,KR7057050007,(주)현대홈쇼핑,1101112248882,20260506,Y,
058430,포스코스틸리온,KOSPI,KOSPI,KR7058430000,포스코스틸리온(주),1746110006492,20260506,Y,
058650,세아홀딩스,KOSPI,KOSPI,KR7058650003,(주)세아홀딩스,1101112276809,20260506,Y,
058730,다스코,KOSPI,KOSPI,KR7058730003,다스코(주),2052110005288,20260506,Y,
058850,KTcs,KOSPI,KOSPI,KR7058850009,(주)케이티씨에스,1601110119712,20260506,Y,
058860,KTis,KOSPI,KOSPI,KR7058860008,(주)케이티아이에스,1101112271510,20260506,Y,
060980,HL홀딩스,KOSPI,KOSPI,KR7060980000,에이치엘홀딩스(주),1313110030042,20260506,Y,
062040,산일전기,KOSPI,KOSPI,KR7062040001,산일전기(주),1101111020728,20260506,Y,
063160,종근당바이오,KOSPI,KOSPI,KR7063160006,(주)종근당바이오,1101112373308,20260506,Y,
064350,현대로템,KOSPI,KOSPI,KR7064350002,현대로템(주),1942110036336,20260506,Y,
064400,LG씨엔에스,KOSPI,KOSPI,KR7064400005,(주)엘지씨엔에스,1101110516695,20260506,Y,
064960,SNT모티브,KOSPI,KOSPI,KR7064960008,SNT모티브(주),1801110396069,20260506,Y,
066570,LG전자,KOSPI,KOSPI,KR7066570003,LG전자(주),1101112487050,20260506,Y,
066970,엘앤에프,KOSPI,KOSPI,KR7066970005,(주)엘앤에프,1760110022654,20260506,Y,
067830,세이브존I&C,KOSPI,KOSPI,KR7067830000,(주)세이브존아이앤씨,1101112520644,20260506,Y,
068270,셀트리온,KOSPI,KOSPI,KR7068270008,(주)셀트리온,1350110034038,20260506,Y,
068290,삼성출판사,KOSPI,KOSPI,KR7068290006,(주)삼성출판사,1101112559411,20260506,Y,
069260,TKG휴켐스,KOSPI,KOSPI,KR7069260008,티케이지휴켐스(주),1101112611906,20260506,Y,
069460,대호에이엘,KOSPI,KOSPI,KR7069460004,(주)대호에이엘,1701110233338,20260506,Y,
069620,대웅제약,KOSPI,KOSPI,KR7069620003,(주)대웅제약,1348110075342,20260506,Y,
069640,한세엠케이,KOSPI,KOSPI,KR7069640001,한세엠케이(주),1101111144073,20260506,Y,
069730,DSR제강,KOSPI,KOSPI,KR7069730000,DSR제강(주),1801110004753,20260506,Y,
069960,현대백화점,KOSPI,KOSPI,KR7069960003,(주)현대백화점,1101112644725,20260506,Y,
070960,모나용평,KOSPI,KOSPI,KR7070960000,모나용평(주),1450110002801,20260506,Y,
071050,한국금융지주,KOSPI,KOSPI,KR7071050009,한국투자금융지주(주),1101112691651,20260506,Y,
071090,하이스틸,KOSPI,KOSPI,KR7071090005,(주)하이스틸,1101112686024,20260506,Y,
071320,지역난방공사,KOSPI,KOSPI,KR7071320006,한국지역난방공사,1112710005962,20260506,Y,
071840,롯데하이마트,KOSPI,KOSPI,KR7071840003,롯데하이마트(주),1101110532633,20260506,Y,
071950,코아스,KOSPI,KOSPI,KR7071950000,(주)코아스,1101110881642,20260506,Y,
071970,HD현대마린엔진,KOSPI,KOSPI,KR7071970008,에이치디현대마린엔진(주),1942110048381,20260506,Y,
072130,유엔젤,KOSPI,KOSPI,KR7072130008,유엔젤(주),1311110041192,20260506,Y,
072710,농심홀딩스,KOSPI,KOSPI,KR7072710007,(주)농심홀딩스,1101112819005,20260506,Y,
073240,금호타이어,KOSPI,KOSPI,KR7073240004,금호타이어(주),1101112810590,20260506,Y,
074610,이엔플러스,KOSPI,KOSPI,KR7074610007,(주)이엔플러스,1355110144291,20260506,Y,
075180,새론오토모티브,KOSPI,KOSPI,KR7075180000,새론오토모티브(주),1615110030026,20260506,Y,
075580,세진중공업,KOSPI,KOSPI,KR7075580001,(주)세진중공업,2301110060126,20260506,Y,
077500,유니퀘스트,KOSPI,KOSPI,KR7077500007,유니퀘스트(주),1101111216757,20260506,Y,
077970,STX엔진,KOSPI,KOSPI,KR7077970002,STX엔진(주),1942110066763,20260506,Y,
078000,텔코웨어,KOSPI,KOSPI,KR7078000007,텔코웨어(주),1101111848394,20260506,Y,
078520,에이블씨엔씨,KOSPI,KOSPI,KR7078520004,(주)에이블씨엔씨,1101111846174,20260506,Y,
078930,GS,KOSPI,KOSPI,KR7078930005,(주)GS,1101113045112,20260506,Y,
079160,CJ CGV,KOSPI,KOSPI,KR7079160008,씨제이씨지브이(주),1101111673220,20260506,Y,
079430,현대리바트,KOSPI,KOSPI,KR7079430005,(주)현대리바트,1345110034097,20260506,Y,
079550,LIG디펜스앤에어로스페이스,KOSPI,KOSPI,KR7079550000,엘아이지디펜스앤에어로스페이스(주),1101111516933,20260506,Y,
079900,전진건설로봇,KOSPI,KOSPI,KR7079900007,전진건설로봇(주),1101111807910,20260506,Y,
079980,휴비스,KOSPI,KOSPI,KR7079980009,(주)휴비스,1101112102070,20260506,Y,
081000,일진다이아,KOSPI,KOSPI,KR7081000002,일진다이아몬드(주),1545110029242,20260506,Y,
081660,미스토홀딩스,KOSPI,KOSPI,KR7081660003,(주)미스토홀딩스,1101110792667,20260506,Y,
082640,동양생명,KOSPI,KOSPI,KR7082640004,동양생명보험(주),1101110624688,20260506,Y,
082740,한화엔진,KOSPI,KOSPI,KR7082740002,한화엔진(주),1942110038423,20260506,Y,
083420,그린케미칼,KOSPI,KOSPI,KR7083420000,그린케미칼(주),1614110012349,20260506,Y,
084010,대한제강,KOSPI,KOSPI,KR7084010008,대한제강(주),1801110003268,20260506,Y,
084670,동양고속,KOSPI,KOSPI,KR7084670009,(주)동양고속,1341110131073,20260506,Y,
084680,이월드,KOSPI,KOSPI,KR7084680008,(주)이월드,1701110290867,20260506,Y,
084690,대상홀딩스,KOSPI,KOSPI,KR7084690007,대상홀딩스(주),1101113280099,20260506,Y,
084870,TBH글로벌,KOSPI,KOSPI,KR7084870005,(주)티비에이치글로벌,1801110346204,20260506,Y,
085310,엔케이,KOSPI,KOSPI,KR7085310001,(주)엔케이,1801110054641,20260506,Y,
085620,미래에셋생명,KOSPI,KOSPI,KR7085620003,미래에셋생명보험(주),1601110014483,20260506,Y,
086280,현대글로비스,KOSPI,KOSPI,KR7086280005,현대글로비스(주),1101112177388,20260506,Y,
086790,하나금융지주,KOSPI,KOSPI,KR7086790003,(주)하나금융지주,1101113352004,20260506,Y,
088350,한화생명,KOSPI,KOSPI,KR7088350004,한화생명보험(주),1101110003204,20260506,Y,
088790,진도,KOSPI,KOSPI,KR7088790001,(주)진도,1101113411024,20260506,Y,
089470,HDC현대EP,KOSPI,KOSPI,KR7089470009,에이치디씨현대이피(주),1650110006768,20260506,Y,
089590,제주항공,KOSPI,KOSPI,KR7089590004,(주)제주항공,2201110050575,20260506,Y,
089860,롯데렌탈,KOSPI,KOSPI,KR7089860001,롯데렌탈(주),1101113326588,20260506,Y,
090080,평화산업,KOSPI,KOSPI,KR7090080003,평화산업(주),1701110309329,20260506,Y,
090350,노루페인트,KOSPI,KOSPI,KR7090350000,(주)노루페인트,1341110142575,20260506,Y,
090370,메타랩스,KOSPI,KOSPI,KR7090370008,(주)메타랩스,1101112103953,20260506,Y,
090430,아모레퍼시픽,KOSPI,KOSPI,KR7090430000,(주)아모레퍼시픽,1101113471036,20260506,Y,
090460,비에이치,KOSPI,KOSPI,KR7090460007,(주)비에이치,1350110087483,20260506,Y,
091810,트리니티항공,KOSPI,KOSPI,KR7091810002,(주)트리니티항공,1101112782046,20260506,Y,
092200,디아이씨,KOSPI,KOSPI,KR7092200005,(주)디아이씨,1801110025147,20260506,Y,
092220,KEC,KOSPI,KOSPI,KR7092220003,(주)케이이씨,1101113525750,20260506,Y,
092230,KPX홀딩스,KOSPI,KOSPI,KR7092230002,KPX홀딩스(주),1101113520627,20260506,Y,
092440,기신정기,KOSPI,KOSPI,KR7092440007,기신정기(주),1201110046476,20260506,Y,
092780,DYP,KOSPI,KOSPI,KR7092780006,디와이피(주),1243110003379,20260506,Y,
092790,넥스틸,KOSPI,KOSPI,KR7092790005,넥스틸(주),1746110022860,20260506,Y,
093050,LF,KOSPI,KOSPI,KR7093050003,(주)LF,1101113555187,20260506,Y,
093240,형지엘리트,KOSPI,KOSPI,KR7093240000,(주)형지엘리트,1101112507551,20260506,Y,
093370,후성,KOSPI,KOSPI,KR7093370005,(주)후성,1314110189425,20260506,Y,
094280,효성 ITX,KOSPI,KOSPI,KR7094280005,효성아이티엑스(주),1101111412256,20260506,Y,
094800,맵스리얼티,KOSPI,KOSPI,KR7094800000,미래에셋맵스리얼티부동산공모투자회사,1101113595852,20260506,Y,
095570,AJ네트웍스,KOSPI,KOSPI,KR7095570008,AJ네트웍스 주식회사,1101111874654,20260506,Y,
095720,웅진씽크빅,KOSPI,KOSPI,KR7095720009,(주)웅진씽크빅,2849110065613,20260506,Y,
096760,JW홀딩스,KOSPI,KOSPI,KR7096760004,JW홀딩스(주),1101113710468,20260506,Y,
096770,SK이노베이션,KOSPI,KOSPI,KR7096770003,SK이노베이션(주),1101113710385,20260506,Y,
097230,HJ중공업,KOSPI,KOSPI,KR7097230007,(주)에이치제이중공업,1801110602507,20260506,Y,
097520,엠씨넥스,KOSPI,KOSPI,KR7097520001,(주)엠씨넥스,1101113136383,20260506,Y,
097950,CJ제일제당,KOSPI,KOSPI,KR7097950000,CJ제일제당(주),1101113748253,20260506,Y,
100090,SK오션플랜트,KOSPI,KOSPI,KR7100090000,에스케이오션플랜트(주),1913110003485,20260506,Y,
100220,비상교육,KOSPI,KOSPI,KR7100220003,(주)비상교육,1101112427098,20260506,Y,
100250,진양홀딩스,KOSPI,KOSPI,KR7100250000,(주)진양홀딩스,1801110618091,20260506,Y,
100840,SNT에너지,KOSPI,KOSPI,KR7100840008,SNT에너지(주),1942110090598,20260506,Y,
101140,인바이오젠,KOSPI,KOSPI,KR7101140002,(주)인바이오젠,1313110080427,20260506,Y,
101530,해태제과식품,KOSPI,KOSPI,KR7101530004,해태제과식품주식회사,1615110044225,20260506,Y,
102260,동성케미컬,KOSPI,KOSPI,KR7102260007,(주)동성케미컬,1801110633031,20260506,Y,
102460,이연제약,KOSPI,KOSPI,KR7102460003,이연제약(주),1101110048143,20260506,Y,
103140,풍산,KOSPI,KOSPI,KR7103140000,(주)풍산,1313110083497,20260506,Y,
103590,일진전기,KOSPI,KOSPI,KR7103590006,일진전기(주),1348110159279,20260506,Y,
104700,한국철강,KOSPI,KOSPI,KR7104700000,한국철강(주),1942110094318,20260506,Y,
105560,KB금융,KOSPI,KOSPI,KR7105560007,(주)KB금융지주,1101113975517,20260506,Y,
105630,한세실업,KOSPI,KOSPI,KR7105630008,한세실업(주),1201110484303,20260506,Y,
105840,우진,KOSPI,KOSPI,KR7105840003,(주)우진,1345110001814,20260506,Y,
107590,미원홀딩스,KOSPI,KOSPI,KR7107590002,미원홀딩스(주),2101110063190,20260506,Y,
108320,LX세미콘,KOSPI,KOSPI,KR7108320003,(주)엘엑스세미콘,1601110089395,20260506,Y,
108670,LX하우시스,KOSPI,KOSPI,KR7108670001,(주)엘엑스하우시스,1101114071207,20260506,Y,
109070,주성코퍼레이션,KOSPI,KOSPI,KR7109070003,(주)주성코퍼레이션,1313110088017,20260506,Y,
111110,호전실업,KOSPI,KOSPI,KR7111110003,호전실업 주식회사,1101110393457,20260506,Y,
111380,동인기연,KOSPI,KOSPI,KR7111380002,(주)동인기연,1244110014316,20260506,Y,
111770,영원무역,KOSPI,KOSPI,KR7111770004,(주)영원무역,1101114129585,20260506,Y,
112610,씨에스윈드,KOSPI,KOSPI,KR7112610001,씨에스윈드(주),1101113509887,20260506,Y,
114090,GKL,KOSPI,KOSPI,KR7114090004,그랜드코리아레저(주),1101113301457,20260506,Y,
117580,대성에너지,KOSPI,KOSPI,KR7117580001,대성에너지(주),1701110387416,20260506,Y,
118000,메타케어,KOSPI,KOSPI,KR7118000009,(주)메타케어,1701110391532,20260506,Y,
119650,KC코트렐,KOSPI,KOSPI,KR7119650000,케이씨코트렐(주),1101114255463,20260506,Y,
120030,조선선재,KOSPI,KOSPI,KR7120030002,조선선재(주),1717110086312,20260506,Y,
120110,코오롱인더,KOSPI,KOSPI,KR7120110002,코오롱인더스트리(주),1353110013606,20260506,Y,
122900,아이마켓코리아,KOSPI,KOSPI,KR7122900004,(주)아이마켓코리아,1101112125262,20260506,Y,
123690,한국화장품,KOSPI,KOSPI,KR7123690000,한국화장품(주),1101114342228,20260506,Y,
123700,SJM,KOSPI,KOSPI,KR7123700007,(주)에스제이엠,1314110241465,20260506,Y,
123890,한국자산신탁,KOSPI,KOSPI,KR7123890006,한국자산신탁(주),1101112196304,20260506,Y,
126560,현대퓨처넷,KOSPI,KOSPI,KR7126560002,주식회사 현대퓨처넷,1101110842785,20260506,Y,
126720,수산인더스트리,KOSPI,KOSPI,KR7126720002,(주)수산인더스트리,1615110001613,20260506,Y,
128820,대성산업,KOSPI,KOSPI,KR7128820008,대성산업(주),1101114382612,20260506,Y,
128940,한미약품,KOSPI,KOSPI,KR7128940004,한미약품(주),1348110197550,20260506,Y,
129260,인터지스,KOSPI,KOSPI,KR7129260006,인터지스(주),1801110001973,20260506,Y,
130660,한전산업,KOSPI,KOSPI,KR7130660004,한전산업개발(주),1101110692875,20260506,Y,
133820,화인베스틸,KOSPI,KOSPI,KR7133820001,(주)화인베스틸,1951110010951,20260506,Y,
134380,미원화학,KOSPI,KOSPI,KR7134380005,미원화학(주),2301110172244,20260506,Y,
134790,시디즈,KOSPI,KOSPI,KR7134790005,(주)시디즈,1101114493344,20260506,Y,
136490,선진,KOSPI,KOSPI,KR7136490000,(주)선진,1344110046664,20260506,Y,
137310,에스디바이오센서,KOSPI,KOSPI,KR7137310009,에스디바이오센서(주),1358110191121,20260506,Y,
138930,BNK금융지주,KOSPI,KOSPI,KR7138930003,(주)BNK금융지주,1801110750893,20260506,Y,
139130,iM금융지주,KOSPI,KOSPI,KR7139130009,(주)아이엠금융지주,1701110429523,20260506,Y,
139480,이마트,KOSPI,KOSPI,KR7139480008,(주)이마트,1101114594952,20260506,Y,
139990,아주스틸,KOSPI,KOSPI,KR7139990006,아주스틸(주),1760110020145,20260506,Y,
143210,핸즈코퍼레이션,KOSPI,KOSPI,KR7143210003,핸즈코퍼레이션(주),1201110000323,20260506,Y,
145210,다이나믹디자인,KOSPI,KOSPI,KR7145210001,(주)다이나믹디자인,2001110097272,20260506,Y,
145720,덴티움,KOSPI,KOSPI,KR7145720009,(주)덴티움,1351110052892,20260506,Y,
145990,삼양사,KOSPI,KOSPI,KR7145990008,(주)삼양사,1101114720945,20260506,Y,
155660,DSR,KOSPI,KOSPI,KR7155660004,DSR(주),1801110000777,20260506,Y,
161000,애경케미칼,KOSPI,KOSPI,KR7161000005,애경케미칼(주),1101114951243,20260506,Y,
161390,한국타이어앤테크놀로지,KOSPI,KOSPI,KR7161390000,한국타이어앤테크놀로지(주),1101114952093,20260506,Y,
161890,한국콜마,KOSPI,KOSPI,KR7161890009,한국콜마(주),1647110030756,20260506,Y,
163560,동일고무벨트,KOSPI,KOSPI,KR7163560006,동일고무벨트(주),1801110828129,20260506,Y,
170900,동아에스티,KOSPI,KOSPI,KR7170900005,동아에스티(주),1101115079713,20260506,Y,
175330,JB금융지주,KOSPI,KOSPI,KR7175330000,(주)JB금융지주,2101110091498,20260506,Y,
178920,PI첨단소재,KOSPI,KOSPI,KR7178920005,피아이첨단소재(주),1543110022729,20260506,Y,
180640,한진칼,KOSPI,KOSPI,KR7180640005,(주)한진칼,1101115197193,20260506,Y,
181710,NHN,KOSPI,KOSPI,KR7181710005,엔에이치엔(주),1311110350139,20260506,Y,
183190,아세아시멘트,KOSPI,KOSPI,KR7183190008,아세아시멘트(주),1101115238096,20260506,Y,
185750,종근당,KOSPI,KOSPI,KR7185750007,(주)종근당,1101115260669,20260506,Y,
192080,더블유게임즈,KOSPI,KOSPI,KR7192080000,(주)더블유게임즈,1101114855924,20260506,Y,
192400,쿠쿠홀딩스,KOSPI,KOSPI,KR7192400000,쿠쿠홀딩스(주),1845110000634,20260506,Y,
192650,드림텍,KOSPI,KOSPI,KR7192650000,(주)드림텍,1615110027883,20260506,Y,
192820,코스맥스,KOSPI,KOSPI,KR7192820009,코스맥스(주),1348110294273,20260506,Y,
194370,제이에스코퍼레이션,KOSPI,KOSPI,KR7194370003,(주)제이에스코퍼레이션,1101110554992,20260506,Y,
195870,해성디에스,KOSPI,KOSPI,KR7195870001,해성디에스(주),1942110223694,20260506,Y,
200880,서연이화,KOSPI,KOSPI,KR7200880003,(주)서연이화,1101115455476,20260506,Y,
204320,HL만도,KOSPI,KOSPI,KR7204320006,에이치엘만도(주),1313110140776,20260506,Y,
207940,삼성바이오로직스,KOSPI,KOSPI,KR7207940008,삼성바이오로직스(주),1201110566317,20260506,Y,
210540,디와이파워,KOSPI,KOSPI,KR7210540001,디와이파워(주),1942110234534,20260506,Y,
210980,SK디앤디,KOSPI,KOSPI,KR7210980009,SK디앤디(주),1101113001685,20260506,Y,
213500,한솔제지,KOSPI,KOSPI,KR7213500002,한솔제지(주),1101115604700,20260506,Y,
214320,이노션,KOSPI,KOSPI,KR7214320004,(주)이노션,1101113229097,20260506,Y,
214330,금호에이치티,KOSPI,KOSPI,KR7214330003,(주)금호에이치티,2059110000169,20260506,Y,
214390,경보제약,KOSPI,KOSPI,KR7214390007,(주)경보제약,1648110001961,20260506,Y,
214420,토니모리,KOSPI,KOSPI,KR7214420002,(주)토니모리,1101113500249,20260506,Y,
217590,티엠씨,KOSPI,KOSPI,KR7217590009,(주)티엠씨,1615110148704,20260506,Y,
226320,잇츠한불,KOSPI,KOSPI,KR7226320000,(주)잇츠한불,1101113394048,20260506,Y,
227840,현대코퍼레이션홀딩스,KOSPI,KOSPI,KR7227840006,현대코퍼레이션홀딩스(주),1101115851559,20260506,Y,
229640,LS에코에너지,KOSPI,KOSPI,KR7229640008,엘에스에코에너지 주식회사,1341110411706,20260506,Y,
234080,JW생명과학,KOSPI,KOSPI,KR7234080000,제이더블유생명과학(주),1350110057395,20260506,Y,
241560,두산밥캣,KOSPI,KOSPI,KR7241560002,두산밥캣 주식회사,1101115402237,20260506,Y,
241590,화승엔터프라이즈,KOSPI,KOSPI,KR7241590009,주식회사 화승엔터프라이즈,1101115891943,20260506,Y,
244920,에이플러스에셋,KOSPI,KOSPI,KR7244920005,주식회사 에이플러스에셋어드바이저,1101113691973,20260506,Y,
248070,솔루엠,KOSPI,KOSPI,KR7248070005,주식회사 솔루엠,1358110272682,20260506,Y,
248170,샘표식품,KOSPI,KOSPI,KR7248170003,샘표식품(주),1101116110045,20260506,Y,
249420,일동제약,KOSPI,KOSPI,KR7249420001,일동제약(주),1101116139277,20260506,Y,
251270,넷마블,KOSPI,KOSPI,KR7251270005,넷마블(주),1101114731299,20260506,Y,
259960,크래프톤,KOSPI,KOSPI,KR7259960003,주식회사 크래프톤,1101113645772,20260506,Y,
264900,크라운제과,KOSPI,KOSPI,KR7264900002,(주)크라운제과,1101116332590,20260506,Y,
267250,HD현대,KOSPI,KOSPI,KR7267250009,에이치디현대(주),1701110638661,20260506,Y,
267260,HD현대일렉트릭,KOSPI,KOSPI,KR7267260008,에이치디현대일렉트릭(주),1101116363850,20260506,Y,
267270,HD건설기계,KOSPI,KOSPI,KR7267270007,에이치디건설기계(주),1101116363868,20260506,Y,
267290,경동도시가스,KOSPI,KOSPI,KR7267290005,(주)경동도시가스,2301110274751,20260506,Y,
267850,아시아나IDT,KOSPI,KOSPI,KR7267850006,아시아나아이디티(주),1101110801848,20260506,Y,
268280,미원에스씨,KOSPI,KOSPI,KR7268280005,미원스페셜티케미칼(주),2101110123944,20260506,Y,
271560,오리온,KOSPI,KOSPI,KR7271560005,(주)오리온,1101116417805,20260506,Y,
271940,일진하이솔루스,KOSPI,KOSPI,KR7271940009,일진하이솔루스(주),2101110086548,20260506,Y,
271980,제일약품,KOSPI,KOSPI,KR7271980005,제일약품(주),1101116420361,20260506,Y,
272210,한화시스템,KOSPI,KOSPI,KR7272210006,한화시스템(주),1760110020640,20260506,Y,
272450,진에어,KOSPI,KOSPI,KR7272450008,주식회사 진에어,1201110454976,20260506,Y,
272550,삼양패키징,KOSPI,KOSPI,KR7272550005,주식회사 삼양패키징,1101115554418,20260506,Y,
278470,에이피알,KOSPI,KOSPI,KR7278470000,(주)에이피알,1101115535012,20260506,Y,
279570,케이뱅크,KOSPI,KOSPI,KR7279570006,주식회사 케이뱅크,1101115938985,20260506,Y,
280360,롯데웰푸드,KOSPI,KOSPI,KR7280360009,롯데웰푸드(주),1101116536481,20260506,Y,
281820,케이씨텍,KOSPI,KOSPI,KR7281820001,(주)케이씨텍,1346110087565,20260506,Y,
282330,BGF리테일,KOSPI,KOSPI,KR7282330000,(주)비지에프리테일,1101116555770,20260506,Y,
284740,쿠쿠홈시스,KOSPI,KOSPI,KR7284740008,쿠쿠홈시스 주식회사,1355110319406,20260506,Y,
285130,SK케미칼,KOSPI,KOSPI,KR7285130001,에스케이케미칼(주),1311110501021,20260506,Y,
286940,롯데이노베이트,KOSPI,KOSPI,KR7286940002,롯데이노베이트(주),1101116557114,20260506,Y,
293480,하나제약,KOSPI,KOSPI,KR7293480000,하나제약(주),1311110002409,20260506,Y,
294870,IPARK현대산업개발,KOSPI,KOSPI,KR7294870001,아이파크현대산업개발(주),1101116740008,20260506,Y,
298000,효성화학,KOSPI,KOSPI,KR7298000001,효성화학(주),1101116770188,20260506,Y,
298020,효성티앤씨,KOSPI,KOSPI,KR7298020009,효성티앤씨(주),1101116770138,20260506,Y,
298040,효성중공업,KOSPI,KOSPI,KR7298040007,효성중공업(주),1101116770154,20260506,Y,
298050,HS효성첨단소재,KOSPI,KOSPI,KR7298050006,에이치에스효성첨단소재(주),1101116770170,20260506,Y,
298690,에어부산,KOSPI,KOSPI,KR7298690009,에어부산 주식회사,1801110605121,20260506,Y,
300720,한일시멘트,KOSPI,KOSPI,KR7300720000,한일시멘트(주),1101116799203,20260506,Y,
302440,SK바이오사이언스,KOSPI,KOSPI,KR7302440003,에스케이바이오사이언스(주),1311110523736,20260506,Y,
306200,세아제강,KOSPI,KOSPI,KR7306200007,(주)세아제강,1101116860640,20260506,Y,
307950,현대오토에버,KOSPI,KOSPI,KR7307950006,현대오토에버(주),1101111935638,20260506,Y,
308170,씨티알모빌리티,KOSPI,KOSPI,KR7308170000,(주)씨티알모빌리티,1942110014431,20260506,Y,
316140,우리금융지주,KOSPI,KOSPI,KR7316140003,(주)우리금융지주,1101116981206,20260506,Y,
317400,자이에스앤디,KOSPI,KOSPI,KR7317400000,자이에스앤디(주),1101111934557,20260506,Y,
317450,명인제약,KOSPI,KOSPI,KR7317450005,명인제약(주),1243110022866,20260506,Y,
322000,HD현대에너지솔루션,KOSPI,KOSPI,KR7322000001,에이치디현대에너지솔루션(주),1101116265410,20260506,Y,
323410,카카오뱅크,KOSPI,KOSPI,KR7323410001,주식회사 카카오뱅크,1311110435767,20260506,Y,
326030,에스케이바이오팜,KOSPI,KOSPI,KR7326030004,에스케이바이오팜 주식회사,1101114570720,20260506,Y,
329180,HD현대중공업,KOSPI,KOSPI,KR7329180004,에이치디현대중공업(주),2301110312741,20260506,Y,
336260,두산퓨얼셀,KOSPI,KOSPI,KR7336260005,두산퓨얼셀 주식회사,2149110058935,20260506,Y,
336370,솔루스첨단소재,KOSPI,KOSPI,KR7336370002,솔루스첨단소재 주식회사,2149110058927,20260506,Y,
339770,교촌에프앤비,KOSPI,KOSPI,KR7339770000,교촌에프앤비(주),1752110009005,20260506,Y,
344820,KCC글라스,KOSPI,KOSPI,KR7344820006,(주)케이씨씨글라스,1101117342473,20260506,Y,
352820,하이브,KOSPI,KOSPI,KR7352820005,(주)하이브,1101113166546,20260506,Y,
353200,대덕전자,KOSPI,KOSPI,KR7353200009,대덕전자(주),1314110460809,20260506,Y,
361610,SK아이이테크놀로지,KOSPI,KOSPI,KR7361610009,에스케이아이이테크놀로지 주식회사,1101117064217,20260506,Y,
363280,티와이홀딩스,KOSPI,KOSPI,KR7363280009,(주)티와이홀딩스,1101117608502,20260506,Y,
372910,한컴라이프케어,KOSPI,KOSPI,KR7372910000,주식회사 한컴라이프케어,1345110021549,20260506,Y,
373220,LG에너지솔루션,KOSPI,KOSPI,KR7373220003,(주)엘지에너지솔루션,1101117701356,20260506,Y,
375500,DL이앤씨,KOSPI,KOSPI,KR7375500006,디엘이앤씨 주식회사,1101117736808,20260506,Y,
377300,카카오페이,KOSPI,KOSPI,KR7377300009,주식회사 카카오페이,1311110478337,20260506,Y,
377740,바이오노트,KOSPI,KOSPI,KR7377740006,(주)바이오노트,1348110324294,20260506,Y,
378850,화승알앤에이,KOSPI,KOSPI,KR7378850002,주식회사 화승알앤에이,2341110120538,20260506,Y,
381970,케이카,KOSPI,KOSPI,KR7381970003,케이카 주식회사,1101116583490,20260506,Y,
383220,에프앤에프,KOSPI,KOSPI,KR7383220001,주식회사 에프앤에프,1101117875440,20260506,Y,
383800,LX홀딩스,KOSPI,KOSPI,KR7383800000,주식회사 엘엑스홀딩스,1101117875359,20260506,Y,
402340,SK스퀘어,KOSPI,KOSPI,KR7402340004,에스케이스퀘어 주식회사,1101118077821,20260506,Y,
403550,쏘카,KOSPI,KOSPI,KR7403550007,(주)쏘카,2201110087049,20260506,Y,
439260,대한조선,KOSPI,KOSPI,KR7439260001,대한조선 주식회사,2047110003887,20260506,Y,
443060,HD현대마린솔루션,KOSPI,KOSPI,KR7443060009,에이치디현대마린솔루션(주),1801111065811,20260506,Y,
446070,유니드비티플러스,KOSPI,KOSPI,KR7446070005,(주)유니드비티플러스,1101118466280,20260506,Y,
450080,에코프로머티,KOSPI,KOSPI,KR7450080007,주식회사 에코프로머티리얼즈,1717110132339,20260506,Y,
452260,한화갤러리아,KOSPI,KOSPI,KR7452260003,한화갤러리아(주),1101118570891,20260506,Y,
453340,현대그린푸드,KOSPI,KOSPI,KR7453340002,주식회사 현대그린푸드,1345110623337,20260506,Y,
454910,두산로보틱스,KOSPI,KOSPI,KR7454910001,두산로보틱스 주식회사,1101115798272,20260506,Y,
456040,OCI,KOSPI,KOSPI,KR7456040005,OCI(주),1101118626793,20260506,Y,
457190,이수스페셜티케미컬,KOSPI,KOSPI,KR7457190007,주식회사 이수스페셜티케미컬,1101118626561,20260506,Y,
460850,동국씨엠,KOSPI,KOSPI,KR7460850001,동국씨엠 주식회사,1101118651659,20260506,Y,
460860,동국제강,KOSPI,KOSPI,KR7460860000,동국제강(주),1101118651633,20260506,Y,
462520,조선내화,KOSPI,KOSPI,KR7462520008,조선내화 주식회사,2046110071943,20260506,Y,
462870,시프트업,KOSPI,KOSPI,KR7462870007,(주)시프트업,1101115281897,20260506,Y,
465770,STX그린로지스,KOSPI,KOSPI,KR7465770006,(주)STX 그린 로지스,1801111522465,20260506,Y,
475150,SK이터닉스,KOSPI,KOSPI,KR7475150009,SK이터닉스(주),1311110729441,20260506,Y,
475560,더본코리아,KOSPI,KOSPI,KR7475560009,주식회사 더본코리아,1101111002122,20260506,Y,
480370,씨케이솔루션,KOSPI,KOSPI,KR7480370006,(주)씨케이솔루션,1345110077964,20260506,Y,
483650,달바글로벌,KOSPI,KOSPI,KR7483650008,(주)달바글로벌,1101115995993,20260506,Y,
484870,엠앤씨솔루션,KOSPI,KOSPI,KR7484870001,주식회사 엠앤씨솔루션,1942110326208,20260506,Y,
487570,HS효성,KOSPI,KOSPI,KR7487570004,(주)에이치에스효성,1101118993457,20260506,Y,
489790,한화비전,KOSPI,KOSPI,KR7489790006,한화비전(주),1311110745562,20260506,Y,
499790,지에스피앤엘,KOSPI,KOSPI,KR7499790004,(주)지에스피앤엘,1101119120299,20260506,Y,
000410,교보18호스팩,KOSDAQ,KOSDAQ,KR70041B0002,교보18호기업인수목적 주식회사,1101110921948,20260506,N,특수목적/리츠/기타
000710,삼성스팩11호,KOSDAQ,KOSDAQ,KR70071M0002,삼성기업인수목적11호(주),1101110928141,20260506,N,특수목적/리츠/기타
000930,미래에셋비전스팩8호,KOSDAQ,KOSDAQ,KR70093G0004,미래에셋비전기업인수목적8호 주식회사,1101110932427,20260506,N,특수목적/리츠/기타
000960,삼성스팩12호,KOSDAQ,KOSDAQ,KR70096B0006,삼성기업인수목적12호(주),1101110933988,20260506,N,특수목적/리츠/기타
000980,교보19호기업인수목적,KOSDAQ,KOSDAQ,KR70098T0004,교보19호기업인수목적 주식회사,1101110934542,20260506,N,특수목적/리츠/기타
001010,하나36호스팩,KOSDAQ,KOSDAQ,KR70101C0008,하나36호기업인수목적 주식회사,1101110935268,20260506,N,특수목적/리츠/기타
001050,유진스팩12호,KOSDAQ,KOSDAQ,KR70105P0009,유진기업인수목적12호 주식회사,1101110936225,20260506,N,특수목적/리츠/기타
001150,삼성스팩13호,KOSDAQ,KOSDAQ,KR70115H0007,삼성기업인수목적13호(주),1101110937795,20260506,N,특수목적/리츠/기타
001300,신한제17호스팩,KOSDAQ,KOSDAQ,KR70130D0002,신한제17호기업인수목적 주식회사,1101110940452,20260506,N,특수목적/리츠/기타
001310,키움히어로제2호스팩,KOSDAQ,KOSDAQ,KR70131D0001,키움히어로제2호기업인수목적 주식회사,1101110940947,20260506,N,특수목적/리츠/기타
001320,교보20호스팩,KOSDAQ,KOSDAQ,KR70132G0007,교보20호기업인수목적 주식회사,1101110941018,20260506,N,특수목적/리츠/기타
063570,NICE인프라,KOSDAQ,KOSDAQ,KR7063570006,NICE인프라(주),1101111848980,20260506,N,특수목적/리츠/기타
159910,에코글로우,KOSDAQ,KOSDAQ,KR7159910009,(주)에코글로우,1311110165843,20260506,N,우선주/종류주
199730,바이오인프라,KOSDAQ,KOSDAQ,KR7199730003,주식회사 바이오인프라,1358110139949,20260506,N,특수목적/리츠/기타
294090,이오플로우,KOSDAQ,KOSDAQ,KR7294090006,이오플로우(주),1101114694679,20260506,N,우선주/종류주
369370,블리츠웨이엔터테인먼트,KOSDAQ,KOSDAQ,KR7369370002,(주)블리츠웨이엔터테인먼트,1101117655868,20260506,N,특수목적/리츠/기타
451700,엔에이치스팩29호,KOSDAQ,KOSDAQ,KR7451700009,엔에이치기업인수목적29호 주식회사,1101118519055,20260506,N,특수목적/리츠/기타
452980,신한제11호스팩,KOSDAQ,KOSDAQ,KR7452980006,신한제11호기업인수목적 주식회사,1101118546719,20260506,N,특수목적/리츠/기타
458650,성우,KOSDAQ,KOSDAQ,KR7458650009,(주)성우,1760110007078,20260506,N,우선주/종류주
462020,에이치엠씨제6호스팩,KOSDAQ,KOSDAQ,KR7462020009,에이치엠씨아이비제6호기업인수목적 주식회사,1101118657029,20260506,N,특수목적/리츠/기타
464440,한국제13호스팩,KOSDAQ,KOSDAQ,KR7464440007,한국제13호기업인수목적 주식회사,1101118692504,20260506,N,특수목적/리츠/기타
464680,KB제27호스팩,KOSDAQ,KOSDAQ,KR7464680008,케이비제27호기업인수목적(주),1101118699047,20260506,N,특수목적/리츠/기타
465320,교보15호스팩,KOSDAQ,KOSDAQ,KR7465320000,교보15호기업인수목적 주식회사,1101118711974,20260506,N,특수목적/리츠/기타
466690,키움히어로제1호스팩,KOSDAQ,KOSDAQ,KR7466690005,키움히어로제1호기업인수목적 주식회사,1101118731518,20260506,N,특수목적/리츠/기타
466910,엔에이치스팩30호,KOSDAQ,KOSDAQ,KR7466910007,엔에이치기업인수목적30호 주식회사,1101118734116,20260506,N,특수목적/리츠/기타
467930,IBKS제23호스팩,KOSDAQ,KOSDAQ,KR7467930004,아이비케이에스제23호기업인수목적 주식회사,1101118739827,20260506,N,특수목적/리츠/기타
468760,유진스팩10호,KOSDAQ,KOSDAQ,KR7468760004,유진기업인수목적10호 주식회사,1101118744488,20260506,N,특수목적/리츠/기타
469480,IBKS제24호스팩,KOSDAQ,KOSDAQ,KR7469480008,아이비케이에스제24호기업인수목적 주식회사,1101118753330,20260506,N,특수목적/리츠/기타
469880,하나30호스팩,KOSDAQ,KOSDAQ,KR7469880009,하나30호기업인수목적 주식회사,1101118761630,20260506,N,특수목적/리츠/기타
469900,하나31호스팩,KOSDAQ,KOSDAQ,KR7469900005,하나31호기업인수목적 주식회사,1101118762696,20260506,N,특수목적/리츠/기타
471050,대신밸런스제17호스팩,KOSDAQ,KOSDAQ,KR7471050005,대신밸런스제17호기업인수목적 주식회사,1101118766820,20260506,N,특수목적/리츠/기타
472220,신영스팩10호,KOSDAQ,KOSDAQ,KR7472220003,신영해피투모로우제10호기업인수목적 주식회사,1101118781779,20260506,N,특수목적/리츠/기타
472230,SK증권제11호스팩,KOSDAQ,KOSDAQ,KR7472230002,에스케이증권제11호기업인수목적 주식회사,1101118782032,20260506,N,특수목적/리츠/기타
473000,SK증권제12호스팩,KOSDAQ,KOSDAQ,KR7473000008,에스케이증권제12호기업인수목적 주식회사,1101118794475,20260506,N,특수목적/리츠/기타
473050,유안타제15호스팩,KOSDAQ,KOSDAQ,KR7473050003,유안타제15호기업인수목적 주식회사,1101118796596,20260506,N,특수목적/리츠/기타
473950,SK증권제13호스팩,KOSDAQ,KOSDAQ,KR7473950004,에스케이증권제13호기업인수목적 주식회사,1101118805545,20260506,N,특수목적/리츠/기타
474490,유안타제16호스팩,KOSDAQ,KOSDAQ,KR7474490000,유안타제16호기업인수목적 주식회사,1101118810932,20260506,N,특수목적/리츠/기타
474660,신한제12호스팩,KOSDAQ,KOSDAQ,KR7474660008,신한제12호기업인수목적 주식회사,1101118819330,20260506,N,특수목적/리츠/기타
474930,신한제13호스팩,KOSDAQ,KOSDAQ,KR7474930005,신한제13호기업인수목적주식회사,1101118823828,20260506,N,특수목적/리츠/기타
475240,하나32호스팩,KOSDAQ,KOSDAQ,KR7475240008,하나32호기업인수목적 주식회사,1101118835245,20260506,N,특수목적/리츠/기타
475250,하나33호스팩,KOSDAQ,KOSDAQ,KR7475250007,하나33호기업인수목적 주식회사,1101118834875,20260506,N,특수목적/리츠/기타
477340,에이치엠씨제7호스팩,KOSDAQ,KOSDAQ,KR7477340004,에이치엠씨아이비제7호기업인수목적(주),1101118870118,20260506,N,특수목적/리츠/기타
477380,미래에셋비전스팩4호,KOSDAQ,KOSDAQ,KR7477380000,미래에셋비전기업인수목적4호 주식회사,1101118871520,20260506,N,특수목적/리츠/기타
477470,미래에셋비전스팩5호,KOSDAQ,KOSDAQ,KR7477470009,미래에셋비전기업인수목적5호 주식회사,1101118875225,20260506,N,특수목적/리츠/기타
477760,디비금융스팩12호,KOSDAQ,KOSDAQ,KR7477760003,디비금융제12호기업인수목적 주식회사,1101118876554,20260506,N,특수목적/리츠/기타
478110,이베스트스팩6호,KOSDAQ,KOSDAQ,KR7478110000,이베스트기업인수목적6호 주식회사,1101118880323,20260506,N,특수목적/리츠/기타
478390,KB제29호스팩,KOSDAQ,KOSDAQ,KR7478390008,케이비제29호기업인수목적(주),1101118885472,20260506,N,특수목적/리츠/기타
478440,미래에셋비전스팩6호,KOSDAQ,KOSDAQ,KR7478440001,미래에셋비전기업인수목적6호 주식회사,1101118885068,20260506,N,특수목적/리츠/기타
479880,한국제15호스팩,KOSDAQ,KOSDAQ,KR7479880007,한국제15호기업인수목적 주식회사,1101118899043,20260506,N,특수목적/리츠/기타
481890,엔에이치스팩31호,KOSDAQ,KOSDAQ,KR7481890002,엔에이치기업인수목적31호(주),1101118921416,20260506,N,특수목적/리츠/기타
482520,교보16호스팩,KOSDAQ,KOSDAQ,KR7482520004,교보16호기업인수목적 주식회사,1101118923066,20260506,N,특수목적/리츠/기타
482680,미래에셋비전스팩7호,KOSDAQ,KOSDAQ,KR7482680006,미래에셋비전기업인수목적7호 주식회사,1101118936829,20260506,N,특수목적/리츠/기타
482690,대신밸런스제19호기업인수목적,KOSDAQ,KOSDAQ,KR7482690005,대신밸런스제19호기업인수목적(주),1101118932108,20260506,N,특수목적/리츠/기타
484130,하나34호스팩,KOSDAQ,KOSDAQ,KR7484130000,하나34호기업인수목적 주식회사,1101118948361,20260506,N,특수목적/리츠/기타
486630,KB제30호스팩,KOSDAQ,KOSDAQ,KR7486630007,케이비제30호기업인수목적(주),1101118971289,20260506,N,특수목적/리츠/기타
487360,신한제14호스팩,KOSDAQ,KOSDAQ,KR7487360000,신한제14호기업인수목적 주식회사,1101118974655,20260506,N,특수목적/리츠/기타
487720,키움제10호스팩,KOSDAQ,KOSDAQ,KR7487720005,키움제10호기업인수목적 주식회사,1101118980652,20260506,N,특수목적/리츠/기타
487830,신한제15호스팩,KOSDAQ,KOSDAQ,KR7487830002,신한제15호기업인수목적 주식회사,1101118982971,20260506,N,특수목적/리츠/기타
488060,유진스팩11호,KOSDAQ,KOSDAQ,KR7488060005,유진기업인수목적11호 주식회사,1101118984505,20260506,N,특수목적/리츠/기타
489210,교보17호스팩,KOSDAQ,KOSDAQ,KR7489210005,교보17호기업인수목적 주식회사,1101119005433,20260506,N,특수목적/리츠/기타
489480,키움제11호스팩,KOSDAQ,KOSDAQ,KR7489480004,키움제11호기업인수목적 주식회사,1101119009310,20260506,N,특수목적/리츠/기타
489730,디비금융제13호스팩,KOSDAQ,KOSDAQ,KR7489730002,디비금융제13호기업인수목적 주식회사,1101119015268,20260506,N,특수목적/리츠/기타
492220,KB제31호스팩,KOSDAQ,KOSDAQ,KR7492220009,케이비제31호기업인수목적(주),1101119045231,20260506,N,특수목적/리츠/기타
493790,유안타제17호스팩,KOSDAQ,KOSDAQ,KR7493790000,유안타제17호기업인수목적 주식회사,1101119056585,20260506,N,특수목적/리츠/기타
496070,신한제16호스팩,KOSDAQ,KOSDAQ,KR7496070004,신한제16호기업인수목적 주식회사,1101119077078,20260506,N,특수목적/리츠/기타
498390,한화플러스제5호스팩,KOSDAQ,KOSDAQ,KR7498390004,한화플러스제5호기업인수목적(주),1101119091581,20260506,N,특수목적/리츠/기타
900070,글로벌에스엠,KOSDAQ,KOSDAQ,KYG3931T1076,글로벌에스엠테크리미티드,0000000000000,20260506,N,외국기업/해외지주사
900100,애머릿지,KOSDAQ,KOSDAQ,USU652221081,애머릿지코퍼레이션,0000000000000,20260506,N,외국기업/해외지주사
900110,이스트아시아홀딩스,KOSDAQ,KOSDAQ,HK0000057197,이스트아시아홀딩스인베스트먼트리미티드,0000000000000,20260506,N,외국기업/해외지주사
900120,씨엑스아이,KOSDAQ,KOSDAQ,KYG2114A1094,씨엑스아이헬스케어테크놀리지그룹리미티드,0000000000000,20260506,N,외국기업/해외지주사
900250,크리스탈신소재,KOSDAQ,KOSDAQ,KYG2115T1076,차이나크리스탈신소재홀딩스,0000000000000,20260506,N,외국기업/해외지주사
900260,로스웰,KOSDAQ,KOSDAQ,HK0000295359,로스웰인터내셔널유한회사,0000000000000,20260506,N,외국기업/해외지주사
900270,헝셩그룹,KOSDAQ,KOSDAQ,HK0000214814,헝셩그룹유한회사,0000000000000,20260506,N,외국기업/해외지주사
900290,GRT,KOSDAQ,KOSDAQ,HK0000307485,그레이트리치과기유한공사,0000000000000,20260506,N,외국기업/해외지주사
900300,오가닉티코스메틱,KOSDAQ,KOSDAQ,HK0000312568,오가닉티코스메틱스홀딩스컴퍼니리미티드,1831462000000,20260506,N,외국기업/해외지주사
900310,컬러레이,KOSDAQ,KOSDAQ,HK0000341732,컬러레이홀딩스,0000000000000,20260506,N,외국기업/해외지주사
900340,윙입푸드,KOSDAQ,KOSDAQ,HK0000449303,윙입푸드홀딩스,0000000000000,20260506,N,외국기업/해외지주사
950130,엑세스바이오,KOSDAQ,KOSDAQ,KR8840090003,엑세스바이오 인코퍼레이션,0000000000000,20260506,N,외국기업/해외지주사
950140,잉글우드랩,KOSDAQ,KOSDAQ,KR8840110108,잉글우드랩 주식회사,0000000000000,20260506,N,외국기업/해외지주사
950160,코오롱티슈진,KOSDAQ,KOSDAQ,KR8840120008,코오롱티슈진(주),0000000000000,20260506,N,외국기업/해외지주사
950170,JTC,KOSDAQ,KOSDAQ,KR8392080006,주식회사 제이티씨,0000000000000,20260506,N,외국기업/해외지주사
950190,고스트스튜디오,KOSDAQ,KOSDAQ,KR8344390008,고스트스튜디오(주),0000000000000,20260506,N,외국기업/해외지주사
950200,소마젠,KOSDAQ,KOSDAQ,KR8840150005,주식회사 소마젠,0000000000000,20260506,N,외국기업/해외지주사
950220,네오이뮨텍,KOSDAQ,KOSDAQ,KR8840140006,주식회사 네오이뮨텍,0000000000000,20260506,N,외국기업/해외지주사
950250,테라뷰,KOSDAQ,KOSDAQ,KR8826050005,테라뷰홀딩스,0000000000000,20260506,N,외국기업/해외지주사
088260,이리츠코크렙,KOSPI,KOSPI,KR7088260005,(주)이리츠코크렙기업구조조정부동산투자회사,1101113275959,20260506,N,특수목적/리츠/기타
088980,맥쿼리인프라,KOSPI,KOSPI,KR7088980008,맥쿼리한국인프라투융자회사,1101112672586,20260506,N,특수목적/리츠/기타
138040,메리츠금융지주,KOSPI,KOSPI,KR7138040001,(주)메리츠금융지주,1101114566406,20260506,N,특수목적/리츠/기타
140910,에이리츠,KOSPI,KOSPI,KR7140910001,에이자기관리부동산투자회사(주),1101114464501,20260506,N,특수목적/리츠/기타
145270,케이탑리츠,KOSPI,KOSPI,KR7145270005,(주)케이탑자기관리부동산투자회사,1101114465004,20260506,N,특수목적/리츠/기타
204210,스타에스엠리츠,KOSPI,KOSPI,KR7204210009,(주)스타에스엠자기관리부동산투자회사,1101115313731,20260506,N,특수목적/리츠/기타
293940,신한알파리츠,KOSPI,KOSPI,KR7293940003,(주)신한알파위탁관리부동산투자회사,1101116601135,20260506,N,특수목적/리츠/기타
330590,롯데리츠,KOSPI,KOSPI,KR7330590001,롯데위탁관리부동산투자회사 주식회사,1101117061081,20260506,N,특수목적/리츠/기타
334890,이지스밸류플러스리츠,KOSPI,KOSPI,KR7334890001,주식회사 이지스밸류플러스위탁관리부동산투자회사,1101117173224,20260506,N,특수목적/리츠/기타
338100,NH프라임리츠,KOSPI,KOSPI,KR7338100001,주식회사 엔에이치프라임위탁관리부동산투자회사,1101117123732,20260506,N,특수목적/리츠/기타
348950,제이알글로벌리츠,KOSPI,KOSPI,KR7348950007,(주)제이알글로벌위탁관리부동산투자회사,1101117263728,20260506,N,특수목적/리츠/기타
350520,이지스레지던스리츠,KOSPI,KOSPI,KR7350520003,주식회사 이지스레지던스위탁관리부동산투자회사,1101117375375,20260506,N,특수목적/리츠/기타
357120,코람코라이프인프라리츠,KOSPI,KOSPI,KR7357120005,(주)코람코라이프인프라위탁관리부동산투자회사,1101117320320,20260506,N,특수목적/리츠/기타
357250,미래에셋맵스리츠,KOSPI,KOSPI,KR7357250000,㈜미래에셋맵스제1호위탁관리부동산투자회사,1101117323259,20260506,N,특수목적/리츠/기타
357430,마스턴프리미어리츠,KOSPI,KOSPI,KR7357430008,주식회사 마스턴프리미어제1호위탁관리부동산투자회사,1101117408720,20260506,N,특수목적/리츠/기타
365550,ESR켄달스퀘어리츠,KOSPI,KOSPI,KR7365550003,이에스알켄달스퀘어위탁관리부동산투자회사주식회사,1101117398989,20260506,N,특수목적/리츠/기타
377190,디앤디플랫폼리츠,KOSPI,KOSPI,KR7377190004,주식회사 디앤디플랫폼위탁관리부동산투자회사,1101117420211,20260506,N,특수목적/리츠/기타
395400,SK리츠,KOSPI,KOSPI,KR7395400005,에스케이위탁관리부동산투자회사 주식회사,1101117815446,20260506,N,특수목적/리츠/기타
396690,미래에셋글로벌리츠,KOSPI,KOSPI,KR7396690000,주식회사 미래에셋글로벌위탁관리부동산투자회사,1101117896090,20260506,N,특수목적/리츠/기타
400760,NH올원리츠,KOSPI,KOSPI,KR7400760005,㈜엔에이치올원위탁관리부동산투자회사,1101117299294,20260506,N,특수목적/리츠/기타
404990,신한서부티엔디리츠,KOSPI,KOSPI,KR7404990004,주식회사 신한서부티엔디위탁관리부동산투자회사,1101117343356,20260506,N,특수목적/리츠/기타
415640,KB발해인프라,KOSPI,KOSPI,KR7415640002,케이비발해인프라투융자회사,1101113386954,20260506,N,특수목적/리츠/기타
417310,코람코더원리츠,KOSPI,KOSPI,KR7417310000,(주)코람코더원위탁관리부동산투자회사,1101115837294,20260506,N,특수목적/리츠/기타
432320,KB스타리츠,KOSPI,KOSPI,KR7432320000,(주)케이비스타위탁관리부동산투자회사,1101118191613,20260506,N,특수목적/리츠/기타
448730,삼성FN리츠,KOSPI,KOSPI,KR7448730002,삼성에프엔위탁관리부동산투자회사 주식회사,1101118376893,20260506,N,특수목적/리츠/기타
451800,한화리츠,KOSPI,KOSPI,KR7451800007,한화위탁관리부동산투자회사(주),1101118294037,20260506,N,특수목적/리츠/기타
481850,신한글로벌액티브리츠,KOSPI,KOSPI,KR7481850006,(주)신한글로벌액티브위탁관리부동산투자회사,1101118234075,20260506,N,특수목적/리츠/기타
950210,프레스티지바이오파마,KOSPI,KOSPI,KR8702070002,프레스티지바이오파마,0000000000000,20260506,N,외국기업/해외지주사
